{"type": "FeatureCollection", "features": [{"type": "Feature", "properties": {"norad_id": 22675, "name": "COSMOS 2251", "group": "cosmos-2251-debris", "lat": -45.17946657848677, "lon": -137.8789829605712, "alt_km": 769.0781351012629, "timestamp": "2026-01-23T21:29:55.106849+00:00", "meta": {"OBJECT_NAME": "COSMOS 2251", "OBJECT_ID": "1993-036A", "EPOCH": "2026-01-22T13:53:23.401248", "MEAN_MOTION": 14.33219295, "ECCENTRICITY": 0.00255365, "INCLINATION": 74.0372, "RA_OF_ASC_NODE": 241.2666, "ARG_OF_PERICENTER": 314.1426, "MEAN_ANOMALY": 45.7625, "EPHEMERIS_TYPE": 0, "CLASSIFICATION_TYPE": "U", "NORAD_CAT_ID": 22675, "ELEMENT_SET_NO": 999, "REV_AT_EPOCH": 70358, "BSTAR": 7.7537181e-05, "MEAN_MOTION_DOT": 1.88e-06, "MEAN_MOTION_DDOT": 0}, "tle": {"line1": "1 22675U 93036A   26022.57874307  .00000188  00000+0  77537-4 0  9995", "line2": "2 22675  74.0372 241.2666 0025536 314.1426  45.7625 14.33219295703587"}}, "geometry": {"type": "Point", "coordinates": [-137.8789829605712, -45.17946657848677]}}, {"type": "Feature", "properties": {"norad_id": 33757, "name": "COSMOS 2251 DEB", "group": "cosmos-2251-debris", "lat": -69.2912030220841, "lon": 115.8752065956837, "alt_km": 778.6190365454249, "timestamp": "2026-01-23T21:29:55.106872+00:00", "meta": {"OBJECT_NAME": "COSMOS 2251 DEB", "OBJECT_ID": "1993-036E", "EPOCH": "2026-01-22T14:15:38.676096", "MEAN_MOTION": 14.32593262, "ECCENTRICITY": 0.00158911, "INCLINATION": 74.0349, "RA_OF_ASC_NODE": 249.029, "ARG_OF_PERICENTER": 257.5466, "MEAN_ANOMALY": 129.0745, "EPHEMERIS_TYPE": 0, "CLASSIFICATION_TYPE": "U", "NORAD_CAT_ID": 33757, "ELEMENT_SET_NO": 999, "REV_AT_EPOCH": 88581, "BSTAR": 6.5139914e-05, "MEAN_MOTION_DOT": 1.51e-06, "MEAN_MOTION_DDOT": 0}, "tle": {"line1": "1 33757U 93036E   26022.59419764  .00000151  00000+0  65140-4 0  9999", "line2": "2 33757  74.0349 249.0290 0015891 257.5466 129.0745 14.32593262885814"}}, "geometry": {"type": "Point", "coordinates": [115.8752065956837, -69.2912030220841]}}, {"type": "Feature", "properties": {"norad_id": 33758, "name": "COSMOS 2251 DEB", "group": "cosmos-2251-debris", "lat": -46.57019099561755, "lon": -26.7808749584787, "alt_km": 715.5278316697077, "timestamp": "2026-01-23T21:29:55.106887+00:00", "meta": {"OBJECT_NAME": "COSMOS 2251 DEB", "OBJECT_ID": "1993-036F", "EPOCH": "2026-01-22T18:41:41.826912", "MEAN_MOTION": 14.51954723, "ECCENTRICITY": 0.00162168, "INCLINATION": 74.029, "RA_OF_ASC_NODE": 137.7134, "ARG_OF_PERICENTER": 203.0705, "MEAN_ANOMALY": 310.5195, "EPHEMERIS_TYPE": 0, "CLASSIFICATION_TYPE": "U", "NORAD_CAT_ID": 33758, "ELEMENT_SET_NO": 999, "REV_AT_EPOCH": 88900, "BSTAR": 0.0011747469, "MEAN_MOTION_DOT": 4.724e-05, "MEAN_MOTION_DDOT": 0}, "tle": {"line1": "1 33758U 93036F   26022.77895633  .00004724  00000+0  11747-2 0  9995", "line2": "2 33758  74.0290 137.7134 0016216 203.0705 310.5195 14.51954723889009"}}, "geometry": {"type": "Point", "coordinates": [-26.7808749584787, -46.57019099561755]}}, {"type": "Feature", "properties": {"norad_id": 33760, "name": "COSMOS 2251 DEB", "group": "cosmos-2251-debris", "lat": -67.45666657516617, "lon": 67.70847358769973, "alt_km": 768.0081692818885, "timestamp": "2026-01-23T21:29:55.106899+00:00", "meta": {"OBJECT_NAME": "COSMOS 2251 DEB", "OBJECT_ID": "1993-036H", "EPOCH": "2026-01-22T12:40:49.987776", "MEAN_MOTION": 14.35702188, "ECCENTRICITY": 0.00213275, "INCLINATION": 74.0296, "RA_OF_ASC_NODE": 206.5965, "ARG_OF_PERICENTER": 297.1388, "MEAN_ANOMALY": 92.1577, "EPHEMERIS_TYPE": 0, "CLASSIFICATION_TYPE": "U", "NORAD_CAT_ID": 33760, "ELEMENT_SET_NO": 999, "REV_AT_EPOCH": 88710, "BSTAR": 0.00017228698, "MEAN_MOTION_DOT": 4.72e-06, "MEAN_MOTION_DDOT": 0}, "tle": {"line1": "1 33760U 93036H   26022.52835634  .00000472  00000+0  17229-3 0  9994", "line2": "2 33760  74.0296 206.5965 0021327 297.1388  92.1577 14.35702188887109"}}, "geometry": {"type": "Point", "coordinates": [67.70847358769973, -67.45666657516617]}}, {"type": "Feature", "properties": {"norad_id": 33761, "name": "COSMOS 2251 DEB", "group": "cosmos-2251-debris", "lat": 26.833514931545615, "lon": -14.384588414576573, "alt_km": 750.1853453814074, "timestamp": "2026-01-23T21:29:55.106910+00:00", "meta": {"OBJECT_NAME": "COSMOS 2251 DEB", "OBJECT_ID": "1993-036J", "EPOCH": "2026-01-22T16:35:28.102272", "MEAN_MOTION": 14.42680731, "ECCENTRICITY": 0.00235426, "INCLINATION": 74.0359, "RA_OF_ASC_NODE": 176.1759, "ARG_OF_PERICENTER": 251.2019, "MEAN_ANOMALY": 127.8361, "EPHEMERIS_TYPE": 0, "CLASSIFICATION_TYPE": "U", "NORAD_CAT_ID": 33761, "ELEMENT_SET_NO": 999, "REV_AT_EPOCH": 88825, "BSTAR": 0.00091740627, "MEAN_MOTION_DOT": 3.036e-05, "MEAN_MOTION_DDOT": 0}, "tle": {"line1": "1 33761U 93036J   26022.69129748  .00003036  00000+0  91741-3 0  9995", "line2": "2 33761  74.0359 176.1759 0023542 251.2019 127.8361 14.42680731888257"}}, "geometry": {"type": "Point", "coordinates": [-14.384588414576573, 26.833514931545615]}}, {"type": "Feature", "properties": {"norad_id": 33762, "name": "COSMOS 2251 DEB", "group": "cosmos-2251-debris", "lat": -61.51238160083995, "lon": 84.7848415367984, "alt_km": 777.4686816642798, "timestamp": "2026-01-23T21:29:55.106921+00:00", "meta": {"OBJECT_NAME": "COSMOS 2251 DEB", "OBJECT_ID": "1993-036K", "EPOCH": "2026-01-22T14:21:08.129664", "MEAN_MOTION": 14.33678579, "ECCENTRICITY": 0.00163029, "INCLINATION": 74.0391, "RA_OF_ASC_NODE": 235.3289, "ARG_OF_PERICENTER": 289.8175, "MEAN_ANOMALY": 100.9494, "EPHEMERIS_TYPE": 0, "CLASSIFICATION_TYPE": "U", "NORAD_CAT_ID": 33762, "ELEMENT_SET_NO": 999, "REV_AT_EPOCH": 88633, "BSTAR": 7.6599374e-05, "MEAN_MOTION_DOT": 1.87e-06, "MEAN_MOTION_DDOT": 0}, "tle": {"line1": "1 33762U 93036K   26022.59801076  .00000187  00000+0  76599-4 0  9995", "line2": "2 33762  74.0391 235.3289 0016302 289.8175 100.9494 14.33678579886339"}}, "geometry": {"type": "Point", "coordinates": [84.7848415367984, -61.51238160083995]}}, {"type": "Feature", "properties": {"norad_id": 33764, "name": "COSMOS 2251 DEB", "group": "cosmos-2251-debris", "lat": -17.72787301638167, "lon": 20.06027846190282, "alt_km": 753.8567859734812, "timestamp": "2026-01-23T21:29:55.106932+00:00", "meta": {"OBJECT_NAME": "COSMOS 2251 DEB", "OBJECT_ID": "1993-036M", "EPOCH": "2026-01-22T21:33:44.083296", "MEAN_MOTION": 14.39603228, "ECCENTRICITY": 0.00219699, "INCLINATION": 74.0324, "RA_OF_ASC_NODE": 196.65, "ARG_OF_PERICENTER": 152.6118, "MEAN_ANOMALY": 278.796, "EPHEMERIS_TYPE": 0, "CLASSIFICATION_TYPE": "U", "NORAD_CAT_ID": 33764, "ELEMENT_SET_NO": 999, "REV_AT_EPOCH": 88749, "BSTAR": 0.00057552888, "MEAN_MOTION_DOT": 1.777e-05, "MEAN_MOTION_DDOT": 0}, "tle": {"line1": "1 33764U 93036M   26022.89842689  .00001777  00000+0  57553-3 0  9999", "line2": "2 33764  74.0324 196.6500 0021969 152.6118 278.7960 14.39603228887496"}}, "geometry": {"type": "Point", "coordinates": [20.06027846190282, -17.72787301638167]}}, {"type": "Feature", "properties": {"norad_id": 33765, "name": "COSMOS 2251 DEB", "group": "cosmos-2251-debris", "lat": 73.943211587012, "lon": 171.01381128946727, "alt_km": 513.2597256825084, "timestamp": "2026-01-23T21:29:55.106943+00:00", "meta": {"OBJECT_NAME": "COSMOS 2251 DEB", "OBJECT_ID": "1993-036N", "EPOCH": "2026-01-22T22:52:52.355136", "MEAN_MOTION": 15.12465664, "ECCENTRICITY": 0.00593053, "INCLINATION": 74.0066, "RA_OF_ASC_NODE": 87.7443, "ARG_OF_PERICENTER": 170.2233, "MEAN_ANOMALY": 190.0131, "EPHEMERIS_TYPE": 0, "CLASSIFICATION_TYPE": "U", "NORAD_CAT_ID": 33765, "ELEMENT_SET_NO": 999, "REV_AT_EPOCH": 90241, "BSTAR": 0.0018445591, "MEAN_MOTION_DOT": 0.00033608, "MEAN_MOTION_DDOT": 0}, "tle": {"line1": "1 33765U 93036N   26022.95338374  .00033608  00000+0  18446-2 0  9993", "line2": "2 33765  74.0066  87.7443 0059305 170.2233 190.0131 15.12465664902413"}}, "geometry": {"type": "Point", "coordinates": [171.01381128946727, 73.943211587012]}}, {"type": "Feature", "properties": {"norad_id": 33766, "name": "COSMOS 2251 DEB", "group": "cosmos-2251-debris", "lat": -74.1745806910586, "lon": -32.42212341270796, "alt_km": 737.2074579958071, "timestamp": "2026-01-23T21:29:55.106953+00:00", "meta": {"OBJECT_NAME": "COSMOS 2251 DEB", "OBJECT_ID": "1993-036P", "EPOCH": "2026-01-22T19:08:51.462240", "MEAN_MOTION": 14.35095143, "ECCENTRICITY": 0.00655985, "INCLINATION": 74.1859, "RA_OF_ASC_NODE": 60.4109, "ARG_OF_PERICENTER": 253.442, "MEAN_ANOMALY": 105.9521, "EPHEMERIS_TYPE": 0, "CLASSIFICATION_TYPE": "U", "NORAD_CAT_ID": 33766, "ELEMENT_SET_NO": 999, "REV_AT_EPOCH": 88334, "BSTAR": 0.00083652838, "MEAN_MOTION_DOT": 2.421e-05, "MEAN_MOTION_DDOT": 0}, "tle": {"line1": "1 33766U 93036P   26022.79781785  .00002421  00000+0  83653-3 0  9996", "line2": "2 33766  74.1859  60.4109 0065598 253.4420 105.9521 14.35095143883348"}}, "geometry": {"type": "Point", "coordinates": [-32.42212341270796, -74.1745806910586]}}, {"type": "Feature", "properties": {"norad_id": 33768, "name": "COSMOS 2251 DEB", "group": "cosmos-2251-debris", "lat": 62.095818266746676, "lon": -60.80885052051424, "alt_km": 1305.4300318384248, "timestamp": "2026-01-23T21:29:55.106964+00:00", "meta": {"OBJECT_NAME": "COSMOS 2251 DEB", "OBJECT_ID": "1993-036R", "EPOCH": "2026-01-22T19:12:11.425536", "MEAN_MOTION": 13.58490607, "ECCENTRICITY": 0.03678279, "INCLINATION": 74.069, "RA_OF_ASC_NODE": 153.5974, "ARG_OF_PERICENTER": 302.3141, "MEAN_ANOMALY": 214.0041, "EPHEMERIS_TYPE": 0, "CLASSIFICATION_TYPE": "U", "NORAD_CAT_ID": 33768, "ELEMENT_SET_NO": 999, "REV_AT_EPOCH": 83853, "BSTAR": 0.00069325748, "MEAN_MOTION_DOT": 7.62e-06, "MEAN_MOTION_DDOT": 0}, "tle": {"line1": "1 33768U 93036R   26022.80013224  .00000762  00000+0  69326-3 0  9993", "line2": "2 33768  74.0690 153.5974 0367827 302.3141 214.0041 13.58490607838538"}}, "geometry": {"type": "Point", "coordinates": [-60.80885052051424, 62.095818266746676]}}, {"type": "Feature", "properties": {"norad_id": 33779, "name": "COSMOS 2251 DEB", "group": "cosmos-2251-debris", "lat": -22.86918618458494, "lon": 81.95466735870993, "alt_km": 665.6995891136075, "timestamp": "2026-01-23T21:29:55.106974+00:00", "meta": {"OBJECT_NAME": "COSMOS 2251 DEB", "OBJECT_ID": "1993-036U", "EPOCH": "2026-01-22T15:18:04.987872", "MEAN_MOTION": 14.71944722, "ECCENTRICITY": 0.0011377, "INCLINATION": 74.0446, "RA_OF_ASC_NODE": 91.3301, "ARG_OF_PERICENTER": 116.1779, "MEAN_ANOMALY": 35.5641, "EPHEMERIS_TYPE": 0, "CLASSIFICATION_TYPE": "U", "NORAD_CAT_ID": 33779, "ELEMENT_SET_NO": 999, "REV_AT_EPOCH": 89129, "BSTAR": 0.0023860052, "MEAN_MOTION_DOT": 0.00014977, "MEAN_MOTION_DDOT": 0}, "tle": {"line1": "1 33779U 93036U   26022.63755773  .00014977  00000+0  23860-2 0  9993", "line2": "2 33779  74.0446  91.3301 0011377 116.1779  35.5641 14.71944722891298"}}, "geometry": {"type": "Point", "coordinates": [81.95466735870993, -22.86918618458494]}}, {"type": "Feature", "properties": {"norad_id": 33782, "name": "COSMOS 2251 DEB", "group": "cosmos-2251-debris", "lat": 50.88544523410171, "lon": -1.043754863022993, "alt_km": 761.9310381203113, "timestamp": "2026-01-23T21:29:55.106984+00:00", "meta": {"OBJECT_NAME": "COSMOS 2251 DEB", "OBJECT_ID": "1993-036X", "EPOCH": "2026-01-22T11:43:02.809344", "MEAN_MOTION": 14.40565499, "ECCENTRICITY": 0.0021291, "INCLINATION": 74.031, "RA_OF_ASC_NODE": 202.179, "ARG_OF_PERICENTER": 262.1768, "MEAN_ANOMALY": 127.4556, "EPHEMERIS_TYPE": 0, "CLASSIFICATION_TYPE": "U", "NORAD_CAT_ID": 33782, "ELEMENT_SET_NO": 999, "REV_AT_EPOCH": 88713, "BSTAR": 0.00071840014, "MEAN_MOTION_DOT": 2.269e-05, "MEAN_MOTION_DDOT": 0}, "tle": {"line1": "1 33782U 93036X   26022.48822696  .00002269  00000+0  71840-3 0  9992", "line2": "2 33782  74.0310 202.1790 0021291 262.1768 127.4556 14.40565499887132"}}, "geometry": {"type": "Point", "coordinates": [-1.043754863022993, 50.88544523410171]}}, {"type": "Feature", "properties": {"norad_id": 33785, "name": "COSMOS 2251 DEB", "group": "cosmos-2251-debris", "lat": -63.49944907705334, "lon": -58.27885112287932, "alt_km": 647.1936594037388, "timestamp": "2026-01-23T21:29:55.106995+00:00", "meta": {"OBJECT_NAME": "COSMOS 2251 DEB", "OBJECT_ID": "1993-036AA", "EPOCH": "2026-01-22T07:23:20.145120", "MEAN_MOTION": 14.71670548, "ECCENTRICITY": 0.0022891, "INCLINATION": 73.868, "RA_OF_ASC_NODE": 340.3241, "ARG_OF_PERICENTER": 275.619, "MEAN_ANOMALY": 246.1973, "EPHEMERIS_TYPE": 0, "CLASSIFICATION_TYPE": "U", "NORAD_CAT_ID": 33785, "ELEMENT_SET_NO": 999, "REV_AT_EPOCH": 89103, "BSTAR": 0.0028181, "MEAN_MOTION_DOT": 0.00017643, "MEAN_MOTION_DDOT": 0}, "tle": {"line1": "1 33785U 93036AA  26022.30787205  .00017643  00000+0  28181-2 0  9993", "line2": "2 33785  73.8680 340.3241 0022891 275.6190 246.1973 14.71670548891035"}}, "geometry": {"type": "Point", "coordinates": [-58.27885112287932, -63.49944907705334]}}, {"type": "Feature", "properties": {"norad_id": 33789, "name": "COSMOS 2251 DEB", "group": "cosmos-2251-debris", "lat": -60.64887950412214, "lon": -133.60903789071082, "alt_km": 1031.74154472367, "timestamp": "2026-01-23T21:29:55.107005+00:00", "meta": {"OBJECT_NAME": "COSMOS 2251 DEB", "OBJECT_ID": "1993-036AE", "EPOCH": "2026-01-22T10:28:56.687808", "MEAN_MOTION": 13.88872767, "ECCENTRICITY": 0.02376365, "INCLINATION": 74.0642, "RA_OF_ASC_NODE": 18.3313, "ARG_OF_PERICENTER": 124.5284, "MEAN_ANOMALY": 25.994, "EPHEMERIS_TYPE": 0, "CLASSIFICATION_TYPE": "U", "NORAD_CAT_ID": 33789, "ELEMENT_SET_NO": 999, "REV_AT_EPOCH": 85660, "BSTAR": 0.00056486945, "MEAN_MOTION_DOT": 8.34e-06, "MEAN_MOTION_DDOT": 0}, "tle": {"line1": "1 33789U 93036AE  26022.43676722  .00000834  00000+0  56487-3 0  9997", "line2": "2 33789  74.0642  18.3313 0237636 124.5284  25.9940 13.88872767856608"}}, "geometry": {"type": "Point", "coordinates": [-133.60903789071082, -60.64887950412214]}}, {"type": "Feature", "properties": {"norad_id": 33791, "name": "COSMOS 2251 DEB", "group": "cosmos-2251-debris", "lat": 74.00709196467808, "lon": 41.61575807235842, "alt_km": 728.7969346472682, "timestamp": "2026-01-23T21:29:55.107016+00:00", "meta": {"OBJECT_NAME": "COSMOS 2251 DEB", "OBJECT_ID": "1993-036AG", "EPOCH": "2026-01-22T14:19:56.873856", "MEAN_MOTION": 14.43414887, "ECCENTRICITY": 0.00289122, "INCLINATION": 74.1766, "RA_OF_ASC_NODE": 322.3238, "ARG_OF_PERICENTER": 148.3786, "MEAN_ANOMALY": 34.4993, "EPHEMERIS_TYPE": 0, "CLASSIFICATION_TYPE": "U", "NORAD_CAT_ID": 33791, "ELEMENT_SET_NO": 999, "REV_AT_EPOCH": 88641, "BSTAR": 0.0012110693, "MEAN_MOTION_DOT": 4.088e-05, "MEAN_MOTION_DDOT": 0}, "tle": {"line1": "1 33791U 93036AG  26022.59718604  .00004088  00000+0  12111-2 0  9993", "line2": "2 33791  74.1766 322.3238 0028912 148.3786  34.4993 14.43414887886411"}}, "geometry": {"type": "Point", "coordinates": [41.61575807235842, 74.00709196467808]}}, {"type": "Feature", "properties": {"norad_id": 33792, "name": "COSMOS 2251 DEB", "group": "cosmos-2251-debris", "lat": 44.06530857460354, "lon": 81.78614070484129, "alt_km": 1378.839160061727, "timestamp": "2026-01-23T21:29:55.107026+00:00", "meta": {"OBJECT_NAME": "COSMOS 2251 DEB", "OBJECT_ID": "1993-036AH", "EPOCH": "2026-01-22T16:25:33.957120", "MEAN_MOTION": 13.45933457, "ECCENTRICITY": 0.04291871, "INCLINATION": 73.9006, "RA_OF_ASC_NODE": 279.9521, "ARG_OF_PERICENTER": 337.4252, "MEAN_ANOMALY": 46.9391, "EPHEMERIS_TYPE": 0, "CLASSIFICATION_TYPE": "U", "NORAD_CAT_ID": 33792, "ELEMENT_SET_NO": 999, "REV_AT_EPOCH": 82993, "BSTAR": 0.0013642994, "MEAN_MOTION_DOT": 1.401e-05, "MEAN_MOTION_DDOT": 0}, "tle": {"line1": "1 33792U 93036AH  26022.68442080  .00001401  00000+0  13643-2 0  9993", "line2": "2 33792  73.9006 279.9521 0429187 337.4252  46.9391 13.45933457829930"}}, "geometry": {"type": "Point", "coordinates": [81.78614070484129, 44.06530857460354]}}, {"type": "Feature", "properties": {"norad_id": 33793, "name": "COSMOS 2251 DEB", "group": "cosmos-2251-debris", "lat": 29.13614168213761, "lon": -115.92518043958185, "alt_km": 773.6185466072893, "timestamp": "2026-01-23T21:29:55.107036+00:00", "meta": {"OBJECT_NAME": "COSMOS 2251 DEB", "OBJECT_ID": "1993-036AJ", "EPOCH": "2026-01-22T20:08:07.154016", "MEAN_MOTION": 14.27909487, "ECCENTRICITY": 0.0078931, "INCLINATION": 73.9809, "RA_OF_ASC_NODE": 75.2105, "ARG_OF_PERICENTER": 217.7363, "MEAN_ANOMALY": 262.2271, "EPHEMERIS_TYPE": 0, "CLASSIFICATION_TYPE": "U", "NORAD_CAT_ID": 33793, "ELEMENT_SET_NO": 999, "REV_AT_EPOCH": 87793, "BSTAR": 0.0011603069, "MEAN_MOTION_DOT": 2.945e-05, "MEAN_MOTION_DDOT": 0}, "tle": {"line1": "1 33793U 93036AJ  26022.83897169  .00002945  00000+0  11603-2 0  9991", "line2": "2 33793  73.9809  75.2105 0078931 217.7363 262.2271 14.27909487877937"}}, "geometry": {"type": "Point", "coordinates": [-115.92518043958185, 29.13614168213761]}}, {"type": "Feature", "properties": {"norad_id": 33795, "name": "COSMOS 2251 DEB", "group": "cosmos-2251-debris", "lat": 46.988852726296884, "lon": 152.30523251862235, "alt_km": 532.6303048455347, "timestamp": "2026-01-23T21:29:55.107047+00:00", "meta": {"OBJECT_NAME": "COSMOS 2251 DEB", "OBJECT_ID": "1993-036AL", "EPOCH": "2026-01-22T08:50:10.766688", "MEAN_MOTION": 15.07467524, "ECCENTRICITY": 0.00302253, "INCLINATION": 74.0334, "RA_OF_ASC_NODE": 353.3186, "ARG_OF_PERICENTER": 62.0234, "MEAN_ANOMALY": 61.2519, "EPHEMERIS_TYPE": 0, "CLASSIFICATION_TYPE": "U", "NORAD_CAT_ID": 33795, "ELEMENT_SET_NO": 999, "REV_AT_EPOCH": 90633, "BSTAR": 0.0021398487, "MEAN_MOTION_DOT": 0.00032908, "MEAN_MOTION_DDOT": 0}, "tle": {"line1": "1 33795U 93036AL  26022.36818017  .00032908  00000+0  21398-2 0  9990", "line2": "2 33795  74.0334 353.3186 0030225  62.0234  61.2519 15.07467524906334"}}, "geometry": {"type": "Point", "coordinates": [152.30523251862235, 46.988852726296884]}}, {"type": "Feature", "properties": {"norad_id": 33797, "name": "COSMOS 2251 DEB", "group": "cosmos-2251-debris", "lat": 14.382559645720242, "lon": 130.62380643245348, "alt_km": 730.1916994717758, "timestamp": "2026-01-23T21:29:55.107057+00:00", "meta": {"OBJECT_NAME": "COSMOS 2251 DEB", "OBJECT_ID": "1993-036AN", "EPOCH": "2026-01-22T18:31:04.011744", "MEAN_MOTION": 14.58072399, "ECCENTRICITY": 0.00610895, "INCLINATION": 74.0492, "RA_OF_ASC_NODE": 316.9658, "ARG_OF_PERICENTER": 32.7405, "MEAN_ANOMALY": 353.0766, "EPHEMERIS_TYPE": 0, "CLASSIFICATION_TYPE": "U", "NORAD_CAT_ID": 33797, "ELEMENT_SET_NO": 999, "REV_AT_EPOCH": 89583, "BSTAR": 0.00085894038, "MEAN_MOTION_DOT": 4.027e-05, "MEAN_MOTION_DDOT": 0}, "tle": {"line1": "1 33797U 93036AN  26022.77157421  .00004027  00000+0  85894-3 0  9995", "line2": "2 33797  74.0492 316.9658 0061089  32.7405 353.0766 14.58072399895831"}}, "geometry": {"type": "Point", "coordinates": [130.62380643245348, 14.382559645720242]}}, {"type": "Feature", "properties": {"norad_id": 33798, "name": "COSMOS 2251 DEB", "group": "cosmos-2251-debris", "lat": -7.466735995713725, "lon": -120.46725148010216, "alt_km": 685.0256384853765, "timestamp": "2026-01-23T21:29:55.107067+00:00", "meta": {"OBJECT_NAME": "COSMOS 2251 DEB", "OBJECT_ID": "1993-036AP", "EPOCH": "2026-01-22T11:58:40.982016", "MEAN_MOTION": 14.44677935, "ECCENTRICITY": 0.00911039, "INCLINATION": 74.0284, "RA_OF_ASC_NODE": 59.9825, "ARG_OF_PERICENTER": 172.0942, "MEAN_ANOMALY": 314.1976, "EPHEMERIS_TYPE": 0, "CLASSIFICATION_TYPE": "U", "NORAD_CAT_ID": 33798, "ELEMENT_SET_NO": 999, "REV_AT_EPOCH": 89182, "BSTAR": 0.00024529201, "MEAN_MOTION_DOT": 8.66e-06, "MEAN_MOTION_DDOT": 0}, "tle": {"line1": "1 33798U 93036AP  26022.49908544  .00000866  00000+0  24529-3 0  9990", "line2": "2 33798  74.0284  59.9825 0091103 172.0942 314.1976 14.44677935891823"}}, "geometry": {"type": "Point", "coordinates": [-120.46725148010216, -7.466735995713725]}}, {"type": "Feature", "properties": {"norad_id": 33799, "name": "COSMOS 2251 DEB", "group": "cosmos-2251-debris", "lat": 36.234131568470026, "lon": 10.834410307707348, "alt_km": 609.813303517788, "timestamp": "2026-01-23T21:29:55.107078+00:00", "meta": {"OBJECT_NAME": "COSMOS 2251 DEB", "OBJECT_ID": "1993-036AQ", "EPOCH": "2026-01-22T06:55:54.367680", "MEAN_MOTION": 14.80487092, "ECCENTRICITY": 0.002196, "INCLINATION": 74.0337, "RA_OF_ASC_NODE": 1.8904, "ARG_OF_PERICENTER": 54.5163, "MEAN_ANOMALY": 62.3778, "EPHEMERIS_TYPE": 0, "CLASSIFICATION_TYPE": "U", "NORAD_CAT_ID": 33799, "ELEMENT_SET_NO": 999, "REV_AT_EPOCH": 89411, "BSTAR": 0.0015708, "MEAN_MOTION_DOT": 0.00012059, "MEAN_MOTION_DDOT": 0}, "tle": {"line1": "1 33799U 93036AQ  26022.28882370  .00012059  00000+0  15708-2 0  9991", "line2": "2 33799  74.0337   1.8904 0021960  54.5163  62.3778 14.80487092894110"}}, "geometry": {"type": "Point", "coordinates": [10.834410307707348, 36.234131568470026]}}, {"type": "Feature", "properties": {"norad_id": 33805, "name": "COSMOS 2251 DEB", "group": "cosmos-2251-debris", "lat": 53.56511780586694, "lon": -106.04206038362796, "alt_km": 652.203779744952, "timestamp": "2026-01-23T21:29:55.107103+00:00", "meta": {"OBJECT_NAME": "COSMOS 2251 DEB", "OBJECT_ID": "1993-036AW", "EPOCH": "2026-01-22T22:11:12.483456", "MEAN_MOTION": 14.57972789, "ECCENTRICITY": 0.00602521, "INCLINATION": 74.0288, "RA_OF_ASC_NODE": 232.9782, "ARG_OF_PERICENTER": 49.8498, "MEAN_ANOMALY": 310.7921, "EPHEMERIS_TYPE": 0, "CLASSIFICATION_TYPE": "U", "NORAD_CAT_ID": 33805, "ELEMENT_SET_NO": 999, "REV_AT_EPOCH": 89827, "BSTAR": 0.00040572736, "MEAN_MOTION_DOT": 1.88e-05, "MEAN_MOTION_DDOT": 0}, "tle": {"line1": "1 33805U 93036AW  26022.92445004  .00001880  00000+0  40573-3 0  9998", "line2": "2 33805  74.0288 232.9782 0060252  49.8498 310.7921 14.57972789898276"}}, "geometry": {"type": "Point", "coordinates": [-106.04206038362796, 53.56511780586694]}}, {"type": "Feature", "properties": {"norad_id": 33811, "name": "COSMOS 2251 DEB", "group": "cosmos-2251-debris", "lat": 15.366000360803035, "lon": -140.30054541178401, "alt_km": 544.9125061135701, "timestamp": "2026-01-23T21:29:55.107115+00:00", "meta": {"OBJECT_NAME": "COSMOS 2251 DEB", "OBJECT_ID": "1993-036BC", "EPOCH": "2026-01-22T13:38:59.460864", "MEAN_MOTION": 15.06724973, "ECCENTRICITY": 0.0031014, "INCLINATION": 73.8354, "RA_OF_ASC_NODE": 217.8851, "ARG_OF_PERICENTER": 293.3227, "MEAN_ANOMALY": 87.2592, "EPHEMERIS_TYPE": 0, "CLASSIFICATION_TYPE": "U", "NORAD_CAT_ID": 33811, "ELEMENT_SET_NO": 999, "REV_AT_EPOCH": 90633, "BSTAR": 0.0013231659, "MEAN_MOTION_DOT": 0.00019898, "MEAN_MOTION_DDOT": 0}, "tle": {"line1": "1 33811U 93036BC  26022.56874376  .00019898  00000+0  13232-2 0  9992", "line2": "2 33811  73.8354 217.8851 0031014 293.3227  87.2592 15.06724973906335"}}, "geometry": {"type": "Point", "coordinates": [-140.30054541178401, 15.366000360803035]}}, {"type": "Feature", "properties": {"norad_id": 33815, "name": "COSMOS 2251 DEB", "group": "cosmos-2251-debris", "lat": -56.30811547177138, "lon": 61.28091161661206, "alt_km": 449.54714824335315, "timestamp": "2026-01-23T21:29:55.107125+00:00", "meta": {"OBJECT_NAME": "COSMOS 2251 DEB", "OBJECT_ID": "1993-036BG", "EPOCH": "2026-01-22T14:31:15.165696", "MEAN_MOTION": 15.36891537, "ECCENTRICITY": 0.00161392, "INCLINATION": 73.9444, "RA_OF_ASC_NODE": 89.6656, "ARG_OF_PERICENTER": 326.5319, "MEAN_ANOMALY": 33.4865, "EPHEMERIS_TYPE": 0, "CLASSIFICATION_TYPE": "U", "NORAD_CAT_ID": 33815, "ELEMENT_SET_NO": 999, "REV_AT_EPOCH": 88994, "BSTAR": 0.0083967108, "MEAN_MOTION_DOT": 0.00317024, "MEAN_MOTION_DDOT": 0}, "tle": {"line1": "1 33815U 93036BG  26022.60503664  .00317024  00000+0  83967-2 0  9994", "line2": "2 33815  73.9444  89.6656 0016139 326.5319  33.4865 15.36891537889947"}}, "geometry": {"type": "Point", "coordinates": [61.28091161661206, -56.30811547177138]}}, {"type": "Feature", "properties": {"norad_id": 33816, "name": "COSMOS 2251 DEB", "group": "cosmos-2251-debris", "lat": -16.735691108240548, "lon": -141.07443056856695, "alt_km": 1141.9174116356671, "timestamp": "2026-01-23T21:29:55.107136+00:00", "meta": {"OBJECT_NAME": "COSMOS 2251 DEB", "OBJECT_ID": "1993-036BH", "EPOCH": "2026-01-22T11:32:58.541568", "MEAN_MOTION": 13.81835582, "ECCENTRICITY": 0.02642639, "INCLINATION": 73.8945, "RA_OF_ASC_NODE": 36.3387, "ARG_OF_PERICENTER": 41.1718, "MEAN_ANOMALY": 320.9011, "EPHEMERIS_TYPE": 0, "CLASSIFICATION_TYPE": "U", "NORAD_CAT_ID": 33816, "ELEMENT_SET_NO": 999, "REV_AT_EPOCH": 85236, "BSTAR": 0.00088262987, "MEAN_MOTION_DOT": 1.211e-05, "MEAN_MOTION_DDOT": 0}, "tle": {"line1": "1 33816U 93036BH  26022.48123312  .00001211  00000+0  88263-3 0  9992", "line2": "2 33816  73.8945  36.3387 0264263  41.1718 320.9011 13.81835582852368"}}, "geometry": {"type": "Point", "coordinates": [-141.07443056856695, -16.735691108240548]}}, {"type": "Feature", "properties": {"norad_id": 33818, "name": "COSMOS 2251 DEB", "group": "cosmos-2251-debris", "lat": -11.76246995137909, "lon": -97.74151227078362, "alt_km": 532.6395851661491, "timestamp": "2026-01-23T21:29:55.107146+00:00", "meta": {"OBJECT_NAME": "COSMOS 2251 DEB", "OBJECT_ID": "1993-036BK", "EPOCH": "2026-01-22T07:07:43.231296", "MEAN_MOTION": 15.16591034, "ECCENTRICITY": 0.0020839, "INCLINATION": 74.0819, "RA_OF_ASC_NODE": 82.1747, "ARG_OF_PERICENTER": 42.4327, "MEAN_ANOMALY": 64.2, "EPHEMERIS_TYPE": 0, "CLASSIFICATION_TYPE": "U", "NORAD_CAT_ID": 33818, "ELEMENT_SET_NO": 999, "REV_AT_EPOCH": 90476, "BSTAR": 0.002413, "MEAN_MOTION_DOT": 0.00047675, "MEAN_MOTION_DDOT": 0}, "tle": {"line1": "1 33818U 93036BK  26022.29702814  .00047675  00000+0  24130-2 0  9999", "line2": "2 33818  74.0819  82.1747 0020839  42.4327  64.2000 15.16591034904760"}}, "geometry": {"type": "Point", "coordinates": [-97.74151227078362, -11.76246995137909]}}, {"type": "Feature", "properties": {"norad_id": 33819, "name": "COSMOS 2251 DEB", "group": "cosmos-2251-debris", "lat": 72.21864069624672, "lon": -164.27558922528578, "alt_km": 786.6993726384626, "timestamp": "2026-01-23T21:29:55.107157+00:00", "meta": {"OBJECT_NAME": "COSMOS 2251 DEB", "OBJECT_ID": "1993-036BL", "EPOCH": "2026-01-22T08:30:06.361056", "MEAN_MOTION": 14.32378365, "ECCENTRICITY": 0.00907317, "INCLINATION": 74.1802, "RA_OF_ASC_NODE": 136.3747, "ARG_OF_PERICENTER": 345.4567, "MEAN_ANOMALY": 69.4916, "EPHEMERIS_TYPE": 0, "CLASSIFICATION_TYPE": "U", "NORAD_CAT_ID": 33819, "ELEMENT_SET_NO": 999, "REV_AT_EPOCH": 88077, "BSTAR": 0.0011069028, "MEAN_MOTION_DOT": 3.108e-05, "MEAN_MOTION_DDOT": 0}, "tle": {"line1": "1 33819U 93036BL  26022.35424029  .00003108  00000+0  11069-2 0  9996", "line2": "2 33819  74.1802 136.3747 0090731 345.4567  69.4916 14.32378365880770"}}, "geometry": {"type": "Point", "coordinates": [-164.27558922528578, 72.21864069624672]}}, {"type": "Feature", "properties": {"norad_id": 33821, "name": "COSMOS 2251 DEB", "group": "cosmos-2251-debris", "lat": 35.92903172673044, "lon": 65.49905440343029, "alt_km": 451.8662510276672, "timestamp": "2026-01-23T21:29:55.107167+00:00", "meta": {"OBJECT_NAME": "COSMOS 2251 DEB", "OBJECT_ID": "1993-036BN", "EPOCH": "2026-01-22T12:20:19.516992", "MEAN_MOTION": 15.28046705, "ECCENTRICITY": 0.00464856, "INCLINATION": 74.0283, "RA_OF_ASC_NODE": 56.4526, "ARG_OF_PERICENTER": 74.0111, "MEAN_ANOMALY": 286.6204, "EPHEMERIS_TYPE": 0, "CLASSIFICATION_TYPE": "U", "NORAD_CAT_ID": 33821, "ELEMENT_SET_NO": 999, "REV_AT_EPOCH": 75623, "BSTAR": 0.0010490881, "MEAN_MOTION_DOT": 0.00029714, "MEAN_MOTION_DDOT": 0}, "tle": {"line1": "1 33821U 93036BN  26022.51411478  .00029714  00000+0  10491-2 0  9990", "line2": "2 33821  74.0283  56.4526 0046485  74.0111 286.6204 15.28046705756231"}}, "geometry": {"type": "Point", "coordinates": [65.49905440343029, 35.92903172673044]}}, {"type": "Feature", "properties": {"norad_id": 33822, "name": "COSMOS 2251 DEB", "group": "cosmos-2251-debris", "lat": -71.36601338293976, "lon": -2.867605070903587, "alt_km": 879.2238989425423, "timestamp": "2026-01-23T21:29:55.107178+00:00", "meta": {"OBJECT_NAME": "COSMOS 2251 DEB", "OBJECT_ID": "1993-036BP", "EPOCH": "2026-01-22T08:59:25.410624", "MEAN_MOTION": 14.13430583, "ECCENTRICITY": 0.0150099, "INCLINATION": 74.0695, "RA_OF_ASC_NODE": 121.9291, "ARG_OF_PERICENTER": 159.2575, "MEAN_ANOMALY": 281.987, "EPHEMERIS_TYPE": 0, "CLASSIFICATION_TYPE": "U", "NORAD_CAT_ID": 33822, "ELEMENT_SET_NO": 999, "REV_AT_EPOCH": 86628, "BSTAR": 0.0033109407, "MEAN_MOTION_DOT": 6.912e-05, "MEAN_MOTION_DDOT": 0}, "tle": {"line1": "1 33822U 93036BP  26022.37459966  .00006912  00000+0  33109-2 0  9995", "line2": "2 33822  74.0695 121.9291 0150099 159.2575 281.9870 14.13430583866281"}}, "geometry": {"type": "Point", "coordinates": [-2.867605070903587, -71.36601338293976]}}, {"type": "Feature", "properties": {"norad_id": 33823, "name": "COSMOS 2251 DEB", "group": "cosmos-2251-debris", "lat": 72.84829687370733, "lon": 145.71819519315795, "alt_km": 938.0430338421074, "timestamp": "2026-01-23T21:29:55.107188+00:00", "meta": {"OBJECT_NAME": "COSMOS 2251 DEB", "OBJECT_ID": "1993-036BQ", "EPOCH": "2026-01-22T14:56:38.156640", "MEAN_MOTION": 13.99097383, "ECCENTRICITY": 0.02089047, "INCLINATION": 73.8099, "RA_OF_ASC_NODE": 77.673, "ARG_OF_PERICENTER": 196.4835, "MEAN_ANOMALY": 320.1667, "EPHEMERIS_TYPE": 0, "CLASSIFICATION_TYPE": "U", "NORAD_CAT_ID": 33823, "ELEMENT_SET_NO": 999, "REV_AT_EPOCH": 86181, "BSTAR": 0.0012049249, "MEAN_MOTION_DOT": 2.078e-05, "MEAN_MOTION_DDOT": 0}, "tle": {"line1": "1 33823U 93036BQ  26022.62266385  .00002078  00000+0  12049-2 0  9994", "line2": "2 33823  73.8099  77.6730 0208904 196.4835 320.1667 13.99097383861817"}}, "geometry": {"type": "Point", "coordinates": [145.71819519315795, 72.84829687370733]}}, {"type": "Feature", "properties": {"norad_id": 33825, "name": "COSMOS 2251 DEB", "group": "cosmos-2251-debris", "lat": 68.56144877782998, "lon": -7.221158659452905, "alt_km": 710.4693469941549, "timestamp": "2026-01-23T21:29:55.107198+00:00", "meta": {"OBJECT_NAME": "COSMOS 2251 DEB", "OBJECT_ID": "1993-036BS", "EPOCH": "2026-01-22T19:07:35.931360", "MEAN_MOTION": 14.7055684, "ECCENTRICITY": 0.00836265, "INCLINATION": 73.9852, "RA_OF_ASC_NODE": 307.9098, "ARG_OF_PERICENTER": 265.9229, "MEAN_ANOMALY": 114.6693, "EPHEMERIS_TYPE": 0, "CLASSIFICATION_TYPE": "U", "NORAD_CAT_ID": 33825, "ELEMENT_SET_NO": 999, "REV_AT_EPOCH": 89483, "BSTAR": 0.0017022691, "MEAN_MOTION_DOT": 0.00010898, "MEAN_MOTION_DDOT": 0}, "tle": {"line1": "1 33825U 93036BS  26022.79694365  .00010898  00000+0  17023-2 0  9993", "line2": "2 33825  73.9852 307.9098 0083626 265.9229 114.6693 14.70556840894835"}}, "geometry": {"type": "Point", "coordinates": [-7.221158659452905, 68.56144877782998]}}, {"type": "Feature", "properties": {"norad_id": 33826, "name": "COSMOS 2251 DEB", "group": "cosmos-2251-debris", "lat": 68.86395313035567, "lon": 18.251949239531935, "alt_km": 694.0802195214646, "timestamp": "2026-01-23T21:29:55.107210+00:00", "meta": {"OBJECT_NAME": "COSMOS 2251 DEB", "OBJECT_ID": "1993-036BT", "EPOCH": "2026-01-22T14:33:02.936736", "MEAN_MOTION": 14.52050798, "ECCENTRICITY": 0.00850482, "INCLINATION": 74.0664, "RA_OF_ASC_NODE": 333.0325, "ARG_OF_PERICENTER": 5.37, "MEAN_ANOMALY": 171.6945, "EPHEMERIS_TYPE": 0, "CLASSIFICATION_TYPE": "U", "NORAD_CAT_ID": 33826, "ELEMENT_SET_NO": 999, "REV_AT_EPOCH": 88362, "BSTAR": 0.0021557011, "MEAN_MOTION_DOT": 9.123e-05, "MEAN_MOTION_DDOT": 0}, "tle": {"line1": "1 33826U 93036BT  26022.60628399  .00009123  00000+0  21557-2 0  9994", "line2": "2 33826  74.0664 333.0325 0085048   5.3700 171.6945 14.52050798883621"}}, "geometry": {"type": "Point", "coordinates": [18.251949239531935, 68.86395313035567]}}, {"type": "Feature", "properties": {"norad_id": 33828, "name": "COSMOS 2251 DEB", "group": "cosmos-2251-debris", "lat": -68.29503522023862, "lon": 113.75275607893303, "alt_km": 739.7191008729978, "timestamp": "2026-01-23T21:29:55.107220+00:00", "meta": {"OBJECT_NAME": "COSMOS 2251 DEB", "OBJECT_ID": "1993-036BV", "EPOCH": "2026-01-22T19:57:25.983936", "MEAN_MOTION": 14.44487066, "ECCENTRICITY": 0.00292284, "INCLINATION": 74.0473, "RA_OF_ASC_NODE": 161.6705, "ARG_OF_PERICENTER": 228.5574, "MEAN_ANOMALY": 284.1884, "EPHEMERIS_TYPE": 0, "CLASSIFICATION_TYPE": "U", "NORAD_CAT_ID": 33828, "ELEMENT_SET_NO": 999, "REV_AT_EPOCH": 88906, "BSTAR": 0.00079162464, "MEAN_MOTION_DOT": 2.721e-05, "MEAN_MOTION_DDOT": 0}, "tle": {"line1": "1 33828U 93036BV  26022.83155074  .00002721  00000+0  79162-3 0  9999", "line2": "2 33828  74.0473 161.6705 0029228 228.5574 284.1884 14.44487066889063"}}, "geometry": {"type": "Point", "coordinates": [113.75275607893303, -68.29503522023862]}}, {"type": "Feature", "properties": {"norad_id": 33830, "name": "COSMOS 2251 DEB", "group": "cosmos-2251-debris", "lat": 73.80085734571344, "lon": -132.07452220903897, "alt_km": 660.0281819523661, "timestamp": "2026-01-23T21:29:55.107231+00:00", "meta": {"OBJECT_NAME": "COSMOS 2251 DEB", "OBJECT_ID": "1993-036BX", "EPOCH": "2026-01-22T18:08:55.675680", "MEAN_MOTION": 14.77486835, "ECCENTRICITY": 0.00434377, "INCLINATION": 74.0333, "RA_OF_ASC_NODE": 149.9175, "ARG_OF_PERICENTER": 262.7107, "MEAN_ANOMALY": 245.7831, "EPHEMERIS_TYPE": 0, "CLASSIFICATION_TYPE": "U", "NORAD_CAT_ID": 33830, "ELEMENT_SET_NO": 999, "REV_AT_EPOCH": 90077, "BSTAR": 0.0011834816, "MEAN_MOTION_DOT": 8.547e-05, "MEAN_MOTION_DDOT": 0}, "tle": {"line1": "1 33830U 93036BX  26022.75619995  .00008547  00000+0  11835-2 0  9994", "line2": "2 33830  74.0333 149.9175 0043437 262.7107 245.7831 14.77486835900777"}}, "geometry": {"type": "Point", "coordinates": [-132.07452220903897, 73.80085734571344]}}, {"type": "Feature", "properties": {"norad_id": 33832, "name": "COSMOS 2251 DEB", "group": "cosmos-2251-debris", "lat": -21.157318864672643, "lon": -44.145765360670914, "alt_km": 683.8738582881288, "timestamp": "2026-01-23T21:29:55.107241+00:00", "meta": {"OBJECT_NAME": "COSMOS 2251 DEB", "OBJECT_ID": "1993-036BZ", "EPOCH": "2026-01-22T08:41:24.530208", "MEAN_MOTION": 14.6132652, "ECCENTRICITY": 0.00215174, "INCLINATION": 74.0546, "RA_OF_ASC_NODE": 132.4297, "ARG_OF_PERICENTER": 155.6426, "MEAN_ANOMALY": 260.9736, "EPHEMERIS_TYPE": 0, "CLASSIFICATION_TYPE": "U", "NORAD_CAT_ID": 33832, "ELEMENT_SET_NO": 999, "REV_AT_EPOCH": 89018, "BSTAR": 0.0017670255, "MEAN_MOTION_DOT": 8.74e-05, "MEAN_MOTION_DDOT": 0}, "tle": {"line1": "1 33832U 93036BZ  26022.36208947  .00008740  00000+0  17670-2 0  9992", "line2": "2 33832  74.0546 132.4297 0021517 155.6426 260.9736 14.61326520890189"}}, "geometry": {"type": "Point", "coordinates": [-44.145765360670914, -21.157318864672643]}}, {"type": "Feature", "properties": {"norad_id": 33835, "name": "COSMOS 2251 DEB", "group": "cosmos-2251-debris", "lat": -72.74950812083324, "lon": -92.5497553265853, "alt_km": 726.0636976943624, "timestamp": "2026-01-23T21:29:55.107251+00:00", "meta": {"OBJECT_NAME": "COSMOS 2251 DEB", "OBJECT_ID": "1993-036CC", "EPOCH": "2026-01-22T10:30:31.670784", "MEAN_MOTION": 14.62687704, "ECCENTRICITY": 0.00532353, "INCLINATION": 74.0581, "RA_OF_ASC_NODE": 23.2372, "ARG_OF_PERICENTER": 63.8226, "MEAN_ANOMALY": 85.9836, "EPHEMERIS_TYPE": 0, "CLASSIFICATION_TYPE": "U", "NORAD_CAT_ID": 33835, "ELEMENT_SET_NO": 999, "REV_AT_EPOCH": 89384, "BSTAR": 0.0012323948, "MEAN_MOTION_DOT": 6.378e-05, "MEAN_MOTION_DDOT": 0}, "tle": {"line1": "1 33835U 93036CC  26022.43786656  .00006378  00000+0  12324-2 0  9997", "line2": "2 33835  74.0581  23.2372 0053235  63.8226  85.9836 14.62687704893849"}}, "geometry": {"type": "Point", "coordinates": [-92.5497553265853, -72.74950812083324]}}, {"type": "Feature", "properties": {"norad_id": 33836, "name": "COSMOS 2251 DEB", "group": "cosmos-2251-debris", "lat": 64.0643541368166, "lon": -148.11880975966926, "alt_km": 611.6905911522799, "timestamp": "2026-01-23T21:29:55.107261+00:00", "meta": {"OBJECT_NAME": "COSMOS 2251 DEB", "OBJECT_ID": "1993-036CD", "EPOCH": "2026-01-22T11:22:51.694752", "MEAN_MOTION": 14.80453258, "ECCENTRICITY": 0.00242535, "INCLINATION": 73.9969, "RA_OF_ASC_NODE": 178.5238, "ARG_OF_PERICENTER": 16.3931, "MEAN_ANOMALY": 39.3863, "EPHEMERIS_TYPE": 0, "CLASSIFICATION_TYPE": "U", "NORAD_CAT_ID": 33836, "ELEMENT_SET_NO": 999, "REV_AT_EPOCH": 64691, "BSTAR": 0.0015256008, "MEAN_MOTION_DOT": 0.00011712, "MEAN_MOTION_DDOT": 0}, "tle": {"line1": "1 33836U 93036CD  26022.47420943  .00011712  00000+0  15256-2 0  9991", "line2": "2 33836  73.9969 178.5238 0024253  16.3931  39.3863 14.80453258646919"}}, "geometry": {"type": "Point", "coordinates": [-148.11880975966926, 64.0643541368166]}}, {"type": "Feature", "properties": {"norad_id": 33837, "name": "COSMOS 2251 DEB", "group": "cosmos-2251-debris", "lat": -63.92376548594112, "lon": -59.635460887829, "alt_km": 734.4420934510363, "timestamp": "2026-01-23T21:29:55.107272+00:00", "meta": {"OBJECT_NAME": "COSMOS 2251 DEB", "OBJECT_ID": "1993-036CE", "EPOCH": "2026-01-22T06:05:59.851680", "MEAN_MOTION": 14.5080519, "ECCENTRICITY": 0.0034805, "INCLINATION": 74.0137, "RA_OF_ASC_NODE": 339.313, "ARG_OF_PERICENTER": 193.5042, "MEAN_ANOMALY": 166.5191, "EPHEMERIS_TYPE": 0, "CLASSIFICATION_TYPE": "U", "NORAD_CAT_ID": 33837, "ELEMENT_SET_NO": 999, "REV_AT_EPOCH": 89383, "BSTAR": 0.0004772, "MEAN_MOTION_DOT": 1.866e-05, "MEAN_MOTION_DDOT": 0}, "tle": {"line1": "1 33837U 93036CE  26022.25416495  .00001866  00000+0  47720-3 0  9996", "line2": "2 33837  74.0137 339.3130 0034805 193.5042 166.5191 14.50805190893837"}}, "geometry": {"type": "Point", "coordinates": [-59.635460887829, -63.92376548594112]}}, {"type": "Feature", "properties": {"norad_id": 33838, "name": "COSMOS 2251 DEB", "group": "cosmos-2251-debris", "lat": 7.505106914587842, "lon": -111.30212177114942, "alt_km": 713.8417871005686, "timestamp": "2026-01-23T21:29:55.107286+00:00", "meta": {"OBJECT_NAME": "COSMOS 2251 DEB", "OBJECT_ID": "1993-036CF", "EPOCH": "2026-01-22T20:22:25.174272", "MEAN_MOTION": 14.48517979, "ECCENTRICITY": 0.00264634, "INCLINATION": 74.0367, "RA_OF_ASC_NODE": 72.8193, "ARG_OF_PERICENTER": 188.6312, "MEAN_ANOMALY": 286.6355, "EPHEMERIS_TYPE": 0, "CLASSIFICATION_TYPE": "U", "NORAD_CAT_ID": 33838, "ELEMENT_SET_NO": 999, "REV_AT_EPOCH": 89164, "BSTAR": 0.00063715405, "MEAN_MOTION_DOT": 2.376e-05, "MEAN_MOTION_DDOT": 0}, "tle": {"line1": "1 33838U 93036CF  26022.84890248  .00002376  00000+0  63715-3 0  9993", "line2": "2 33838  74.0367  72.8193 0026463 188.6312 286.6355 14.48517979891642"}}, "geometry": {"type": "Point", "coordinates": [-111.30212177114942, 7.505106914587842]}}, {"type": "Feature", "properties": {"norad_id": 33839, "name": "COSMOS 2251 DEB", "group": "cosmos-2251-debris", "lat": 12.057202097710089, "lon": 128.97533151584597, "alt_km": 728.1127927386806, "timestamp": "2026-01-23T21:29:55.107298+00:00", "meta": {"OBJECT_NAME": "COSMOS 2251 DEB", "OBJECT_ID": "1993-036CG", "EPOCH": "2026-01-22T18:17:14.354880", "MEAN_MOTION": 14.64574464, "ECCENTRICITY": 0.00851418, "INCLINATION": 74.0405, "RA_OF_ASC_NODE": 127.649, "ARG_OF_PERICENTER": 230.6225, "MEAN_ANOMALY": 285.9723, "EPHEMERIS_TYPE": 0, "CLASSIFICATION_TYPE": "U", "NORAD_CAT_ID": 33839, "ELEMENT_SET_NO": 999, "REV_AT_EPOCH": 90180, "BSTAR": 0.00056015671, "MEAN_MOTION_DOT": 3.103e-05, "MEAN_MOTION_DDOT": 0}, "tle": {"line1": "1 33839U 93036CG  26022.76197170  .00003103  00000+0  56016-3 0  9994", "line2": "2 33839  74.0405 127.6490 0085141 230.6225 285.9723 14.64574464901805"}}, "geometry": {"type": "Point", "coordinates": [128.97533151584597, 12.057202097710089]}}, {"type": "Feature", "properties": {"norad_id": 33841, "name": "COSMOS 2251 DEB", "group": "cosmos-2251-debris", "lat": 28.84750809858598, "lon": -150.50501040429725, "alt_km": 770.3550256849467, "timestamp": "2026-01-23T21:29:55.107308+00:00", "meta": {"OBJECT_NAME": "COSMOS 2251 DEB", "OBJECT_ID": "1993-036CJ", "EPOCH": "2026-01-22T22:44:00.285792", "MEAN_MOTION": 14.37924174, "ECCENTRICITY": 0.00215841, "INCLINATION": 74.0356, "RA_OF_ASC_NODE": 202.1688, "ARG_OF_PERICENTER": 276.2942, "MEAN_ANOMALY": 245.4747, "EPHEMERIS_TYPE": 0, "CLASSIFICATION_TYPE": "U", "NORAD_CAT_ID": 33841, "ELEMENT_SET_NO": 999, "REV_AT_EPOCH": 88706, "BSTAR": 0.0003704173, "MEAN_MOTION_DOT": 1.095e-05, "MEAN_MOTION_DDOT": 0}, "tle": {"line1": "1 33841U 93036CJ  26022.94722553  .00001095  00000+0  37042-3 0  9992", "line2": "2 33841  74.0356 202.1688 0021584 276.2942 245.4747 14.37924174887069"}}, "geometry": {"type": "Point", "coordinates": [-150.50501040429725, 28.84750809858598]}}, {"type": "Feature", "properties": {"norad_id": 33842, "name": "COSMOS 2251 DEB", "group": "cosmos-2251-debris", "lat": -55.172700347744566, "lon": 117.09988134440447, "alt_km": 739.1392076770662, "timestamp": "2026-01-23T21:29:55.107319+00:00", "meta": {"OBJECT_NAME": "COSMOS 2251 DEB", "OBJECT_ID": "1993-036CK", "EPOCH": "2026-01-22T17:28:48.833472", "MEAN_MOTION": 14.42806337, "ECCENTRICITY": 0.00478058, "INCLINATION": 74.0336, "RA_OF_ASC_NODE": 143.566, "ARG_OF_PERICENTER": 243.1235, "MEAN_ANOMALY": 116.5031, "EPHEMERIS_TYPE": 0, "CLASSIFICATION_TYPE": "U", "NORAD_CAT_ID": 33842, "ELEMENT_SET_NO": 999, "REV_AT_EPOCH": 88928, "BSTAR": 0.00065838251, "MEAN_MOTION_DOT": 2.2e-05, "MEAN_MOTION_DDOT": 0}, "tle": {"line1": "1 33842U 93036CK  26022.72834298  .00002200  00000+0  65838-3 0  9992", "line2": "2 33842  74.0336 143.5660 0047805 243.1235 116.5031 14.42806337889284"}}, "geometry": {"type": "Point", "coordinates": [117.09988134440447, -55.172700347744566]}}, {"type": "Feature", "properties": {"norad_id": 33844, "name": "COSMOS 2251 DEB", "group": "cosmos-2251-debris", "lat": -47.718828493521094, "lon": -42.49919568529566, "alt_km": 757.3357291826023, "timestamp": "2026-01-23T21:29:55.107329+00:00", "meta": {"OBJECT_NAME": "COSMOS 2251 DEB", "OBJECT_ID": "1993-036CM", "EPOCH": "2026-01-22T20:42:46.908288", "MEAN_MOTION": 14.33836393, "ECCENTRICITY": 0.00485083, "INCLINATION": 74.0689, "RA_OF_ASC_NODE": 337.6926, "ARG_OF_PERICENTER": 348.203, "MEAN_ANOMALY": 33.2589, "EPHEMERIS_TYPE": 0, "CLASSIFICATION_TYPE": "U", "NORAD_CAT_ID": 33844, "ELEMENT_SET_NO": 999, "REV_AT_EPOCH": 88315, "BSTAR": 0.0009100907, "MEAN_MOTION_DOT": 2.541e-05, "MEAN_MOTION_DDOT": 0}, "tle": {"line1": "1 33844U 93036CM  26022.86304292  .00002541  00000+0  91009-3 0  9992", "line2": "2 33844  74.0689 337.6926 0048508 348.2030  33.2589 14.33836393883157"}}, "geometry": {"type": "Point", "coordinates": [-42.49919568529566, -47.718828493521094]}}, {"type": "Feature", "properties": {"norad_id": 33848, "name": "COSMOS 2251 DEB", "group": "cosmos-2251-debris", "lat": -72.00075853730198, "lon": -142.61529879737913, "alt_km": 729.975368678317, "timestamp": "2026-01-23T21:29:55.107339+00:00", "meta": {"OBJECT_NAME": "COSMOS 2251 DEB", "OBJECT_ID": "1993-036CR", "EPOCH": "2026-01-22T16:02:34.230336", "MEAN_MOTION": 14.44451237, "ECCENTRICITY": 0.00431279, "INCLINATION": 74.0312, "RA_OF_ASC_NODE": 281.4697, "ARG_OF_PERICENTER": 328.6543, "MEAN_ANOMALY": 50.566, "EPHEMERIS_TYPE": 0, "CLASSIFICATION_TYPE": "U", "NORAD_CAT_ID": 33848, "ELEMENT_SET_NO": 999, "REV_AT_EPOCH": 88422, "BSTAR": 0.0013146612, "MEAN_MOTION_DOT": 4.563e-05, "MEAN_MOTION_DDOT": 0}, "tle": {"line1": "1 33848U 93036CR  26022.66845174  .00004563  00000+0  13147-2 0  9995", "line2": "2 33848  74.0312 281.4697 0043127 328.6543  50.5660 14.44451237884221"}}, "geometry": {"type": "Point", "coordinates": [-142.61529879737913, -72.00075853730198]}}, {"type": "Feature", "properties": {"norad_id": 33892, "name": "COSMOS 2251 DEB", "group": "cosmos-2251-debris", "lat": -69.16105510126647, "lon": -24.636065163974163, "alt_km": 865.3334348782964, "timestamp": "2026-01-23T21:29:55.107349+00:00", "meta": {"OBJECT_NAME": "COSMOS 2251 DEB", "OBJECT_ID": "1993-036CV", "EPOCH": "2026-01-22T11:08:21.030720", "MEAN_MOTION": 14.23478364, "ECCENTRICITY": 0.01118756, "INCLINATION": 73.8035, "RA_OF_ASC_NODE": 27.7549, "ARG_OF_PERICENTER": 50.5709, "MEAN_ANOMALY": 100.1528, "EPHEMERIS_TYPE": 0, "CLASSIFICATION_TYPE": "U", "NORAD_CAT_ID": 33892, "ELEMENT_SET_NO": 999, "REV_AT_EPOCH": 87534, "BSTAR": 0.0011648245, "MEAN_MOTION_DOT": 2.799e-05, "MEAN_MOTION_DDOT": 0}, "tle": {"line1": "1 33892U 93036CV  26022.46413230  .00002799  00000+0  11648-2 0  9999", "line2": "2 33892  73.8035  27.7549 0111875  50.5709 100.1528 14.23478364875342"}}, "geometry": {"type": "Point", "coordinates": [-24.636065163974163, -69.16105510126647]}}, {"type": "Feature", "properties": {"norad_id": 33894, "name": "COSMOS 2251 DEB", "group": "cosmos-2251-debris", "lat": -18.02606656410234, "lon": 109.28652596347875, "alt_km": 749.690548280526, "timestamp": "2026-01-23T21:29:55.107360+00:00", "meta": {"OBJECT_NAME": "COSMOS 2251 DEB", "OBJECT_ID": "1993-036CX", "EPOCH": "2026-01-22T20:51:55.842912", "MEAN_MOTION": 13.21364425, "ECCENTRICITY": 0.0574738, "INCLINATION": 73.7646, "RA_OF_ASC_NODE": 285.4332, "ARG_OF_PERICENTER": 199.0928, "MEAN_ANOMALY": 158.781, "EPHEMERIS_TYPE": 0, "CLASSIFICATION_TYPE": "U", "NORAD_CAT_ID": 33894, "ELEMENT_SET_NO": 999, "REV_AT_EPOCH": 81251, "BSTAR": 0.0014894372, "MEAN_MOTION_DOT": 1.443e-05, "MEAN_MOTION_DDOT": 0}, "tle": {"line1": "1 33894U 93036CX  26022.86939633  .00001443  00000+0  14894-2 0  9996", "line2": "2 33894  73.7646 285.4332 0574738 199.0928 158.7810 13.21364425812519"}}, "geometry": {"type": "Point", "coordinates": [109.28652596347875, -18.02606656410234]}}, {"type": "Feature", "properties": {"norad_id": 33896, "name": "COSMOS 2251 DEB", "group": "cosmos-2251-debris", "lat": 57.825439344155605, "lon": 107.72853155522142, "alt_km": 913.6434822449501, "timestamp": "2026-01-23T21:29:55.107370+00:00", "meta": {"OBJECT_NAME": "COSMOS 2251 DEB", "OBJECT_ID": "1993-036CZ", "EPOCH": "2026-01-22T13:47:46.838688", "MEAN_MOTION": 14.19197315, "ECCENTRICITY": 0.01281922, "INCLINATION": 73.7672, "RA_OF_ASC_NODE": 82.54, "ARG_OF_PERICENTER": 252.1261, "MEAN_ANOMALY": 263.3903, "EPHEMERIS_TYPE": 0, "CLASSIFICATION_TYPE": "U", "NORAD_CAT_ID": 33896, "ELEMENT_SET_NO": 999, "REV_AT_EPOCH": 87319, "BSTAR": 0.0014688216, "MEAN_MOTION_DOT": 3.313e-05, "MEAN_MOTION_DDOT": 0}, "tle": {"line1": "1 33896U 93036CZ  26022.57484767  .00003313  00000+0  14688-2 0  9998", "line2": "2 33896  73.7672  82.5400 0128192 252.1261 263.3903 14.19197315873199"}}, "geometry": {"type": "Point", "coordinates": [107.72853155522142, 57.825439344155605]}}, {"type": "Feature", "properties": {"norad_id": 33899, "name": "COSMOS 2251 DEB", "group": "cosmos-2251-debris", "lat": 7.91441620665915, "lon": 7.460501764294545, "alt_km": 662.1752387239858, "timestamp": "2026-01-23T21:29:55.107380+00:00", "meta": {"OBJECT_NAME": "COSMOS 2251 DEB", "OBJECT_ID": "1993-036DC", "EPOCH": "2026-01-22T22:33:58.768128", "MEAN_MOTION": 14.61586943, "ECCENTRICITY": 0.00559689, "INCLINATION": 74.0543, "RA_OF_ASC_NODE": 7.0078, "ARG_OF_PERICENTER": 56.8051, "MEAN_ANOMALY": 326.4236, "EPHEMERIS_TYPE": 0, "CLASSIFICATION_TYPE": "U", "NORAD_CAT_ID": 33899, "ELEMENT_SET_NO": 999, "REV_AT_EPOCH": 89441, "BSTAR": 0.0011247452, "MEAN_MOTION_DOT": 5.689e-05, "MEAN_MOTION_DDOT": 0}, "tle": {"line1": "1 33899U 93036DC  26022.94026352  .00005689  00000+0  11247-2 0  9990", "line2": "2 33899  74.0543   7.0078 0055968  56.8051 326.4236 14.61586943894416"}}, "geometry": {"type": "Point", "coordinates": [7.460501764294545, 7.91441620665915]}}, {"type": "Feature", "properties": {"norad_id": 33900, "name": "COSMOS 2251 DEB", "group": "cosmos-2251-debris", "lat": -39.462388119018755, "lon": -94.11120540029702, "alt_km": 709.6830091281763, "timestamp": "2026-01-23T21:29:55.107389+00:00", "meta": {"OBJECT_NAME": "COSMOS 2251 DEB", "OBJECT_ID": "1993-036DD", "EPOCH": "2026-01-22T16:09:08.597952", "MEAN_MOTION": 14.58557853, "ECCENTRICITY": 0.00466057, "INCLINATION": 74.0187, "RA_OF_ASC_NODE": 281.8643, "ARG_OF_PERICENTER": 61.6229, "MEAN_ANOMALY": 319.7396, "EPHEMERIS_TYPE": 0, "CLASSIFICATION_TYPE": "U", "NORAD_CAT_ID": 33900, "ELEMENT_SET_NO": 999, "REV_AT_EPOCH": 89633, "BSTAR": 0.00079699242, "MEAN_MOTION_DOT": 3.734e-05, "MEAN_MOTION_DDOT": 0}, "tle": {"line1": "1 33900U 93036DD  26022.67301618  .00003734  00000+0  79699-3 0  9999", "line2": "2 33900  74.0187 281.8643 0046605  61.6229 319.7396 14.58557853896331"}}, "geometry": {"type": "Point", "coordinates": [-94.11120540029702, -39.462388119018755]}}, {"type": "Feature", "properties": {"norad_id": 33901, "name": "COSMOS 2251 DEB", "group": "cosmos-2251-debris", "lat": 60.18702560366509, "lon": -9.756613371949692, "alt_km": 474.01749488480345, "timestamp": "2026-01-23T21:29:55.107399+00:00", "meta": {"OBJECT_NAME": "COSMOS 2251 DEB", "OBJECT_ID": "1993-036DE", "EPOCH": "2026-01-22T19:58:19.203744", "MEAN_MOTION": 15.21669341, "ECCENTRICITY": 0.00310508, "INCLINATION": 73.7743, "RA_OF_ASC_NODE": 321.9678, "ARG_OF_PERICENTER": 87.2803, "MEAN_ANOMALY": 273.1947, "EPHEMERIS_TYPE": 0, "CLASSIFICATION_TYPE": "U", "NORAD_CAT_ID": 33901, "ELEMENT_SET_NO": 999, "REV_AT_EPOCH": 90137, "BSTAR": 0.0038227501, "MEAN_MOTION_DOT": 0.00088624, "MEAN_MOTION_DDOT": 0}, "tle": {"line1": "1 33901U 93036DE  26022.83216671  .00088624  00000+0  38228-2 0  9995", "line2": "2 33901  73.7743 321.9678 0031050  87.2803 273.1947 15.21669341901373"}}, "geometry": {"type": "Point", "coordinates": [-9.756613371949692, 60.18702560366509]}}, {"type": "Feature", "properties": {"norad_id": 33905, "name": "COSMOS 2251 DEB", "group": "cosmos-2251-debris", "lat": 43.90150306187546, "lon": 42.456002491663504, "alt_km": 729.692838863336, "timestamp": "2026-01-23T21:29:55.107410+00:00", "meta": {"OBJECT_NAME": "COSMOS 2251 DEB", "OBJECT_ID": "1993-036DJ", "EPOCH": "2026-01-22T08:55:01.397280", "MEAN_MOTION": 14.35549446, "ECCENTRICITY": 0.00572271, "INCLINATION": 73.8845, "RA_OF_ASC_NODE": 241.432, "ARG_OF_PERICENTER": 121.3154, "MEAN_ANOMALY": 58.1317, "EPHEMERIS_TYPE": 0, "CLASSIFICATION_TYPE": "U", "NORAD_CAT_ID": 33905, "ELEMENT_SET_NO": 999, "REV_AT_EPOCH": 88270, "BSTAR": 0.0011666538, "MEAN_MOTION_DOT": 3.397e-05, "MEAN_MOTION_DDOT": 0}, "tle": {"line1": "1 33905U 93036DJ  26022.37154395  .00003397  00000+0  11667-2 0  9994", "line2": "2 33905  73.8845 241.4320 0057227 121.3154  58.1317 14.35549446882708"}}, "geometry": {"type": "Point", "coordinates": [42.456002491663504, 43.90150306187546]}}, {"type": "Feature", "properties": {"norad_id": 33906, "name": "COSMOS 2251 DEB", "group": "cosmos-2251-debris", "lat": 60.95717431439326, "lon": 30.272531399299048, "alt_km": 715.6312992722205, "timestamp": "2026-01-23T21:29:55.107420+00:00", "meta": {"OBJECT_NAME": "COSMOS 2251 DEB", "OBJECT_ID": "1993-036DK", "EPOCH": "2026-01-22T13:52:03.766368", "MEAN_MOTION": 14.5783819, "ECCENTRICITY": 0.00356232, "INCLINATION": 74.0279, "RA_OF_ASC_NODE": 243.8288, "ARG_OF_PERICENTER": 267.3578, "MEAN_ANOMALY": 133.2505, "EPHEMERIS_TYPE": 0, "CLASSIFICATION_TYPE": "U", "NORAD_CAT_ID": 33906, "ELEMENT_SET_NO": 999, "REV_AT_EPOCH": 88603, "BSTAR": 0.0017003515, "MEAN_MOTION_DOT": 7.832e-05, "MEAN_MOTION_DDOT": 0}, "tle": {"line1": "1 33906U 93036DK  26022.57782137  .00007832  00000+0  17004-2 0  9997", "line2": "2 33906  74.0279 243.8288 0035623 267.3578 133.2505 14.57838190886034"}}, "geometry": {"type": "Point", "coordinates": [30.272531399299048, 60.95717431439326]}}, {"type": "Feature", "properties": {"norad_id": 33907, "name": "COSMOS 2251 DEB", "group": "cosmos-2251-debris", "lat": 0.9280309032708074, "lon": -42.68339266453078, "alt_km": 708.6270905333404, "timestamp": "2026-01-23T21:29:55.107430+00:00", "meta": {"OBJECT_NAME": "COSMOS 2251 DEB", "OBJECT_ID": "1993-036DL", "EPOCH": "2026-01-21T21:06:07.365024", "MEAN_MOTION": 14.31150873, "ECCENTRICITY": 0.01138563, "INCLINATION": 74.0698, "RA_OF_ASC_NODE": 320.7164, "ARG_OF_PERICENTER": 5.7709, "MEAN_ANOMALY": 49.8645, "EPHEMERIS_TYPE": 0, "CLASSIFICATION_TYPE": "U", "NORAD_CAT_ID": 33907, "ELEMENT_SET_NO": 999, "REV_AT_EPOCH": 87154, "BSTAR": 0.0048942647, "MEAN_MOTION_DOT": 0.00013867, "MEAN_MOTION_DDOT": 0}, "tle": {"line1": "1 33907U 93036DL  26021.87925191  .00013867  00000+0  48943-2 0  9990", "line2": "2 33907  74.0698 320.7164 0113856   5.7709  49.8645 14.31150873871547"}}, "geometry": {"type": "Point", "coordinates": [-42.68339266453078, 0.9280309032708074]}}, {"type": "Feature", "properties": {"norad_id": 33908, "name": "COSMOS 2251 DEB", "group": "cosmos-2251-debris", "lat": 60.78245763529885, "lon": -80.29500377049258, "alt_km": 725.5104552275006, "timestamp": "2026-01-23T21:29:55.107441+00:00", "meta": {"OBJECT_NAME": "COSMOS 2251 DEB", "OBJECT_ID": "1993-036DM", "EPOCH": "2026-01-22T14:15:35.532000", "MEAN_MOTION": 14.07881185, "ECCENTRICITY": 0.02191358, "INCLINATION": 73.8381, "RA_OF_ASC_NODE": 133.2474, "ARG_OF_PERICENTER": 149.7366, "MEAN_ANOMALY": 211.6643, "EPHEMERIS_TYPE": 0, "CLASSIFICATION_TYPE": "U", "NORAD_CAT_ID": 33908, "ELEMENT_SET_NO": 999, "REV_AT_EPOCH": 86048, "BSTAR": 0.0027064701, "MEAN_MOTION_DOT": 5.701e-05, "MEAN_MOTION_DDOT": 0}, "tle": {"line1": "1 33908U 93036DM  26022.59416125  .00005701  00000+0  27065-2 0  9993", "line2": "2 33908  73.8381 133.2474 0219135 149.7366 211.6643 14.07881185860488"}}, "geometry": {"type": "Point", "coordinates": [-80.29500377049258, 60.78245763529885]}}, {"type": "Feature", "properties": {"norad_id": 33911, "name": "COSMOS 2251 DEB", "group": "cosmos-2251-debris", "lat": 72.7659330213202, "lon": -167.17491254418505, "alt_km": 636.8342297609379, "timestamp": "2026-01-23T21:29:55.107452+00:00", "meta": {"OBJECT_NAME": "COSMOS 2251 DEB", "OBJECT_ID": "1993-036DQ", "EPOCH": "2026-01-22T22:32:30.965856", "MEAN_MOTION": 14.7610972, "ECCENTRICITY": 0.00159663, "INCLINATION": 74.0896, "RA_OF_ASC_NODE": 81.5499, "ARG_OF_PERICENTER": 355.2456, "MEAN_ANOMALY": 60.3495, "EPHEMERIS_TYPE": 0, "CLASSIFICATION_TYPE": "U", "NORAD_CAT_ID": 33911, "ELEMENT_SET_NO": 999, "REV_AT_EPOCH": 89252, "BSTAR": 0.001649647, "MEAN_MOTION_DOT": 0.00011399, "MEAN_MOTION_DDOT": 0}, "tle": {"line1": "1 33911U 93036DQ  26022.93924729  .00011399  00000+0  16496-2 0  9995", "line2": "2 33911  74.0896  81.5499 0015966 355.2456  60.3495 14.76109720892526"}}, "geometry": {"type": "Point", "coordinates": [-167.17491254418505, 72.7659330213202]}}, {"type": "Feature", "properties": {"norad_id": 33912, "name": "COSMOS 2251 DEB", "group": "cosmos-2251-debris", "lat": 29.2538151456757, "lon": 119.52488723275697, "alt_km": 723.4023744395217, "timestamp": "2026-01-23T21:29:55.107462+00:00", "meta": {"OBJECT_NAME": "COSMOS 2251 DEB", "OBJECT_ID": "1993-036DR", "EPOCH": "2026-01-22T22:45:08.279136", "MEAN_MOTION": 14.52232472, "ECCENTRICITY": 0.00101698, "INCLINATION": 74.0349, "RA_OF_ASC_NODE": 112.0834, "ARG_OF_PERICENTER": 193.731, "MEAN_ANOMALY": 284.016, "EPHEMERIS_TYPE": 0, "CLASSIFICATION_TYPE": "U", "NORAD_CAT_ID": 33912, "ELEMENT_SET_NO": 999, "REV_AT_EPOCH": 89031, "BSTAR": 0.0010126906, "MEAN_MOTION_DOT": 4.089e-05, "MEAN_MOTION_DDOT": 0}, "tle": {"line1": "1 33912U 93036DR  26022.94801249  .00004089  00000+0  10127-2 0  9991", "line2": "2 33912  74.0349 112.0834 0010169 193.7310 284.0160 14.52232472890311"}}, "geometry": {"type": "Point", "coordinates": [119.52488723275697, 29.2538151456757]}}, {"type": "Feature", "properties": {"norad_id": 33913, "name": "COSMOS 2251 DEB", "group": "cosmos-2251-debris", "lat": -45.1451201516089, "lon": 87.93140068711767, "alt_km": 749.2776338719896, "timestamp": "2026-01-23T21:29:55.107472+00:00", "meta": {"OBJECT_NAME": "COSMOS 2251 DEB", "OBJECT_ID": "1993-036DS", "EPOCH": "2026-01-22T23:19:04.609632", "MEAN_MOTION": 14.48716461, "ECCENTRICITY": 0.00473554, "INCLINATION": 74.0345, "RA_OF_ASC_NODE": 106.3852, "ARG_OF_PERICENTER": 201.4303, "MEAN_ANOMALY": 332.5672, "EPHEMERIS_TYPE": 0, "CLASSIFICATION_TYPE": "U", "NORAD_CAT_ID": 33913, "ELEMENT_SET_NO": 999, "REV_AT_EPOCH": 89054, "BSTAR": 0.0008064958, "MEAN_MOTION_DOT": 3.057e-05, "MEAN_MOTION_DDOT": 0}, "tle": {"line1": "1 33913U 93036DS  26022.97158113  .00003057  00000+0  80650-3 0  9993", "line2": "2 33913  74.0345 106.3852 0047355 201.4303 332.5672 14.48716461890542"}}, "geometry": {"type": "Point", "coordinates": [87.93140068711767, -45.1451201516089]}}, {"type": "Feature", "properties": {"norad_id": 33914, "name": "COSMOS 2251 DEB", "group": "cosmos-2251-debris", "lat": -7.211324199088623, "lon": 127.68896574181343, "alt_km": 1184.3537030254229, "timestamp": "2026-01-23T21:29:55.107482+00:00", "meta": {"OBJECT_NAME": "COSMOS 2251 DEB", "OBJECT_ID": "1993-036DT", "EPOCH": "2026-01-22T18:29:47.755968", "MEAN_MOTION": 13.72050081, "ECCENTRICITY": 0.03020864, "INCLINATION": 74.0919, "RA_OF_ASC_NODE": 307.4746, "ARG_OF_PERICENTER": 40.6582, "MEAN_ANOMALY": 349.7891, "EPHEMERIS_TYPE": 0, "CLASSIFICATION_TYPE": "U", "NORAD_CAT_ID": 33914, "ELEMENT_SET_NO": 999, "REV_AT_EPOCH": 84644, "BSTAR": 0.0014423514, "MEAN_MOTION_DOT": 1.795e-05, "MEAN_MOTION_DDOT": 0}, "tle": {"line1": "1 33914U 93036DT  26022.77069162  .00001795  00000+0  14424-2 0  9999", "line2": "2 33914  74.0919 307.4746 0302086  40.6582 349.7891 13.72050081846441"}}, "geometry": {"type": "Point", "coordinates": [127.68896574181343, -7.211324199088623]}}, {"type": "Feature", "properties": {"norad_id": 33915, "name": "COSMOS 2251 DEB", "group": "cosmos-2251-debris", "lat": 18.10743406930233, "lon": 131.47567785416618, "alt_km": 814.4880551262604, "timestamp": "2026-01-23T21:29:55.107492+00:00", "meta": {"OBJECT_NAME": "COSMOS 2251 DEB", "OBJECT_ID": "1993-036DU", "EPOCH": "2026-01-22T18:13:17.580864", "MEAN_MOTION": 14.35220597, "ECCENTRICITY": 0.01046463, "INCLINATION": 74.0457, "RA_OF_ASC_NODE": 318.9253, "ARG_OF_PERICENTER": 40.4215, "MEAN_ANOMALY": 9.655, "EPHEMERIS_TYPE": 0, "CLASSIFICATION_TYPE": "U", "NORAD_CAT_ID": 33915, "ELEMENT_SET_NO": 999, "REV_AT_EPOCH": 88346, "BSTAR": 0.00091870019, "MEAN_MOTION_DOT": 2.771e-05, "MEAN_MOTION_DDOT": 0}, "tle": {"line1": "1 33915U 93036DU  26022.75923126  .00002771  00000+0  91870-3 0  9993", "line2": "2 33915  74.0457 318.9253 0104646  40.4215   9.6550 14.35220597883460"}}, "geometry": {"type": "Point", "coordinates": [131.47567785416618, 18.10743406930233]}}, {"type": "Feature", "properties": {"norad_id": 33916, "name": "COSMOS 2251 DEB", "group": "cosmos-2251-debris", "lat": -55.88803421240664, "lon": -53.64466957200318, "alt_km": 1242.9579000517097, "timestamp": "2026-01-23T21:29:55.107502+00:00", "meta": {"OBJECT_NAME": "COSMOS 2251 DEB", "OBJECT_ID": "1993-036DV", "EPOCH": "2026-01-22T15:03:37.416960", "MEAN_MOTION": 13.68648694, "ECCENTRICITY": 0.03235177, "INCLINATION": 74.0533, "RA_OF_ASC_NODE": 333.4055, "ARG_OF_PERICENTER": 136.4743, "MEAN_ANOMALY": 36.7296, "EPHEMERIS_TYPE": 0, "CLASSIFICATION_TYPE": "U", "NORAD_CAT_ID": 33916, "ELEMENT_SET_NO": 999, "REV_AT_EPOCH": 84450, "BSTAR": 0.00049695858, "MEAN_MOTION_DOT": 5.95e-06, "MEAN_MOTION_DDOT": 0}, "tle": {"line1": "1 33916U 93036DV  26022.62751640  .00000595  00000+0  49696-3 0  9991", "line2": "2 33916  74.0533 333.4055 0323517 136.4743  36.7296 13.68648694844507"}}, "geometry": {"type": "Point", "coordinates": [-53.64466957200318, -55.88803421240664]}}, {"type": "Feature", "properties": {"norad_id": 33917, "name": "COSMOS 2251 DEB", "group": "cosmos-2251-debris", "lat": 42.74443416276362, "lon": -142.0000843700057, "alt_km": 757.7019812786612, "timestamp": "2026-01-23T21:29:55.107513+00:00", "meta": {"OBJECT_NAME": "COSMOS 2251 DEB", "OBJECT_ID": "1993-036DW", "EPOCH": "2026-01-22T11:32:21.501888", "MEAN_MOTION": 13.69500257, "ECCENTRICITY": 0.03292172, "INCLINATION": 74.1068, "RA_OF_ASC_NODE": 55.5862, "ARG_OF_PERICENTER": 147.3829, "MEAN_ANOMALY": 214.8105, "EPHEMERIS_TYPE": 0, "CLASSIFICATION_TYPE": "U", "NORAD_CAT_ID": 33917, "ELEMENT_SET_NO": 999, "REV_AT_EPOCH": 84291, "BSTAR": 0.0019656308, "MEAN_MOTION_DOT": 2.486e-05, "MEAN_MOTION_DDOT": 0}, "tle": {"line1": "1 33917U 93036DW  26022.48080442  .00002486  00000+0  19656-2 0  9994", "line2": "2 33917  74.1068  55.5862 0329217 147.3829 214.8105 13.69500257842913"}}, "geometry": {"type": "Point", "coordinates": [-142.0000843700057, 42.74443416276362]}}, {"type": "Feature", "properties": {"norad_id": 33920, "name": "COSMOS 2251 DEB", "group": "cosmos-2251-debris", "lat": 59.14469625664121, "lon": -113.13734877671466, "alt_km": 712.8490948387844, "timestamp": "2026-01-23T21:29:55.107523+00:00", "meta": {"OBJECT_NAME": "COSMOS 2251 DEB", "OBJECT_ID": "1993-036DZ", "EPOCH": "2026-01-21T19:50:19.263840", "MEAN_MOTION": 14.589728, "ECCENTRICITY": 0.00358204, "INCLINATION": 74.0589, "RA_OF_ASC_NODE": 222.2153, "ARG_OF_PERICENTER": 221.0268, "MEAN_ANOMALY": 138.8202, "EPHEMERIS_TYPE": 0, "CLASSIFICATION_TYPE": "U", "NORAD_CAT_ID": 33920, "ELEMENT_SET_NO": 999, "REV_AT_EPOCH": 88699, "BSTAR": 0.0028902253, "MEAN_MOTION_DOT": 0.00013682, "MEAN_MOTION_DDOT": 0}, "tle": {"line1": "1 33920U 93036DZ  26021.82661185  .00013682  00000+0  28902-2 0  9998", "line2": "2 33920  74.0589 222.2153 0035820 221.0268 138.8202 14.58972800886996"}}, "geometry": {"type": "Point", "coordinates": [-113.13734877671466, 59.14469625664121]}}, {"type": "Feature", "properties": {"norad_id": 33922, "name": "COSMOS 2251 DEB", "group": "cosmos-2251-debris", "lat": -72.82603852795656, "lon": 0.9604787369441282, "alt_km": 737.0465684318151, "timestamp": "2026-01-23T21:29:55.107533+00:00", "meta": {"OBJECT_NAME": "COSMOS 2251 DEB", "OBJECT_ID": "1993-036EB", "EPOCH": "2026-01-22T13:30:19.686240", "MEAN_MOTION": 14.49688229, "ECCENTRICITY": 0.00218019, "INCLINATION": 74.0471, "RA_OF_ASC_NODE": 71.2104, "ARG_OF_PERICENTER": 176.2741, "MEAN_ANOMALY": 345.7143, "EPHEMERIS_TYPE": 0, "CLASSIFICATION_TYPE": "U", "NORAD_CAT_ID": 33922, "ELEMENT_SET_NO": 999, "REV_AT_EPOCH": 89169, "BSTAR": 0.0007498173, "MEAN_MOTION_DOT": 2.867e-05, "MEAN_MOTION_DDOT": 0}, "tle": {"line1": "1 33922U 93036EB  26022.56272785  .00002867  00000+0  74982-3 0  9999", "line2": "2 33922  74.0471  71.2104 0021801 176.2741 345.7143 14.49688229891692"}}, "geometry": {"type": "Point", "coordinates": [0.9604787369441282, -72.82603852795656]}}, {"type": "Feature", "properties": {"norad_id": 33924, "name": "COSMOS 2251 DEB", "group": "cosmos-2251-debris", "lat": -73.35246898125507, "lon": 97.27063497259917, "alt_km": 829.1684764905503, "timestamp": "2026-01-23T21:29:55.107543+00:00", "meta": {"OBJECT_NAME": "COSMOS 2251 DEB", "OBJECT_ID": "1993-036ED", "EPOCH": "2026-01-22T12:10:33.793248", "MEAN_MOTION": 13.50275379, "ECCENTRICITY": 0.04031898, "INCLINATION": 73.9108, "RA_OF_ASC_NODE": 204.6672, "ARG_OF_PERICENTER": 232.8619, "MEAN_ANOMALY": 123.5023, "EPHEMERIS_TYPE": 0, "CLASSIFICATION_TYPE": "U", "NORAD_CAT_ID": 33924, "ELEMENT_SET_NO": 999, "REV_AT_EPOCH": 83289, "BSTAR": 0.0010199045, "MEAN_MOTION_DOT": 1.057e-05, "MEAN_MOTION_DDOT": 0}, "tle": {"line1": "1 33924U 93036ED  26022.50733557  .00001057  00000+0  10199-2 0  9993", "line2": "2 33924  73.9108 204.6672 0403189 232.8619 123.5023 13.50275379832892"}}, "geometry": {"type": "Point", "coordinates": [97.27063497259917, -73.35246898125507]}}, {"type": "Feature", "properties": {"norad_id": 33928, "name": "COSMOS 2251 DEB", "group": "cosmos-2251-debris", "lat": 23.845483580002767, "lon": 145.86581355100094, "alt_km": 743.601155751071, "timestamp": "2026-01-23T21:29:55.107553+00:00", "meta": {"OBJECT_NAME": "COSMOS 2251 DEB", "OBJECT_ID": "1993-036EH", "EPOCH": "2026-01-22T06:37:43.837248", "MEAN_MOTION": 14.4751417, "ECCENTRICITY": 0.0062315, "INCLINATION": 73.9269, "RA_OF_ASC_NODE": 336.2355, "ARG_OF_PERICENTER": 262.8071, "MEAN_ANOMALY": 96.6, "EPHEMERIS_TYPE": 0, "CLASSIFICATION_TYPE": "U", "NORAD_CAT_ID": 33928, "ELEMENT_SET_NO": 999, "REV_AT_EPOCH": 89231, "BSTAR": 0.00053685, "MEAN_MOTION_DOT": 1.993e-05, "MEAN_MOTION_DDOT": 0}, "tle": {"line1": "1 33928U 93036EH  26022.27620182  .00001993  00000+0  53685-3 0  9997", "line2": "2 33928  73.9269 336.2355 0062315 262.8071  96.6000 14.47514170892311"}}, "geometry": {"type": "Point", "coordinates": [145.86581355100094, 23.845483580002767]}}, {"type": "Feature", "properties": {"norad_id": 33932, "name": "COSMOS 2251 DEB", "group": "cosmos-2251-debris", "lat": 60.24482735789929, "lon": -91.78270988260593, "alt_km": 768.5672893539086, "timestamp": "2026-01-23T21:29:55.107564+00:00", "meta": {"OBJECT_NAME": "COSMOS 2251 DEB", "OBJECT_ID": "1993-036EM", "EPOCH": "2026-01-22T23:30:28.496736", "MEAN_MOTION": 14.38898021, "ECCENTRICITY": 0.00368649, "INCLINATION": 74.032, "RA_OF_ASC_NODE": 239.85, "ARG_OF_PERICENTER": 307.6432, "MEAN_ANOMALY": 52.1379, "EPHEMERIS_TYPE": 0, "CLASSIFICATION_TYPE": "U", "NORAD_CAT_ID": 33932, "ELEMENT_SET_NO": 999, "REV_AT_EPOCH": 88591, "BSTAR": 0.00062588759, "MEAN_MOTION_DOT": 1.917e-05, "MEAN_MOTION_DDOT": 0}, "tle": {"line1": "1 33932U 93036EM  26022.97949649  .00001917  00000+0  62589-3 0  9990", "line2": "2 33932  74.0320 239.8500 0036864 307.6432  52.1379 14.38898021885919"}}, "geometry": {"type": "Point", "coordinates": [-91.78270988260593, 60.24482735789929]}}, {"type": "Feature", "properties": {"norad_id": 33933, "name": "COSMOS 2251 DEB", "group": "cosmos-2251-debris", "lat": -9.200164483831607, "lon": 165.94341231777528, "alt_km": 828.5169979528837, "timestamp": "2026-01-23T21:29:55.107574+00:00", "meta": {"OBJECT_NAME": "COSMOS 2251 DEB", "OBJECT_ID": "1993-036EN", "EPOCH": "2026-01-22T21:10:04.501056", "MEAN_MOTION": 14.33604341, "ECCENTRICITY": 0.0072286, "INCLINATION": 74.0915, "RA_OF_ASC_NODE": 345.1428, "ARG_OF_PERICENTER": 342.3971, "MEAN_ANOMALY": 17.4676, "EPHEMERIS_TYPE": 0, "CLASSIFICATION_TYPE": "U", "NORAD_CAT_ID": 33933, "ELEMENT_SET_NO": 999, "REV_AT_EPOCH": 88374, "BSTAR": 0.00090931824, "MEAN_MOTION_DOT": 2.568e-05, "MEAN_MOTION_DDOT": 0}, "tle": {"line1": "1 33933U 93036EN  26022.88199654  .00002568  00000+0  90932-3 0  9990", "line2": "2 33933  74.0915 345.1428 0072286 342.3971  17.4676 14.33604341883740"}}, "geometry": {"type": "Point", "coordinates": [165.94341231777528, -9.200164483831607]}}, {"type": "Feature", "properties": {"norad_id": 33934, "name": "COSMOS 2251 DEB", "group": "cosmos-2251-debris", "lat": -66.32388789926296, "lon": -119.02411289128246, "alt_km": 705.7936510755317, "timestamp": "2026-01-23T21:29:55.107584+00:00", "meta": {"OBJECT_NAME": "COSMOS 2251 DEB", "OBJECT_ID": "1993-036EP", "EPOCH": "2026-01-22T09:48:02.453472", "MEAN_MOTION": 14.59479639, "ECCENTRICITY": 0.00132026, "INCLINATION": 74.0382, "RA_OF_ASC_NODE": 23.0609, "ARG_OF_PERICENTER": 139.304, "MEAN_ANOMALY": 220.9114, "EPHEMERIS_TYPE": 0, "CLASSIFICATION_TYPE": "U", "NORAD_CAT_ID": 33934, "ELEMENT_SET_NO": 999, "REV_AT_EPOCH": 89332, "BSTAR": 0.0011711785, "MEAN_MOTION_DOT": 5.539e-05, "MEAN_MOTION_DDOT": 0}, "tle": {"line1": "1 33934U 93036EP  26022.40836173  .00005539  00000+0  11712-2 0  9992", "line2": "2 33934  74.0382  23.0609 0013202 139.3040 220.9114 14.59479639893327"}}, "geometry": {"type": "Point", "coordinates": [-119.02411289128246, -66.32388789926296]}}, {"type": "Feature", "properties": {"norad_id": 33936, "name": "COSMOS 2251 DEB", "group": "cosmos-2251-debris", "lat": -8.424432784523166, "lon": -45.536434347486576, "alt_km": 700.437297624123, "timestamp": "2026-01-23T21:29:55.107595+00:00", "meta": {"OBJECT_NAME": "COSMOS 2251 DEB", "OBJECT_ID": "1993-036ER", "EPOCH": "2026-01-22T14:18:21.184992", "MEAN_MOTION": 14.60596178, "ECCENTRICITY": 0.00260469, "INCLINATION": 74.0195, "RA_OF_ASC_NODE": 319.3799, "ARG_OF_PERICENTER": 101.8773, "MEAN_ANOMALY": 258.5316, "EPHEMERIS_TYPE": 0, "CLASSIFICATION_TYPE": "U", "NORAD_CAT_ID": 33936, "ELEMENT_SET_NO": 999, "REV_AT_EPOCH": 89486, "BSTAR": 0.0010493894, "MEAN_MOTION_DOT": 5.1e-05, "MEAN_MOTION_DDOT": 0}, "tle": {"line1": "1 33936U 93036ER  26022.59607853  .00005100  00000+0  10494-2 0  9995", "line2": "2 33936  74.0195 319.3799 0026046 101.8773 258.5316 14.60596178894860"}}, "geometry": {"type": "Point", "coordinates": [-45.536434347486576, -8.424432784523166]}}, {"type": "Feature", "properties": {"norad_id": 33938, "name": "COSMOS 2251 DEB", "group": "cosmos-2251-debris", "lat": -45.96013131817703, "lon": 111.25655525132605, "alt_km": 744.6394094136122, "timestamp": "2026-01-23T21:29:55.107605+00:00", "meta": {"OBJECT_NAME": "COSMOS 2251 DEB", "OBJECT_ID": "1993-036ET", "EPOCH": "2026-01-22T18:13:21.454176", "MEAN_MOTION": 14.46982943, "ECCENTRICITY": 0.00162497, "INCLINATION": 74.0467, "RA_OF_ASC_NODE": 130.5837, "ARG_OF_PERICENTER": 210.315, "MEAN_ANOMALY": 303.3992, "EPHEMERIS_TYPE": 0, "CLASSIFICATION_TYPE": "U", "NORAD_CAT_ID": 33938, "ELEMENT_SET_NO": 999, "REV_AT_EPOCH": 88993, "BSTAR": 0.00088349087, "MEAN_MOTION_DOT": 3.192e-05, "MEAN_MOTION_DDOT": 0}, "tle": {"line1": "1 33938U 93036ET  26022.75927609  .00003192  00000+0  88349-3 0  9993", "line2": "2 33938  74.0467 130.5837 0016249 210.3150 303.3992 14.46982943889933"}}, "geometry": {"type": "Point", "coordinates": [111.25655525132605, -45.96013131817703]}}, {"type": "Feature", "properties": {"norad_id": 33939, "name": "COSMOS 2251 DEB", "group": "cosmos-2251-debris", "lat": 73.80243523964407, "lon": 75.44413908719602, "alt_km": 548.2110197099591, "timestamp": "2026-01-23T21:29:55.107615+00:00", "meta": {"OBJECT_NAME": "COSMOS 2251 DEB", "OBJECT_ID": "1993-036EU", "EPOCH": "2026-01-22T08:23:50.825184", "MEAN_MOTION": 15.04046538, "ECCENTRICITY": 0.00056655, "INCLINATION": 74.0067, "RA_OF_ASC_NODE": 357.7213, "ARG_OF_PERICENTER": 332.9716, "MEAN_ANOMALY": 27.1176, "EPHEMERIS_TYPE": 0, "CLASSIFICATION_TYPE": "U", "NORAD_CAT_ID": 33939, "ELEMENT_SET_NO": 999, "REV_AT_EPOCH": 89362, "BSTAR": 0.0051256209, "MEAN_MOTION_DOT": 0.0007164, "MEAN_MOTION_DDOT": 0}, "tle": {"line1": "1 33939U 93036EU  26022.34989381  .00071640  00000+0  51256-2 0  9993", "line2": "2 33939  74.0067 357.7213 0005665 332.9716  27.1176 15.04046538893622"}}, "geometry": {"type": "Point", "coordinates": [75.44413908719602, 73.80243523964407]}}, {"type": "Feature", "properties": {"norad_id": 33940, "name": "COSMOS 2251 DEB", "group": "cosmos-2251-debris", "lat": -37.80165420381342, "lon": -103.97195102973537, "alt_km": 700.5736669390881, "timestamp": "2026-01-23T21:29:55.107625+00:00", "meta": {"OBJECT_NAME": "COSMOS 2251 DEB", "OBJECT_ID": "1993-036EV", "EPOCH": "2026-01-22T13:56:17.402208", "MEAN_MOTION": 14.59264501, "ECCENTRICITY": 0.0008447, "INCLINATION": 74.039, "RA_OF_ASC_NODE": 65.7057, "ARG_OF_PERICENTER": 141.8, "MEAN_ANOMALY": 12.1594, "EPHEMERIS_TYPE": 0, "CLASSIFICATION_TYPE": "U", "NORAD_CAT_ID": 33940, "ELEMENT_SET_NO": 999, "REV_AT_EPOCH": 89189, "BSTAR": 0.0011984029, "MEAN_MOTION_DOT": 5.638e-05, "MEAN_MOTION_DDOT": 0}, "tle": {"line1": "1 33940U 93036EV  26022.58075697  .00005638  00000+0  11984-2 0  9995", "line2": "2 33940  74.0390  65.7057 0008447 141.8000  12.1594 14.59264501891895"}}, "geometry": {"type": "Point", "coordinates": [-103.97195102973537, -37.80165420381342]}}, {"type": "Feature", "properties": {"norad_id": 33942, "name": "COSMOS 2251 DEB", "group": "cosmos-2251-debris", "lat": 63.91995936500808, "lon": -18.60796147881228, "alt_km": 772.9874552007695, "timestamp": "2026-01-23T21:29:55.107635+00:00", "meta": {"OBJECT_NAME": "COSMOS 2251 DEB", "OBJECT_ID": "1993-036EX", "EPOCH": "2026-01-22T22:21:30.076704", "MEAN_MOTION": 14.38051814, "ECCENTRICITY": 0.00214133, "INCLINATION": 74.0343, "RA_OF_ASC_NODE": 198.9628, "ARG_OF_PERICENTER": 276.0518, "MEAN_ANOMALY": 245.3401, "EPHEMERIS_TYPE": 0, "CLASSIFICATION_TYPE": "U", "NORAD_CAT_ID": 33942, "ELEMENT_SET_NO": 999, "REV_AT_EPOCH": 88726, "BSTAR": 0.00038528973, "MEAN_MOTION_DOT": 1.143e-05, "MEAN_MOTION_DDOT": 0}, "tle": {"line1": "1 33942U 93036EX  26022.93159811  .00001143  00000+0  38529-3 0  9999", "line2": "2 33942  74.0343 198.9628 0021413 276.0518 245.3401 14.38051814887262"}}, "geometry": {"type": "Point", "coordinates": [-18.60796147881228, 63.91995936500808]}}, {"type": "Feature", "properties": {"norad_id": 33944, "name": "COSMOS 2251 DEB", "group": "cosmos-2251-debris", "lat": -64.64199138954955, "lon": 88.51284389942118, "alt_km": 746.2013051878002, "timestamp": "2026-01-23T21:29:55.107645+00:00", "meta": {"OBJECT_NAME": "COSMOS 2251 DEB", "OBJECT_ID": "1993-036EZ", "EPOCH": "2026-01-22T12:42:00.981792", "MEAN_MOTION": 14.37448703, "ECCENTRICITY": 0.01137873, "INCLINATION": 74.0379, "RA_OF_ASC_NODE": 233.8765, "ARG_OF_PERICENTER": 323.6248, "MEAN_ANOMALY": 58.5436, "EPHEMERIS_TYPE": 0, "CLASSIFICATION_TYPE": "U", "NORAD_CAT_ID": 33944, "ELEMENT_SET_NO": 999, "REV_AT_EPOCH": 88614, "BSTAR": 0.00044546646, "MEAN_MOTION_DOT": 1.407e-05, "MEAN_MOTION_DDOT": 0}, "tle": {"line1": "1 33944U 93036EZ  26022.52917803  .00001407  00000+0  44547-3 0  9999", "line2": "2 33944  74.0379 233.8765 0113787 323.6248  58.5436 14.37448703886143"}}, "geometry": {"type": "Point", "coordinates": [88.51284389942118, -64.64199138954955]}}, {"type": "Feature", "properties": {"norad_id": 33945, "name": "COSMOS 2251 DEB", "group": "cosmos-2251-debris", "lat": -16.492764242712916, "lon": -135.84282584968835, "alt_km": 767.2388991971975, "timestamp": "2026-01-23T21:29:55.107655+00:00", "meta": {"OBJECT_NAME": "COSMOS 2251 DEB", "OBJECT_ID": "1993-036FA", "EPOCH": "2026-01-22T13:46:49.825920", "MEAN_MOTION": 14.34638187, "ECCENTRICITY": 0.00234534, "INCLINATION": 74.0272, "RA_OF_ASC_NODE": 231.4429, "ARG_OF_PERICENTER": 309.2115, "MEAN_ANOMALY": 50.6954, "EPHEMERIS_TYPE": 0, "CLASSIFICATION_TYPE": "U", "NORAD_CAT_ID": 33945, "ELEMENT_SET_NO": 999, "REV_AT_EPOCH": 88601, "BSTAR": 0.00020860853, "MEAN_MOTION_DOT": 5.65e-06, "MEAN_MOTION_DDOT": 0}, "tle": {"line1": "1 33945U 93036FA  26022.57418780  .00000565  00000+0  20861-3 0  9992", "line2": "2 33945  74.0272 231.4429 0023453 309.2115  50.6954 14.34638187886018"}}, "geometry": {"type": "Point", "coordinates": [-135.84282584968835, -16.492764242712916]}}, {"type": "Feature", "properties": {"norad_id": 33948, "name": "COSMOS 2251 DEB", "group": "cosmos-2251-debris", "lat": -10.578677282968004, "lon": -135.27911575019496, "alt_km": 766.4043684290191, "timestamp": "2026-01-23T21:29:55.107665+00:00", "meta": {"OBJECT_NAME": "COSMOS 2251 DEB", "OBJECT_ID": "1993-036FD", "EPOCH": "2026-01-22T13:46:30.104256", "MEAN_MOTION": 14.35682102, "ECCENTRICITY": 0.00241351, "INCLINATION": 74.033, "RA_OF_ASC_NODE": 230.2108, "ARG_OF_PERICENTER": 298.2483, "MEAN_ANOMALY": 61.6234, "EPHEMERIS_TYPE": 0, "CLASSIFICATION_TYPE": "U", "NORAD_CAT_ID": 33948, "ELEMENT_SET_NO": 999, "REV_AT_EPOCH": 88609, "BSTAR": 0.0002791933, "MEAN_MOTION_DOT": 7.82e-06, "MEAN_MOTION_DDOT": 0}, "tle": {"line1": "1 33948U 93036FD  26022.57395954  .00000782  00000+0  27919-3 0  9994", "line2": "2 33948  74.0330 230.2108 0024135 298.2483  61.6234 14.35682102886098"}}, "geometry": {"type": "Point", "coordinates": [-135.27911575019496, -10.578677282968004]}}, {"type": "Feature", "properties": {"norad_id": 33971, "name": "COSMOS 2251 DEB", "group": "cosmos-2251-debris", "lat": -38.352562960385285, "lon": 162.71705028947397, "alt_km": 756.0398149407165, "timestamp": "2026-01-23T21:29:55.107675+00:00", "meta": {"OBJECT_NAME": "COSMOS 2251 DEB", "OBJECT_ID": "1993-036FE", "EPOCH": "2026-01-22T21:25:25.986432", "MEAN_MOTION": 14.39809085, "ECCENTRICITY": 0.00196139, "INCLINATION": 74.024, "RA_OF_ASC_NODE": 177.6719, "ARG_OF_PERICENTER": 272.7171, "MEAN_ANOMALY": 249.6391, "EPHEMERIS_TYPE": 0, "CLASSIFICATION_TYPE": "U", "NORAD_CAT_ID": 33971, "ELEMENT_SET_NO": 999, "REV_AT_EPOCH": 88731, "BSTAR": 0.00054617784, "MEAN_MOTION_DOT": 1.691e-05, "MEAN_MOTION_DDOT": 0}, "tle": {"line1": "1 33971U 93036FE  26022.89266188  .00001691  00000+0  54618-3 0  9997", "line2": "2 33971  74.0240 177.6719 0019613 272.7171 249.6391 14.39809085887315"}}, "geometry": {"type": "Point", "coordinates": [162.71705028947397, -38.352562960385285]}}, {"type": "Feature", "properties": {"norad_id": 33972, "name": "COSMOS 2251 DEB", "group": "cosmos-2251-debris", "lat": 58.839638790638666, "lon": -95.33684263184509, "alt_km": 844.285171713078, "timestamp": "2026-01-23T21:29:55.107685+00:00", "meta": {"OBJECT_NAME": "COSMOS 2251 DEB", "OBJECT_ID": "1993-036FF", "EPOCH": "2026-01-21T12:11:51.283680", "MEAN_MOTION": 14.36766082, "ECCENTRICITY": 0.01266879, "INCLINATION": 73.9952, "RA_OF_ASC_NODE": 117.4003, "ARG_OF_PERICENTER": 276.3382, "MEAN_ANOMALY": 96.761, "EPHEMERIS_TYPE": 0, "CLASSIFICATION_TYPE": "U", "NORAD_CAT_ID": 33972, "ELEMENT_SET_NO": 999, "REV_AT_EPOCH": 87645, "BSTAR": 0.0045482466, "MEAN_MOTION_DOT": 0.00014716, "MEAN_MOTION_DDOT": 0}, "tle": {"line1": "1 33972U 93036FF  26021.50823245  .00014716  00000+0  45482-2 0  9998", "line2": "2 33972  73.9952 117.4003 0126687 276.3382  96.7610 14.36766082876450"}}, "geometry": {"type": "Point", "coordinates": [-95.33684263184509, 58.839638790638666]}}, {"type": "Feature", "properties": {"norad_id": 33973, "name": "COSMOS 2251 DEB", "group": "cosmos-2251-debris", "lat": 33.349927531473206, "lon": -166.70259648168863, "alt_km": 716.4867755574478, "timestamp": "2026-01-23T21:29:55.107695+00:00", "meta": {"OBJECT_NAME": "COSMOS 2251 DEB", "OBJECT_ID": "1993-036FG", "EPOCH": "2026-01-22T23:21:42.800256", "MEAN_MOTION": 14.45442353, "ECCENTRICITY": 0.00465236, "INCLINATION": 74.008, "RA_OF_ASC_NODE": 25.8982, "ARG_OF_PERICENTER": 196.3398, "MEAN_ANOMALY": 191.4216, "EPHEMERIS_TYPE": 0, "CLASSIFICATION_TYPE": "U", "NORAD_CAT_ID": 33973, "ELEMENT_SET_NO": 999, "REV_AT_EPOCH": 89196, "BSTAR": 0.00022026349, "MEAN_MOTION_DOT": 7.58e-06, "MEAN_MOTION_DDOT": 0}, "tle": {"line1": "1 33973U 93036FG  26022.97341204  .00000758  00000+0  22026-3 0  9992", "line2": "2 33973  74.0080  25.8982 0046523 196.3398 191.4216 14.45442353891961"}}, "geometry": {"type": "Point", "coordinates": [-166.70259648168863, 33.349927531473206]}}, {"type": "Feature", "properties": {"norad_id": 33975, "name": "COSMOS 2251 DEB", "group": "cosmos-2251-debris", "lat": 49.852946164143084, "lon": 170.18486798945676, "alt_km": 750.8258494137453, "timestamp": "2026-01-23T21:29:55.107705+00:00", "meta": {"OBJECT_NAME": "COSMOS 2251 DEB", "OBJECT_ID": "1993-036FJ", "EPOCH": "2026-01-22T22:36:51.474816", "MEAN_MOTION": 14.00600502, "ECCENTRICITY": 0.01892361, "INCLINATION": 73.8016, "RA_OF_ASC_NODE": 12.0189, "ARG_OF_PERICENTER": 138.0424, "MEAN_ANOMALY": 223.5387, "EPHEMERIS_TYPE": 0, "CLASSIFICATION_TYPE": "U", "NORAD_CAT_ID": 33975, "ELEMENT_SET_NO": 999, "REV_AT_EPOCH": 86406, "BSTAR": 0.00059332835, "MEAN_MOTION_DOT": 1.006e-05, "MEAN_MOTION_DDOT": 0}, "tle": {"line1": "1 33975U 93036FJ  26022.94226244  .00001006  00000+0  59333-3 0  9995", "line2": "2 33975  73.8016  12.0189 0189236 138.0424 223.5387 14.00600502864068"}}, "geometry": {"type": "Point", "coordinates": [170.18486798945676, 49.852946164143084]}}, {"type": "Feature", "properties": {"norad_id": 33980, "name": "COSMOS 2251 DEB", "group": "cosmos-2251-debris", "lat": 28.68528166011876, "lon": 150.01194670736567, "alt_km": 679.8949018671701, "timestamp": "2026-01-23T21:29:55.107716+00:00", "meta": {"OBJECT_NAME": "COSMOS 2251 DEB", "OBJECT_ID": "1993-036FP", "EPOCH": "2026-01-22T20:13:51.502080", "MEAN_MOTION": 14.58942353, "ECCENTRICITY": 0.00267108, "INCLINATION": 74.0227, "RA_OF_ASC_NODE": 341.0373, "ARG_OF_PERICENTER": 114.6442, "MEAN_ANOMALY": 267.7596, "EPHEMERIS_TYPE": 0, "CLASSIFICATION_TYPE": "U", "NORAD_CAT_ID": 33980, "ELEMENT_SET_NO": 999, "REV_AT_EPOCH": 89394, "BSTAR": 0.0009539901, "MEAN_MOTION_DOT": 4.469e-05, "MEAN_MOTION_DDOT": 0}, "tle": {"line1": "1 33980U 93036FP  26022.84295720  .00004469  00000+0  95399-3 0  9993", "line2": "2 33980  74.0227 341.0373 0026710 114.6442 267.7596 14.58942353893945"}}, "geometry": {"type": "Point", "coordinates": [150.01194670736567, 28.68528166011876]}}, {"type": "Feature", "properties": {"norad_id": 33982, "name": "COSMOS 2251 DEB", "group": "cosmos-2251-debris", "lat": -56.015734790879286, "lon": 124.67721508723912, "alt_km": 682.8774775119109, "timestamp": "2026-01-23T21:29:55.107726+00:00", "meta": {"OBJECT_NAME": "COSMOS 2251 DEB", "OBJECT_ID": "1993-036FR", "EPOCH": "2026-01-22T23:04:30.157824", "MEAN_MOTION": 14.60493771, "ECCENTRICITY": 0.00762466, "INCLINATION": 74.0706, "RA_OF_ASC_NODE": 281.3905, "ARG_OF_PERICENTER": 315.3696, "MEAN_ANOMALY": 54.5724, "EPHEMERIS_TYPE": 0, "CLASSIFICATION_TYPE": "U", "NORAD_CAT_ID": 33982, "ELEMENT_SET_NO": 999, "REV_AT_EPOCH": 89761, "BSTAR": 0.0006228843, "MEAN_MOTION_DOT": 3.117e-05, "MEAN_MOTION_DDOT": 0}, "tle": {"line1": "1 33982U 93036FR  26022.96146016  .00003117  00000+0  62288-3 0  9991", "line2": "2 33982  74.0706 281.3905 0076246 315.3696  54.5724 14.60493771897617"}}, "geometry": {"type": "Point", "coordinates": [124.67721508723912, -56.015734790879286]}}, {"type": "Feature", "properties": {"norad_id": 33983, "name": "COSMOS 2251 DEB", "group": "cosmos-2251-debris", "lat": 17.918604279583363, "lon": -117.44918662020545, "alt_km": 708.885403883085, "timestamp": "2026-01-23T21:29:55.107736+00:00", "meta": {"OBJECT_NAME": "COSMOS 2251 DEB", "OBJECT_ID": "1993-036FS", "EPOCH": "2026-01-22T14:00:53.808768", "MEAN_MOTION": 14.50876015, "ECCENTRICITY": 0.00196281, "INCLINATION": 74.0498, "RA_OF_ASC_NODE": 70.3206, "ARG_OF_PERICENTER": 167.5779, "MEAN_ANOMALY": 344.6037, "EPHEMERIS_TYPE": 0, "CLASSIFICATION_TYPE": "U", "NORAD_CAT_ID": 33983, "ELEMENT_SET_NO": 999, "REV_AT_EPOCH": 89221, "BSTAR": 0.00076912748, "MEAN_MOTION_DOT": 3.015e-05, "MEAN_MOTION_DDOT": 0}, "tle": {"line1": "1 33983U 93036FS  26022.58395612  .00003015  00000+0  76913-3 0  9995", "line2": "2 33983  74.0498  70.3206 0019628 167.5779 344.6037 14.50876015892212"}}, "geometry": {"type": "Point", "coordinates": [-117.44918662020545, 17.918604279583363]}}, {"type": "Feature", "properties": {"norad_id": 33984, "name": "COSMOS 2251 DEB", "group": "cosmos-2251-debris", "lat": 33.23193310055321, "lon": 74.84469446220852, "alt_km": 659.9766050794569, "timestamp": "2026-01-23T21:29:55.107746+00:00", "meta": {"OBJECT_NAME": "COSMOS 2251 DEB", "OBJECT_ID": "1993-036FT", "EPOCH": "2026-01-22T15:33:36.583776", "MEAN_MOTION": 14.66825478, "ECCENTRICITY": 0.00223825, "INCLINATION": 74.0077, "RA_OF_ASC_NODE": 268.0844, "ARG_OF_PERICENTER": 91.6946, "MEAN_ANOMALY": 308.7514, "EPHEMERIS_TYPE": 0, "CLASSIFICATION_TYPE": "U", "NORAD_CAT_ID": 33984, "ELEMENT_SET_NO": 999, "REV_AT_EPOCH": 89666, "BSTAR": 0.0010467743, "MEAN_MOTION_DOT": 5.839e-05, "MEAN_MOTION_DDOT": 0}, "tle": {"line1": "1 33984U 93036FT  26022.64834009  .00005839  00000+0  10468-2 0  9999", "line2": "2 33984  74.0077 268.0844 0022382  91.6946 308.7514 14.66825478896662"}}, "geometry": {"type": "Point", "coordinates": [74.84469446220852, 33.23193310055321]}}, {"type": "Feature", "properties": {"norad_id": 33986, "name": "COSMOS 2251 DEB", "group": "cosmos-2251-debris", "lat": -41.66443835584123, "lon": 59.11585606545886, "alt_km": 740.8754667548692, "timestamp": "2026-01-23T21:29:55.107757+00:00", "meta": {"OBJECT_NAME": "COSMOS 2251 DEB", "OBJECT_ID": "1993-036FV", "EPOCH": "2026-01-22T12:59:44.314368", "MEAN_MOTION": 14.43433609, "ECCENTRICITY": 0.00416161, "INCLINATION": 74.0341, "RA_OF_ASC_NODE": 226.8725, "ARG_OF_PERICENTER": 291.7942, "MEAN_ANOMALY": 97.7327, "EPHEMERIS_TYPE": 0, "CLASSIFICATION_TYPE": "U", "NORAD_CAT_ID": 33986, "ELEMENT_SET_NO": 999, "REV_AT_EPOCH": 88617, "BSTAR": 0.0010843149, "MEAN_MOTION_DOT": 3.676e-05, "MEAN_MOTION_DDOT": 0}, "tle": {"line1": "1 33986U 93036FV  26022.54148512  .00003676  00000+0  10843-2 0  9991", "line2": "2 33986  74.0341 226.8725 0041616 291.7942  97.7327 14.43433609886176"}}, "geometry": {"type": "Point", "coordinates": [59.11585606545886, -41.66443835584123]}}, {"type": "Feature", "properties": {"norad_id": 33990, "name": "COSMOS 2251 DEB", "group": "cosmos-2251-debris", "lat": 13.175278949176818, "lon": 34.44116789826567, "alt_km": 933.8249288280431, "timestamp": "2026-01-23T21:29:55.107767+00:00", "meta": {"OBJECT_NAME": "COSMOS 2251 DEB", "OBJECT_ID": "1993-036FZ", "EPOCH": "2026-01-22T12:46:46.374816", "MEAN_MOTION": 13.50054828, "ECCENTRICITY": 0.04061882, "INCLINATION": 73.9255, "RA_OF_ASC_NODE": 220.4995, "ARG_OF_PERICENTER": 233.3875, "MEAN_ANOMALY": 153.4913, "EPHEMERIS_TYPE": 0, "CLASSIFICATION_TYPE": "U", "NORAD_CAT_ID": 33990, "ELEMENT_SET_NO": 999, "REV_AT_EPOCH": 83280, "BSTAR": 0.00074362641, "MEAN_MOTION_DOT": 7.67e-06, "MEAN_MOTION_DDOT": 0}, "tle": {"line1": "1 33990U 93036FZ  26022.53248119  .00000767  00000+0  74363-3 0  9995", "line2": "2 33990  73.9255 220.4995 0406188 233.3875 153.4913 13.50054828832809"}}, "geometry": {"type": "Point", "coordinates": [34.44116789826567, 13.175278949176818]}}, {"type": "Feature", "properties": {"norad_id": 33992, "name": "COSMOS 2251 DEB", "group": "cosmos-2251-debris", "lat": -15.527167441938444, "lon": -108.16569472611845, "alt_km": 640.7139445692837, "timestamp": "2026-01-23T21:29:55.107777+00:00", "meta": {"OBJECT_NAME": "COSMOS 2251 DEB", "OBJECT_ID": "1993-036GB", "EPOCH": "2026-01-22T22:42:17.978688", "MEAN_MOTION": 14.66669879, "ECCENTRICITY": 0.00530252, "INCLINATION": 74.022, "RA_OF_ASC_NODE": 258.2327, "ARG_OF_PERICENTER": 4.8551, "MEAN_ANOMALY": 6.7311, "EPHEMERIS_TYPE": 0, "CLASSIFICATION_TYPE": "U", "NORAD_CAT_ID": 33992, "ELEMENT_SET_NO": 999, "REV_AT_EPOCH": 89729, "BSTAR": 0.00082139541, "MEAN_MOTION_DOT": 4.636e-05, "MEAN_MOTION_DDOT": 0}, "tle": {"line1": "1 33992U 93036GB  26022.94604142  .00004636  00000+0  82140-3 0  9995", "line2": "2 33992  74.0220 258.2327 0053025   4.8551   6.7311 14.66669879897295"}}, "geometry": {"type": "Point", "coordinates": [-108.16569472611845, -15.527167441938444]}}, {"type": "Feature", "properties": {"norad_id": 33994, "name": "COSMOS 2251 DEB", "group": "cosmos-2251-debris", "lat": 33.87855189988092, "lon": 123.47578803978222, "alt_km": 767.5132938996767, "timestamp": "2026-01-23T21:29:55.107787+00:00", "meta": {"OBJECT_NAME": "COSMOS 2251 DEB", "OBJECT_ID": "1993-036GD", "EPOCH": "2026-01-22T17:46:14.297664", "MEAN_MOTION": 14.41249976, "ECCENTRICITY": 0.00241816, "INCLINATION": 74.0436, "RA_OF_ASC_NODE": 114.5376, "ARG_OF_PERICENTER": 242.7102, "MEAN_ANOMALY": 280.672, "EPHEMERIS_TYPE": 0, "CLASSIFICATION_TYPE": "U", "NORAD_CAT_ID": 33994, "ELEMENT_SET_NO": 999, "REV_AT_EPOCH": 89010, "BSTAR": 0.00019455429, "MEAN_MOTION_DOT": 6.04e-06, "MEAN_MOTION_DDOT": 0}, "tle": {"line1": "1 33994U 93036GD  26022.74044326  .00000604  00000+0  19455-3 0  9997", "line2": "2 33994  74.0436 114.5376 0024181 242.7102 280.6720 14.41249976890105"}}, "geometry": {"type": "Point", "coordinates": [123.47578803978222, 33.87855189988092]}}, {"type": "Feature", "properties": {"norad_id": 33995, "name": "COSMOS 2251 DEB", "group": "cosmos-2251-debris", "lat": -45.70309202041192, "lon": -120.7531413794606, "alt_km": 823.5243539906087, "timestamp": "2026-01-23T21:29:55.107797+00:00", "meta": {"OBJECT_NAME": "COSMOS 2251 DEB", "OBJECT_ID": "1993-036GE", "EPOCH": "2026-01-22T10:58:41.468160", "MEAN_MOTION": 14.34980978, "ECCENTRICITY": 0.0058918, "INCLINATION": 74.0609, "RA_OF_ASC_NODE": 44.8476, "ARG_OF_PERICENTER": 46.8834, "MEAN_ANOMALY": 313.7224, "EPHEMERIS_TYPE": 0, "CLASSIFICATION_TYPE": "U", "NORAD_CAT_ID": 33995, "ELEMENT_SET_NO": 999, "REV_AT_EPOCH": 88103, "BSTAR": 0.0013053317, "MEAN_MOTION_DOT": 3.766e-05, "MEAN_MOTION_DDOT": 0}, "tle": {"line1": "1 33995U 93036GE  26022.45742440  .00003766  00000+0  13053-2 0  9997", "line2": "2 33995  74.0609  44.8476 0058918  46.8834 313.7224 14.34980978881039"}}, "geometry": {"type": "Point", "coordinates": [-120.7531413794606, -45.70309202041192]}}, {"type": "Feature", "properties": {"norad_id": 33999, "name": "COSMOS 2251 DEB", "group": "cosmos-2251-debris", "lat": -68.47037370356198, "lon": 13.624111328636936, "alt_km": 643.343900242945, "timestamp": "2026-01-23T21:29:55.107807+00:00", "meta": {"OBJECT_NAME": "COSMOS 2251 DEB", "OBJECT_ID": "1993-036GJ", "EPOCH": "2026-01-22T07:09:00.992160", "MEAN_MOTION": 14.84441136, "ECCENTRICITY": 0.004494, "INCLINATION": 73.9191, "RA_OF_ASC_NODE": 149.8268, "ARG_OF_PERICENTER": 31.7753, "MEAN_ANOMALY": 328.6122, "EPHEMERIS_TYPE": 0, "CLASSIFICATION_TYPE": "U", "NORAD_CAT_ID": 33999, "ELEMENT_SET_NO": 999, "REV_AT_EPOCH": 89852, "BSTAR": 0.001728, "MEAN_MOTION_DOT": 0.00014801, "MEAN_MOTION_DDOT": 0}, "tle": {"line1": "1 33999U 93036GJ  26022.29792815  .00014801  00000+0  17280-2 0  9992", "line2": "2 33999  73.9191 149.8268 0044940  31.7753 328.6122 14.84441136898522"}}, "geometry": {"type": "Point", "coordinates": [13.624111328636936, -68.47037370356198]}}, {"type": "Feature", "properties": {"norad_id": 34001, "name": "COSMOS 2251 DEB", "group": "cosmos-2251-debris", "lat": 3.553367833101156, "lon": -154.91249193992655, "alt_km": 768.8300451302921, "timestamp": "2026-01-23T21:29:55.107817+00:00", "meta": {"OBJECT_NAME": "COSMOS 2251 DEB", "OBJECT_ID": "1993-036GL", "EPOCH": "2026-01-22T22:49:23.430432", "MEAN_MOTION": 14.37150616, "ECCENTRICITY": 0.00210924, "INCLINATION": 74.0365, "RA_OF_ASC_NODE": 205.806, "ARG_OF_PERICENTER": 280.3356, "MEAN_ANOMALY": 236.9902, "EPHEMERIS_TYPE": 0, "CLASSIFICATION_TYPE": "U", "NORAD_CAT_ID": 34001, "ELEMENT_SET_NO": 999, "REV_AT_EPOCH": 88738, "BSTAR": 0.00030899356, "MEAN_MOTION_DOT": 8.95e-06, "MEAN_MOTION_DDOT": 0}, "tle": {"line1": "1 34001U 93036GL  26022.95096563  .00000895  00000+0  30899-3 0  9997", "line2": "2 34001  74.0365 205.8060 0021092 280.3356 236.9902 14.37150616887386"}}, "geometry": {"type": "Point", "coordinates": [-154.91249193992655, 3.553367833101156]}}, {"type": "Feature", "properties": {"norad_id": 34003, "name": "COSMOS 2251 DEB", "group": "cosmos-2251-debris", "lat": 23.080345801497547, "lon": 27.189771099372866, "alt_km": 1138.1331463235147, "timestamp": "2026-01-23T21:29:55.107828+00:00", "meta": {"OBJECT_NAME": "COSMOS 2251 DEB", "OBJECT_ID": "1993-036GN", "EPOCH": "2026-01-21T13:14:11.154336", "MEAN_MOTION": 13.84369109, "ECCENTRICITY": 0.02760593, "INCLINATION": 74.0765, "RA_OF_ASC_NODE": 218.1232, "ARG_OF_PERICENTER": 321.3172, "MEAN_ANOMALY": 36.846, "EPHEMERIS_TYPE": 0, "CLASSIFICATION_TYPE": "U", "NORAD_CAT_ID": 34003, "ELEMENT_SET_NO": 999, "REV_AT_EPOCH": 84976, "BSTAR": 0.0025507701, "MEAN_MOTION_DOT": 3.811e-05, "MEAN_MOTION_DDOT": 0}, "tle": {"line1": "1 34003U 93036GN  26021.55151799  .00003811  00000+0  25508-2 0  9998", "line2": "2 34003  74.0765 218.1232 0276059 321.3172  36.8460 13.84369109849763"}}, "geometry": {"type": "Point", "coordinates": [27.189771099372866, 23.080345801497547]}}, {"type": "Feature", "properties": {"norad_id": 34004, "name": "COSMOS 2251 DEB", "group": "cosmos-2251-debris", "lat": -68.73324285349715, "lon": -173.32090863492894, "alt_km": 718.0861267094378, "timestamp": "2026-01-23T21:29:55.107838+00:00", "meta": {"OBJECT_NAME": "COSMOS 2251 DEB", "OBJECT_ID": "1993-036GP", "EPOCH": "2026-01-21T23:27:57.205152", "MEAN_MOTION": 14.49428104, "ECCENTRICITY": 0.00321147, "INCLINATION": 74.0327, "RA_OF_ASC_NODE": 237.6366, "ARG_OF_PERICENTER": 243.5772, "MEAN_ANOMALY": 116.2092, "EPHEMERIS_TYPE": 0, "CLASSIFICATION_TYPE": "U", "NORAD_CAT_ID": 34004, "ELEMENT_SET_NO": 999, "REV_AT_EPOCH": 88613, "BSTAR": 0.0021399407, "MEAN_MOTION_DOT": 8.224e-05, "MEAN_MOTION_DDOT": 0}, "tle": {"line1": "1 34004U 93036GP  26021.97774543  .00008224  00000+0  21399-2 0  9990", "line2": "2 34004  74.0327 237.6366 0032114 243.5772 116.2092 14.49428104886134"}}, "geometry": {"type": "Point", "coordinates": [-173.32090863492894, -68.73324285349715]}}, {"type": "Feature", "properties": {"norad_id": 34005, "name": "COSMOS 2251 DEB", "group": "cosmos-2251-debris", "lat": -65.96635123387689, "lon": 95.85705848667276, "alt_km": 752.5402237416902, "timestamp": "2026-01-23T21:29:55.107848+00:00", "meta": {"OBJECT_NAME": "COSMOS 2251 DEB", "OBJECT_ID": "1993-036GQ", "EPOCH": "2026-01-22T18:12:05.027328", "MEAN_MOTION": 14.40344044, "ECCENTRICITY": 0.00215037, "INCLINATION": 74.0456, "RA_OF_ASC_NODE": 137.8622, "ARG_OF_PERICENTER": 250.2141, "MEAN_ANOMALY": 262.6373, "EPHEMERIS_TYPE": 0, "CLASSIFICATION_TYPE": "U", "NORAD_CAT_ID": 34005, "ELEMENT_SET_NO": 999, "REV_AT_EPOCH": 88969, "BSTAR": 0.00024098541, "MEAN_MOTION_DOT": 7.4e-06, "MEAN_MOTION_DDOT": 0}, "tle": {"line1": "1 34005U 93036GQ  26022.75839152  .00000740  00000+0  24099-3 0  9992", "line2": "2 34005  74.0456 137.8622 0021503 250.2141 262.6373 14.40344044889692"}}, "geometry": {"type": "Point", "coordinates": [95.85705848667276, -65.96635123387689]}}, {"type": "Feature", "properties": {"norad_id": 34006, "name": "COSMOS 2251 DEB", "group": "cosmos-2251-debris", "lat": 66.45902717689914, "lon": 99.1880398344604, "alt_km": 565.8749108394031, "timestamp": "2026-01-23T21:29:55.107859+00:00", "meta": {"OBJECT_NAME": "COSMOS 2251 DEB", "OBJECT_ID": "1993-036GR", "EPOCH": "2026-01-22T12:05:52.005696", "MEAN_MOTION": 14.98405664, "ECCENTRICITY": 0.00157025, "INCLINATION": 74.0512, "RA_OF_ASC_NODE": 60.9791, "ARG_OF_PERICENTER": 338.7651, "MEAN_ANOMALY": 149.2015, "EPHEMERIS_TYPE": 0, "CLASSIFICATION_TYPE": "U", "NORAD_CAT_ID": 34006, "ELEMENT_SET_NO": 999, "REV_AT_EPOCH": 89278, "BSTAR": 0.0041100658, "MEAN_MOTION_DOT": 0.00049487, "MEAN_MOTION_DDOT": 0}, "tle": {"line1": "1 34006U 93036GR  26022.50407414  .00049487  00000+0  41101-2 0  9991", "line2": "2 34006  74.0512  60.9791 0015702 338.7651 149.2015 14.98405664892787"}}, "geometry": {"type": "Point", "coordinates": [99.1880398344604, 66.45902717689914]}}, {"type": "Feature", "properties": {"norad_id": 34007, "name": "COSMOS 2251 DEB", "group": "cosmos-2251-debris", "lat": -73.96858356299904, "lon": 171.63532329508718, "alt_km": 698.9436374835441, "timestamp": "2026-01-23T21:29:55.107869+00:00", "meta": {"OBJECT_NAME": "COSMOS 2251 DEB", "OBJECT_ID": "1993-036GS", "EPOCH": "2026-01-22T22:58:17.731488", "MEAN_MOTION": 14.65193484, "ECCENTRICITY": 0.00452951, "INCLINATION": 74.0174, "RA_OF_ASC_NODE": 267.5329, "ARG_OF_PERICENTER": 30.2703, "MEAN_ANOMALY": 330.1066, "EPHEMERIS_TYPE": 0, "CLASSIFICATION_TYPE": "U", "NORAD_CAT_ID": 34007, "ELEMENT_SET_NO": 999, "REV_AT_EPOCH": 89683, "BSTAR": 0.00084386979, "MEAN_MOTION_DOT": 4.582e-05, "MEAN_MOTION_DDOT": 0}, "tle": {"line1": "1 34007U 93036GS  26022.95714967  .00004582  00000+0  84387-3 0  9996", "line2": "2 34007  74.0174 267.5329 0045295  30.2703 330.1066 14.65193484896831"}}, "geometry": {"type": "Point", "coordinates": [171.63532329508718, -73.96858356299904]}}, {"type": "Feature", "properties": {"norad_id": 34008, "name": "COSMOS 2251 DEB", "group": "cosmos-2251-debris", "lat": -8.922249259238251, "lon": 76.05323082088296, "alt_km": 774.2259780503182, "timestamp": "2026-01-23T21:29:55.107879+00:00", "meta": {"OBJECT_NAME": "COSMOS 2251 DEB", "OBJECT_ID": "1993-036GT", "EPOCH": "2026-01-22T14:35:16.086048", "MEAN_MOTION": 14.33179502, "ECCENTRICITY": 0.00245374, "INCLINATION": 74.0327, "RA_OF_ASC_NODE": 255.8301, "ARG_OF_PERICENTER": 244.8922, "MEAN_ANOMALY": 142.045, "EPHEMERIS_TYPE": 0, "CLASSIFICATION_TYPE": "U", "NORAD_CAT_ID": 34008, "ELEMENT_SET_NO": 999, "REV_AT_EPOCH": 88550, "BSTAR": 0.00019145109, "MEAN_MOTION_DOT": 5.01e-06, "MEAN_MOTION_DDOT": 0}, "tle": {"line1": "1 34008U 93036GT  26022.60782507  .00000501  00000+0  19145-3 0  9991", "line2": "2 34008  74.0327 255.8301 0024537 244.8922 142.0450 14.33179502885503"}}, "geometry": {"type": "Point", "coordinates": [76.05323082088296, -8.922249259238251]}}, {"type": "Feature", "properties": {"norad_id": 34009, "name": "COSMOS 2251 DEB", "group": "cosmos-2251-debris", "lat": -53.87744728679688, "lon": 102.99152886914844, "alt_km": 784.8000898976306, "timestamp": "2026-01-23T21:29:55.107889+00:00", "meta": {"OBJECT_NAME": "COSMOS 2251 DEB", "OBJECT_ID": "1993-036GU", "EPOCH": "2026-01-22T22:41:27.084768", "MEAN_MOTION": 14.33263445, "ECCENTRICITY": 0.00281211, "INCLINATION": 74.0359, "RA_OF_ASC_NODE": 261.6347, "ARG_OF_PERICENTER": 321.5467, "MEAN_ANOMALY": 54.3967, "EPHEMERIS_TYPE": 0, "CLASSIFICATION_TYPE": "U", "NORAD_CAT_ID": 34009, "ELEMENT_SET_NO": 999, "REV_AT_EPOCH": 88536, "BSTAR": 0.00022139216, "MEAN_MOTION_DOT": 5.86e-06, "MEAN_MOTION_DDOT": 0}, "tle": {"line1": "1 34009U 93036GU  26022.94545237  .00000586  00000+0  22139-3 0  9996", "line2": "2 34009  74.0359 261.6347 0028121 321.5467  54.3967 14.33263445885366"}}, "geometry": {"type": "Point", "coordinates": [102.99152886914844, -53.87744728679688]}}, {"type": "Feature", "properties": {"norad_id": 34010, "name": "COSMOS 2251 DEB", "group": "cosmos-2251-debris", "lat": 7.303272817895806, "lon": -163.53919886313423, "alt_km": 480.4660167095408, "timestamp": "2026-01-23T21:29:55.107899+00:00", "meta": {"OBJECT_NAME": "COSMOS 2251 DEB", "OBJECT_ID": "1993-036GV", "EPOCH": "2026-01-22T21:52:57.504288", "MEAN_MOTION": 15.27088244, "ECCENTRICITY": 0.00077146, "INCLINATION": 73.9945, "RA_OF_ASC_NODE": 196.4422, "ARG_OF_PERICENTER": 355.8137, "MEAN_ANOMALY": 4.2998, "EPHEMERIS_TYPE": 0, "CLASSIFICATION_TYPE": "U", "NORAD_CAT_ID": 34010, "ELEMENT_SET_NO": 999, "REV_AT_EPOCH": 89912, "BSTAR": 0.0040668544, "MEAN_MOTION_DOT": 0.00109766, "MEAN_MOTION_DDOT": 0}, "tle": {"line1": "1 34010U 93036GV  26022.91177667  .00109766  00000+0  40669-2 0  9990", "line2": "2 34010  73.9945 196.4422 0007714 355.8137   4.2998 15.27088244899128"}}, "geometry": {"type": "Point", "coordinates": [-163.53919886313423, 7.303272817895806]}}, {"type": "Feature", "properties": {"norad_id": 34011, "name": "COSMOS 2251 DEB", "group": "cosmos-2251-debris", "lat": 60.608418878480485, "lon": 41.31454084454256, "alt_km": 768.2831576059061, "timestamp": "2026-01-23T21:29:55.107909+00:00", "meta": {"OBJECT_NAME": "COSMOS 2251 DEB", "OBJECT_ID": "1993-036GW", "EPOCH": "2026-01-22T01:40:40.904832", "MEAN_MOTION": 14.42026663, "ECCENTRICITY": 0.00375481, "INCLINATION": 74.0125, "RA_OF_ASC_NODE": 255.2987, "ARG_OF_PERICENTER": 330.3311, "MEAN_ANOMALY": 29.5714, "EPHEMERIS_TYPE": 0, "CLASSIFICATION_TYPE": "U", "NORAD_CAT_ID": 34011, "ELEMENT_SET_NO": 999, "REV_AT_EPOCH": 88497, "BSTAR": 0.0017557772, "MEAN_MOTION_DOT": 5.79e-05, "MEAN_MOTION_DDOT": 0}, "tle": {"line1": "1 34011U 93036GW  26022.06991788  .00005790  00000+0  17558-2 0  9998", "line2": "2 34011  74.0125 255.2987 0037548 330.3311  29.5714 14.42026663884977"}}, "geometry": {"type": "Point", "coordinates": [41.31454084454256, 60.608418878480485]}}, {"type": "Feature", "properties": {"norad_id": 34014, "name": "COSMOS 2251 DEB", "group": "cosmos-2251-debris", "lat": 27.228064966881327, "lon": 9.968421192682692, "alt_km": 675.13036222557, "timestamp": "2026-01-23T21:29:55.107919+00:00", "meta": {"OBJECT_NAME": "COSMOS 2251 DEB", "OBJECT_ID": "1993-036GZ", "EPOCH": "2026-01-22T22:41:35.797344", "MEAN_MOTION": 14.73708916, "ECCENTRICITY": 0.00389812, "INCLINATION": 74.0155, "RA_OF_ASC_NODE": 200.3048, "ARG_OF_PERICENTER": 329.9682, "MEAN_ANOMALY": 182.3437, "EPHEMERIS_TYPE": 0, "CLASSIFICATION_TYPE": "U", "NORAD_CAT_ID": 34014, "ELEMENT_SET_NO": 999, "REV_AT_EPOCH": 89910, "BSTAR": 0.0010150014, "MEAN_MOTION_DOT": 6.681e-05, "MEAN_MOTION_DDOT": 0}, "tle": {"line1": "1 34014U 93036GZ  26022.94555321  .00006681  00000+0  10150-2 0  9998", "line2": "2 34014  74.0155 200.3048 0038981 329.9682 182.3437 14.73708916899102"}}, "geometry": {"type": "Point", "coordinates": [9.968421192682692, 27.228064966881327]}}, {"type": "Feature", "properties": {"norad_id": 34015, "name": "COSMOS 2251 DEB", "group": "cosmos-2251-debris", "lat": 68.4335711104802, "lon": -147.59122610130675, "alt_km": 678.9451424213185, "timestamp": "2026-01-23T21:29:55.107929+00:00", "meta": {"OBJECT_NAME": "COSMOS 2251 DEB", "OBJECT_ID": "1993-036HA", "EPOCH": "2026-01-22T20:53:22.155648", "MEAN_MOTION": 14.60633488, "ECCENTRICITY": 0.00192403, "INCLINATION": 74.0232, "RA_OF_ASC_NODE": 80.8243, "ARG_OF_PERICENTER": 174.6818, "MEAN_ANOMALY": 300.6254, "EPHEMERIS_TYPE": 0, "CLASSIFICATION_TYPE": "U", "NORAD_CAT_ID": 34015, "ELEMENT_SET_NO": 999, "REV_AT_EPOCH": 89131, "BSTAR": 0.00064117246, "MEAN_MOTION_DOT": 3.099e-05, "MEAN_MOTION_DDOT": 0}, "tle": {"line1": "1 34015U 93036HA  26022.87039532  .00003099  00000+0  64117-3 0  9995", "line2": "2 34015  74.0232  80.8243 0019240 174.6818 300.6254 14.60633488891314"}}, "geometry": {"type": "Point", "coordinates": [-147.59122610130675, 68.4335711104802]}}, {"type": "Feature", "properties": {"norad_id": 34018, "name": "COSMOS 2251 DEB", "group": "cosmos-2251-debris", "lat": 73.22399365656597, "lon": 127.026654217746, "alt_km": 816.5159911624523, "timestamp": "2026-01-23T21:29:55.107940+00:00", "meta": {"OBJECT_NAME": "COSMOS 2251 DEB", "OBJECT_ID": "1993-036HD", "EPOCH": "2026-01-22T10:50:26.529216", "MEAN_MOTION": 13.8112019, "ECCENTRICITY": 0.02630749, "INCLINATION": 73.8777, "RA_OF_ASC_NODE": 23.0994, "ARG_OF_PERICENTER": 51.0771, "MEAN_ANOMALY": 64.1195, "EPHEMERIS_TYPE": 0, "CLASSIFICATION_TYPE": "U", "NORAD_CAT_ID": 34018, "ELEMENT_SET_NO": 999, "REV_AT_EPOCH": 85219, "BSTAR": 0.00078219098, "MEAN_MOTION_DOT": 1.054e-05, "MEAN_MOTION_DDOT": 0}, "tle": {"line1": "1 34018U 93036HD  26022.45169594  .00001054  00000+0  78219-3 0  9991", "line2": "2 34018  73.8777  23.0994 0263074  51.0771  64.1195 13.81120190852194"}}, "geometry": {"type": "Point", "coordinates": [127.026654217746, 73.22399365656597]}}, {"type": "Feature", "properties": {"norad_id": 34019, "name": "COSMOS 2251 DEB", "group": "cosmos-2251-debris", "lat": -33.92877548495413, "lon": -37.960948337034445, "alt_km": 826.8349046254234, "timestamp": "2026-01-23T21:29:55.107950+00:00", "meta": {"OBJECT_NAME": "COSMOS 2251 DEB", "OBJECT_ID": "1993-036HE", "EPOCH": "2026-01-22T20:41:41.679744", "MEAN_MOTION": 14.34138783, "ECCENTRICITY": 0.00602404, "INCLINATION": 73.9562, "RA_OF_ASC_NODE": 335.1007, "ARG_OF_PERICENTER": 147.6923, "MEAN_ANOMALY": 243.2041, "EPHEMERIS_TYPE": 0, "CLASSIFICATION_TYPE": "U", "NORAD_CAT_ID": 34019, "ELEMENT_SET_NO": 999, "REV_AT_EPOCH": 88110, "BSTAR": 0.0012741689, "MEAN_MOTION_DOT": 3.616e-05, "MEAN_MOTION_DDOT": 0}, "tle": {"line1": "1 34019U 93036HE  26022.86228796  .00003616  00000+0  12742-2 0  9991", "line2": "2 34019  73.9562 335.1007 0060240 147.6923 243.2041 14.34138783881100"}}, "geometry": {"type": "Point", "coordinates": [-37.960948337034445, -33.92877548495413]}}, {"type": "Feature", "properties": {"norad_id": 34021, "name": "COSMOS 2251 DEB", "group": "cosmos-2251-debris", "lat": -29.9593724486085, "lon": 41.167006264046385, "alt_km": 741.5768263682494, "timestamp": "2026-01-23T21:29:55.107960+00:00", "meta": {"OBJECT_NAME": "COSMOS 2251 DEB", "OBJECT_ID": "1993-036HG", "EPOCH": "2026-01-22T13:14:28.379040", "MEAN_MOTION": 14.50114119, "ECCENTRICITY": 0.00200458, "INCLINATION": 74.0349, "RA_OF_ASC_NODE": 53.1883, "ARG_OF_PERICENTER": 192.6903, "MEAN_ANOMALY": 322.2674, "EPHEMERIS_TYPE": 0, "CLASSIFICATION_TYPE": "U", "NORAD_CAT_ID": 34021, "ELEMENT_SET_NO": 999, "REV_AT_EPOCH": 89221, "BSTAR": 0.0006749205, "MEAN_MOTION_DOT": 2.6e-05, "MEAN_MOTION_DDOT": 0}, "tle": {"line1": "1 34021U 93036HG  26022.55171735  .00002600  00000+0  67492-3 0  9995", "line2": "2 34021  74.0349  53.1883 0020045 192.6903 322.2674 14.50114119892213"}}, "geometry": {"type": "Point", "coordinates": [41.167006264046385, -29.9593724486085]}}, {"type": "Feature", "properties": {"norad_id": 34022, "name": "COSMOS 2251 DEB", "group": "cosmos-2251-debris", "lat": -73.99866292446144, "lon": 107.46875190419138, "alt_km": 753.0166320193975, "timestamp": "2026-01-23T21:29:55.107970+00:00", "meta": {"OBJECT_NAME": "COSMOS 2251 DEB", "OBJECT_ID": "1993-036HH", "EPOCH": "2026-01-22T21:34:57.201888", "MEAN_MOTION": 14.39028761, "ECCENTRICITY": 0.00232156, "INCLINATION": 74.0523, "RA_OF_ASC_NODE": 194.9507, "ARG_OF_PERICENTER": 253.9749, "MEAN_ANOMALY": 256.829, "EPHEMERIS_TYPE": 0, "CLASSIFICATION_TYPE": "U", "NORAD_CAT_ID": 34022, "ELEMENT_SET_NO": 999, "REV_AT_EPOCH": 88787, "BSTAR": 0.00039630496, "MEAN_MOTION_DOT": 1.201e-05, "MEAN_MOTION_DDOT": 0}, "tle": {"line1": "1 34022U 93036HH  26022.89927317  .00001201  00000+0  39630-3 0  9997", "line2": "2 34022  74.0523 194.9507 0023215 253.9749 256.8290 14.39028761887872"}}, "geometry": {"type": "Point", "coordinates": [107.46875190419138, -73.99866292446144]}}, {"type": "Feature", "properties": {"norad_id": 34023, "name": "COSMOS 2251 DEB", "group": "cosmos-2251-debris", "lat": 68.22289785229377, "lon": -140.46327182742073, "alt_km": 763.0191595053238, "timestamp": "2026-01-23T21:29:55.107980+00:00", "meta": {"OBJECT_NAME": "COSMOS 2251 DEB", "OBJECT_ID": "1993-036HJ", "EPOCH": "2026-01-22T16:54:44.416800", "MEAN_MOTION": 14.40657363, "ECCENTRICITY": 0.00194458, "INCLINATION": 74.0238, "RA_OF_ASC_NODE": 175.9262, "ARG_OF_PERICENTER": 266.7137, "MEAN_ANOMALY": 113.314, "EPHEMERIS_TYPE": 0, "CLASSIFICATION_TYPE": "U", "NORAD_CAT_ID": 34023, "ELEMENT_SET_NO": 999, "REV_AT_EPOCH": 88804, "BSTAR": 0.00064325763, "MEAN_MOTION_DOT": 2.032e-05, "MEAN_MOTION_DDOT": 0}, "tle": {"line1": "1 34023U 93036HJ  26022.70468075  .00002032  00000+0  64326-3 0  9992", "line2": "2 34023  74.0238 175.9262 0019445 266.7137 113.3140 14.40657363888045"}}, "geometry": {"type": "Point", "coordinates": [-140.46327182742073, 68.22289785229377]}}, {"type": "Feature", "properties": {"norad_id": 34024, "name": "COSMOS 2251 DEB", "group": "cosmos-2251-debris", "lat": 17.864778754704577, "lon": -115.98293372985337, "alt_km": 775.3402898067116, "timestamp": "2026-01-23T21:29:55.107990+00:00", "meta": {"OBJECT_NAME": "COSMOS 2251 DEB", "OBJECT_ID": "1993-036HK", "EPOCH": "2026-01-22T13:45:39.252672", "MEAN_MOTION": 14.35450105, "ECCENTRICITY": 0.00221924, "INCLINATION": 74.0442, "RA_OF_ASC_NODE": 241.1495, "ARG_OF_PERICENTER": 285.0043, "MEAN_ANOMALY": 102.5083, "EPHEMERIS_TYPE": 0, "CLASSIFICATION_TYPE": "U", "NORAD_CAT_ID": 34024, "ELEMENT_SET_NO": 999, "REV_AT_EPOCH": 88610, "BSTAR": 0.00029366042, "MEAN_MOTION_DOT": 8.2e-06, "MEAN_MOTION_DDOT": 0}, "tle": {"line1": "1 34024U 93036HK  26022.57337098  .00000820  00000+0  29366-3 0  9996", "line2": "2 34024  74.0442 241.1495 0022192 285.0043 102.5083 14.35450105886100"}}, "geometry": {"type": "Point", "coordinates": [-115.98293372985337, 17.864778754704577]}}, {"type": "Feature", "properties": {"norad_id": 34026, "name": "COSMOS 2251 DEB", "group": "cosmos-2251-debris", "lat": 69.23850636698002, "lon": -42.58868671209897, "alt_km": 850.253733263291, "timestamp": "2026-01-23T21:29:55.108001+00:00", "meta": {"OBJECT_NAME": "COSMOS 2251 DEB", "OBJECT_ID": "1993-036HM", "EPOCH": "2026-01-22T15:21:32.727168", "MEAN_MOTION": 13.65381404, "ECCENTRICITY": 0.03485402, "INCLINATION": 73.7653, "RA_OF_ASC_NODE": 269.2737, "ARG_OF_PERICENTER": 132.741, "MEAN_ANOMALY": 256.8094, "EPHEMERIS_TYPE": 0, "CLASSIFICATION_TYPE": "U", "NORAD_CAT_ID": 34026, "ELEMENT_SET_NO": 999, "REV_AT_EPOCH": 84090, "BSTAR": 0.0014887968, "MEAN_MOTION_DOT": 1.815e-05, "MEAN_MOTION_DDOT": 0}, "tle": {"line1": "1 34026U 93036HM  26022.63996212  .00001815  00000+0  14888-2 0  9991", "line2": "2 34026  73.7653 269.2737 0348540 132.7410 256.8094 13.65381404840906"}}, "geometry": {"type": "Point", "coordinates": [-42.58868671209897, 69.23850636698002]}}, {"type": "Feature", "properties": {"norad_id": 34028, "name": "COSMOS 2251 DEB", "group": "cosmos-2251-debris", "lat": 15.263388564819167, "lon": 98.09704505980423, "alt_km": 1308.4037678261147, "timestamp": "2026-01-23T21:29:55.108012+00:00", "meta": {"OBJECT_NAME": "COSMOS 2251 DEB", "OBJECT_ID": "1993-036HP", "EPOCH": "2026-01-22T17:36:05.307264", "MEAN_MOTION": 13.2067537, "ECCENTRICITY": 0.05441564, "INCLINATION": 73.8832, "RA_OF_ASC_NODE": 284.4038, "ARG_OF_PERICENTER": 55.1967, "MEAN_ANOMALY": 338.3891, "EPHEMERIS_TYPE": 0, "CLASSIFICATION_TYPE": "U", "NORAD_CAT_ID": 34028, "ELEMENT_SET_NO": 999, "REV_AT_EPOCH": 81549, "BSTAR": 0.0013790619, "MEAN_MOTION_DOT": 1.203e-05, "MEAN_MOTION_DDOT": 0}, "tle": {"line1": "1 34028U 93036HP  26022.73339476  .00001203  00000+0  13791-2 0  9990", "line2": "2 34028  73.8832 284.4038 0544156  55.1967 338.3891 13.20675370815493"}}, "geometry": {"type": "Point", "coordinates": [98.09704505980423, 15.263388564819167]}}, {"type": "Feature", "properties": {"norad_id": 34031, "name": "COSMOS 2251 DEB", "group": "cosmos-2251-debris", "lat": -32.73502868873529, "lon": 44.538385034840296, "alt_km": 711.4978551711001, "timestamp": "2026-01-23T21:29:55.108022+00:00", "meta": {"OBJECT_NAME": "COSMOS 2251 DEB", "OBJECT_ID": "1993-036HS", "EPOCH": "2026-01-22T01:22:45.401952", "MEAN_MOTION": 14.60211428, "ECCENTRICITY": 0.00210253, "INCLINATION": 74.0123, "RA_OF_ASC_NODE": 58.6718, "ARG_OF_PERICENTER": 176.0486, "MEAN_ANOMALY": 210.0406, "EPHEMERIS_TYPE": 0, "CLASSIFICATION_TYPE": "U", "NORAD_CAT_ID": 34031, "ELEMENT_SET_NO": 999, "REV_AT_EPOCH": 89154, "BSTAR": 0.0017258777, "MEAN_MOTION_DOT": 8.327e-05, "MEAN_MOTION_DDOT": 0}, "tle": {"line1": "1 34031U 93036HS  26022.05746993  .00008327  00000+0  17259-2 0  9992", "line2": "2 34031  74.0123  58.6718 0021025 176.0486 210.0406 14.60211428891546"}}, "geometry": {"type": "Point", "coordinates": [44.538385034840296, -32.73502868873529]}}, {"type": "Feature", "properties": {"norad_id": 34035, "name": "COSMOS 2251 DEB", "group": "cosmos-2251-debris", "lat": 41.59813341824164, "lon": -75.48244814235787, "alt_km": 737.1197285775988, "timestamp": "2026-01-23T21:29:55.108032+00:00", "meta": {"OBJECT_NAME": "COSMOS 2251 DEB", "OBJECT_ID": "1993-036HW", "EPOCH": "2026-01-22T00:57:53.153856", "MEAN_MOTION": 14.52593097, "ECCENTRICITY": 0.00439207, "INCLINATION": 74.0642, "RA_OF_ASC_NODE": 273.3152, "ARG_OF_PERICENTER": 267.8803, "MEAN_ANOMALY": 155.942, "EPHEMERIS_TYPE": 0, "CLASSIFICATION_TYPE": "U", "NORAD_CAT_ID": 34035, "ELEMENT_SET_NO": 999, "REV_AT_EPOCH": 88551, "BSTAR": 0.0025001644, "MEAN_MOTION_DOT": 0.00010345, "MEAN_MOTION_DDOT": 0}, "tle": {"line1": "1 34035U 93036HW  26022.04019854  .00010345  00000+0  25002-2 0  9992", "line2": "2 34035  74.0642 273.3152 0043920 267.8803 155.9420 14.52593097885513"}}, "geometry": {"type": "Point", "coordinates": [-75.48244814235787, 41.59813341824164]}}, {"type": "Feature", "properties": {"norad_id": 34036, "name": "COSMOS 2251 DEB", "group": "cosmos-2251-debris", "lat": -47.57968823844854, "lon": -97.80499820756577, "alt_km": 582.3185175737253, "timestamp": "2026-01-23T21:29:55.108042+00:00", "meta": {"OBJECT_NAME": "COSMOS 2251 DEB", "OBJECT_ID": "1993-036HX", "EPOCH": "2026-01-22T12:26:12.327936", "MEAN_MOTION": 14.98761048, "ECCENTRICITY": 0.00078573, "INCLINATION": 74.0178, "RA_OF_ASC_NODE": 66.7121, "ARG_OF_PERICENTER": 51.9043, "MEAN_ANOMALY": 308.2851, "EPHEMERIS_TYPE": 0, "CLASSIFICATION_TYPE": "U", "NORAD_CAT_ID": 34036, "ELEMENT_SET_NO": 999, "REV_AT_EPOCH": 89180, "BSTAR": 0.0034056942, "MEAN_MOTION_DOT": 0.00041254, "MEAN_MOTION_DDOT": 0}, "tle": {"line1": "1 34036U 93036HX  26022.51819824  .00041254  00000+0  34057-2 0  9993", "line2": "2 34036  74.0178  66.7121 0007857  51.9043 308.2851 14.98761048891808"}}, "geometry": {"type": "Point", "coordinates": [-97.80499820756577, -47.57968823844854]}}, {"type": "Feature", "properties": {"norad_id": 34037, "name": "COSMOS 2251 DEB", "group": "cosmos-2251-debris", "lat": -40.76467512542992, "lon": 167.54775190753722, "alt_km": 814.1388716687652, "timestamp": "2026-01-23T21:29:55.108053+00:00", "meta": {"OBJECT_NAME": "COSMOS 2251 DEB", "OBJECT_ID": "1993-036HY", "EPOCH": "2026-01-22T21:02:10.429440", "MEAN_MOTION": 14.34815449, "ECCENTRICITY": 0.00530019, "INCLINATION": 74.0539, "RA_OF_ASC_NODE": 335.143, "ARG_OF_PERICENTER": 13.3391, "MEAN_ANOMALY": 346.9147, "EPHEMERIS_TYPE": 0, "CLASSIFICATION_TYPE": "U", "NORAD_CAT_ID": 34037, "ELEMENT_SET_NO": 999, "REV_AT_EPOCH": 88307, "BSTAR": 0.00092273356, "MEAN_MOTION_DOT": 2.635e-05, "MEAN_MOTION_DDOT": 0}, "tle": {"line1": "1 34037U 93036HY  26022.87650960  .00002635  00000+0  92273-3 0  9992", "line2": "2 34037  74.0539 335.1430 0053001  13.3391 346.9147 14.34815449883078"}}, "geometry": {"type": "Point", "coordinates": [167.54775190753722, -40.76467512542992]}}, {"type": "Feature", "properties": {"norad_id": 34040, "name": "COSMOS 2251 DEB", "group": "cosmos-2251-debris", "lat": 36.35135091281968, "lon": 163.96848641689115, "alt_km": 1238.5337298010518, "timestamp": "2026-01-23T21:29:55.108063+00:00", "meta": {"OBJECT_NAME": "COSMOS 2251 DEB", "OBJECT_ID": "1993-036JB", "EPOCH": "2026-01-22T07:56:42.865152", "MEAN_MOTION": 13.68576496, "ECCENTRICITY": 0.03440473, "INCLINATION": 73.9587, "RA_OF_ASC_NODE": 358.7775, "ARG_OF_PERICENTER": 304.2617, "MEAN_ANOMALY": 52.6353, "EPHEMERIS_TYPE": 0, "CLASSIFICATION_TYPE": "U", "NORAD_CAT_ID": 34040, "ELEMENT_SET_NO": 999, "REV_AT_EPOCH": 84155, "BSTAR": 0.0039737358, "MEAN_MOTION_DOT": 5.132e-05, "MEAN_MOTION_DDOT": 0}, "tle": {"line1": "1 34040U 93036JB  26022.33105168  .00005132  00000+0  39737-2 0  9992", "line2": "2 34040  73.9587 358.7775 0344047 304.2617  52.6353 13.68576496841551"}}, "geometry": {"type": "Point", "coordinates": [163.96848641689115, 36.35135091281968]}}, {"type": "Feature", "properties": {"norad_id": 34045, "name": "COSMOS 2251 DEB", "group": "cosmos-2251-debris", "lat": 10.477898174273408, "lon": 50.662322680688035, "alt_km": 793.8257498390367, "timestamp": "2026-01-23T21:29:55.108073+00:00", "meta": {"OBJECT_NAME": "COSMOS 2251 DEB", "OBJECT_ID": "1993-036JG", "EPOCH": "2026-01-22T14:41:54.453984", "MEAN_MOTION": 14.34095515, "ECCENTRICITY": 0.00272009, "INCLINATION": 74.0365, "RA_OF_ASC_NODE": 236.0445, "ARG_OF_PERICENTER": 310.371, "MEAN_ANOMALY": 75.9175, "EPHEMERIS_TYPE": 0, "CLASSIFICATION_TYPE": "U", "NORAD_CAT_ID": 34045, "ELEMENT_SET_NO": 999, "REV_AT_EPOCH": 88619, "BSTAR": 0.00014145213, "MEAN_MOTION_DOT": 3.71e-06, "MEAN_MOTION_DDOT": 0}, "tle": {"line1": "1 34045U 93036JG  26022.61243581  .00000371  00000+0  14145-3 0  9997", "line2": "2 34045  74.0365 236.0445 0027200 310.3710  75.9175 14.34095515886196"}}, "geometry": {"type": "Point", "coordinates": [50.662322680688035, 10.477898174273408]}}, {"type": "Feature", "properties": {"norad_id": 34046, "name": "COSMOS 2251 DEB", "group": "cosmos-2251-debris", "lat": -74.02629089801457, "lon": -157.12321725055295, "alt_km": 745.8204179929517, "timestamp": "2026-01-23T21:29:55.108084+00:00", "meta": {"OBJECT_NAME": "COSMOS 2251 DEB", "OBJECT_ID": "1993-036JH", "EPOCH": "2026-01-22T17:51:02.964384", "MEAN_MOTION": 14.46948948, "ECCENTRICITY": 0.00759052, "INCLINATION": 74.0392, "RA_OF_ASC_NODE": 293.8858, "ARG_OF_PERICENTER": 6.6565, "MEAN_ANOMALY": 26.1919, "EPHEMERIS_TYPE": 0, "CLASSIFICATION_TYPE": "U", "NORAD_CAT_ID": 34046, "ELEMENT_SET_NO": 999, "REV_AT_EPOCH": 88419, "BSTAR": 0.0014547662, "MEAN_MOTION_DOT": 5.455e-05, "MEAN_MOTION_DDOT": 0}, "tle": {"line1": "1 34046U 93036JH  26022.74378431  .00005455  00000+0  14548-2 0  9999", "line2": "2 34046  74.0392 293.8858 0075905   6.6565  26.1919 14.46948948884196"}}, "geometry": {"type": "Point", "coordinates": [-157.12321725055295, -74.02629089801457]}}, {"type": "Feature", "properties": {"norad_id": 34050, "name": "COSMOS 2251 DEB", "group": "cosmos-2251-debris", "lat": 56.6369773827138, "lon": -36.59775057631707, "alt_km": 840.1779820979164, "timestamp": "2026-01-23T21:29:55.108105+00:00", "meta": {"OBJECT_NAME": "COSMOS 2251 DEB", "OBJECT_ID": "1993-036JM", "EPOCH": "2026-01-22T11:22:55.155072", "MEAN_MOTION": 13.96342323, "ECCENTRICITY": 0.02160914, "INCLINATION": 74.0899, "RA_OF_ASC_NODE": 300.1709, "ARG_OF_PERICENTER": 354.5668, "MEAN_ANOMALY": 120.4569, "EPHEMERIS_TYPE": 0, "CLASSIFICATION_TYPE": "U", "NORAD_CAT_ID": 34050, "ELEMENT_SET_NO": 999, "REV_AT_EPOCH": 86000, "BSTAR": 0.0021126629, "MEAN_MOTION_DOT": 3.522e-05, "MEAN_MOTION_DDOT": 0}, "tle": {"line1": "1 34050U 93036JM  26022.47424948  .00003522  00000+0  21127-2 0  9993", "line2": "2 34050  74.0899 300.1709 0216091 354.5668 120.4569 13.96342323860004"}}, "geometry": {"type": "Point", "coordinates": [-36.59775057631707, 56.6369773827138]}}, {"type": "Feature", "properties": {"norad_id": 34053, "name": "COSMOS 2251 DEB", "group": "cosmos-2251-debris", "lat": 71.59591781594521, "lon": -66.36550730000641, "alt_km": 1315.38333923973, "timestamp": "2026-01-23T21:29:55.108116+00:00", "meta": {"OBJECT_NAME": "COSMOS 2251 DEB", "OBJECT_ID": "1993-036JQ", "EPOCH": "2026-01-22T20:05:48.603840", "MEAN_MOTION": 13.4921404, "ECCENTRICITY": 0.04238503, "INCLINATION": 73.8434, "RA_OF_ASC_NODE": 175.9382, "ARG_OF_PERICENTER": 317.7277, "MEAN_ANOMALY": 39.186, "EPHEMERIS_TYPE": 0, "CLASSIFICATION_TYPE": "U", "NORAD_CAT_ID": 34053, "ELEMENT_SET_NO": 999, "REV_AT_EPOCH": 83238, "BSTAR": 0.00070997884, "MEAN_MOTION_DOT": 7.53e-06, "MEAN_MOTION_DDOT": 0}, "tle": {"line1": "1 34053U 93036JQ  26022.83736810  .00000753  00000+0  70998-3 0  9994", "line2": "2 34053  73.8434 175.9382 0423850 317.7277  39.1860 13.49214040832386"}}, "geometry": {"type": "Point", "coordinates": [-66.36550730000641, 71.59591781594521]}}, {"type": "Feature", "properties": {"norad_id": 34056, "name": "COSMOS 2251 DEB", "group": "cosmos-2251-debris", "lat": -54.73403916500832, "lon": -22.854957504315138, "alt_km": 837.2768044090653, "timestamp": "2026-01-23T21:29:55.108126+00:00", "meta": {"OBJECT_NAME": "COSMOS 2251 DEB", "OBJECT_ID": "1993-036JT", "EPOCH": "2026-01-22T07:27:47.759616", "MEAN_MOTION": 14.20794743, "ECCENTRICITY": 0.01242888, "INCLINATION": 74.0598, "RA_OF_ASC_NODE": 3.817, "ARG_OF_PERICENTER": 41.0045, "MEAN_ANOMALY": 79.4536, "EPHEMERIS_TYPE": 0, "CLASSIFICATION_TYPE": "U", "NORAD_CAT_ID": 34056, "ELEMENT_SET_NO": 999, "REV_AT_EPOCH": 86987, "BSTAR": 0.002606823, "MEAN_MOTION_DOT": 6.065e-05, "MEAN_MOTION_DDOT": 0}, "tle": {"line1": "1 34056U 93036JT  26022.31096944  .00006065  00000+0  26068-2 0  9997", "line2": "2 34056  74.0598   3.8170 0124288  41.0045  79.4536 14.20794743869874"}}, "geometry": {"type": "Point", "coordinates": [-22.854957504315138, -54.73403916500832]}}, {"type": "Feature", "properties": {"norad_id": 34058, "name": "COSMOS 2251 DEB", "group": "cosmos-2251-debris", "lat": 23.91718734234942, "lon": 117.12767289232004, "alt_km": 952.2836140114341, "timestamp": "2026-01-23T21:29:55.108136+00:00", "meta": {"OBJECT_NAME": "COSMOS 2251 DEB", "OBJECT_ID": "1993-036JV", "EPOCH": "2026-01-22T22:54:19.256256", "MEAN_MOTION": 13.56144032, "ECCENTRICITY": 0.03760357, "INCLINATION": 73.9335, "RA_OF_ASC_NODE": 111.3104, "ARG_OF_PERICENTER": 98.5965, "MEAN_ANOMALY": 16.2523, "EPHEMERIS_TYPE": 0, "CLASSIFICATION_TYPE": "U", "NORAD_CAT_ID": 34058, "ELEMENT_SET_NO": 999, "REV_AT_EPOCH": 83701, "BSTAR": 0.00066292949, "MEAN_MOTION_DOT": 7.15e-06, "MEAN_MOTION_DDOT": 0}, "tle": {"line1": "1 34058U 93036JV  26022.95438954  .00000715  00000+0  66293-3 0  9991", "line2": "2 34058  73.9335 111.3104 0376035  98.5965  16.2523 13.56144032837016"}}, "geometry": {"type": "Point", "coordinates": [117.12767289232004, 23.91718734234942]}}, {"type": "Feature", "properties": {"norad_id": 34059, "name": "COSMOS 2251 DEB", "group": "cosmos-2251-debris", "lat": -15.88126329508877, "lon": -68.59508205543631, "alt_km": 707.7054187429994, "timestamp": "2026-01-23T21:29:55.108147+00:00", "meta": {"OBJECT_NAME": "COSMOS 2251 DEB", "OBJECT_ID": "1993-036JW", "EPOCH": "2026-01-22T06:51:26.964000", "MEAN_MOTION": 14.53276852, "ECCENTRICITY": 0.0017069, "INCLINATION": 74.0387, "RA_OF_ASC_NODE": 109.772, "ARG_OF_PERICENTER": 184.1406, "MEAN_ANOMALY": 232.1821, "EPHEMERIS_TYPE": 0, "CLASSIFICATION_TYPE": "U", "NORAD_CAT_ID": 34059, "ELEMENT_SET_NO": 999, "REV_AT_EPOCH": 89048, "BSTAR": 0.0011768, "MEAN_MOTION_DOT": 4.869e-05, "MEAN_MOTION_DDOT": 0}, "tle": {"line1": "1 34059U 93036JW  26022.28572875  .00004869  00000+0  11768-2 0  9999", "line2": "2 34059  74.0387 109.7720 0017069 184.1406 232.1821 14.53276852890486"}}, "geometry": {"type": "Point", "coordinates": [-68.59508205543631, -15.88126329508877]}}, {"type": "Feature", "properties": {"norad_id": 34061, "name": "COSMOS 2251 DEB", "group": "cosmos-2251-debris", "lat": 53.67901913980192, "lon": -151.62507889378224, "alt_km": 765.7528932848691, "timestamp": "2026-01-23T21:29:55.108157+00:00", "meta": {"OBJECT_NAME": "COSMOS 2251 DEB", "OBJECT_ID": "1993-036JY", "EPOCH": "2026-01-22T10:21:51.206688", "MEAN_MOTION": 14.40452317, "ECCENTRICITY": 0.00211329, "INCLINATION": 74.0377, "RA_OF_ASC_NODE": 188.167, "ARG_OF_PERICENTER": 259.934, "MEAN_ANOMALY": 128.6108, "EPHEMERIS_TYPE": 0, "CLASSIFICATION_TYPE": "U", "NORAD_CAT_ID": 34061, "ELEMENT_SET_NO": 999, "REV_AT_EPOCH": 88766, "BSTAR": 0.00060242762, "MEAN_MOTION_DOT": 1.894e-05, "MEAN_MOTION_DDOT": 0}, "tle": {"line1": "1 34061U 93036JY  26022.43184267  .00001894  00000+0  60243-3 0  9991", "line2": "2 34061  74.0377 188.1670 0021132 259.9340 128.6108 14.40452317887668"}}, "geometry": {"type": "Point", "coordinates": [-151.62507889378224, 53.67901913980192]}}, {"type": "Feature", "properties": {"norad_id": 34062, "name": "COSMOS 2251 DEB", "group": "cosmos-2251-debris", "lat": -8.502065630341782, "lon": 52.55789871450277, "alt_km": 663.8741747413023, "timestamp": "2026-01-23T21:29:55.108167+00:00", "meta": {"OBJECT_NAME": "COSMOS 2251 DEB", "OBJECT_ID": "1993-036JZ", "EPOCH": "2026-01-22T11:47:37.281408", "MEAN_MOTION": 14.80274087, "ECCENTRICITY": 0.00684259, "INCLINATION": 74.0271, "RA_OF_ASC_NODE": 57.7799, "ARG_OF_PERICENTER": 126.3187, "MEAN_ANOMALY": 304.6845, "EPHEMERIS_TYPE": 0, "CLASSIFICATION_TYPE": "U", "NORAD_CAT_ID": 34062, "ELEMENT_SET_NO": 999, "REV_AT_EPOCH": 89198, "BSTAR": 0.0017844872, "MEAN_MOTION_DOT": 0.00014138, "MEAN_MOTION_DDOT": 0}, "tle": {"line1": "1 34062U 93036JZ  26022.49140372  .00014138  00000+0  17845-2 0  9991", "line2": "2 34062  74.0271  57.7799 0068425 126.3187 304.6845 14.80274087891981"}}, "geometry": {"type": "Point", "coordinates": [52.55789871450277, -8.502065630341782]}}, {"type": "Feature", "properties": {"norad_id": 34064, "name": "COSMOS 2251 DEB", "group": "cosmos-2251-debris", "lat": -23.12982422928063, "lon": -174.37397777751775, "alt_km": 753.0230504528536, "timestamp": "2026-01-23T21:29:55.108178+00:00", "meta": {"OBJECT_NAME": "COSMOS 2251 DEB", "OBJECT_ID": "1993-036KB", "EPOCH": "2026-01-22T12:35:06.310176", "MEAN_MOTION": 14.42500466, "ECCENTRICITY": 0.00224636, "INCLINATION": 74.0308, "RA_OF_ASC_NODE": 195.1958, "ARG_OF_PERICENTER": 256.916, "MEAN_ANOMALY": 160.0061, "EPHEMERIS_TYPE": 0, "CLASSIFICATION_TYPE": "U", "NORAD_CAT_ID": 34064, "ELEMENT_SET_NO": 999, "REV_AT_EPOCH": 88730, "BSTAR": 0.0010355677, "MEAN_MOTION_DOT": 3.417e-05, "MEAN_MOTION_DDOT": 0}, "tle": {"line1": "1 34064U 93036KB  26022.52437859  .00003417  00000+0  10356-2 0  9994", "line2": "2 34064  74.0308 195.1958 0022463 256.9160 160.0061 14.42500466887307"}}, "geometry": {"type": "Point", "coordinates": [-174.37397777751775, -23.12982422928063]}}, {"type": "Feature", "properties": {"norad_id": 34065, "name": "COSMOS 2251 DEB", "group": "cosmos-2251-debris", "lat": 49.61411953329228, "lon": -159.86450651688506, "alt_km": 769.4649070706937, "timestamp": "2026-01-23T21:29:55.108189+00:00", "meta": {"OBJECT_NAME": "COSMOS 2251 DEB", "OBJECT_ID": "1993-036KC", "EPOCH": "2026-01-22T20:55:10.945344", "MEAN_MOTION": 14.38110765, "ECCENTRICITY": 0.00175064, "INCLINATION": 74.0344, "RA_OF_ASC_NODE": 182.3548, "ARG_OF_PERICENTER": 274.4389, "MEAN_ANOMALY": 237.9462, "EPHEMERIS_TYPE": 0, "CLASSIFICATION_TYPE": "U", "NORAD_CAT_ID": 34065, "ELEMENT_SET_NO": 999, "REV_AT_EPOCH": 88796, "BSTAR": 0.00029968785, "MEAN_MOTION_DOT": 8.84e-06, "MEAN_MOTION_DDOT": 0}, "tle": {"line1": "1 34065U 93036KC  26022.87165446  .00000884  00000+0  29969-3 0  9999", "line2": "2 34065  74.0344 182.3548 0017506 274.4389 237.9462 14.38110765887966"}}, "geometry": {"type": "Point", "coordinates": [-159.86450651688506, 49.61411953329228]}}, {"type": "Feature", "properties": {"norad_id": 34070, "name": "COSMOS 2251 DEB", "group": "cosmos-2251-debris", "lat": -14.819046982763634, "lon": -142.30904905928918, "alt_km": 631.7429843394166, "timestamp": "2026-01-23T21:29:55.108199+00:00", "meta": {"OBJECT_NAME": "COSMOS 2251 DEB", "OBJECT_ID": "1993-036KH", "EPOCH": "2026-01-22T11:11:36.585888", "MEAN_MOTION": 14.78480639, "ECCENTRICITY": 0.00145413, "INCLINATION": 74.0013, "RA_OF_ASC_NODE": 36.1511, "ARG_OF_PERICENTER": 148.6801, "MEAN_ANOMALY": 1.6269, "EPHEMERIS_TYPE": 0, "CLASSIFICATION_TYPE": "U", "NORAD_CAT_ID": 34070, "ELEMENT_SET_NO": 999, "REV_AT_EPOCH": 89212, "BSTAR": 0.0024112671, "MEAN_MOTION_DOT": 0.00017643, "MEAN_MOTION_DDOT": 0}, "tle": {"line1": "1 34070U 93036KH  26022.46639567  .00017643  00000+0  24113-2 0  9996", "line2": "2 34070  74.0013  36.1511 0014541 148.6801   1.6269 14.78480639892127"}}, "geometry": {"type": "Point", "coordinates": [-142.30904905928918, -14.819046982763634]}}, {"type": "Feature", "properties": {"norad_id": 34114, "name": "COSMOS 2251 DEB", "group": "cosmos-2251-debris", "lat": 71.03111018343608, "lon": 87.65091279579913, "alt_km": 724.7089319841143, "timestamp": "2026-01-23T21:29:55.108210+00:00", "meta": {"OBJECT_NAME": "COSMOS 2251 DEB", "OBJECT_ID": "1993-036KK", "EPOCH": "2026-01-22T20:28:01.297920", "MEAN_MOTION": 14.57322215, "ECCENTRICITY": 0.00485268, "INCLINATION": 74.0595, "RA_OF_ASC_NODE": 325.8842, "ARG_OF_PERICENTER": 311.0088, "MEAN_ANOMALY": 79.4318, "EPHEMERIS_TYPE": 0, "CLASSIFICATION_TYPE": "U", "NORAD_CAT_ID": 34114, "ELEMENT_SET_NO": 999, "REV_AT_EPOCH": 88400, "BSTAR": 0.003179952, "MEAN_MOTION_DOT": 0.00014633, "MEAN_MOTION_DDOT": 0}, "tle": {"line1": "1 34114U 93036KK  26022.85279280  .00014633  00000+0  31800-2 0  9997", "line2": "2 34114  74.0595 325.8842 0048526 311.0088  79.4318 14.57322215884007"}}, "geometry": {"type": "Point", "coordinates": [87.65091279579913, 71.03111018343608]}}, {"type": "Feature", "properties": {"norad_id": 34115, "name": "COSMOS 2251 DEB", "group": "cosmos-2251-debris", "lat": 67.06342714797883, "lon": -63.890649653808985, "alt_km": 637.3027304089455, "timestamp": "2026-01-23T21:29:55.108220+00:00", "meta": {"OBJECT_NAME": "COSMOS 2251 DEB", "OBJECT_ID": "1993-036KL", "EPOCH": "2026-01-22T19:04:00.087744", "MEAN_MOTION": 14.80233502, "ECCENTRICITY": 0.00311668, "INCLINATION": 74.0065, "RA_OF_ASC_NODE": 160.9529, "ARG_OF_PERICENTER": 333.0439, "MEAN_ANOMALY": 26.9116, "EPHEMERIS_TYPE": 0, "CLASSIFICATION_TYPE": "U", "NORAD_CAT_ID": 34115, "ELEMENT_SET_NO": 999, "REV_AT_EPOCH": 90019, "BSTAR": 0.0015042914, "MEAN_MOTION_DOT": 0.00011524, "MEAN_MOTION_DDOT": 0}, "tle": {"line1": "1 34115U 93036KL  26022.79444546  .00011524  00000+0  15043-2 0  9997", "line2": "2 34115  74.0065 160.9529 0031166 333.0439  26.9116 14.80233502900194"}}, "geometry": {"type": "Point", "coordinates": [-63.890649653808985, 67.06342714797883]}}, {"type": "Feature", "properties": {"norad_id": 34116, "name": "COSMOS 2251 DEB", "group": "cosmos-2251-debris", "lat": -15.880922889316652, "lon": 98.57282924119029, "alt_km": 726.2508416231176, "timestamp": "2026-01-23T21:29:55.108231+00:00", "meta": {"OBJECT_NAME": "COSMOS 2251 DEB", "OBJECT_ID": "1993-036KM", "EPOCH": "2026-01-22T23:15:29.738016", "MEAN_MOTION": 14.53327629, "ECCENTRICITY": 0.00103632, "INCLINATION": 74.0411, "RA_OF_ASC_NODE": 104.9907, "ARG_OF_PERICENTER": 182.6577, "MEAN_ANOMALY": 354.4716, "EPHEMERIS_TYPE": 0, "CLASSIFICATION_TYPE": "U", "NORAD_CAT_ID": 34116, "ELEMENT_SET_NO": 999, "REV_AT_EPOCH": 89085, "BSTAR": 0.00094124453, "MEAN_MOTION_DOT": 3.888e-05, "MEAN_MOTION_DDOT": 0}, "tle": {"line1": "1 34116U 93036KM  26022.96909419  .00003888  00000+0  94124-3 0  9994", "line2": "2 34116  74.0411 104.9907 0010363 182.6577 354.4716 14.53327629890855"}}, "geometry": {"type": "Point", "coordinates": [98.57282924119029, -15.880922889316652]}}, {"type": "Feature", "properties": {"norad_id": 34117, "name": "COSMOS 2251 DEB", "group": "cosmos-2251-debris", "lat": -3.6325790038135, "lon": -95.1076552513524, "alt_km": 724.11857737217, "timestamp": "2026-01-23T21:29:55.108241+00:00", "meta": {"OBJECT_NAME": "COSMOS 2251 DEB", "OBJECT_ID": "1993-036KN", "EPOCH": "2026-01-21T09:30:04.891680", "MEAN_MOTION": 14.40215419, "ECCENTRICITY": 0.00563124, "INCLINATION": 74.0387, "RA_OF_ASC_NODE": 270.5519, "ARG_OF_PERICENTER": 337.3379, "MEAN_ANOMALY": 22.5289, "EPHEMERIS_TYPE": 0, "CLASSIFICATION_TYPE": "U", "NORAD_CAT_ID": 34117, "ELEMENT_SET_NO": 999, "REV_AT_EPOCH": 88694, "BSTAR": 0.0012346053, "MEAN_MOTION_DOT": 3.955e-05, "MEAN_MOTION_DDOT": 0}, "tle": {"line1": "1 34117U 93036KN  26021.39588995  .00003955  00000+0  12346-2 0  9993", "line2": "2 34117  74.0387 270.5519 0056312 337.3379  22.5289 14.40215419886942"}}, "geometry": {"type": "Point", "coordinates": [-95.1076552513524, -3.6325790038135]}}, {"type": "Feature", "properties": {"norad_id": 34118, "name": "COSMOS 2251 DEB", "group": "cosmos-2251-debris", "lat": 65.32944651656527, "lon": -157.30730732990898, "alt_km": 571.6671013322866, "timestamp": "2026-01-23T21:29:55.108251+00:00", "meta": {"OBJECT_NAME": "COSMOS 2251 DEB", "OBJECT_ID": "1993-036KP", "EPOCH": "2026-01-22T16:20:56.936256", "MEAN_MOTION": 14.95668022, "ECCENTRICITY": 0.00617173, "INCLINATION": 73.9517, "RA_OF_ASC_NODE": 166.3501, "ARG_OF_PERICENTER": 345.7349, "MEAN_ANOMALY": 27.5324, "EPHEMERIS_TYPE": 0, "CLASSIFICATION_TYPE": "U", "NORAD_CAT_ID": 34118, "ELEMENT_SET_NO": 999, "REV_AT_EPOCH": 89788, "BSTAR": 0.0023515989, "MEAN_MOTION_DOT": 0.00027244, "MEAN_MOTION_DDOT": 0}, "tle": {"line1": "1 34118U 93036KP  26022.68121454  .00027244  00000+0  23516-2 0  9998", "line2": "2 34118  73.9517 166.3501 0061717 345.7349  27.5324 14.95668022897886"}}, "geometry": {"type": "Point", "coordinates": [-157.30730732990898, 65.32944651656527]}}, {"type": "Feature", "properties": {"norad_id": 34120, "name": "COSMOS 2251 DEB", "group": "cosmos-2251-debris", "lat": -41.588034343150234, "lon": 128.43827248504002, "alt_km": 771.2530506686207, "timestamp": "2026-01-23T21:29:55.108261+00:00", "meta": {"OBJECT_NAME": "COSMOS 2251 DEB", "OBJECT_ID": "1993-036KR", "EPOCH": "2026-01-22T19:01:46.469280", "MEAN_MOTION": 13.98729148, "ECCENTRICITY": 0.0183677, "INCLINATION": 73.9922, "RA_OF_ASC_NODE": 145.1079, "ARG_OF_PERICENTER": 323.75, "MEAN_ANOMALY": 201.5389, "EPHEMERIS_TYPE": 0, "CLASSIFICATION_TYPE": "U", "NORAD_CAT_ID": 34120, "ELEMENT_SET_NO": 999, "REV_AT_EPOCH": 86554, "BSTAR": 0.00048020285, "MEAN_MOTION_DOT": 7.72e-06, "MEAN_MOTION_DDOT": 0}, "tle": {"line1": "1 34120U 93036KR  26022.79289895  .00000772  00000+0  48020-3 0  9992", "line2": "2 34120  73.9922 145.1079 0183677 323.7500 201.5389 13.98729148865541"}}, "geometry": {"type": "Point", "coordinates": [128.43827248504002, -41.588034343150234]}}, {"type": "Feature", "properties": {"norad_id": 34121, "name": "COSMOS 2251 DEB", "group": "cosmos-2251-debris", "lat": -53.93279660152385, "lon": -131.8751598087359, "alt_km": 757.8704898839114, "timestamp": "2026-01-23T21:29:55.108272+00:00", "meta": {"OBJECT_NAME": "COSMOS 2251 DEB", "OBJECT_ID": "1993-036KS", "EPOCH": "2026-01-22T10:40:02.011872", "MEAN_MOTION": 13.92127884, "ECCENTRICITY": 0.02410075, "INCLINATION": 73.9929, "RA_OF_ASC_NODE": 27.4, "ARG_OF_PERICENTER": 224.5909, "MEAN_ANOMALY": 301.175, "EPHEMERIS_TYPE": 0, "CLASSIFICATION_TYPE": "U", "NORAD_CAT_ID": 34121, "ELEMENT_SET_NO": 999, "REV_AT_EPOCH": 85691, "BSTAR": 0.001889076, "MEAN_MOTION_DOT": 3.041e-05, "MEAN_MOTION_DDOT": 0}, "tle": {"line1": "1 34121U 93036KS  26022.44446773  .00003041  00000+0  18891-2 0  9999", "line2": "2 34121  73.9929  27.4000 0241007 224.5909 301.1750 13.92127884856911"}}, "geometry": {"type": "Point", "coordinates": [-131.8751598087359, -53.93279660152385]}}, {"type": "Feature", "properties": {"norad_id": 34122, "name": "COSMOS 2251 DEB", "group": "cosmos-2251-debris", "lat": 72.24323031182267, "lon": 100.86014038409672, "alt_km": 723.948504936905, "timestamp": "2026-01-23T21:29:55.108282+00:00", "meta": {"OBJECT_NAME": "COSMOS 2251 DEB", "OBJECT_ID": "1993-036KT", "EPOCH": "2026-01-22T11:26:37.162464", "MEAN_MOTION": 14.65653467, "ECCENTRICITY": 0.00861979, "INCLINATION": 74.0359, "RA_OF_ASC_NODE": 40.2235, "ARG_OF_PERICENTER": 287.0789, "MEAN_ANOMALY": 230.8169, "EPHEMERIS_TYPE": 0, "CLASSIFICATION_TYPE": "U", "NORAD_CAT_ID": 34122, "ELEMENT_SET_NO": 999, "REV_AT_EPOCH": 89281, "BSTAR": 0.001565583, "MEAN_MOTION_DOT": 8.972e-05, "MEAN_MOTION_DDOT": 0}, "tle": {"line1": "1 34122U 93036KT  26022.47681901  .00008972  00000+0  15656-2 0  9991", "line2": "2 34122  74.0359  40.2235 0086197 287.0789 230.8169 14.65653467892814"}}, "geometry": {"type": "Point", "coordinates": [100.86014038409672, 72.24323031182267]}}, {"type": "Feature", "properties": {"norad_id": 34127, "name": "COSMOS 2251 DEB", "group": "cosmos-2251-debris", "lat": -56.55856723045223, "lon": -57.76897814481635, "alt_km": 855.7180481051673, "timestamp": "2026-01-23T21:29:55.108292+00:00", "meta": {"OBJECT_NAME": "COSMOS 2251 DEB", "OBJECT_ID": "1993-036KY", "EPOCH": "2026-01-22T14:45:30.465216", "MEAN_MOTION": 14.31956017, "ECCENTRICITY": 0.01114336, "INCLINATION": 74.1802, "RA_OF_ASC_NODE": 329.9702, "ARG_OF_PERICENTER": 159.0927, "MEAN_ANOMALY": 19.907, "EPHEMERIS_TYPE": 0, "CLASSIFICATION_TYPE": "U", "NORAD_CAT_ID": 34127, "ELEMENT_SET_NO": 999, "REV_AT_EPOCH": 87356, "BSTAR": 0.0019532808, "MEAN_MOTION_DOT": 5.587e-05, "MEAN_MOTION_DDOT": 0}, "tle": {"line1": "1 34127U 93036KY  26022.61493594  .00005587  00000+0  19533-2 0  9998", "line2": "2 34127  74.1802 329.9702 0111433 159.0927  19.9070 14.31956017873561"}}, "geometry": {"type": "Point", "coordinates": [-57.76897814481635, -56.55856723045223]}}, {"type": "Feature", "properties": {"norad_id": 34128, "name": "COSMOS 2251 DEB", "group": "cosmos-2251-debris", "lat": 20.18306260071162, "lon": -143.38380702885507, "alt_km": 547.953969303333, "timestamp": "2026-01-23T21:29:55.108302+00:00", "meta": {"OBJECT_NAME": "COSMOS 2251 DEB", "OBJECT_ID": "1993-036KZ", "EPOCH": "2026-01-21T23:38:26.162592", "MEAN_MOTION": 15.03339146, "ECCENTRICITY": 0.00262634, "INCLINATION": 73.9946, "RA_OF_ASC_NODE": 214.4718, "ARG_OF_PERICENTER": 319.8945, "MEAN_ANOMALY": 163.3835, "EPHEMERIS_TYPE": 0, "CLASSIFICATION_TYPE": "U", "NORAD_CAT_ID": 34128, "ELEMENT_SET_NO": 999, "REV_AT_EPOCH": 89771, "BSTAR": 0.0053784474, "MEAN_MOTION_DOT": 0.00074317, "MEAN_MOTION_DDOT": 0}, "tle": {"line1": "1 34128U 93036KZ  26021.98502503  .00074317  00000+0  53784-2 0  9992", "line2": "2 34128  73.9946 214.4718 0026263 319.8945 163.3835 15.03339146897719"}}, "geometry": {"type": "Point", "coordinates": [-143.38380702885507, 20.18306260071162]}}, {"type": "Feature", "properties": {"norad_id": 34129, "name": "COSMOS 2251 DEB", "group": "cosmos-2251-debris", "lat": -40.125874684471256, "lon": -116.98168025574174, "alt_km": 622.5673843197383, "timestamp": "2026-01-23T21:29:55.108312+00:00", "meta": {"OBJECT_NAME": "COSMOS 2251 DEB", "OBJECT_ID": "1993-036LA", "EPOCH": "2026-01-22T00:09:29.239488", "MEAN_MOTION": 14.76555239, "ECCENTRICITY": 0.00343224, "INCLINATION": 74.033, "RA_OF_ASC_NODE": 260.683, "ARG_OF_PERICENTER": 332.629, "MEAN_ANOMALY": 27.3075, "EPHEMERIS_TYPE": 0, "CLASSIFICATION_TYPE": "U", "NORAD_CAT_ID": 34129, "ELEMENT_SET_NO": 999, "REV_AT_EPOCH": 61892, "BSTAR": 0.0017212729, "MEAN_MOTION_DOT": 0.00012112, "MEAN_MOTION_DDOT": 0}, "tle": {"line1": "1 34129U 93036LA  26022.00658842  .00012112  00000+0  17213-2 0  9997", "line2": "2 34129  74.0330 260.6830 0034322 332.6290  27.3075 14.76555239618929"}}, "geometry": {"type": "Point", "coordinates": [-116.98168025574174, -40.125874684471256]}}, {"type": "Feature", "properties": {"norad_id": 34136, "name": "COSMOS 2251 DEB", "group": "cosmos-2251-debris", "lat": 7.214627045147313, "lon": -38.44784439308684, "alt_km": 602.2553103506907, "timestamp": "2026-01-23T21:29:55.108322+00:00", "meta": {"OBJECT_NAME": "COSMOS 2251 DEB", "OBJECT_ID": "1993-036LH", "EPOCH": "2026-01-22T13:48:00.150336", "MEAN_MOTION": 14.80403727, "ECCENTRICITY": 0.00844811, "INCLINATION": 74.0221, "RA_OF_ASC_NODE": 322.0782, "ARG_OF_PERICENTER": 73.3969, "MEAN_ANOMALY": 98.984, "EPHEMERIS_TYPE": 0, "CLASSIFICATION_TYPE": "U", "NORAD_CAT_ID": 34136, "ELEMENT_SET_NO": 999, "REV_AT_EPOCH": 90614, "BSTAR": 0.00071401595, "MEAN_MOTION_DOT": 5.766e-05, "MEAN_MOTION_DDOT": 0}, "tle": {"line1": "1 34136U 93036LH  26022.57500174  .00005766  00000+0  71402-3 0  9999", "line2": "2 34136  74.0221 322.0782 0084481  73.3969  98.9840 14.80403727906145"}}, "geometry": {"type": "Point", "coordinates": [-38.44784439308684, 7.214627045147313]}}, {"type": "Feature", "properties": {"norad_id": 34139, "name": "COSMOS 2251 DEB", "group": "cosmos-2251-debris", "lat": 10.111531893588571, "lon": -9.256067254217447, "alt_km": 684.2311621289537, "timestamp": "2026-01-23T21:29:55.108332+00:00", "meta": {"OBJECT_NAME": "COSMOS 2251 DEB", "OBJECT_ID": "1993-036LL", "EPOCH": "2026-01-22T20:45:03.504960", "MEAN_MOTION": 14.59789786, "ECCENTRICITY": 0.00419476, "INCLINATION": 74.03, "RA_OF_ASC_NODE": 175.6382, "ARG_OF_PERICENTER": 240.5251, "MEAN_ANOMALY": 272.5078, "EPHEMERIS_TYPE": 0, "CLASSIFICATION_TYPE": "U", "NORAD_CAT_ID": 34139, "ELEMENT_SET_NO": 999, "REV_AT_EPOCH": 88749, "BSTAR": 0.0025801295, "MEAN_MOTION_DOT": 0.0001247, "MEAN_MOTION_DDOT": 0}, "tle": {"line1": "1 34139U 93036LL  26022.86462390  .00012470  00000+0  25801-2 0  9992", "line2": "2 34139  74.0300 175.6382 0041947 240.5251 272.5078 14.59789786887493"}}, "geometry": {"type": "Point", "coordinates": [-9.256067254217447, 10.111531893588571]}}, {"type": "Feature", "properties": {"norad_id": 34141, "name": "COSMOS 2251 DEB", "group": "cosmos-2251-debris", "lat": -66.61830488596445, "lon": 171.17294222932125, "alt_km": 755.1550704612728, "timestamp": "2026-01-23T21:29:55.108343+00:00", "meta": {"OBJECT_NAME": "COSMOS 2251 DEB", "OBJECT_ID": "1993-036LN", "EPOCH": "2026-01-22T05:10:53.260608", "MEAN_MOTION": 14.49837179, "ECCENTRICITY": 0.0048243, "INCLINATION": 74.0117, "RA_OF_ASC_NODE": 312.7909, "ARG_OF_PERICENTER": 26.8179, "MEAN_ANOMALY": 101.7493, "EPHEMERIS_TYPE": 0, "CLASSIFICATION_TYPE": "U", "NORAD_CAT_ID": 34141, "ELEMENT_SET_NO": 999, "REV_AT_EPOCH": 88280, "BSTAR": 0.0024816, "MEAN_MOTION_DOT": 9.707e-05, "MEAN_MOTION_DDOT": 0}, "tle": {"line1": "1 34141U 93036LN  26022.21589422  .00009707  00000+0  24816-2 0  9994", "line2": "2 34141  74.0117 312.7909 0048243  26.8179 101.7493 14.49837179882804"}}, "geometry": {"type": "Point", "coordinates": [171.17294222932125, -66.61830488596445]}}, {"type": "Feature", "properties": {"norad_id": 34270, "name": "COSMOS 2251 DEB", "group": "cosmos-2251-debris", "lat": 73.79104691029474, "lon": -54.05201895493218, "alt_km": 662.502636854766, "timestamp": "2026-01-23T21:29:55.108352+00:00", "meta": {"OBJECT_NAME": "COSMOS 2251 DEB", "OBJECT_ID": "1993-036LQ", "EPOCH": "2026-01-21T23:13:49.339488", "MEAN_MOTION": 14.65473235, "ECCENTRICITY": 0.00491581, "INCLINATION": 74.0087, "RA_OF_ASC_NODE": 229.0895, "ARG_OF_PERICENTER": 10.5596, "MEAN_ANOMALY": 349.6592, "EPHEMERIS_TYPE": 0, "CLASSIFICATION_TYPE": "U", "NORAD_CAT_ID": 34270, "ELEMENT_SET_NO": 999, "REV_AT_EPOCH": 89685, "BSTAR": 0.00091544523, "MEAN_MOTION_DOT": 5.018e-05, "MEAN_MOTION_DDOT": 0}, "tle": {"line1": "1 34270U 93036LQ  26021.96793217  .00005018  00000+0  91545-3 0  9992", "line2": "2 34270  74.0087 229.0895 0049158  10.5596 349.6592 14.65473235896856"}}, "geometry": {"type": "Point", "coordinates": [-54.05201895493218, 73.79104691029474]}}, {"type": "Feature", "properties": {"norad_id": 34271, "name": "COSMOS 2251 DEB", "group": "cosmos-2251-debris", "lat": -50.40228172706973, "lon": -42.39250884943854, "alt_km": 655.6961047357281, "timestamp": "2026-01-23T21:29:55.108363+00:00", "meta": {"OBJECT_NAME": "COSMOS 2251 DEB", "OBJECT_ID": "1993-036LR", "EPOCH": "2026-01-22T17:24:34.284384", "MEAN_MOTION": 14.72125146, "ECCENTRICITY": 0.00148131, "INCLINATION": 74.0205, "RA_OF_ASC_NODE": 119.6178, "ARG_OF_PERICENTER": 174.5895, "MEAN_ANOMALY": 338.3519, "EPHEMERIS_TYPE": 0, "CLASSIFICATION_TYPE": "U", "NORAD_CAT_ID": 34271, "ELEMENT_SET_NO": 999, "REV_AT_EPOCH": 88837, "BSTAR": 0.0026846953, "MEAN_MOTION_DOT": 0.00016942, "MEAN_MOTION_DDOT": 0}, "tle": {"line1": "1 34271U 93036LR  26022.72539681  .00016942  00000+0  26847-2 0  9991", "line2": "2 34271  74.0205 119.6178 0014813 174.5895 338.3519 14.72125146888375"}}, "geometry": {"type": "Point", "coordinates": [-42.39250884943854, -50.40228172706973]}}, {"type": "Feature", "properties": {"norad_id": 34273, "name": "COSMOS 2251 DEB", "group": "cosmos-2251-debris", "lat": -1.500421852446268, "lon": -172.77353470552026, "alt_km": 686.5428180689314, "timestamp": "2026-01-23T21:29:55.108373+00:00", "meta": {"OBJECT_NAME": "COSMOS 2251 DEB", "OBJECT_ID": "1993-036LT", "EPOCH": "2026-01-22T05:17:56.694048", "MEAN_MOTION": 14.61638953, "ECCENTRICITY": 0.001167, "INCLINATION": 74.0364, "RA_OF_ASC_NODE": 10, "ARG_OF_PERICENTER": 124.8495, "MEAN_ANOMALY": 246.4499, "EPHEMERIS_TYPE": 0, "CLASSIFICATION_TYPE": "U", "NORAD_CAT_ID": 34273, "ELEMENT_SET_NO": 999, "REV_AT_EPOCH": 89213, "BSTAR": 0.001416, "MEAN_MOTION_DOT": 7.028e-05, "MEAN_MOTION_DDOT": 0}, "tle": {"line1": "1 34273U 93036LT  26022.22079507  .00007028  00000+0  14160-2 0  9994", "line2": "2 34273  74.0364  10.0000 0011670 124.8495 246.4499 14.61638953892131"}}, "geometry": {"type": "Point", "coordinates": [-172.77353470552026, -1.500421852446268]}}, {"type": "Feature", "properties": {"norad_id": 34274, "name": "COSMOS 2251 DEB", "group": "cosmos-2251-debris", "lat": 73.77697574478391, "lon": 86.97995277540612, "alt_km": 656.9546384811911, "timestamp": "2026-01-23T21:29:55.108383+00:00", "meta": {"OBJECT_NAME": "COSMOS 2251 DEB", "OBJECT_ID": "1993-036LU", "EPOCH": "2026-01-22T16:23:10.540032", "MEAN_MOTION": 14.65340666, "ECCENTRICITY": 0.00196837, "INCLINATION": 74.0056, "RA_OF_ASC_NODE": 349.6495, "ARG_OF_PERICENTER": 129.0884, "MEAN_ANOMALY": 47.3824, "EPHEMERIS_TYPE": 0, "CLASSIFICATION_TYPE": "U", "NORAD_CAT_ID": 34274, "ELEMENT_SET_NO": 999, "REV_AT_EPOCH": 89275, "BSTAR": 0.0015133201, "MEAN_MOTION_DOT": 8.174e-05, "MEAN_MOTION_DDOT": 0}, "tle": {"line1": "1 34274U 93036LU  26022.68276088  .00008174  00000+0  15133-2 0  9992", "line2": "2 34274  74.0056 349.6495 0019683 129.0884  47.3824 14.65340666892753"}}, "geometry": {"type": "Point", "coordinates": [86.97995277540612, 73.77697574478391]}}, {"type": "Feature", "properties": {"norad_id": 34276, "name": "COSMOS 2251 DEB", "group": "cosmos-2251-debris", "lat": -50.34466769261985, "lon": -15.068558184694739, "alt_km": 721.5001332902702, "timestamp": "2026-01-23T21:29:55.108394+00:00", "meta": {"OBJECT_NAME": "COSMOS 2251 DEB", "OBJECT_ID": "1993-036LW", "EPOCH": "2026-01-22T22:49:17.504256", "MEAN_MOTION": 14.57535059, "ECCENTRICITY": 0.00203366, "INCLINATION": 74.0246, "RA_OF_ASC_NODE": 6.9464, "ARG_OF_PERICENTER": 145.1322, "MEAN_ANOMALY": 245.7823, "EPHEMERIS_TYPE": 0, "CLASSIFICATION_TYPE": "U", "NORAD_CAT_ID": 34276, "ELEMENT_SET_NO": 999, "REV_AT_EPOCH": 89193, "BSTAR": 0.00081538541, "MEAN_MOTION_DOT": 3.692e-05, "MEAN_MOTION_DDOT": 0}, "tle": {"line1": "1 34276U 93036LW  26022.95089704  .00003692  00000+0  81539-3 0  9995", "line2": "2 34276  74.0246   6.9464 0020336 145.1322 245.7823 14.57535059891933"}}, "geometry": {"type": "Point", "coordinates": [-15.068558184694739, -50.34466769261985]}}, {"type": "Feature", "properties": {"norad_id": 34297, "name": "COSMOS 2251 DEB", "group": "cosmos-2251-debris", "lat": 52.75335844233417, "lon": -131.0783007533113, "alt_km": 775.0925431666246, "timestamp": "2026-01-23T21:29:55.108404+00:00", "meta": {"OBJECT_NAME": "COSMOS 2251 DEB", "OBJECT_ID": "1993-036MT", "EPOCH": "2026-01-22T11:57:08.432064", "MEAN_MOTION": 14.36667903, "ECCENTRICITY": 0.00182206, "INCLINATION": 74.0461, "RA_OF_ASC_NODE": 209.3873, "ARG_OF_PERICENTER": 272.3023, "MEAN_ANOMALY": 117.2051, "EPHEMERIS_TYPE": 0, "CLASSIFICATION_TYPE": "U", "NORAD_CAT_ID": 34297, "ELEMENT_SET_NO": 999, "REV_AT_EPOCH": 88650, "BSTAR": 0.0002295653, "MEAN_MOTION_DOT": 6.51e-06, "MEAN_MOTION_DDOT": 0}, "tle": {"line1": "1 34297U 93036MT  26022.49801426  .00000651  00000+0  22957-3 0  9991", "line2": "2 34297  74.0461 209.3873 0018220 272.3023 117.2051 14.36667903886502"}}, "geometry": {"type": "Point", "coordinates": [-131.0783007533113, 52.75335844233417]}}, {"type": "Feature", "properties": {"norad_id": 34301, "name": "COSMOS 2251 DEB", "group": "cosmos-2251-debris", "lat": -72.08344156443198, "lon": -34.72751392661863, "alt_km": 614.7590091937864, "timestamp": "2026-01-23T21:29:55.108414+00:00", "meta": {"OBJECT_NAME": "COSMOS 2251 DEB", "OBJECT_ID": "1993-036MX", "EPOCH": "2026-01-22T20:39:27.177408", "MEAN_MOTION": 14.87210533, "ECCENTRICITY": 0.00046778, "INCLINATION": 74.0047, "RA_OF_ASC_NODE": 84.8103, "ARG_OF_PERICENTER": 149.3399, "MEAN_ANOMALY": 333.0502, "EPHEMERIS_TYPE": 0, "CLASSIFICATION_TYPE": "U", "NORAD_CAT_ID": 34301, "ELEMENT_SET_NO": 999, "REV_AT_EPOCH": 89011, "BSTAR": 0.0035572018, "MEAN_MOTION_DOT": 0.00032151, "MEAN_MOTION_DDOT": 0}, "tle": {"line1": "1 34301U 93036MX  26022.86073122  .00032151  00000+0  35572-2 0  9998", "line2": "2 34301  74.0047  84.8103 0004677 149.3399 333.0502 14.87210533890110"}}, "geometry": {"type": "Point", "coordinates": [-34.72751392661863, -72.08344156443198]}}, {"type": "Feature", "properties": {"norad_id": 34302, "name": "COSMOS 2251 DEB", "group": "cosmos-2251-debris", "lat": 28.215163151595014, "lon": -142.32675556411988, "alt_km": 768.0588676928228, "timestamp": "2026-01-23T21:29:55.108424+00:00", "meta": {"OBJECT_NAME": "COSMOS 2251 DEB", "OBJECT_ID": "1993-036MY", "EPOCH": "2026-01-22T20:02:24.234144", "MEAN_MOTION": 14.39546512, "ECCENTRICITY": 0.00800577, "INCLINATION": 74.178, "RA_OF_ASC_NODE": 48.3656, "ARG_OF_PERICENTER": 252.9198, "MEAN_ANOMALY": 163.3615, "EPHEMERIS_TYPE": 0, "CLASSIFICATION_TYPE": "U", "NORAD_CAT_ID": 34302, "ELEMENT_SET_NO": 999, "REV_AT_EPOCH": 88312, "BSTAR": 0.0010217465, "MEAN_MOTION_DOT": 3.285e-05, "MEAN_MOTION_DDOT": 0}, "tle": {"line1": "1 34302U 93036MY  26022.83500271  .00003285  00000+0  10217-2 0  9991", "line2": "2 34302  74.1780  48.3656 0080057 252.9198 163.3615 14.39546512883126"}}, "geometry": {"type": "Point", "coordinates": [-142.32675556411988, 28.215163151595014]}}, {"type": "Feature", "properties": {"norad_id": 34303, "name": "COSMOS 2251 DEB", "group": "cosmos-2251-debris", "lat": 37.436852370135185, "lon": 15.404799648584692, "alt_km": 799.0913033481565, "timestamp": "2026-01-23T21:29:55.108434+00:00", "meta": {"OBJECT_NAME": "COSMOS 2251 DEB", "OBJECT_ID": "1993-036MZ", "EPOCH": "2026-01-22T11:57:18.699840", "MEAN_MOTION": 14.55044682, "ECCENTRICITY": 0.01364494, "INCLINATION": 74.0034, "RA_OF_ASC_NODE": 210.7426, "ARG_OF_PERICENTER": 339.4242, "MEAN_ANOMALY": 42.7068, "EPHEMERIS_TYPE": 0, "CLASSIFICATION_TYPE": "U", "NORAD_CAT_ID": 34303, "ELEMENT_SET_NO": 999, "REV_AT_EPOCH": 88555, "BSTAR": 0.0010766351, "MEAN_MOTION_DOT": 5.231e-05, "MEAN_MOTION_DDOT": 0}, "tle": {"line1": "1 34303U 93036MZ  26022.49813310  .00005231  00000+0  10766-2 0  9997", "line2": "2 34303  74.0034 210.7426 0136449 339.4242  42.7068 14.55044682885556"}}, "geometry": {"type": "Point", "coordinates": [15.404799648584692, 37.436852370135185]}}, {"type": "Feature", "properties": {"norad_id": 34304, "name": "COSMOS 2251 DEB", "group": "cosmos-2251-debris", "lat": -61.02892906165697, "lon": -104.00886448431852, "alt_km": 741.2692540259795, "timestamp": "2026-01-23T21:29:55.108444+00:00", "meta": {"OBJECT_NAME": "COSMOS 2251 DEB", "OBJECT_ID": "1993-036NA", "EPOCH": "2026-01-22T11:40:56.679168", "MEAN_MOTION": 14.38311464, "ECCENTRICITY": 0.01269928, "INCLINATION": 74.0128, "RA_OF_ASC_NODE": 47.405, "ARG_OF_PERICENTER": 176.7438, "MEAN_ANOMALY": 334.5113, "EPHEMERIS_TYPE": 0, "CLASSIFICATION_TYPE": "U", "NORAD_CAT_ID": 34304, "ELEMENT_SET_NO": 999, "REV_AT_EPOCH": 87882, "BSTAR": 0.0013153333, "MEAN_MOTION_DOT": 4.372e-05, "MEAN_MOTION_DDOT": 0}, "tle": {"line1": "1 34304U 93036NA  26022.48676712  .00004372  00000+0  13153-2 0  9998", "line2": "2 34304  74.0128  47.4050 0126992 176.7438 334.5113 14.38311464878821"}}, "geometry": {"type": "Point", "coordinates": [-104.00886448431852, -61.02892906165697]}}, {"type": "Feature", "properties": {"norad_id": 34307, "name": "COSMOS 2251 DEB", "group": "cosmos-2251-debris", "lat": -11.789106524043197, "lon": -117.94992092272426, "alt_km": 994.6031689346737, "timestamp": "2026-01-23T21:29:55.108455+00:00", "meta": {"OBJECT_NAME": "COSMOS 2251 DEB", "OBJECT_ID": "1993-036ND", "EPOCH": "2026-01-22T02:00:40.478976", "MEAN_MOTION": 13.54405085, "ECCENTRICITY": 0.03917204, "INCLINATION": 74.0512, "RA_OF_ASC_NODE": 248.3789, "ARG_OF_PERICENTER": 70.3634, "MEAN_ANOMALY": 90.2107, "EPHEMERIS_TYPE": 0, "CLASSIFICATION_TYPE": "U", "NORAD_CAT_ID": 34307, "ELEMENT_SET_NO": 999, "REV_AT_EPOCH": 83408, "BSTAR": 0.0014907845, "MEAN_MOTION_DOT": 1.641e-05, "MEAN_MOTION_DDOT": 0}, "tle": {"line1": "1 34307U 93036ND  26022.08380184  .00001641  00000+0  14908-2 0  9997", "line2": "2 34307  74.0512 248.3789 0391720  70.3634  90.2107 13.54405085834081"}}, "geometry": {"type": "Point", "coordinates": [-117.94992092272426, -11.789106524043197]}}, {"type": "Feature", "properties": {"norad_id": 34313, "name": "COSMOS 2251 DEB", "group": "cosmos-2251-debris", "lat": -73.84121913816139, "lon": 133.27085573315242, "alt_km": 484.1780569731409, "timestamp": "2026-01-23T21:29:55.108465+00:00", "meta": {"OBJECT_NAME": "COSMOS 2251 DEB", "OBJECT_ID": "1993-036NK", "EPOCH": "2026-01-22T12:54:44.835552", "MEAN_MOTION": 15.29021753, "ECCENTRICITY": 0.00116455, "INCLINATION": 73.9667, "RA_OF_ASC_NODE": 219.1515, "ARG_OF_PERICENTER": 7.7553, "MEAN_ANOMALY": 352.3826, "EPHEMERIS_TYPE": 0, "CLASSIFICATION_TYPE": "U", "NORAD_CAT_ID": 34313, "ELEMENT_SET_NO": 999, "REV_AT_EPOCH": 89686, "BSTAR": 0.0076860346, "MEAN_MOTION_DOT": 0.00223641, "MEAN_MOTION_DDOT": 0}, "tle": {"line1": "1 34313U 93036NK  26022.53801893  .00223641  00000+0  76860-2 0  9990", "line2": "2 34313  73.9667 219.1515 0011645   7.7553 352.3826 15.29021753896863"}}, "geometry": {"type": "Point", "coordinates": [133.27085573315242, -73.84121913816139]}}, {"type": "Feature", "properties": {"norad_id": 34314, "name": "COSMOS 2251 DEB", "group": "cosmos-2251-debris", "lat": 13.099867045179831, "lon": -123.02484729294947, "alt_km": 780.1104921863553, "timestamp": "2026-01-23T21:29:55.108475+00:00", "meta": {"OBJECT_NAME": "COSMOS 2251 DEB", "OBJECT_ID": "1993-036NL", "EPOCH": "2026-01-22T00:24:58.848192", "MEAN_MOTION": 14.17539592, "ECCENTRICITY": 0.01045747, "INCLINATION": 74.003, "RA_OF_ASC_NODE": 236.4995, "ARG_OF_PERICENTER": 333.1402, "MEAN_ANOMALY": 177.6377, "EPHEMERIS_TYPE": 0, "CLASSIFICATION_TYPE": "U", "NORAD_CAT_ID": 34314, "ELEMENT_SET_NO": 999, "REV_AT_EPOCH": 87228, "BSTAR": 0.00094023236, "MEAN_MOTION_DOT": 1.989e-05, "MEAN_MOTION_DDOT": 0}, "tle": {"line1": "1 34314U 93036NL  26022.01734778  .00001989  00000+0  94023-3 0  9992", "line2": "2 34314  74.0030 236.4995 0104574 333.1402 177.6377 14.17539592872287"}}, "geometry": {"type": "Point", "coordinates": [-123.02484729294947, 13.099867045179831]}}, {"type": "Feature", "properties": {"norad_id": 34316, "name": "COSMOS 2251 DEB", "group": "cosmos-2251-debris", "lat": 73.60119701213613, "lon": -3.8456551004324964, "alt_km": 581.6589363343137, "timestamp": "2026-01-23T21:29:55.108485+00:00", "meta": {"OBJECT_NAME": "COSMOS 2251 DEB", "OBJECT_ID": "1993-036NN", "EPOCH": "2026-01-22T01:40:58.397376", "MEAN_MOTION": 14.93751184, "ECCENTRICITY": 0.00095937, "INCLINATION": 74.0624, "RA_OF_ASC_NODE": 255.9917, "ARG_OF_PERICENTER": 339.793, "MEAN_ANOMALY": 20.2873, "EPHEMERIS_TYPE": 0, "CLASSIFICATION_TYPE": "U", "NORAD_CAT_ID": 34316, "ELEMENT_SET_NO": 999, "REV_AT_EPOCH": 89811, "BSTAR": 0.0029798721, "MEAN_MOTION_DOT": 0.00031711, "MEAN_MOTION_DDOT": 0}, "tle": {"line1": "1 34316U 93036NN  26022.07012034  .00031711  00000+0  29799-2 0  9997", "line2": "2 34316  74.0624 255.9917 0009593 339.7930  20.2873 14.93751184898112"}}, "geometry": {"type": "Point", "coordinates": [-3.8456551004324964, 73.60119701213613]}}, {"type": "Feature", "properties": {"norad_id": 34317, "name": "COSMOS 2251 DEB", "group": "cosmos-2251-debris", "lat": -59.92647794912632, "lon": -63.50968323778552, "alt_km": 778.8608417061178, "timestamp": "2026-01-23T21:29:55.108495+00:00", "meta": {"OBJECT_NAME": "COSMOS 2251 DEB", "OBJECT_ID": "1993-036NP", "EPOCH": "2026-01-22T19:32:40.141536", "MEAN_MOTION": 13.65198932, "ECCENTRICITY": 0.03377222, "INCLINATION": 73.9263, "RA_OF_ASC_NODE": 328.1308, "ARG_OF_PERICENTER": 309.6915, "MEAN_ANOMALY": 73.992, "EPHEMERIS_TYPE": 0, "CLASSIFICATION_TYPE": "U", "NORAD_CAT_ID": 34317, "ELEMENT_SET_NO": 999, "REV_AT_EPOCH": 84180, "BSTAR": 0.0009229795, "MEAN_MOTION_DOT": 1.081e-05, "MEAN_MOTION_DDOT": 0}, "tle": {"line1": "1 34317U 93036NP  26022.81435349  .00001081  00000+0  92298-3 0  9990", "line2": "2 34317  73.9263 328.1308 0337722 309.6915  73.9920 13.65198932841800"}}, "geometry": {"type": "Point", "coordinates": [-63.50968323778552, -59.92647794912632]}}, {"type": "Feature", "properties": {"norad_id": 34321, "name": "COSMOS 2251 DEB", "group": "cosmos-2251-debris", "lat": -73.95993353982918, "lon": -17.874193664904517, "alt_km": 726.7685726342197, "timestamp": "2026-01-23T21:29:55.108505+00:00", "meta": {"OBJECT_NAME": "COSMOS 2251 DEB", "OBJECT_ID": "1993-036NT", "EPOCH": "2026-01-22T11:39:56.098944", "MEAN_MOTION": 14.50278853, "ECCENTRICITY": 0.00155029, "INCLINATION": 74.0283, "RA_OF_ASC_NODE": 79.7968, "ARG_OF_PERICENTER": 207.9297, "MEAN_ANOMALY": 263.3879, "EPHEMERIS_TYPE": 0, "CLASSIFICATION_TYPE": "U", "NORAD_CAT_ID": 34321, "ELEMENT_SET_NO": 999, "REV_AT_EPOCH": 89077, "BSTAR": 0.00094185944, "MEAN_MOTION_DOT": 3.649e-05, "MEAN_MOTION_DDOT": 0}, "tle": {"line1": "1 34321U 93036NT  26022.48606596  .00003649  00000+0  94186-3 0  9992", "line2": "2 34321  74.0283  79.7968 0015502 207.9297 263.3879 14.50278853890776"}}, "geometry": {"type": "Point", "coordinates": [-17.874193664904517, -73.95993353982918]}}, {"type": "Feature", "properties": {"norad_id": 34323, "name": "COSMOS 2251 DEB", "group": "cosmos-2251-debris", "lat": 67.70605759832193, "lon": 175.70442102766208, "alt_km": 603.6991191072038, "timestamp": "2026-01-23T21:29:55.108515+00:00", "meta": {"OBJECT_NAME": "COSMOS 2251 DEB", "OBJECT_ID": "1993-036NV", "EPOCH": "2026-01-22T11:31:56.856288", "MEAN_MOTION": 14.75721999, "ECCENTRICITY": 0.00550107, "INCLINATION": 73.9523, "RA_OF_ASC_NODE": 43.0771, "ARG_OF_PERICENTER": 74.7603, "MEAN_ANOMALY": 74.8457, "EPHEMERIS_TYPE": 0, "CLASSIFICATION_TYPE": "U", "NORAD_CAT_ID": 34323, "ELEMENT_SET_NO": 999, "REV_AT_EPOCH": 89040, "BSTAR": 0.0021358638, "MEAN_MOTION_DOT": 0.00014977, "MEAN_MOTION_DDOT": 0}, "tle": {"line1": "1 34323U 93036NV  26022.48051917  .00014977  00000+0  21359-2 0  9992", "line2": "2 34323  73.9523  43.0771 0055010  74.7603  74.8457 14.75721999890406"}}, "geometry": {"type": "Point", "coordinates": [175.70442102766208, 67.70605759832193]}}, {"type": "Feature", "properties": {"norad_id": 34325, "name": "COSMOS 2251 DEB", "group": "cosmos-2251-debris", "lat": 67.48617045238824, "lon": 162.78872874576916, "alt_km": 787.7601052252267, "timestamp": "2026-01-23T21:29:55.108525+00:00", "meta": {"OBJECT_NAME": "COSMOS 2251 DEB", "OBJECT_ID": "1993-036NX", "EPOCH": "2026-01-22T16:47:37.436640", "MEAN_MOTION": 14.04769322, "ECCENTRICITY": 0.01890597, "INCLINATION": 73.8717, "RA_OF_ASC_NODE": 120.623, "ARG_OF_PERICENTER": 130.2942, "MEAN_ANOMALY": 19.3096, "EPHEMERIS_TYPE": 0, "CLASSIFICATION_TYPE": "U", "NORAD_CAT_ID": 34325, "ELEMENT_SET_NO": 999, "REV_AT_EPOCH": 86090, "BSTAR": 0.0015962158, "MEAN_MOTION_DOT": 2.979e-05, "MEAN_MOTION_DDOT": 0}, "tle": {"line1": "1 34325U 93036NX  26022.69973885  .00002979  00000+0  15962-2 0  9996", "line2": "2 34325  73.8717 120.6230 0189059 130.2942  19.3096 14.04769322860908"}}, "geometry": {"type": "Point", "coordinates": [162.78872874576916, 67.48617045238824]}}, {"type": "Feature", "properties": {"norad_id": 34327, "name": "COSMOS 2251 DEB", "group": "cosmos-2251-debris", "lat": -21.47134819910001, "lon": -86.17036314682174, "alt_km": 587.8645997287331, "timestamp": "2026-01-23T21:29:55.108535+00:00", "meta": {"OBJECT_NAME": "COSMOS 2251 DEB", "OBJECT_ID": "1993-036NZ", "EPOCH": "2026-01-22T14:39:33.457824", "MEAN_MOTION": 14.90466931, "ECCENTRICITY": 0.00345375, "INCLINATION": 73.9932, "RA_OF_ASC_NODE": 89.925, "ARG_OF_PERICENTER": 261.3124, "MEAN_ANOMALY": 249.3407, "EPHEMERIS_TYPE": 0, "CLASSIFICATION_TYPE": "U", "NORAD_CAT_ID": 34327, "ELEMENT_SET_NO": 999, "REV_AT_EPOCH": 90116, "BSTAR": 0.0016429904, "MEAN_MOTION_DOT": 0.00016213, "MEAN_MOTION_DDOT": 0}, "tle": {"line1": "1 34327U 93036NZ  26022.61080391  .00016213  00000+0  16430-2 0  9998", "line2": "2 34327  73.9932  89.9250 0034537 261.3124 249.3407 14.90466931901167"}}, "geometry": {"type": "Point", "coordinates": [-86.17036314682174, -21.47134819910001]}}, {"type": "Feature", "properties": {"norad_id": 34340, "name": "COSMOS 2251 DEB", "group": "cosmos-2251-debris", "lat": -35.818483520176926, "lon": 69.45423434034545, "alt_km": 1066.9024381940462, "timestamp": "2026-01-23T21:29:55.108551+00:00", "meta": {"OBJECT_NAME": "COSMOS 2251 DEB", "OBJECT_ID": "1993-036PN", "EPOCH": "2026-01-22T13:13:25.590432", "MEAN_MOTION": 13.79756082, "ECCENTRICITY": 0.02862184, "INCLINATION": 74.0767, "RA_OF_ASC_NODE": 239.8108, "ARG_OF_PERICENTER": 338.6592, "MEAN_ANOMALY": 44.4702, "EPHEMERIS_TYPE": 0, "CLASSIFICATION_TYPE": "U", "NORAD_CAT_ID": 34340, "ELEMENT_SET_NO": 999, "REV_AT_EPOCH": 84831, "BSTAR": 0.0014237372, "MEAN_MOTION_DOT": 1.979e-05, "MEAN_MOTION_DDOT": 0}, "tle": {"line1": "1 34340U 93036PN  26022.55099063  .00001979  00000+0  14237-2 0  9998", "line2": "2 34340  74.0767 239.8108 0286218 338.6592  44.4702 13.79756082848314"}}, "geometry": {"type": "Point", "coordinates": [69.45423434034545, -35.818483520176926]}}, {"type": "Feature", "properties": {"norad_id": 34343, "name": "COSMOS 2251 DEB", "group": "cosmos-2251-debris", "lat": -70.1177878116605, "lon": -44.64760808137621, "alt_km": 649.4398300778648, "timestamp": "2026-01-23T21:29:55.108561+00:00", "meta": {"OBJECT_NAME": "COSMOS 2251 DEB", "OBJECT_ID": "1993-036PR", "EPOCH": "2026-01-22T08:50:06.820800", "MEAN_MOTION": 14.70236305, "ECCENTRICITY": 0.002531, "INCLINATION": 74.0204, "RA_OF_ASC_NODE": 10.7233, "ARG_OF_PERICENTER": 278.3523, "MEAN_ANOMALY": 201.2784, "EPHEMERIS_TYPE": 0, "CLASSIFICATION_TYPE": "U", "NORAD_CAT_ID": 34343, "ELEMENT_SET_NO": 999, "REV_AT_EPOCH": 89327, "BSTAR": 0.0020521168, "MEAN_MOTION_DOT": 0.00012425, "MEAN_MOTION_DDOT": 0}, "tle": {"line1": "1 34343U 93036PR  26022.36813450  .00012425  00000+0  20521-2 0  9995", "line2": "2 34343  74.0204  10.7233 0025310 278.3523 201.2784 14.70236305893277"}}, "geometry": {"type": "Point", "coordinates": [-44.64760808137621, -70.1177878116605]}}, {"type": "Feature", "properties": {"norad_id": 34344, "name": "COSMOS 2251 DEB", "group": "cosmos-2251-debris", "lat": -53.267826100996345, "lon": -122.2891376812929, "alt_km": 739.9977152670053, "timestamp": "2026-01-23T21:29:55.108571+00:00", "meta": {"OBJECT_NAME": "COSMOS 2251 DEB", "OBJECT_ID": "1993-036PS", "EPOCH": "2026-01-22T11:05:17.282976", "MEAN_MOTION": 14.16806055, "ECCENTRICITY": 0.01568866, "INCLINATION": 73.9784, "RA_OF_ASC_NODE": 37.6247, "ARG_OF_PERICENTER": 214.1363, "MEAN_ANOMALY": 271.4277, "EPHEMERIS_TYPE": 0, "CLASSIFICATION_TYPE": "U", "NORAD_CAT_ID": 34344, "ELEMENT_SET_NO": 999, "REV_AT_EPOCH": 86673, "BSTAR": 0.0020716196, "MEAN_MOTION_DOT": 4.656e-05, "MEAN_MOTION_DDOT": 0}, "tle": {"line1": "1 34344U 93036PS  26022.46200559  .00004656  00000+0  20716-2 0  9990", "line2": "2 34344  73.9784  37.6247 0156886 214.1363 271.4277 14.16806055866737"}}, "geometry": {"type": "Point", "coordinates": [-122.2891376812929, -53.267826100996345]}}, {"type": "Feature", "properties": {"norad_id": 34346, "name": "COSMOS 2251 DEB", "group": "cosmos-2251-debris", "lat": -43.81529863932715, "lon": -136.8957360683343, "alt_km": 908.2686988044197, "timestamp": "2026-01-23T21:29:55.108582+00:00", "meta": {"OBJECT_NAME": "COSMOS 2251 DEB", "OBJECT_ID": "1993-036PU", "EPOCH": "2026-01-21T01:49:04.876896", "MEAN_MOTION": 13.99880111, "ECCENTRICITY": 0.02074471, "INCLINATION": 73.9939, "RA_OF_ASC_NODE": 243.9839, "ARG_OF_PERICENTER": 53.6814, "MEAN_ANOMALY": 96.3728, "EPHEMERIS_TYPE": 0, "CLASSIFICATION_TYPE": "U", "NORAD_CAT_ID": 34346, "ELEMENT_SET_NO": 999, "REV_AT_EPOCH": 85960, "BSTAR": 0.0024246979, "MEAN_MOTION_DOT": 4.265e-05, "MEAN_MOTION_DDOT": 0}, "tle": {"line1": "1 34346U 93036PU  26021.07575089  .00004265  00000+0  24247-2 0  9990", "line2": "2 34346  73.9939 243.9839 0207447  53.6814  96.3728 13.99880111859605"}}, "geometry": {"type": "Point", "coordinates": [-136.8957360683343, -43.81529863932715]}}, {"type": "Feature", "properties": {"norad_id": 34383, "name": "COSMOS 2251 DEB", "group": "cosmos-2251-debris", "lat": 2.7275950559246582, "lon": 29.623162406663393, "alt_km": 527.1440128454315, "timestamp": "2026-01-23T21:29:55.108592+00:00", "meta": {"OBJECT_NAME": "COSMOS 2251 DEB", "OBJECT_ID": "1993-036PY", "EPOCH": "2026-01-22T23:13:09.958368", "MEAN_MOTION": 15.14289654, "ECCENTRICITY": 0.00030068, "INCLINATION": 74.0259, "RA_OF_ASC_NODE": 212.3344, "ARG_OF_PERICENTER": 348.9364, "MEAN_ANOMALY": 169.5095, "EPHEMERIS_TYPE": 0, "CLASSIFICATION_TYPE": "U", "NORAD_CAT_ID": 34383, "ELEMENT_SET_NO": 999, "REV_AT_EPOCH": 89736, "BSTAR": 0.0037084814, "MEAN_MOTION_DOT": 0.00068515, "MEAN_MOTION_DDOT": 0}, "tle": {"line1": "1 34383U 93036PY  26022.96747637  .00068515  00000+0  37085-2 0  9992", "line2": "2 34383  74.0259 212.3344 0003006 348.9364 169.5095 15.14289654897368"}}, "geometry": {"type": "Point", "coordinates": [29.623162406663393, 2.7275950559246582]}}, {"type": "Feature", "properties": {"norad_id": 34387, "name": "COSMOS 2251 DEB", "group": "cosmos-2251-debris", "lat": -59.04178907813548, "lon": 105.04316985145113, "alt_km": 744.5071087422493, "timestamp": "2026-01-23T21:29:55.108602+00:00", "meta": {"OBJECT_NAME": "COSMOS 2251 DEB", "OBJECT_ID": "1993-036QC", "EPOCH": "2026-01-21T18:50:21.177312", "MEAN_MOTION": 14.43947261, "ECCENTRICITY": 0.00387787, "INCLINATION": 74.0405, "RA_OF_ASC_NODE": 137.4587, "ARG_OF_PERICENTER": 227.3762, "MEAN_ANOMALY": 261.107, "EPHEMERIS_TYPE": 0, "CLASSIFICATION_TYPE": "U", "NORAD_CAT_ID": 34387, "ELEMENT_SET_NO": 999, "REV_AT_EPOCH": 88759, "BSTAR": 0.00075911314, "MEAN_MOTION_DOT": 2.589e-05, "MEAN_MOTION_DDOT": 0}, "tle": {"line1": "1 34387U 93036QC  26021.78496733  .00002589  00000+0  75911-3 0  9993", "line2": "2 34387  74.0405 137.4587 0038778 227.3762 261.1070 14.43947261887599"}}, "geometry": {"type": "Point", "coordinates": [105.04316985145113, -59.04178907813548]}}, {"type": "Feature", "properties": {"norad_id": 34388, "name": "COSMOS 2251 DEB", "group": "cosmos-2251-debris", "lat": 47.262525618449665, "lon": 162.06938303436584, "alt_km": 729.0811398870519, "timestamp": "2026-01-23T21:29:55.108673+00:00", "meta": {"OBJECT_NAME": "COSMOS 2251 DEB", "OBJECT_ID": "1993-036QD", "EPOCH": "2026-01-22T10:47:55.803552", "MEAN_MOTION": 14.49644579, "ECCENTRICITY": 0.00124713, "INCLINATION": 74.0405, "RA_OF_ASC_NODE": 146.7392, "ARG_OF_PERICENTER": 193.6809, "MEAN_ANOMALY": 233.9695, "EPHEMERIS_TYPE": 0, "CLASSIFICATION_TYPE": "U", "NORAD_CAT_ID": 34388, "ELEMENT_SET_NO": 999, "REV_AT_EPOCH": 88745, "BSTAR": 0.0013471876, "MEAN_MOTION_DOT": 5.16e-05, "MEAN_MOTION_DDOT": 0}, "tle": {"line1": "1 34388U 93036QD  26022.44995143  .00005160  00000+0  13472-2 0  9998", "line2": "2 34388  74.0405 146.7392 0012471 193.6809 233.9695 14.49644579887453"}}, "geometry": {"type": "Point", "coordinates": [162.06938303436584, 47.262525618449665]}}, {"type": "Feature", "properties": {"norad_id": 34389, "name": "COSMOS 2251 DEB", "group": "cosmos-2251-debris", "lat": -43.85459512758597, "lon": 155.65655772367649, "alt_km": 742.2068842199087, "timestamp": "2026-01-23T21:29:55.108686+00:00", "meta": {"OBJECT_NAME": "COSMOS 2251 DEB", "OBJECT_ID": "1993-036QE", "EPOCH": "2026-01-22T21:29:30.488064", "MEAN_MOTION": 14.41649489, "ECCENTRICITY": 0.00303107, "INCLINATION": 74.0186, "RA_OF_ASC_NODE": 173.4936, "ARG_OF_PERICENTER": 278.4732, "MEAN_ANOMALY": 245.9577, "EPHEMERIS_TYPE": 0, "CLASSIFICATION_TYPE": "U", "NORAD_CAT_ID": 34389, "ELEMENT_SET_NO": 999, "REV_AT_EPOCH": 88605, "BSTAR": 0.0007304355, "MEAN_MOTION_DOT": 2.366e-05, "MEAN_MOTION_DDOT": 0}, "tle": {"line1": "1 34389U 93036QE  26022.89549176  .00002366  00000+0  73044-3 0  9996", "line2": "2 34389  74.0186 173.4936 0030310 278.4732 245.9577 14.41649489886054"}}, "geometry": {"type": "Point", "coordinates": [155.65655772367649, -43.85459512758597]}}, {"type": "Feature", "properties": {"norad_id": 34396, "name": "COSMOS 2251 DEB", "group": "cosmos-2251-debris", "lat": -73.9874152421875, "lon": -52.03414676357205, "alt_km": 651.3821536400765, "timestamp": "2026-01-23T21:29:55.108696+00:00", "meta": {"OBJECT_NAME": "COSMOS 2251 DEB", "OBJECT_ID": "1993-036QM", "EPOCH": "2026-01-21T18:22:50.253888", "MEAN_MOTION": 14.7561585, "ECCENTRICITY": 0.00040904, "INCLINATION": 74.0283, "RA_OF_ASC_NODE": 45.7768, "ARG_OF_PERICENTER": 36.3959, "MEAN_ANOMALY": 82.379, "EPHEMERIS_TYPE": 0, "CLASSIFICATION_TYPE": "U", "NORAD_CAT_ID": 34396, "ELEMENT_SET_NO": 999, "REV_AT_EPOCH": 88936, "BSTAR": 0.0034982277, "MEAN_MOTION_DOT": 0.00023932, "MEAN_MOTION_DDOT": 0}, "tle": {"line1": "1 34396U 93036QM  26021.76585942  .00023932  00000+0  34982-2 0  9999", "line2": "2 34396  74.0283  45.7768 0004090  36.3959  82.3790 14.75615850889361"}}, "geometry": {"type": "Point", "coordinates": [-52.03414676357205, -73.9874152421875]}}, {"type": "Feature", "properties": {"norad_id": 34409, "name": "COSMOS 2251 DEB", "group": "cosmos-2251-debris", "lat": 64.80185990225303, "lon": 9.367857087118747, "alt_km": 749.9758485527182, "timestamp": "2026-01-23T21:29:55.108706+00:00", "meta": {"OBJECT_NAME": "COSMOS 2251 DEB", "OBJECT_ID": "1993-036RA", "EPOCH": "2026-01-22T13:50:59.795808", "MEAN_MOTION": 14.58134932, "ECCENTRICITY": 0.00811923, "INCLINATION": 74.0608, "RA_OF_ASC_NODE": 229.2722, "ARG_OF_PERICENTER": 293.6527, "MEAN_ANOMALY": 96.6894, "EPHEMERIS_TYPE": 0, "CLASSIFICATION_TYPE": "U", "NORAD_CAT_ID": 34409, "ELEMENT_SET_NO": 999, "REV_AT_EPOCH": 89788, "BSTAR": 0.00030916202, "MEAN_MOTION_DOT": 1.459e-05, "MEAN_MOTION_DDOT": 0}, "tle": {"line1": "1 34409U 93036RA  26022.57708097  .00001459  00000+0  30916-3 0  9996", "line2": "2 34409  74.0608 229.2722 0081192 293.6527  96.6894 14.58134932897880"}}, "geometry": {"type": "Point", "coordinates": [9.367857087118747, 64.80185990225303]}}, {"type": "Feature", "properties": {"norad_id": 34410, "name": "COSMOS 2251 DEB", "group": "cosmos-2251-debris", "lat": -6.165077537223559, "lon": 169.79155474724902, "alt_km": 481.91379610135573, "timestamp": "2026-01-23T21:29:55.108717+00:00", "meta": {"OBJECT_NAME": "COSMOS 2251 DEB", "OBJECT_ID": "1993-036RB", "EPOCH": "2026-01-22T21:00:27.361152", "MEAN_MOTION": 15.23624182, "ECCENTRICITY": 0.0023574, "INCLINATION": 73.7331, "RA_OF_ASC_NODE": 173.7889, "ARG_OF_PERICENTER": 3.0811, "MEAN_ANOMALY": 155.5127, "EPHEMERIS_TYPE": 0, "CLASSIFICATION_TYPE": "U", "NORAD_CAT_ID": 34410, "ELEMENT_SET_NO": 999, "REV_AT_EPOCH": 90399, "BSTAR": 0.0027059265, "MEAN_MOTION_DOT": 0.00065885, "MEAN_MOTION_DDOT": 0}, "tle": {"line1": "1 34410U 93036RB  26022.87531668  .00065885  00000+0  27059-2 0  9995", "line2": "2 34410  73.7331 173.7889 0023574   3.0811 155.5127 15.23624182903995"}}, "geometry": {"type": "Point", "coordinates": [169.79155474724902, -6.165077537223559]}}, {"type": "Feature", "properties": {"norad_id": 34412, "name": "COSMOS 2251 DEB", "group": "cosmos-2251-debris", "lat": 27.31703145830502, "lon": 56.736377177712576, "alt_km": 865.1114779898198, "timestamp": "2026-01-23T21:29:55.108727+00:00", "meta": {"OBJECT_NAME": "COSMOS 2251 DEB", "OBJECT_ID": "1993-036RD", "EPOCH": "2026-01-22T08:18:48.703392", "MEAN_MOTION": 14.47783183, "ECCENTRICITY": 0.01880797, "INCLINATION": 73.9462, "RA_OF_ASC_NODE": 248.2056, "ARG_OF_PERICENTER": 334.4871, "MEAN_ANOMALY": 24.709, "EPHEMERIS_TYPE": 0, "CLASSIFICATION_TYPE": "U", "NORAD_CAT_ID": 34412, "ELEMENT_SET_NO": 999, "REV_AT_EPOCH": 88238, "BSTAR": 0.0013469134, "MEAN_MOTION_DOT": 6.197e-05, "MEAN_MOTION_DDOT": 0}, "tle": {"line1": "1 34412U 93036RD  26022.34639703  .00006197  00000+0  13469-2 0  9999", "line2": "2 34412  73.9462 248.2056 0188079 334.4871  24.7090 14.47783183882384"}}, "geometry": {"type": "Point", "coordinates": [56.736377177712576, 27.31703145830502]}}, {"type": "Feature", "properties": {"norad_id": 34413, "name": "COSMOS 2251 DEB", "group": "cosmos-2251-debris", "lat": 40.18477385634668, "lon": -157.7076081134495, "alt_km": 843.7180867485431, "timestamp": "2026-01-23T21:29:55.108737+00:00", "meta": {"OBJECT_NAME": "COSMOS 2251 DEB", "OBJECT_ID": "1993-036RE", "EPOCH": "2026-01-21T21:11:45.921696", "MEAN_MOTION": 14.29414672, "ECCENTRICITY": 0.00907631, "INCLINATION": 74.0301, "RA_OF_ASC_NODE": 191.9517, "ARG_OF_PERICENTER": 260.6038, "MEAN_ANOMALY": 228.426, "EPHEMERIS_TYPE": 0, "CLASSIFICATION_TYPE": "U", "NORAD_CAT_ID": 34413, "ELEMENT_SET_NO": 999, "REV_AT_EPOCH": 87704, "BSTAR": 0.0026228142, "MEAN_MOTION_DOT": 6.974e-05, "MEAN_MOTION_DDOT": 0}, "tle": {"line1": "1 34413U 93036RE  26021.88317039  .00006974  00000+0  26228-2 0  9993", "line2": "2 34413  74.0301 191.9517 0090763 260.6038 228.4260 14.29414672877045"}}, "geometry": {"type": "Point", "coordinates": [-157.7076081134495, 40.18477385634668]}}, {"type": "Feature", "properties": {"norad_id": 34420, "name": "COSMOS 2251 DEB", "group": "cosmos-2251-debris", "lat": -54.11579679934156, "lon": -0.9065913633804356, "alt_km": 745.2051714673808, "timestamp": "2026-01-23T21:29:55.108747+00:00", "meta": {"OBJECT_NAME": "COSMOS 2251 DEB", "OBJECT_ID": "1993-036RM", "EPOCH": "2026-01-22T22:59:26.164608", "MEAN_MOTION": 14.68413406, "ECCENTRICITY": 0.01044649, "INCLINATION": 74.0325, "RA_OF_ASC_NODE": 24.221, "ARG_OF_PERICENTER": 134.8856, "MEAN_ANOMALY": 251.9194, "EPHEMERIS_TYPE": 0, "CLASSIFICATION_TYPE": "U", "NORAD_CAT_ID": 34420, "ELEMENT_SET_NO": 999, "REV_AT_EPOCH": 90375, "BSTAR": 0.00023469464, "MEAN_MOTION_DOT": 1.441e-05, "MEAN_MOTION_DDOT": 0}, "tle": {"line1": "1 34420U 93036RM  26022.95794172  .00001441  00000+0  23469-3 0  9996", "line2": "2 34420  74.0325  24.2210 0104464 134.8856 251.9194 14.68413406903753"}}, "geometry": {"type": "Point", "coordinates": [-0.9065913633804356, -54.11579679934156]}}, {"type": "Feature", "properties": {"norad_id": 34425, "name": "COSMOS 2251 DEB", "group": "cosmos-2251-debris", "lat": -6.545993924248869, "lon": 155.58043684676855, "alt_km": 691.7920674609486, "timestamp": "2026-01-23T21:29:55.108757+00:00", "meta": {"OBJECT_NAME": "COSMOS 2251 DEB", "OBJECT_ID": "1993-036RS", "EPOCH": "2026-01-22T06:53:22.200864", "MEAN_MOTION": 14.62429739, "ECCENTRICITY": 0.00237538, "INCLINATION": 74.0211, "RA_OF_ASC_NODE": 336.7794, "ARG_OF_PERICENTER": 89.5596, "MEAN_ANOMALY": 270.8293, "EPHEMERIS_TYPE": 0, "CLASSIFICATION_TYPE": "U", "NORAD_CAT_ID": 34425, "ELEMENT_SET_NO": 999, "REV_AT_EPOCH": 89333, "BSTAR": 0.0010480186, "MEAN_MOTION_DOT": 5.3e-05, "MEAN_MOTION_DDOT": 0}, "tle": {"line1": "1 34425U 93036RS  26022.28706251  .00005300  00000+0  10480-2 0  9994", "line2": "2 34425  74.0211 336.7794 0023753  89.5596 270.8293 14.62429739893330"}}, "geometry": {"type": "Point", "coordinates": [155.58043684676855, -6.545993924248869]}}, {"type": "Feature", "properties": {"norad_id": 34429, "name": "COSMOS 2251 DEB", "group": "cosmos-2251-debris", "lat": -30.395641933698435, "lon": -96.1597669436243, "alt_km": 317.7149136000371, "timestamp": "2026-01-23T21:29:55.108768+00:00", "meta": {"OBJECT_NAME": "COSMOS 2251 DEB", "OBJECT_ID": "1993-036RW", "EPOCH": "2026-01-22T11:16:59.220768", "MEAN_MOTION": 15.83064074, "ECCENTRICITY": 0.00173665, "INCLINATION": 73.953, "RA_OF_ASC_NODE": 77.4294, "ARG_OF_PERICENTER": 320.6608, "MEAN_ANOMALY": 39.3359, "EPHEMERIS_TYPE": 0, "CLASSIFICATION_TYPE": "U", "NORAD_CAT_ID": 34429, "ELEMENT_SET_NO": 999, "REV_AT_EPOCH": 90082, "BSTAR": 0.0063528829, "MEAN_MOTION_DOT": 0.01551141, "MEAN_MOTION_DDOT": 0}, "tle": {"line1": "1 34429U 93036RW  26022.47012987  .01551141  00000+0  63529-2 0  9997", "line2": "2 34429  73.9530  77.4294 0017366 320.6608  39.3359 15.83064074900821"}}, "geometry": {"type": "Point", "coordinates": [-96.1597669436243, -30.395641933698435]}}, {"type": "Feature", "properties": {"norad_id": 34430, "name": "COSMOS 2251 DEB", "group": "cosmos-2251-debris", "lat": 32.8743195677699, "lon": 34.92310704003656, "alt_km": 790.6527085042298, "timestamp": "2026-01-23T21:29:55.108778+00:00", "meta": {"OBJECT_NAME": "COSMOS 2251 DEB", "OBJECT_ID": "1993-036RX", "EPOCH": "2026-01-22T23:08:27.252384", "MEAN_MOTION": 14.39765781, "ECCENTRICITY": 0.00614459, "INCLINATION": 74.0494, "RA_OF_ASC_NODE": 227.2935, "ARG_OF_PERICENTER": 288.0057, "MEAN_ANOMALY": 71.4407, "EPHEMERIS_TYPE": 0, "CLASSIFICATION_TYPE": "U", "NORAD_CAT_ID": 34430, "ELEMENT_SET_NO": 999, "REV_AT_EPOCH": 88548, "BSTAR": 0.00061039641, "MEAN_MOTION_DOT": 1.93e-05, "MEAN_MOTION_DDOT": 0}, "tle": {"line1": "1 34430U 93036RX  26022.96420431  .00001930  00000+0  61040-3 0  9992", "line2": "2 34430  74.0494 227.2935 0061445 288.0057  71.4407 14.39765781885481"}}, "geometry": {"type": "Point", "coordinates": [34.92310704003656, 32.8743195677699]}}, {"type": "Feature", "properties": {"norad_id": 34431, "name": "COSMOS 2251 DEB", "group": "cosmos-2251-debris", "lat": -23.67226727634397, "lon": -73.9222281400305, "alt_km": 831.9913927419002, "timestamp": "2026-01-23T21:29:55.108788+00:00", "meta": {"OBJECT_NAME": "COSMOS 2251 DEB", "OBJECT_ID": "1993-036RY", "EPOCH": "2026-01-22T05:54:18.347616", "MEAN_MOTION": 14.28941643, "ECCENTRICITY": 0.0066267, "INCLINATION": 74.075, "RA_OF_ASC_NODE": 101.8733, "ARG_OF_PERICENTER": 75.9728, "MEAN_ANOMALY": 284.8776, "EPHEMERIS_TYPE": 0, "CLASSIFICATION_TYPE": "U", "NORAD_CAT_ID": 34431, "ELEMENT_SET_NO": 999, "REV_AT_EPOCH": 87721, "BSTAR": 0.0010106, "MEAN_MOTION_DOT": 2.59e-05, "MEAN_MOTION_DDOT": 0}, "tle": {"line1": "1 34431U 93036RY  26022.24604569  .00002590  00000+0  10106-2 0  9999", "line2": "2 34431  74.0750 101.8733 0066267  75.9728 284.8776 14.28941643877217"}}, "geometry": {"type": "Point", "coordinates": [-73.9222281400305, -23.67226727634397]}}, {"type": "Feature", "properties": {"norad_id": 34432, "name": "COSMOS 2251 DEB", "group": "cosmos-2251-debris", "lat": -64.47374257450255, "lon": -114.53583549896639, "alt_km": 998.0261862907246, "timestamp": "2026-01-23T21:29:55.108799+00:00", "meta": {"OBJECT_NAME": "COSMOS 2251 DEB", "OBJECT_ID": "1993-036RZ", "EPOCH": "2026-01-22T23:56:02.309280", "MEAN_MOTION": 14.03053591, "ECCENTRICITY": 0.01788353, "INCLINATION": 73.8279, "RA_OF_ASC_NODE": 29.6265, "ARG_OF_PERICENTER": 104.9031, "MEAN_ANOMALY": 287.1867, "EPHEMERIS_TYPE": 0, "CLASSIFICATION_TYPE": "U", "NORAD_CAT_ID": 34432, "ELEMENT_SET_NO": 999, "REV_AT_EPOCH": 86263, "BSTAR": 0.0010099319, "MEAN_MOTION_DOT": 1.784e-05, "MEAN_MOTION_DDOT": 0}, "tle": {"line1": "1 34432U 93036RZ  26022.99724895  .00001784  00000+0  10099-2 0  9992", "line2": "2 34432  73.8279  29.6265 0178835 104.9031 287.1867 14.03053591862639"}}, "geometry": {"type": "Point", "coordinates": [-114.53583549896639, -64.47374257450255]}}, {"type": "Feature", "properties": {"norad_id": 34433, "name": "COSMOS 2251 DEB", "group": "cosmos-2251-debris", "lat": -8.111554529014622, "lon": 77.91289163437666, "alt_km": 938.1341528525418, "timestamp": "2026-01-23T21:29:55.108808+00:00", "meta": {"OBJECT_NAME": "COSMOS 2251 DEB", "OBJECT_ID": "1993-036SA", "EPOCH": "2026-01-22T04:45:53.456832", "MEAN_MOTION": 14.13202, "ECCENTRICITY": 0.0151823, "INCLINATION": 74.0095, "RA_OF_ASC_NODE": 83.2619, "ARG_OF_PERICENTER": 212.7487, "MEAN_ANOMALY": 146.4175, "EPHEMERIS_TYPE": 0, "CLASSIFICATION_TYPE": "U", "NORAD_CAT_ID": 34433, "ELEMENT_SET_NO": 999, "REV_AT_EPOCH": 86521, "BSTAR": 0.0030681, "MEAN_MOTION_DOT": 6.388e-05, "MEAN_MOTION_DDOT": 0}, "tle": {"line1": "1 34433U 93036SA  26022.19853538  .00006388  00000+0  30681-2 0  9996", "line2": "2 34433  74.0095  83.2619 0151823 212.7487 146.4175 14.13202000865217"}}, "geometry": {"type": "Point", "coordinates": [77.91289163437666, -8.111554529014622]}}, {"type": "Feature", "properties": {"norad_id": 34434, "name": "COSMOS 2251 DEB", "group": "cosmos-2251-debris", "lat": -15.277558040139416, "lon": -66.06955638054696, "alt_km": 895.3596108873671, "timestamp": "2026-01-23T21:29:55.108819+00:00", "meta": {"OBJECT_NAME": "COSMOS 2251 DEB", "OBJECT_ID": "1993-036SB", "EPOCH": "2026-01-22T21:56:11.053248", "MEAN_MOTION": 13.90190428, "ECCENTRICITY": 0.02748927, "INCLINATION": 74.0612, "RA_OF_ASC_NODE": 300.0777, "ARG_OF_PERICENTER": 67.0873, "MEAN_ANOMALY": 48.6749, "EPHEMERIS_TYPE": 0, "CLASSIFICATION_TYPE": "U", "NORAD_CAT_ID": 34434, "ELEMENT_SET_NO": 999, "REV_AT_EPOCH": 84538, "BSTAR": 0.0074976499, "MEAN_MOTION_DOT": 0.00012579, "MEAN_MOTION_DDOT": 0}, "tle": {"line1": "1 34434U 93036SB  26022.91401682  .00012579  00000+0  74976-2 0  9990", "line2": "2 34434  74.0612 300.0777 0274892  67.0873  48.6749 13.90190428845380"}}, "geometry": {"type": "Point", "coordinates": [-66.06955638054696, -15.277558040139416]}}, {"type": "Feature", "properties": {"norad_id": 34446, "name": "COSMOS 2251 DEB", "group": "cosmos-2251-debris", "lat": -2.5466373604773955, "lon": 158.95089296871458, "alt_km": 722.8876044005247, "timestamp": "2026-01-23T21:29:55.108829+00:00", "meta": {"OBJECT_NAME": "COSMOS 2251 DEB", "OBJECT_ID": "1993-036SP", "EPOCH": "2026-01-22T13:11:25.023552", "MEAN_MOTION": 14.49403058, "ECCENTRICITY": 0.00495771, "INCLINATION": 74.0429, "RA_OF_ASC_NODE": 340.7452, "ARG_OF_PERICENTER": 107.6662, "MEAN_ANOMALY": 252.992, "EPHEMERIS_TYPE": 0, "CLASSIFICATION_TYPE": "U", "NORAD_CAT_ID": 34446, "ELEMENT_SET_NO": 999, "REV_AT_EPOCH": 89285, "BSTAR": 0.00025591309, "MEAN_MOTION_DOT": 9.66e-06, "MEAN_MOTION_DDOT": 0}, "tle": {"line1": "1 34446U 93036SP  26022.54959518  .00000966  00000+0  25591-3 0  9995", "line2": "2 34446  74.0429 340.7452 0049577 107.6662 252.9920 14.49403058892853"}}, "geometry": {"type": "Point", "coordinates": [158.95089296871458, -2.5466373604773955]}}, {"type": "Feature", "properties": {"norad_id": 34449, "name": "COSMOS 2251 DEB", "group": "cosmos-2251-debris", "lat": -53.48497084643066, "lon": -171.8960947378544, "alt_km": 591.3863866765805, "timestamp": "2026-01-23T21:29:55.108839+00:00", "meta": {"OBJECT_NAME": "COSMOS 2251 DEB", "OBJECT_ID": "1993-036SS", "EPOCH": "2026-01-22T08:14:47.798592", "MEAN_MOTION": 14.97873216, "ECCENTRICITY": 0.0023197, "INCLINATION": 74.0331, "RA_OF_ASC_NODE": 348.4969, "ARG_OF_PERICENTER": 17.1742, "MEAN_ANOMALY": 132.949, "EPHEMERIS_TYPE": 0, "CLASSIFICATION_TYPE": "U", "NORAD_CAT_ID": 34449, "ELEMENT_SET_NO": 999, "REV_AT_EPOCH": 89300, "BSTAR": 0.0043206, "MEAN_MOTION_DOT": 0.00051478, "MEAN_MOTION_DDOT": 0}, "tle": {"line1": "1 34449U 93036SS  26022.34360878  .00051478  00000+0  43206-2 0  9997", "line2": "2 34449  74.0331 348.4969 0023197  17.1742 132.9490 14.97873216893007"}}, "geometry": {"type": "Point", "coordinates": [-171.8960947378544, -53.48497084643066]}}, {"type": "Feature", "properties": {"norad_id": 34451, "name": "COSMOS 2251 DEB", "group": "cosmos-2251-debris", "lat": -31.067154342131328, "lon": -7.290790063438048, "alt_km": 562.4301525880282, "timestamp": "2026-01-23T21:29:55.108849+00:00", "meta": {"OBJECT_NAME": "COSMOS 2251 DEB", "OBJECT_ID": "1993-036SU", "EPOCH": "2026-01-22T08:47:56.374944", "MEAN_MOTION": 14.98780288, "ECCENTRICITY": 0.00246642, "INCLINATION": 74.0468, "RA_OF_ASC_NODE": 5.7318, "ARG_OF_PERICENTER": 9.6755, "MEAN_ANOMALY": 350.49, "EPHEMERIS_TYPE": 0, "CLASSIFICATION_TYPE": "U", "NORAD_CAT_ID": 34451, "ELEMENT_SET_NO": 999, "REV_AT_EPOCH": 89243, "BSTAR": 0.0045236439, "MEAN_MOTION_DOT": 0.0005525, "MEAN_MOTION_DDOT": 0}, "tle": {"line1": "1 34451U 93036SU  26022.36662471  .00055250  00000+0  45236-2 0  9993", "line2": "2 34451  74.0468   5.7318 0024664   9.6755 350.4900 14.98780288892438"}}, "geometry": {"type": "Point", "coordinates": [-7.290790063438048, -31.067154342131328]}}, {"type": "Feature", "properties": {"norad_id": 34452, "name": "COSMOS 2251 DEB", "group": "cosmos-2251-debris", "lat": -53.18075151421512, "lon": -62.06156179898719, "alt_km": 521.2168314834598, "timestamp": "2026-01-23T21:29:55.108860+00:00", "meta": {"OBJECT_NAME": "COSMOS 2251 DEB", "OBJECT_ID": "1993-036SV", "EPOCH": "2026-01-22T06:39:45.480672", "MEAN_MOTION": 15.1330919, "ECCENTRICITY": 0.0059462, "INCLINATION": 74.0311, "RA_OF_ASC_NODE": 98.806, "ARG_OF_PERICENTER": 165.8529, "MEAN_ANOMALY": 257.787, "EPHEMERIS_TYPE": 0, "CLASSIFICATION_TYPE": "U", "NORAD_CAT_ID": 34452, "ELEMENT_SET_NO": 999, "REV_AT_EPOCH": 91275, "BSTAR": 0.0010213, "MEAN_MOTION_DOT": 0.00019006, "MEAN_MOTION_DDOT": 0}, "tle": {"line1": "1 34452U 93036SV  26022.27760973  .00019006  00000+0  10213-2 0  9996", "line2": "2 34452  74.0311  98.8060 0059462 165.8529 257.7870 15.13309190912751"}}, "geometry": {"type": "Point", "coordinates": [-62.06156179898719, -53.18075151421512]}}, {"type": "Feature", "properties": {"norad_id": 34454, "name": "COSMOS 2251 DEB", "group": "cosmos-2251-debris", "lat": -73.77567430693526, "lon": 99.22712949649781, "alt_km": 743.9693224085458, "timestamp": "2026-01-23T21:29:55.108870+00:00", "meta": {"OBJECT_NAME": "COSMOS 2251 DEB", "OBJECT_ID": "1993-036SX", "EPOCH": "2026-01-22T12:33:21.510432", "MEAN_MOTION": 14.3887638, "ECCENTRICITY": 0.00361196, "INCLINATION": 74.0566, "RA_OF_ASC_NODE": 202.5244, "ARG_OF_PERICENTER": 257.4649, "MEAN_ANOMALY": 102.2464, "EPHEMERIS_TYPE": 0, "CLASSIFICATION_TYPE": "U", "NORAD_CAT_ID": 34454, "ELEMENT_SET_NO": 999, "REV_AT_EPOCH": 88654, "BSTAR": 0.00040016258, "MEAN_MOTION_DOT": 1.215e-05, "MEAN_MOTION_DDOT": 0}, "tle": {"line1": "1 34454U 93036SX  26022.52316563  .00001215  00000+0  40016-3 0  9996", "line2": "2 34454  74.0566 202.5244 0036119 257.4649 102.2464 14.38876380886544"}}, "geometry": {"type": "Point", "coordinates": [99.22712949649781, -73.77567430693526]}}, {"type": "Feature", "properties": {"norad_id": 34459, "name": "COSMOS 2251 DEB", "group": "cosmos-2251-debris", "lat": -34.14394142443521, "lon": 12.343905628448466, "alt_km": 771.4100488079102, "timestamp": "2026-01-23T21:29:55.108881+00:00", "meta": {"OBJECT_NAME": "COSMOS 2251 DEB", "OBJECT_ID": "1993-036TC", "EPOCH": "2026-01-22T20:27:32.480928", "MEAN_MOTION": 14.00571918, "ECCENTRICITY": 0.0191943, "INCLINATION": 74.0779, "RA_OF_ASC_NODE": 182.9847, "ARG_OF_PERICENTER": 243.3998, "MEAN_ANOMALY": 114.7358, "EPHEMERIS_TYPE": 0, "CLASSIFICATION_TYPE": "U", "NORAD_CAT_ID": 34459, "ELEMENT_SET_NO": 999, "REV_AT_EPOCH": 86287, "BSTAR": 0.00083906738, "MEAN_MOTION_DOT": 1.438e-05, "MEAN_MOTION_DDOT": 0}, "tle": {"line1": "1 34459U 93036TC  26022.85245927  .00001438  00000+0  83907-3 0  9995", "line2": "2 34459  74.0779 182.9847 0191943 243.3998 114.7358 14.00571918862871"}}, "geometry": {"type": "Point", "coordinates": [12.343905628448466, -34.14394142443521]}}, {"type": "Feature", "properties": {"norad_id": 34464, "name": "COSMOS 2251 DEB", "group": "cosmos-2251-debris", "lat": -66.96443764949193, "lon": -54.296680011469796, "alt_km": 473.62825379520837, "timestamp": "2026-01-23T21:29:55.108891+00:00", "meta": {"OBJECT_NAME": "COSMOS 2251 DEB", "OBJECT_ID": "1993-036TH", "EPOCH": "2026-01-22T20:47:20.804928", "MEAN_MOTION": 15.3479053, "ECCENTRICITY": 0.00122507, "INCLINATION": 73.9879, "RA_OF_ASC_NODE": 350.4002, "ARG_OF_PERICENTER": 154.4387, "MEAN_ANOMALY": 205.7426, "EPHEMERIS_TYPE": 0, "CLASSIFICATION_TYPE": "U", "NORAD_CAT_ID": 34464, "ELEMENT_SET_NO": 999, "REV_AT_EPOCH": 90469, "BSTAR": 0.0033069192, "MEAN_MOTION_DOT": 0.00113489, "MEAN_MOTION_DDOT": 0}, "tle": {"line1": "1 34464U 93036TH  26022.86621302  .00113489  00000+0  33069-2 0  9990", "line2": "2 34464  73.9879 350.4002 0012250 154.4387 205.7426 15.34790530904693"}}, "geometry": {"type": "Point", "coordinates": [-54.296680011469796, -66.96443764949193]}}, {"type": "Feature", "properties": {"norad_id": 34468, "name": "COSMOS 2251 DEB", "group": "cosmos-2251-debris", "lat": 9.402325641494537, "lon": -144.50385177680047, "alt_km": 681.1523611145521, "timestamp": "2026-01-23T21:29:55.108902+00:00", "meta": {"OBJECT_NAME": "COSMOS 2251 DEB", "OBJECT_ID": "1993-036TM", "EPOCH": "2026-01-22T19:50:21.066144", "MEAN_MOTION": 14.47743142, "ECCENTRICITY": 0.00749613, "INCLINATION": 74.0121, "RA_OF_ASC_NODE": 40.22, "ARG_OF_PERICENTER": 176.3675, "MEAN_ANOMALY": 183.8045, "EPHEMERIS_TYPE": 0, "CLASSIFICATION_TYPE": "U", "NORAD_CAT_ID": 34468, "ELEMENT_SET_NO": 999, "REV_AT_EPOCH": 89056, "BSTAR": 0.00042085992, "MEAN_MOTION_DOT": 1.582e-05, "MEAN_MOTION_DDOT": 0}, "tle": {"line1": "1 34468U 93036TM  26022.82663271  .00001582  00000+0  42086-3 0  9991", "line2": "2 34468  74.0121  40.2200 0074961 176.3675 183.8045 14.47743142890566"}}, "geometry": {"type": "Point", "coordinates": [-144.50385177680047, 9.402325641494537]}}, {"type": "Feature", "properties": {"norad_id": 34472, "name": "COSMOS 2251 DEB", "group": "cosmos-2251-debris", "lat": -8.001251457183047, "lon": 26.50681722393725, "alt_km": 1224.346344821919, "timestamp": "2026-01-23T21:29:55.108912+00:00", "meta": {"OBJECT_NAME": "COSMOS 2251 DEB", "OBJECT_ID": "1993-036TR", "EPOCH": "2026-01-22T10:30:09.696672", "MEAN_MOTION": 13.7045485, "ECCENTRICITY": 0.03262905, "INCLINATION": 74.0837, "RA_OF_ASC_NODE": 31.2032, "ARG_OF_PERICENTER": 153.0471, "MEAN_ANOMALY": 208.8024, "EPHEMERIS_TYPE": 0, "CLASSIFICATION_TYPE": "U", "NORAD_CAT_ID": 34472, "ELEMENT_SET_NO": 999, "REV_AT_EPOCH": 84284, "BSTAR": 0.0017925585, "MEAN_MOTION_DOT": 2.291e-05, "MEAN_MOTION_DDOT": 0}, "tle": {"line1": "1 34472U 93036TR  26022.43761223  .00002291  00000+0  17926-2 0  9991", "line2": "2 34472  74.0837  31.2032 0326290 153.0471 208.8024 13.70454850842842"}}, "geometry": {"type": "Point", "coordinates": [26.50681722393725, -8.001251457183047]}}, {"type": "Feature", "properties": {"norad_id": 34474, "name": "COSMOS 2251 DEB", "group": "cosmos-2251-debris", "lat": -37.22692463930282, "lon": 85.08773170681974, "alt_km": 893.5908763643738, "timestamp": "2026-01-23T21:29:55.108922+00:00", "meta": {"OBJECT_NAME": "COSMOS 2251 DEB", "OBJECT_ID": "1993-036TT", "EPOCH": "2026-01-21T02:37:04.994112", "MEAN_MOTION": 14.06799185, "ECCENTRICITY": 0.01997388, "INCLINATION": 74.0764, "RA_OF_ASC_NODE": 257.427, "ARG_OF_PERICENTER": 322.479, "MEAN_ANOMALY": 190.8504, "EPHEMERIS_TYPE": 0, "CLASSIFICATION_TYPE": "U", "NORAD_CAT_ID": 34474, "ELEMENT_SET_NO": 999, "REV_AT_EPOCH": 86062, "BSTAR": 0.0043592392, "MEAN_MOTION_DOT": 8.675e-05, "MEAN_MOTION_DDOT": 0}, "tle": {"line1": "1 34474U 93036TT  26021.10908558  .00008675  00000+0  43592-2 0  9990", "line2": "2 34474  74.0764 257.4270 0199738 322.4790 190.8504 14.06799185860622"}}, "geometry": {"type": "Point", "coordinates": [85.08773170681974, -37.22692463930282]}}, {"type": "Feature", "properties": {"norad_id": 34476, "name": "COSMOS 2251 DEB", "group": "cosmos-2251-debris", "lat": 68.59119679534389, "lon": 144.3984979837388, "alt_km": 1053.4627299253407, "timestamp": "2026-01-23T21:29:55.108933+00:00", "meta": {"OBJECT_NAME": "COSMOS 2251 DEB", "OBJECT_ID": "1993-036TV", "EPOCH": "2026-01-22T22:23:32.423424", "MEAN_MOTION": 13.82592604, "ECCENTRICITY": 0.03211675, "INCLINATION": 74.0069, "RA_OF_ASC_NODE": 13.0322, "ARG_OF_PERICENTER": 224.5452, "MEAN_ANOMALY": 132.945, "EPHEMERIS_TYPE": 0, "CLASSIFICATION_TYPE": "U", "NORAD_CAT_ID": 34476, "ELEMENT_SET_NO": 999, "REV_AT_EPOCH": 84207, "BSTAR": 0.0027946057, "MEAN_MOTION_DOT": 4.481e-05, "MEAN_MOTION_DDOT": 0}, "tle": {"line1": "1 34476U 93036TV  26022.93301416  .00004481  00000+0  27946-2 0  9990", "line2": "2 34476  74.0069  13.0322 0321167 224.5452 132.9450 13.82592604842072"}}, "geometry": {"type": "Point", "coordinates": [144.3984979837388, 68.59119679534389]}}, {"type": "Feature", "properties": {"norad_id": 34477, "name": "COSMOS 2251 DEB", "group": "cosmos-2251-debris", "lat": 9.416137478177154, "lon": 166.4157239969726, "alt_km": 650.6345828133572, "timestamp": "2026-01-23T21:29:55.108944+00:00", "meta": {"OBJECT_NAME": "COSMOS 2251 DEB", "OBJECT_ID": "1993-036TW", "EPOCH": "2026-01-22T09:12:39.217536", "MEAN_MOTION": 14.5717945, "ECCENTRICITY": 0.00748649, "INCLINATION": 73.9801, "RA_OF_ASC_NODE": 352.0278, "ARG_OF_PERICENTER": 170.487, "MEAN_ANOMALY": 351.0965, "EPHEMERIS_TYPE": 0, "CLASSIFICATION_TYPE": "U", "NORAD_CAT_ID": 34477, "ELEMENT_SET_NO": 999, "REV_AT_EPOCH": 89217, "BSTAR": 0.00093323729, "MEAN_MOTION_DOT": 4.348e-05, "MEAN_MOTION_DDOT": 0}, "tle": {"line1": "1 34477U 93036TW  26022.38378724  .00004348  00000+0  93324-3 0  9992", "line2": "2 34477  73.9801 352.0278 0074864 170.4870 351.0965 14.57179450892177"}}, "geometry": {"type": "Point", "coordinates": [166.4157239969726, 9.416137478177154]}}, {"type": "Feature", "properties": {"norad_id": 34478, "name": "COSMOS 2251 DEB", "group": "cosmos-2251-debris", "lat": -36.97319905308618, "lon": 112.2732428257515, "alt_km": 533.4700199937388, "timestamp": "2026-01-23T21:29:55.108954+00:00", "meta": {"OBJECT_NAME": "COSMOS 2251 DEB", "OBJECT_ID": "1993-036TX", "EPOCH": "2026-01-22T21:16:51.898656", "MEAN_MOTION": 15.12999258, "ECCENTRICITY": 0.00332945, "INCLINATION": 74.0407, "RA_OF_ASC_NODE": 281.9231, "ARG_OF_PERICENTER": 129.041, "MEAN_ANOMALY": 355.1958, "EPHEMERIS_TYPE": 0, "CLASSIFICATION_TYPE": "U", "NORAD_CAT_ID": 34478, "ELEMENT_SET_NO": 999, "REV_AT_EPOCH": 89594, "BSTAR": 0.0031463628, "MEAN_MOTION_DOT": 0.00056712, "MEAN_MOTION_DDOT": 0}, "tle": {"line1": "1 34478U 93036TX  26022.88671179  .00056712  00000+0  31464-2 0  9996", "line2": "2 34478  74.0407 281.9231 0033294 129.0410 355.1958 15.12999258895946"}}, "geometry": {"type": "Point", "coordinates": [112.2732428257515, -36.97319905308618]}}, {"type": "Feature", "properties": {"norad_id": 34481, "name": "COSMOS 2251 DEB", "group": "cosmos-2251-debris", "lat": -73.51985693846726, "lon": -127.6055212216542, "alt_km": 817.4916938988172, "timestamp": "2026-01-23T21:29:55.108965+00:00", "meta": {"OBJECT_NAME": "COSMOS 2251 DEB", "OBJECT_ID": "1993-036UA", "EPOCH": "2026-01-22T14:55:16.657248", "MEAN_MOTION": 14.32726551, "ECCENTRICITY": 0.00685391, "INCLINATION": 73.9818, "RA_OF_ASC_NODE": 338.5464, "ARG_OF_PERICENTER": 143.7276, "MEAN_ANOMALY": 32.9937, "EPHEMERIS_TYPE": 0, "CLASSIFICATION_TYPE": "U", "NORAD_CAT_ID": 34481, "ELEMENT_SET_NO": 999, "REV_AT_EPOCH": 88034, "BSTAR": 0.001070354, "MEAN_MOTION_DOT": 2.966e-05, "MEAN_MOTION_DDOT": 0}, "tle": {"line1": "1 34481U 93036UA  26022.62172057  .00002966  00000+0  10704-2 0  9999", "line2": "2 34481  73.9818 338.5464 0068539 143.7276  32.9937 14.32726551880344"}}, "geometry": {"type": "Point", "coordinates": [-127.6055212216542, -73.51985693846726]}}, {"type": "Feature", "properties": {"norad_id": 34482, "name": "COSMOS 2251 DEB", "group": "cosmos-2251-debris", "lat": -56.15031673582599, "lon": 116.63377114813001, "alt_km": 673.6472318697324, "timestamp": "2026-01-23T21:29:55.108975+00:00", "meta": {"OBJECT_NAME": "COSMOS 2251 DEB", "OBJECT_ID": "1993-036UB", "EPOCH": "2026-01-22T18:42:16.577856", "MEAN_MOTION": 14.70410646, "ECCENTRICITY": 0.00418358, "INCLINATION": 74.0364, "RA_OF_ASC_NODE": 144.063, "ARG_OF_PERICENTER": 198.1582, "MEAN_ANOMALY": 314.3258, "EPHEMERIS_TYPE": 0, "CLASSIFICATION_TYPE": "U", "NORAD_CAT_ID": 34482, "ELEMENT_SET_NO": 999, "REV_AT_EPOCH": 88790, "BSTAR": 0.0029491616, "MEAN_MOTION_DOT": 0.00018112, "MEAN_MOTION_DDOT": 0}, "tle": {"line1": "1 34482U 93036UB  26022.77935854  .00018112  00000+0  29492-2 0  9992", "line2": "2 34482  74.0364 144.0630 0041835 198.1582 314.3258 14.70410646887901"}}, "geometry": {"type": "Point", "coordinates": [116.63377114813001, -56.15031673582599]}}, {"type": "Feature", "properties": {"norad_id": 34544, "name": "COSMOS 2251 DEB", "group": "cosmos-2251-debris", "lat": 20.82058036943828, "lon": 142.08394090745776, "alt_km": 1248.9047973704573, "timestamp": "2026-01-23T21:29:55.108986+00:00", "meta": {"OBJECT_NAME": "COSMOS 2251 DEB", "OBJECT_ID": "1993-036UE", "EPOCH": "2026-01-20T08:29:51.017280", "MEAN_MOTION": 13.54747808, "ECCENTRICITY": 0.03821141, "INCLINATION": 73.9161, "RA_OF_ASC_NODE": 141.5174, "ARG_OF_PERICENTER": 163.0192, "MEAN_ANOMALY": 235.0148, "EPHEMERIS_TYPE": 0, "CLASSIFICATION_TYPE": "U", "NORAD_CAT_ID": 34544, "ELEMENT_SET_NO": 999, "REV_AT_EPOCH": 83405, "BSTAR": 0.0013814171, "MEAN_MOTION_DOT": 1.491e-05, "MEAN_MOTION_DDOT": 0}, "tle": {"line1": "1 34544U 93036UE  26020.35406270  .00001491  00000+0  13814-2 0  9991", "line2": "2 34544  73.9161 141.5174 0382114 163.0192 235.0148 13.54747808834053"}}, "geometry": {"type": "Point", "coordinates": [142.08394090745776, 20.82058036943828]}}, {"type": "Feature", "properties": {"norad_id": 34546, "name": "COSMOS 2251 DEB", "group": "cosmos-2251-debris", "lat": 58.40991696221308, "lon": -161.6772772696676, "alt_km": 749.5430824756841, "timestamp": "2026-01-23T21:29:55.108996+00:00", "meta": {"OBJECT_NAME": "COSMOS 2251 DEB", "OBJECT_ID": "1993-036UG", "EPOCH": "2026-01-22T03:56:10.907232", "MEAN_MOTION": 14.45622117, "ECCENTRICITY": 0.00219431, "INCLINATION": 74.0309, "RA_OF_ASC_NODE": 173.8003, "ARG_OF_PERICENTER": 243.4274, "MEAN_ANOMALY": 170.1175, "EPHEMERIS_TYPE": 0, "CLASSIFICATION_TYPE": "U", "NORAD_CAT_ID": 34546, "ELEMENT_SET_NO": 999, "REV_AT_EPOCH": 88610, "BSTAR": 0.0013088833, "MEAN_MOTION_DOT": 4.616e-05, "MEAN_MOTION_DDOT": 0}, "tle": {"line1": "1 34546U 93036UG  26022.16401513  .00004616  00000+0  13089-2 0  9995", "line2": "2 34546  74.0309 173.8003 0021943 243.4274 170.1175 14.45622117886102"}}, "geometry": {"type": "Point", "coordinates": [-161.6772772696676, 58.40991696221308]}}, {"type": "Feature", "properties": {"norad_id": 34547, "name": "COSMOS 2251 DEB", "group": "cosmos-2251-debris", "lat": 67.94744775414686, "lon": 63.57450433115414, "alt_km": 633.3274070302014, "timestamp": "2026-01-23T21:29:55.109006+00:00", "meta": {"OBJECT_NAME": "COSMOS 2251 DEB", "OBJECT_ID": "1993-036UH", "EPOCH": "2026-01-21T17:00:50.630112", "MEAN_MOTION": 14.73295867, "ECCENTRICITY": 0.00142653, "INCLINATION": 74.0309, "RA_OF_ASC_NODE": 22.8546, "ARG_OF_PERICENTER": 86.1136, "MEAN_ANOMALY": 274.1667, "EPHEMERIS_TYPE": 0, "CLASSIFICATION_TYPE": "U", "NORAD_CAT_ID": 34547, "ELEMENT_SET_NO": 999, "REV_AT_EPOCH": 89110, "BSTAR": 0.0035285752, "MEAN_MOTION_DOT": 0.00022905, "MEAN_MOTION_DDOT": 0}, "tle": {"line1": "1 34547U 93036UH  26021.70891933  .00022905  00000+0  35286-2 0  9998", "line2": "2 34547  74.0309  22.8546 0014265  86.1136 274.1667 14.73295867891102"}}, "geometry": {"type": "Point", "coordinates": [63.57450433115414, 67.94744775414686]}}, {"type": "Feature", "properties": {"norad_id": 34553, "name": "COSMOS 2251 DEB", "group": "cosmos-2251-debris", "lat": -54.51388284359121, "lon": -44.64939318968089, "alt_km": 697.47351805384, "timestamp": "2026-01-23T21:29:55.109016+00:00", "meta": {"OBJECT_NAME": "COSMOS 2251 DEB", "OBJECT_ID": "1993-036UP", "EPOCH": "2026-01-22T23:49:00.813792", "MEAN_MOTION": 14.58260859, "ECCENTRICITY": 0.00176171, "INCLINATION": 74.0256, "RA_OF_ASC_NODE": 113.3796, "ARG_OF_PERICENTER": 189.3507, "MEAN_ANOMALY": 347.5953, "EPHEMERIS_TYPE": 0, "CLASSIFICATION_TYPE": "U", "NORAD_CAT_ID": 34553, "ELEMENT_SET_NO": 999, "REV_AT_EPOCH": 88697, "BSTAR": 0.0012627724, "MEAN_MOTION_DOT": 5.823e-05, "MEAN_MOTION_DDOT": 0}, "tle": {"line1": "1 34553U 93036UP  26022.99237053  .00005823  00000+0  12628-2 0  9999", "line2": "2 34553  74.0256 113.3796 0017617 189.3507 347.5953 14.58260859886973"}}, "geometry": {"type": "Point", "coordinates": [-44.64939318968089, -54.51388284359121]}}, {"type": "Feature", "properties": {"norad_id": 34554, "name": "COSMOS 2251 DEB", "group": "cosmos-2251-debris", "lat": -11.606430261395792, "lon": 44.73459709603095, "alt_km": 767.3801758728423, "timestamp": "2026-01-23T21:29:55.109026+00:00", "meta": {"OBJECT_NAME": "COSMOS 2251 DEB", "OBJECT_ID": "1993-036UQ", "EPOCH": "2026-01-22T13:01:22.983168", "MEAN_MOTION": 14.38028263, "ECCENTRICITY": 0.00240837, "INCLINATION": 74.0359, "RA_OF_ASC_NODE": 223.8554, "ARG_OF_PERICENTER": 279.5158, "MEAN_ANOMALY": 110.4133, "EPHEMERIS_TYPE": 0, "CLASSIFICATION_TYPE": "U", "NORAD_CAT_ID": 34554, "ELEMENT_SET_NO": 999, "REV_AT_EPOCH": 88342, "BSTAR": 0.00049094953, "MEAN_MOTION_DOT": 1.464e-05, "MEAN_MOTION_DDOT": 0}, "tle": {"line1": "1 34554U 93036UQ  26022.54262712  .00001464  00000+0  49095-3 0  9997", "line2": "2 34554  74.0359 223.8554 0024083 279.5158 110.4133 14.38028263883429"}}, "geometry": {"type": "Point", "coordinates": [44.73459709603095, -11.606430261395792]}}, {"type": "Feature", "properties": {"norad_id": 34556, "name": "COSMOS 2251 DEB", "group": "cosmos-2251-debris", "lat": 16.779853256851535, "lon": 46.86801536078585, "alt_km": 629.8378574449644, "timestamp": "2026-01-23T21:29:55.109037+00:00", "meta": {"OBJECT_NAME": "COSMOS 2251 DEB", "OBJECT_ID": "1993-036US", "EPOCH": "2026-01-22T12:00:44.330976", "MEAN_MOTION": 14.7923125, "ECCENTRICITY": 0.00043683, "INCLINATION": 74.0155, "RA_OF_ASC_NODE": 44.6568, "ARG_OF_PERICENTER": 69.8691, "MEAN_ANOMALY": 80.6366, "EPHEMERIS_TYPE": 0, "CLASSIFICATION_TYPE": "U", "NORAD_CAT_ID": 34556, "ELEMENT_SET_NO": 999, "REV_AT_EPOCH": 88931, "BSTAR": 0.002274298, "MEAN_MOTION_DOT": 0.00016909, "MEAN_MOTION_DDOT": 0}, "tle": {"line1": "1 34556U 93036US  26022.50051309  .00016909  00000+0  22743-2 0  9993", "line2": "2 34556  74.0155  44.6568 0004368  69.8691  80.6366 14.79231250889312"}}, "geometry": {"type": "Point", "coordinates": [46.86801536078585, 16.779853256851535]}}, {"type": "Feature", "properties": {"norad_id": 34560, "name": "COSMOS 2251 DEB", "group": "cosmos-2251-debris", "lat": 61.77581437329412, "lon": -152.32660094922656, "alt_km": 637.3101512917119, "timestamp": "2026-01-23T21:29:55.109048+00:00", "meta": {"OBJECT_NAME": "COSMOS 2251 DEB", "OBJECT_ID": "1993-036UW", "EPOCH": "2026-01-22T13:04:02.281440", "MEAN_MOTION": 14.73298537, "ECCENTRICITY": 0.00104637, "INCLINATION": 74.017, "RA_OF_ASC_NODE": 62.5848, "ARG_OF_PERICENTER": 139.5588, "MEAN_ANOMALY": 9.7486, "EPHEMERIS_TYPE": 0, "CLASSIFICATION_TYPE": "U", "NORAD_CAT_ID": 34560, "ELEMENT_SET_NO": 999, "REV_AT_EPOCH": 88852, "BSTAR": 0.0020467437, "MEAN_MOTION_DOT": 0.00013244, "MEAN_MOTION_DDOT": 0}, "tle": {"line1": "1 34560U 93036UW  26022.54447085  .00013244  00000+0  20467-2 0  9992", "line2": "2 34560  74.0170  62.5848 0010463 139.5588   9.7486 14.73298537888529"}}, "geometry": {"type": "Point", "coordinates": [-152.32660094922656, 61.77581437329412]}}, {"type": "Feature", "properties": {"norad_id": 34563, "name": "COSMOS 2251 DEB", "group": "cosmos-2251-debris", "lat": -51.876451079169726, "lon": -33.615658335450455, "alt_km": 733.7283305096607, "timestamp": "2026-01-23T21:29:55.109057+00:00", "meta": {"OBJECT_NAME": "COSMOS 2251 DEB", "OBJECT_ID": "1993-036UZ", "EPOCH": "2026-01-22T23:24:19.077984", "MEAN_MOTION": 14.4669207, "ECCENTRICITY": 0.00136903, "INCLINATION": 74.0391, "RA_OF_ASC_NODE": 126.7144, "ARG_OF_PERICENTER": 219.9508, "MEAN_ANOMALY": 262.4418, "EPHEMERIS_TYPE": 0, "CLASSIFICATION_TYPE": "U", "NORAD_CAT_ID": 34563, "ELEMENT_SET_NO": 999, "REV_AT_EPOCH": 88793, "BSTAR": 0.00087639791, "MEAN_MOTION_DOT": 3.145e-05, "MEAN_MOTION_DDOT": 0}, "tle": {"line1": "1 34563U 93036UZ  26022.97522081  .00003145  00000+0  87640-3 0  9998", "line2": "2 34563  74.0391 126.7144 0013690 219.9508 262.4418 14.46692070887936"}}, "geometry": {"type": "Point", "coordinates": [-33.615658335450455, -51.876451079169726]}}, {"type": "Feature", "properties": {"norad_id": 34564, "name": "COSMOS 2251 DEB", "group": "cosmos-2251-debris", "lat": -23.190695095139773, "lon": -12.940476365033003, "alt_km": 752.7637739739957, "timestamp": "2026-01-23T21:29:55.109068+00:00", "meta": {"OBJECT_NAME": "COSMOS 2251 DEB", "OBJECT_ID": "1993-036VA", "EPOCH": "2026-01-22T20:15:48.582720", "MEAN_MOTION": 14.40771895, "ECCENTRICITY": 0.00199396, "INCLINATION": 74.0324, "RA_OF_ASC_NODE": 161.9587, "ARG_OF_PERICENTER": 260.8757, "MEAN_ANOMALY": 251.8637, "EPHEMERIS_TYPE": 0, "CLASSIFICATION_TYPE": "U", "NORAD_CAT_ID": 34564, "ELEMENT_SET_NO": 999, "REV_AT_EPOCH": 88598, "BSTAR": 0.00051812374, "MEAN_MOTION_DOT": 1.635e-05, "MEAN_MOTION_DDOT": 0}, "tle": {"line1": "1 34564U 93036VA  26022.84431230  .00001635  00000+0  51812-3 0  9994", "line2": "2 34564  74.0324 161.9587 0019939 260.8757 251.8637 14.40771895885983"}}, "geometry": {"type": "Point", "coordinates": [-12.940476365033003, -23.190695095139773]}}, {"type": "Feature", "properties": {"norad_id": 34567, "name": "COSMOS 2251 DEB", "group": "cosmos-2251-debris", "lat": -57.697755837384264, "lon": -72.18126035219306, "alt_km": 823.3874169664323, "timestamp": "2026-01-23T21:29:55.109078+00:00", "meta": {"OBJECT_NAME": "COSMOS 2251 DEB", "OBJECT_ID": "1993-036VD", "EPOCH": "2026-01-22T14:46:41.553408", "MEAN_MOTION": 14.24073255, "ECCENTRICITY": 0.0072745, "INCLINATION": 74.0413, "RA_OF_ASC_NODE": 83.2111, "ARG_OF_PERICENTER": 148.1416, "MEAN_ANOMALY": 12.8958, "EPHEMERIS_TYPE": 0, "CLASSIFICATION_TYPE": "U", "NORAD_CAT_ID": 34567, "ELEMENT_SET_NO": 999, "REV_AT_EPOCH": 87706, "BSTAR": 0.00033957093, "MEAN_MOTION_DOT": 7.77e-06, "MEAN_MOTION_DDOT": 0}, "tle": {"line1": "1 34567U 93036VD  26022.61575872  .00000777  00000+0  33957-3 0  9999", "line2": "2 34567  74.0413  83.2111 0072745 148.1416  12.8958 14.24073255877066"}}, "geometry": {"type": "Point", "coordinates": [-72.18126035219306, -57.697755837384264]}}, {"type": "Feature", "properties": {"norad_id": 34569, "name": "COSMOS 2251 DEB", "group": "cosmos-2251-debris", "lat": 16.971093668655037, "lon": -63.122972525772454, "alt_km": 893.9472260396324, "timestamp": "2026-01-23T21:29:55.109099+00:00", "meta": {"OBJECT_NAME": "COSMOS 2251 DEB", "OBJECT_ID": "1993-036VF", "EPOCH": "2026-01-22T16:48:37.093248", "MEAN_MOTION": 14.24880531, "ECCENTRICITY": 0.01592121, "INCLINATION": 73.9918, "RA_OF_ASC_NODE": 124.0643, "ARG_OF_PERICENTER": 303.1684, "MEAN_ANOMALY": 211.0669, "EPHEMERIS_TYPE": 0, "CLASSIFICATION_TYPE": "U", "NORAD_CAT_ID": 34569, "ELEMENT_SET_NO": 999, "REV_AT_EPOCH": 87551, "BSTAR": 0.0011163043, "MEAN_MOTION_DOT": 2.948e-05, "MEAN_MOTION_DDOT": 0}, "tle": {"line1": "1 34569U 93036VF  26022.70042932  .00002948  00000+0  11163-2 0  9993", "line2": "2 34569  73.9918 124.0643 0159212 303.1684 211.0669 14.24880531875518"}}, "geometry": {"type": "Point", "coordinates": [-63.122972525772454, 16.971093668655037]}}, {"type": "Feature", "properties": {"norad_id": 34570, "name": "COSMOS 2251 DEB", "group": "cosmos-2251-debris", "lat": -73.91901216225888, "lon": 51.39169658450147, "alt_km": 944.1109037749648, "timestamp": "2026-01-23T21:29:55.109110+00:00", "meta": {"OBJECT_NAME": "COSMOS 2251 DEB", "OBJECT_ID": "1993-036VG", "EPOCH": "2026-01-22T08:20:15.937152", "MEAN_MOTION": 13.99903462, "ECCENTRICITY": 0.019095, "INCLINATION": 73.9582, "RA_OF_ASC_NODE": 147.6584, "ARG_OF_PERICENTER": 21.1128, "MEAN_ANOMALY": 9.7313, "EPHEMERIS_TYPE": 0, "CLASSIFICATION_TYPE": "U", "NORAD_CAT_ID": 34570, "ELEMENT_SET_NO": 999, "REV_AT_EPOCH": 86169, "BSTAR": 0.00083897374, "MEAN_MOTION_DOT": 1.418e-05, "MEAN_MOTION_DDOT": 0}, "tle": {"line1": "1 34570U 93036VG  26022.34740668  .00001418  00000+0  83897-3 0  9991", "line2": "2 34570  73.9582 147.6584 0190950  21.1128   9.7313 13.99903462861698"}}, "geometry": {"type": "Point", "coordinates": [51.39169658450147, -73.91901216225888]}}, {"type": "Feature", "properties": {"norad_id": 34571, "name": "COSMOS 2251 DEB", "group": "cosmos-2251-debris", "lat": 53.8653979279005, "lon": 126.45398280263619, "alt_km": 707.772692785964, "timestamp": "2026-01-23T21:29:55.109121+00:00", "meta": {"OBJECT_NAME": "COSMOS 2251 DEB", "OBJECT_ID": "1993-036VH", "EPOCH": "2026-01-19T06:16:25.187232", "MEAN_MOTION": 14.49698296, "ECCENTRICITY": 0.00607707, "INCLINATION": 74.0402, "RA_OF_ASC_NODE": 112.0721, "ARG_OF_PERICENTER": 139.6543, "MEAN_ANOMALY": 220.915, "EPHEMERIS_TYPE": 0, "CLASSIFICATION_TYPE": "U", "NORAD_CAT_ID": 34571, "ELEMENT_SET_NO": 999, "REV_AT_EPOCH": 87837, "BSTAR": 0.0024665657, "MEAN_MOTION_DOT": 9.705e-05, "MEAN_MOTION_DDOT": 0}, "tle": {"line1": "1 34571U 93036VH  26019.26140263  .00009705  00000+0  24666-2 0  9999", "line2": "2 34571  74.0402 112.0721 0060770 139.6543 220.9150 14.49698296878374"}}, "geometry": {"type": "Point", "coordinates": [126.45398280263619, 53.8653979279005]}}, {"type": "Feature", "properties": {"norad_id": 34572, "name": "COSMOS 2251 DEB", "group": "cosmos-2251-debris", "lat": 73.51891652822414, "lon": 140.40102064978507, "alt_km": 674.1395900296211, "timestamp": "2026-01-23T21:29:55.109132+00:00", "meta": {"OBJECT_NAME": "COSMOS 2251 DEB", "OBJECT_ID": "1993-036VJ", "EPOCH": "2026-01-22T02:22:39.897696", "MEAN_MOTION": 14.50857899, "ECCENTRICITY": 0.00582267, "INCLINATION": 74.0095, "RA_OF_ASC_NODE": 39.536, "ARG_OF_PERICENTER": 103.0917, "MEAN_ANOMALY": 330.2897, "EPHEMERIS_TYPE": 0, "CLASSIFICATION_TYPE": "U", "NORAD_CAT_ID": 34572, "ELEMENT_SET_NO": 999, "REV_AT_EPOCH": 87963, "BSTAR": 0.0032437291, "MEAN_MOTION_DOT": 0.00013072, "MEAN_MOTION_DDOT": 0}, "tle": {"line1": "1 34572U 93036VJ  26022.09907289  .00013072  00000+0  32437-2 0  9991", "line2": "2 34572  74.0095  39.5360 0058226 103.0917 330.2897 14.50857899879639"}}, "geometry": {"type": "Point", "coordinates": [140.40102064978507, 73.51891652822414]}}, {"type": "Feature", "properties": {"norad_id": 34574, "name": "COSMOS 2251 DEB", "group": "cosmos-2251-debris", "lat": -24.682122378020534, "lon": 148.9753484920437, "alt_km": 689.433087496509, "timestamp": "2026-01-23T21:29:55.109141+00:00", "meta": {"OBJECT_NAME": "COSMOS 2251 DEB", "OBJECT_ID": "1993-036VL", "EPOCH": "2026-01-22T14:22:56.387136", "MEAN_MOTION": 14.71338964, "ECCENTRICITY": 0.00678809, "INCLINATION": 74.0711, "RA_OF_ASC_NODE": 323.9463, "ARG_OF_PERICENTER": 333.9695, "MEAN_ANOMALY": 207.6887, "EPHEMERIS_TYPE": 0, "CLASSIFICATION_TYPE": "U", "NORAD_CAT_ID": 34574, "ELEMENT_SET_NO": 999, "REV_AT_EPOCH": 89379, "BSTAR": 0.0018156499, "MEAN_MOTION_DOT": 0.00011624, "MEAN_MOTION_DDOT": 0}, "tle": {"line1": "1 34574U 93036VL  26022.59926374  .00011624  00000+0  18156-2 0  9997", "line2": "2 34574  74.0711 323.9463 0067880 333.9695 207.6887 14.71338964893792"}}, "geometry": {"type": "Point", "coordinates": [148.9753484920437, -24.682122378020534]}}, {"type": "Feature", "properties": {"norad_id": 34576, "name": "COSMOS 2251 DEB", "group": "cosmos-2251-debris", "lat": 10.566975775275047, "lon": 61.374320550904585, "alt_km": 713.2181587099449, "timestamp": "2026-01-23T21:29:55.109152+00:00", "meta": {"OBJECT_NAME": "COSMOS 2251 DEB", "OBJECT_ID": "1993-036VN", "EPOCH": "2026-01-22T04:30:39.343104", "MEAN_MOTION": 14.55761502, "ECCENTRICITY": 0.00075442, "INCLINATION": 74.0333, "RA_OF_ASC_NODE": 61.5487, "ARG_OF_PERICENTER": 206.716, "MEAN_ANOMALY": 217.7297, "EPHEMERIS_TYPE": 0, "CLASSIFICATION_TYPE": "U", "NORAD_CAT_ID": 34576, "ELEMENT_SET_NO": 999, "REV_AT_EPOCH": 89055, "BSTAR": 0.0012999363, "MEAN_MOTION_DOT": 5.669e-05, "MEAN_MOTION_DDOT": 0}, "tle": {"line1": "1 34576U 93036VN  26022.18795536  .00005669  00000+0  12999-2 0  9999", "line2": "2 34576  74.0333  61.5487 0007544 206.7160 217.7297 14.55761502890558"}}, "geometry": {"type": "Point", "coordinates": [61.374320550904585, 10.566975775275047]}}, {"type": "Feature", "properties": {"norad_id": 34579, "name": "COSMOS 2251 DEB", "group": "cosmos-2251-debris", "lat": 56.359470962039154, "lon": -60.04262379576257, "alt_km": 733.970029037504, "timestamp": "2026-01-23T21:29:55.109162+00:00", "meta": {"OBJECT_NAME": "COSMOS 2251 DEB", "OBJECT_ID": "1993-036VR", "EPOCH": "2026-01-22T19:04:06.774240", "MEAN_MOTION": 14.45468661, "ECCENTRICITY": 0.0026881, "INCLINATION": 74.0541, "RA_OF_ASC_NODE": 147.4538, "ARG_OF_PERICENTER": 210.2017, "MEAN_ANOMALY": 301.8019, "EPHEMERIS_TYPE": 0, "CLASSIFICATION_TYPE": "U", "NORAD_CAT_ID": 34579, "ELEMENT_SET_NO": 999, "REV_AT_EPOCH": 88767, "BSTAR": 0.00092636604, "MEAN_MOTION_DOT": 3.253e-05, "MEAN_MOTION_DDOT": 0}, "tle": {"line1": "1 34579U 93036VR  26022.79452285  .00003253  00000+0  92637-3 0  9995", "line2": "2 34579  74.0541 147.4538 0026881 210.2017 301.8019 14.45468661887674"}}, "geometry": {"type": "Point", "coordinates": [-60.04262379576257, 56.359470962039154]}}, {"type": "Feature", "properties": {"norad_id": 34582, "name": "COSMOS 2251 DEB", "group": "cosmos-2251-debris", "lat": 53.78746153506577, "lon": -9.07380438694045, "alt_km": 776.3220241518457, "timestamp": "2026-01-23T21:29:55.109172+00:00", "meta": {"OBJECT_NAME": "COSMOS 2251 DEB", "OBJECT_ID": "1993-036VU", "EPOCH": "2026-01-22T11:39:49.415040", "MEAN_MOTION": 14.43531649, "ECCENTRICITY": 0.00494196, "INCLINATION": 74.0183, "RA_OF_ASC_NODE": 196.589, "ARG_OF_PERICENTER": 298.558, "MEAN_ANOMALY": 61.0607, "EPHEMERIS_TYPE": 0, "CLASSIFICATION_TYPE": "U", "NORAD_CAT_ID": 34582, "ELEMENT_SET_NO": 999, "REV_AT_EPOCH": 88535, "BSTAR": 0.0010582484, "MEAN_MOTION_DOT": 3.61e-05, "MEAN_MOTION_DDOT": 0}, "tle": {"line1": "1 34582U 93036VU  26022.48598860  .00003610  00000+0  10582-2 0  9990", "line2": "2 34582  74.0183 196.5890 0049419 298.5580  61.0607 14.43531649885358"}}, "geometry": {"type": "Point", "coordinates": [-9.07380438694045, 53.78746153506577]}}, {"type": "Feature", "properties": {"norad_id": 34588, "name": "COSMOS 2251 DEB", "group": "cosmos-2251-debris", "lat": -24.787791024965138, "lon": -177.46001930972412, "alt_km": 757.9307868209389, "timestamp": "2026-01-23T21:29:55.109182+00:00", "meta": {"OBJECT_NAME": "COSMOS 2251 DEB", "OBJECT_ID": "1993-036WA", "EPOCH": "2026-01-22T21:20:39.171264", "MEAN_MOTION": 14.42159508, "ECCENTRICITY": 0.00190139, "INCLINATION": 74.0423, "RA_OF_ASC_NODE": 191.9978, "ARG_OF_PERICENTER": 240.4922, "MEAN_ANOMALY": 270.4695, "EPHEMERIS_TYPE": 0, "CLASSIFICATION_TYPE": "U", "NORAD_CAT_ID": 34588, "ELEMENT_SET_NO": 999, "REV_AT_EPOCH": 88543, "BSTAR": 0.00080558911, "MEAN_MOTION_DOT": 2.631e-05, "MEAN_MOTION_DDOT": 0}, "tle": {"line1": "1 34588U 93036WA  26022.88934226  .00002631  00000+0  80559-3 0  9994", "line2": "2 34588  74.0423 191.9978 0019013 240.4922 270.4695 14.42159508885431"}}, "geometry": {"type": "Point", "coordinates": [-177.46001930972412, -24.787791024965138]}}, {"type": "Feature", "properties": {"norad_id": 34589, "name": "COSMOS 2251 DEB", "group": "cosmos-2251-debris", "lat": -26.85738683833079, "lon": -24.206344350774135, "alt_km": 832.0696160160469, "timestamp": "2026-01-23T21:29:55.109192+00:00", "meta": {"OBJECT_NAME": "COSMOS 2251 DEB", "OBJECT_ID": "1993-036WB", "EPOCH": "2026-01-22T15:20:28.764384", "MEAN_MOTION": 13.86175585, "ECCENTRICITY": 0.02526689, "INCLINATION": 73.9264, "RA_OF_ASC_NODE": 346.3294, "ARG_OF_PERICENTER": 281.8597, "MEAN_ANOMALY": 259.7998, "EPHEMERIS_TYPE": 0, "CLASSIFICATION_TYPE": "U", "NORAD_CAT_ID": 34589, "ELEMENT_SET_NO": 999, "REV_AT_EPOCH": 85278, "BSTAR": 0.0017586722, "MEAN_MOTION_DOT": 2.581e-05, "MEAN_MOTION_DDOT": 0}, "tle": {"line1": "1 34589U 93036WB  26022.63922181  .00002581  00000+0  17587-2 0  9999", "line2": "2 34589  73.9264 346.3294 0252668 281.8597 259.7998 13.86175585852780"}}, "geometry": {"type": "Point", "coordinates": [-24.206344350774135, -26.85738683833079]}}, {"type": "Feature", "properties": {"norad_id": 34590, "name": "COSMOS 2251 DEB", "group": "cosmos-2251-debris", "lat": -58.72208842907044, "lon": -145.29753570818775, "alt_km": 694.252243700128, "timestamp": "2026-01-23T21:29:55.109202+00:00", "meta": {"OBJECT_NAME": "COSMOS 2251 DEB", "OBJECT_ID": "1993-036WC", "EPOCH": "2026-01-22T14:34:07.104288", "MEAN_MOTION": 14.54889275, "ECCENTRICITY": 0.00691537, "INCLINATION": 74.0419, "RA_OF_ASC_NODE": 245.2411, "ARG_OF_PERICENTER": 3.4663, "MEAN_ANOMALY": 27.3547, "EPHEMERIS_TYPE": 0, "CLASSIFICATION_TYPE": "U", "NORAD_CAT_ID": 34590, "ELEMENT_SET_NO": 999, "REV_AT_EPOCH": 89715, "BSTAR": 0.00021652519, "MEAN_MOTION_DOT": 9.3e-06, "MEAN_MOTION_DDOT": 0}, "tle": {"line1": "1 34590U 93036WC  26022.60702667  .00000930  00000+0  21653-3 0  9999", "line2": "2 34590  74.0419 245.2411 0069153   3.4663  27.3547 14.54889275897154"}}, "geometry": {"type": "Point", "coordinates": [-145.29753570818775, -58.72208842907044]}}, {"type": "Feature", "properties": {"norad_id": 34609, "name": "COSMOS 2251 DEB", "group": "cosmos-2251-debris", "lat": 64.98776353035625, "lon": 170.9187685635084, "alt_km": 883.964198424479, "timestamp": "2026-01-23T21:29:55.109213+00:00", "meta": {"OBJECT_NAME": "COSMOS 2251 DEB", "OBJECT_ID": "1993-036WE", "EPOCH": "2026-01-20T10:58:11.564256", "MEAN_MOTION": 14.21973079, "ECCENTRICITY": 0.01461212, "INCLINATION": 73.7325, "RA_OF_ASC_NODE": 35.9461, "ARG_OF_PERICENTER": 249.9066, "MEAN_ANOMALY": 264.1904, "EPHEMERIS_TYPE": 0, "CLASSIFICATION_TYPE": "U", "NORAD_CAT_ID": 34609, "ELEMENT_SET_NO": 999, "REV_AT_EPOCH": 87182, "BSTAR": 0.0011498497, "MEAN_MOTION_DOT": 2.803e-05, "MEAN_MOTION_DDOT": 0}, "tle": {"line1": "1 34609U 93036WE  26020.45707829  .00002803  00000+0  11498-2 0  9992", "line2": "2 34609  73.7325  35.9461 0146121 249.9066 264.1904 14.21973079871825"}}, "geometry": {"type": "Point", "coordinates": [170.9187685635084, 64.98776353035625]}}, {"type": "Feature", "properties": {"norad_id": 34610, "name": "COSMOS 2251 DEB", "group": "cosmos-2251-debris", "lat": -24.885459545087123, "lon": 16.011178757120483, "alt_km": 902.6690778339298, "timestamp": "2026-01-23T21:29:55.109223+00:00", "meta": {"OBJECT_NAME": "COSMOS 2251 DEB", "OBJECT_ID": "1993-036WF", "EPOCH": "2026-01-22T12:05:33.457344", "MEAN_MOTION": 14.07334997, "ECCENTRICITY": 0.01815026, "INCLINATION": 74.0178, "RA_OF_ASC_NODE": 190.8128, "ARG_OF_PERICENTER": 312.3692, "MEAN_ANOMALY": 46.2197, "EPHEMERIS_TYPE": 0, "CLASSIFICATION_TYPE": "U", "NORAD_CAT_ID": 34610, "ELEMENT_SET_NO": 999, "REV_AT_EPOCH": 86133, "BSTAR": 0.0023375934, "MEAN_MOTION_DOT": 4.539e-05, "MEAN_MOTION_DDOT": 0}, "tle": {"line1": "1 34610U 93036WF  26022.50385946  .00004539  00000+0  23376-2 0  9990", "line2": "2 34610  74.0178 190.8128 0181502 312.3692  46.2197 14.07334997861332"}}, "geometry": {"type": "Point", "coordinates": [16.011178757120483, -24.885459545087123]}}, {"type": "Feature", "properties": {"norad_id": 34611, "name": "COSMOS 2251 DEB", "group": "cosmos-2251-debris", "lat": 46.19269972653956, "lon": 36.671092993181325, "alt_km": 640.5607579595498, "timestamp": "2026-01-23T21:29:55.109233+00:00", "meta": {"OBJECT_NAME": "COSMOS 2251 DEB", "OBJECT_ID": "1993-036WG", "EPOCH": "2026-01-22T19:25:06.680640", "MEAN_MOTION": 14.70323313, "ECCENTRICITY": 0.00214541, "INCLINATION": 74.0535, "RA_OF_ASC_NODE": 21.4333, "ARG_OF_PERICENTER": 45.0576, "MEAN_ANOMALY": 14.0354, "EPHEMERIS_TYPE": 0, "CLASSIFICATION_TYPE": "U", "NORAD_CAT_ID": 34611, "ELEMENT_SET_NO": 999, "REV_AT_EPOCH": 88994, "BSTAR": 0.0020812466, "MEAN_MOTION_DOT": 0.00012611, "MEAN_MOTION_DDOT": 0}, "tle": {"line1": "1 34611U 93036WG  26022.80910510  .00012611  00000+0  20812-2 0  9997", "line2": "2 34611  74.0535  21.4333 0021454  45.0576  14.0354 14.70323313889942"}}, "geometry": {"type": "Point", "coordinates": [36.671092993181325, 46.19269972653956]}}, {"type": "Feature", "properties": {"norad_id": 34613, "name": "COSMOS 2251 DEB", "group": "cosmos-2251-debris", "lat": 44.7687421675594, "lon": -141.43335710486454, "alt_km": 724.4878068469279, "timestamp": "2026-01-23T21:29:55.109244+00:00", "meta": {"OBJECT_NAME": "COSMOS 2251 DEB", "OBJECT_ID": "1993-036WJ", "EPOCH": "2026-01-21T18:53:06.934848", "MEAN_MOTION": 14.26712544, "ECCENTRICITY": 0.01121586, "INCLINATION": 73.9624, "RA_OF_ASC_NODE": 205.8182, "ARG_OF_PERICENTER": 27.9285, "MEAN_ANOMALY": 351.3243, "EPHEMERIS_TYPE": 0, "CLASSIFICATION_TYPE": "U", "NORAD_CAT_ID": 34613, "ELEMENT_SET_NO": 999, "REV_AT_EPOCH": 87034, "BSTAR": 0.0027974961, "MEAN_MOTION_DOT": 7.215e-05, "MEAN_MOTION_DDOT": 0}, "tle": {"line1": "1 34613U 93036WJ  26021.78688582  .00007215  00000+0  27975-2 0  9997", "line2": "2 34613  73.9624 205.8182 0112158  27.9285 351.3243 14.26712544870346"}}, "geometry": {"type": "Point", "coordinates": [-141.43335710486454, 44.7687421675594]}}, {"type": "Feature", "properties": {"norad_id": 34614, "name": "COSMOS 2251 DEB", "group": "cosmos-2251-debris", "lat": 55.66190104049598, "lon": 62.89942401517762, "alt_km": 920.4408905156997, "timestamp": "2026-01-23T21:29:55.109253+00:00", "meta": {"OBJECT_NAME": "COSMOS 2251 DEB", "OBJECT_ID": "1993-036WK", "EPOCH": "2026-01-12T17:37:41.130048", "MEAN_MOTION": 14.18457938, "ECCENTRICITY": 0.01937153, "INCLINATION": 73.879, "RA_OF_ASC_NODE": 288.0583, "ARG_OF_PERICENTER": 277.338, "MEAN_ANOMALY": 109.3652, "EPHEMERIS_TYPE": 0, "CLASSIFICATION_TYPE": "U", "NORAD_CAT_ID": 34614, "ELEMENT_SET_NO": 999, "REV_AT_EPOCH": 85206, "BSTAR": 0.0030518663, "MEAN_MOTION_DOT": 7.572e-05, "MEAN_MOTION_DDOT": 0}, "tle": {"line1": "1 34614U 93036WK  26012.73450382  .00007572  00000+0  30519-2 0  9992", "line2": "2 34614  73.8790 288.0583 0193715 277.3380 109.3652 14.18457938852061"}}, "geometry": {"type": "Point", "coordinates": [62.89942401517762, 55.66190104049598]}}, {"type": "Feature", "properties": {"norad_id": 34615, "name": "COSMOS 2251 DEB", "group": "cosmos-2251-debris", "lat": 72.05424461233576, "lon": -15.814989777487725, "alt_km": 788.4870110260945, "timestamp": "2026-01-23T21:29:55.109264+00:00", "meta": {"OBJECT_NAME": "COSMOS 2251 DEB", "OBJECT_ID": "1993-036WL", "EPOCH": "2026-01-22T13:12:45.557856", "MEAN_MOTION": 13.52256342, "ECCENTRICITY": 0.03995551, "INCLINATION": 74.002, "RA_OF_ASC_NODE": 228.6894, "ARG_OF_PERICENTER": 127.2557, "MEAN_ANOMALY": 266.5311, "EPHEMERIS_TYPE": 0, "CLASSIFICATION_TYPE": "U", "NORAD_CAT_ID": 34615, "ELEMENT_SET_NO": 999, "REV_AT_EPOCH": 83367, "BSTAR": 0.0015146514, "MEAN_MOTION_DOT": 1.633e-05, "MEAN_MOTION_DDOT": 0}, "tle": {"line1": "1 34615U 93036WL  26022.55052729  .00001633  00000+0  15147-2 0  9999", "line2": "2 34615  74.0020 228.6894 0399555 127.2557 266.5311 13.52256342833672"}}, "geometry": {"type": "Point", "coordinates": [-15.814989777487725, 72.05424461233576]}}, {"type": "Feature", "properties": {"norad_id": 34619, "name": "COSMOS 2251 DEB", "group": "cosmos-2251-debris", "lat": 33.7453407403453, "lon": -72.09308839316165, "alt_km": 641.14288084488, "timestamp": "2026-01-23T21:29:55.109274+00:00", "meta": {"OBJECT_NAME": "COSMOS 2251 DEB", "OBJECT_ID": "1993-036WQ", "EPOCH": "2026-01-22T15:19:48.711072", "MEAN_MOTION": 14.64804679, "ECCENTRICITY": 0.00938961, "INCLINATION": 74.0456, "RA_OF_ASC_NODE": 121.3398, "ARG_OF_PERICENTER": 206.8772, "MEAN_ANOMALY": 152.7517, "EPHEMERIS_TYPE": 0, "CLASSIFICATION_TYPE": "U", "NORAD_CAT_ID": 34619, "ELEMENT_SET_NO": 999, "REV_AT_EPOCH": 89897, "BSTAR": 0.00056181075, "MEAN_MOTION_DOT": 3.165e-05, "MEAN_MOTION_DDOT": 0}, "tle": {"line1": "1 34619U 93036WQ  26022.63875823  .00003165  00000+0  56181-3 0  9996", "line2": "2 34619  74.0456 121.3398 0093896 206.8772 152.7517 14.64804679898973"}}, "geometry": {"type": "Point", "coordinates": [-72.09308839316165, 33.7453407403453]}}, {"type": "Feature", "properties": {"norad_id": 34620, "name": "COSMOS 2251 DEB", "group": "cosmos-2251-debris", "lat": -66.07367949200304, "lon": 0.6172978799300165, "alt_km": 724.7471954372977, "timestamp": "2026-01-23T21:29:55.109284+00:00", "meta": {"OBJECT_NAME": "COSMOS 2251 DEB", "OBJECT_ID": "1993-036WR", "EPOCH": "2026-01-21T00:28:02.725536", "MEAN_MOTION": 14.50154678, "ECCENTRICITY": 0.00759743, "INCLINATION": 74.0527, "RA_OF_ASC_NODE": 145.8887, "ARG_OF_PERICENTER": 174.6155, "MEAN_ANOMALY": 185.5841, "EPHEMERIS_TYPE": 0, "CLASSIFICATION_TYPE": "U", "NORAD_CAT_ID": 34620, "ELEMENT_SET_NO": 999, "REV_AT_EPOCH": 87396, "BSTAR": 0.0088694268, "MEAN_MOTION_DOT": 0.00035922, "MEAN_MOTION_DDOT": 0}, "tle": {"line1": "1 34620U 93036WR  26021.01947599  .00035922  00000+0  88694-2 0  9998", "line2": "2 34620  74.0527 145.8887 0075974 174.6155 185.5841 14.50154678873960"}}, "geometry": {"type": "Point", "coordinates": [0.6172978799300165, -66.07367949200304]}}, {"type": "Feature", "properties": {"norad_id": 34622, "name": "COSMOS 2251 DEB", "group": "cosmos-2251-debris", "lat": 43.10438981165126, "lon": -113.10091058585662, "alt_km": 827.493126378371, "timestamp": "2026-01-23T21:29:55.109294+00:00", "meta": {"OBJECT_NAME": "COSMOS 2251 DEB", "OBJECT_ID": "1993-036WT", "EPOCH": "2026-01-22T13:20:36.810240", "MEAN_MOTION": 14.22218481, "ECCENTRICITY": 0.01055972, "INCLINATION": 74.0399, "RA_OF_ASC_NODE": 233.7673, "ARG_OF_PERICENTER": 307.1866, "MEAN_ANOMALY": 79.966, "EPHEMERIS_TYPE": 0, "CLASSIFICATION_TYPE": "U", "NORAD_CAT_ID": 34622, "ELEMENT_SET_NO": 999, "REV_AT_EPOCH": 87040, "BSTAR": 0.0013737829, "MEAN_MOTION_DOT": 3.202e-05, "MEAN_MOTION_DDOT": 0}, "tle": {"line1": "1 34622U 93036WT  26022.55598160  .00003202  00000+0  13738-2 0  9999", "line2": "2 34622  74.0399 233.7673 0105597 307.1866  79.9660 14.22218481870409"}}, "geometry": {"type": "Point", "coordinates": [-113.10091058585662, 43.10438981165126]}}, {"type": "Feature", "properties": {"norad_id": 34626, "name": "COSMOS 2251 DEB", "group": "cosmos-2251-debris", "lat": -51.61013282609382, "lon": -139.27186777529923, "alt_km": 639.7643971447151, "timestamp": "2026-01-23T21:29:55.109304+00:00", "meta": {"OBJECT_NAME": "COSMOS 2251 DEB", "OBJECT_ID": "1993-036WX", "EPOCH": "2026-01-22T09:03:41.506272", "MEAN_MOTION": 14.72787927, "ECCENTRICITY": 0.00280038, "INCLINATION": 74.0457, "RA_OF_ASC_NODE": 244.8474, "ARG_OF_PERICENTER": 324.5021, "MEAN_ANOMALY": 214.7244, "EPHEMERIS_TYPE": 0, "CLASSIFICATION_TYPE": "U", "NORAD_CAT_ID": 34626, "ELEMENT_SET_NO": 999, "REV_AT_EPOCH": 89742, "BSTAR": 0.00097473465, "MEAN_MOTION_DOT": 6.242e-05, "MEAN_MOTION_DDOT": 0}, "tle": {"line1": "1 34626U 93036WX  26022.37756373  .00006242  00000+0  97473-3 0  9991", "line2": "2 34626  74.0457 244.8474 0028003 324.5021 214.7244 14.72787927897421"}}, "geometry": {"type": "Point", "coordinates": [-139.27186777529923, -51.61013282609382]}}, {"type": "Feature", "properties": {"norad_id": 34634, "name": "COSMOS 2251 DEB", "group": "cosmos-2251-debris", "lat": 74.03390601171904, "lon": 43.059451567442345, "alt_km": 675.3110490807667, "timestamp": "2026-01-23T21:29:55.109314+00:00", "meta": {"OBJECT_NAME": "COSMOS 2251 DEB", "OBJECT_ID": "1993-036XF", "EPOCH": "2026-01-21T21:34:35.313312", "MEAN_MOTION": 14.5581315, "ECCENTRICITY": 0.00439581, "INCLINATION": 74.054, "RA_OF_ASC_NODE": 318.9334, "ARG_OF_PERICENTER": 53.776, "MEAN_ANOMALY": 14.7005, "EPHEMERIS_TYPE": 0, "CLASSIFICATION_TYPE": "U", "NORAD_CAT_ID": 34634, "ELEMENT_SET_NO": 999, "REV_AT_EPOCH": 89366, "BSTAR": 0.00094220202, "MEAN_MOTION_DOT": 4.157e-05, "MEAN_MOTION_DDOT": 0}, "tle": {"line1": "1 34634U 93036XF  26021.89901983  .00004157  00000+0  94220-3 0  9995", "line2": "2 34634  74.0540 318.9334 0043958  53.7760  14.7005 14.55813150893662"}}, "geometry": {"type": "Point", "coordinates": [43.059451567442345, 74.03390601171904]}}, {"type": "Feature", "properties": {"norad_id": 34635, "name": "COSMOS 2251 DEB", "group": "cosmos-2251-debris", "lat": 72.68850841929911, "lon": 102.6100394772343, "alt_km": 645.5554994897475, "timestamp": "2026-01-23T21:29:55.109325+00:00", "meta": {"OBJECT_NAME": "COSMOS 2251 DEB", "OBJECT_ID": "1993-036XG", "EPOCH": "2026-01-22T17:32:18.845088", "MEAN_MOTION": 14.68901917, "ECCENTRICITY": 0.00280646, "INCLINATION": 74.0469, "RA_OF_ASC_NODE": 351.4622, "ARG_OF_PERICENTER": 45.1772, "MEAN_ANOMALY": 13.2532, "EPHEMERIS_TYPE": 0, "CLASSIFICATION_TYPE": "U", "NORAD_CAT_ID": 34635, "ELEMENT_SET_NO": 999, "REV_AT_EPOCH": 73821, "BSTAR": 0.0016902498, "MEAN_MOTION_DOT": 9.93e-05, "MEAN_MOTION_DDOT": 0}, "tle": {"line1": "1 34635U 93036XG  26022.73077367  .00009930  00000+0  16902-2 0  9994", "line2": "2 34635  74.0469 351.4622 0028064  45.1772  13.2532 14.68901917738215"}}, "geometry": {"type": "Point", "coordinates": [102.6100394772343, 72.68850841929911]}}, {"type": "Feature", "properties": {"norad_id": 34637, "name": "COSMOS 2251 DEB", "group": "cosmos-2251-debris", "lat": 62.980436024501195, "lon": 166.62390137622387, "alt_km": 656.9641332531164, "timestamp": "2026-01-23T21:29:55.109335+00:00", "meta": {"OBJECT_NAME": "COSMOS 2251 DEB", "OBJECT_ID": "1993-036XJ", "EPOCH": "2026-01-22T23:45:38.353536", "MEAN_MOTION": 14.60483567, "ECCENTRICITY": 0.00477775, "INCLINATION": 74.0496, "RA_OF_ASC_NODE": 22.4646, "ARG_OF_PERICENTER": 80.2399, "MEAN_ANOMALY": 311.2607, "EPHEMERIS_TYPE": 0, "CLASSIFICATION_TYPE": "U", "NORAD_CAT_ID": 34637, "ELEMENT_SET_NO": 999, "REV_AT_EPOCH": 89129, "BSTAR": 0.0010159454, "MEAN_MOTION_DOT": 4.98e-05, "MEAN_MOTION_DDOT": 0}, "tle": {"line1": "1 34637U 93036XJ  26022.99002724  .00004980  00000+0  10159-2 0  9997", "line2": "2 34637  74.0496  22.4646 0047777  80.2399 311.2607 14.60483567891295"}}, "geometry": {"type": "Point", "coordinates": [166.62390137622387, 62.980436024501195]}}, {"type": "Feature", "properties": {"norad_id": 34641, "name": "COSMOS 2251 DEB", "group": "cosmos-2251-debris", "lat": -47.560852997113294, "lon": -17.23962743182729, "alt_km": 713.2724438053392, "timestamp": "2026-01-23T21:29:55.109346+00:00", "meta": {"OBJECT_NAME": "COSMOS 2251 DEB", "OBJECT_ID": "1993-036XN", "EPOCH": "2026-01-22T16:48:37.723104", "MEAN_MOTION": 14.52325322, "ECCENTRICITY": 0.00200844, "INCLINATION": 73.8394, "RA_OF_ASC_NODE": 3.5286, "ARG_OF_PERICENTER": 274.0944, "MEAN_ANOMALY": 268.4336, "EPHEMERIS_TYPE": 0, "CLASSIFICATION_TYPE": "U", "NORAD_CAT_ID": 34641, "ELEMENT_SET_NO": 999, "REV_AT_EPOCH": 88850, "BSTAR": 0.0015303402, "MEAN_MOTION_DOT": 6.218e-05, "MEAN_MOTION_DDOT": 0}, "tle": {"line1": "1 34641U 93036XN  26022.70043661  .00006218  00000+0  15303-2 0  9998", "line2": "2 34641  73.8394   3.5286 0020084 274.0944 268.4336 14.52325322888502"}}, "geometry": {"type": "Point", "coordinates": [-17.23962743182729, -47.560852997113294]}}, {"type": "Feature", "properties": {"norad_id": 34642, "name": "COSMOS 2251 DEB", "group": "cosmos-2251-debris", "lat": -71.86283427226323, "lon": 147.9076486990258, "alt_km": 1053.8753405107882, "timestamp": "2026-01-23T21:29:55.109361+00:00", "meta": {"OBJECT_NAME": "COSMOS 2251 DEB", "OBJECT_ID": "1993-036XP", "EPOCH": "2026-01-19T10:41:24.158400", "MEAN_MOTION": 13.99110842, "ECCENTRICITY": 0.02070958, "INCLINATION": 74.0035, "RA_OF_ASC_NODE": 274.485, "ARG_OF_PERICENTER": 85.1985, "MEAN_ANOMALY": 89.339, "EPHEMERIS_TYPE": 0, "CLASSIFICATION_TYPE": "U", "NORAD_CAT_ID": 34642, "ELEMENT_SET_NO": 999, "REV_AT_EPOCH": 85820, "BSTAR": 0.001093744, "MEAN_MOTION_DOT": 1.882e-05, "MEAN_MOTION_DDOT": 0}, "tle": {"line1": "1 34642U 93036XP  26019.44541850  .00001882  00000+0  10937-2 0  9999", "line2": "2 34642  74.0035 274.4850 0207095  85.1985  89.3390 13.99110842858202"}}, "geometry": {"type": "Point", "coordinates": [147.9076486990258, -71.86283427226323]}}, {"type": "Feature", "properties": {"norad_id": 34671, "name": "COSMOS 2251 DEB", "group": "cosmos-2251-debris", "lat": -17.236307104799856, "lon": -122.0403631064594, "alt_km": 670.9707946520266, "timestamp": "2026-01-23T21:29:55.109372+00:00", "meta": {"OBJECT_NAME": "COSMOS 2251 DEB", "OBJECT_ID": "1993-036XR", "EPOCH": "2026-01-22T08:40:03.304704", "MEAN_MOTION": 14.67764003, "ECCENTRICITY": 0.00078117, "INCLINATION": 74.026, "RA_OF_ASC_NODE": 55.8265, "ARG_OF_PERICENTER": 129.4754, "MEAN_ANOMALY": 242.6479, "EPHEMERIS_TYPE": 0, "CLASSIFICATION_TYPE": "U", "NORAD_CAT_ID": 34671, "ELEMENT_SET_NO": 999, "REV_AT_EPOCH": 88893, "BSTAR": 0.001855835, "MEAN_MOTION_DOT": 0.00010571, "MEAN_MOTION_DDOT": 0}, "tle": {"line1": "1 34671U 93036XR  26022.36114936  .00010571  00000+0  18558-2 0  9999", "line2": "2 34671  74.0260  55.8265 0007811 129.4754 242.6479 14.67764003888930"}}, "geometry": {"type": "Point", "coordinates": [-122.0403631064594, -17.236307104799856]}}, {"type": "Feature", "properties": {"norad_id": 34672, "name": "COSMOS 2251 DEB", "group": "cosmos-2251-debris", "lat": 10.780938235771721, "lon": -128.74085101660484, "alt_km": 767.7369130364305, "timestamp": "2026-01-23T21:29:55.109383+00:00", "meta": {"OBJECT_NAME": "COSMOS 2251 DEB", "OBJECT_ID": "1993-036XS", "EPOCH": "2026-01-22T07:49:19.411104", "MEAN_MOTION": 14.36477492, "ECCENTRICITY": 0.002508, "INCLINATION": 74.0315, "RA_OF_ASC_NODE": 231.0175, "ARG_OF_PERICENTER": 295.7648, "MEAN_ANOMALY": 240.3051, "EPHEMERIS_TYPE": 0, "CLASSIFICATION_TYPE": "U", "NORAD_CAT_ID": 34672, "ELEMENT_SET_NO": 999, "REV_AT_EPOCH": 65760, "BSTAR": 0.00036611, "MEAN_MOTION_DOT": 1.051e-05, "MEAN_MOTION_DDOT": 0}, "tle": {"line1": "1 34672U 93036XS  26022.32591911  .00001051  00000+0  36611-3 0  9992", "line2": "2 34672  74.0315 231.0175 0025080 295.7648 240.3051 14.36477492657605"}}, "geometry": {"type": "Point", "coordinates": [-128.74085101660484, 10.780938235771721]}}, {"type": "Feature", "properties": {"norad_id": 34678, "name": "COSMOS 2251 DEB", "group": "cosmos-2251-debris", "lat": -50.01489341930941, "lon": -90.90028019745642, "alt_km": 780.5643864665744, "timestamp": "2026-01-23T21:29:55.109393+00:00", "meta": {"OBJECT_NAME": "COSMOS 2251 DEB", "OBJECT_ID": "1993-036XY", "EPOCH": "2026-01-22T17:20:18.955104", "MEAN_MOTION": 14.3007394, "ECCENTRICITY": 0.00259193, "INCLINATION": 74.0383, "RA_OF_ASC_NODE": 291.186, "ARG_OF_PERICENTER": 329.7809, "MEAN_ANOMALY": 59.328, "EPHEMERIS_TYPE": 0, "CLASSIFICATION_TYPE": "U", "NORAD_CAT_ID": 34678, "ELEMENT_SET_NO": 999, "REV_AT_EPOCH": 87965, "BSTAR": 5.6429942e-05, "MEAN_MOTION_DOT": 1.2e-06, "MEAN_MOTION_DDOT": 0}, "tle": {"line1": "1 34678U 93036XY  26022.72244161  .00000120  00000+0  56430-4 0  9992", "line2": "2 34678  74.0383 291.1860 0025919 329.7809  59.3280 14.30073940879659"}}, "geometry": {"type": "Point", "coordinates": [-90.90028019745642, -50.01489341930941]}}, {"type": "Feature", "properties": {"norad_id": 34680, "name": "COSMOS 2251 DEB", "group": "cosmos-2251-debris", "lat": -38.05289269783596, "lon": -117.71897763256658, "alt_km": 694.4811222913104, "timestamp": "2026-01-23T21:29:55.109404+00:00", "meta": {"OBJECT_NAME": "COSMOS 2251 DEB", "OBJECT_ID": "1993-036YA", "EPOCH": "2026-01-22T12:19:33.215232", "MEAN_MOTION": 14.61119486, "ECCENTRICITY": 0.00040427, "INCLINATION": 74.0427, "RA_OF_ASC_NODE": 51.9785, "ARG_OF_PERICENTER": 155.2746, "MEAN_ANOMALY": 357.0099, "EPHEMERIS_TYPE": 0, "CLASSIFICATION_TYPE": "U", "NORAD_CAT_ID": 34680, "ELEMENT_SET_NO": 999, "REV_AT_EPOCH": 88923, "BSTAR": 0.0013142205, "MEAN_MOTION_DOT": 6.441e-05, "MEAN_MOTION_DDOT": 0}, "tle": {"line1": "1 34680U 93036YA  26022.51357888  .00006441  00000+0  13142-2 0  9996", "line2": "2 34680  74.0427  51.9785 0004042 155.2746 357.0099 14.61119486889236"}}, "geometry": {"type": "Point", "coordinates": [-117.71897763256658, -38.05289269783596]}}, {"type": "Feature", "properties": {"norad_id": 34681, "name": "COSMOS 2251 DEB", "group": "cosmos-2251-debris", "lat": -42.5412131006761, "lon": -168.2008678928175, "alt_km": 612.6837770363245, "timestamp": "2026-01-23T21:29:55.109414+00:00", "meta": {"OBJECT_NAME": "COSMOS 2251 DEB", "OBJECT_ID": "1993-036YB", "EPOCH": "2026-01-22T11:51:36.803808", "MEAN_MOTION": 14.84263519, "ECCENTRICITY": 0.00249778, "INCLINATION": 74.0605, "RA_OF_ASC_NODE": 209.7775, "ARG_OF_PERICENTER": 260.9508, "MEAN_ANOMALY": 128.0307, "EPHEMERIS_TYPE": 0, "CLASSIFICATION_TYPE": "U", "NORAD_CAT_ID": 34681, "ELEMENT_SET_NO": 999, "REV_AT_EPOCH": 89875, "BSTAR": 0.0015973941, "MEAN_MOTION_DOT": 0.00013451, "MEAN_MOTION_DDOT": 0}, "tle": {"line1": "1 34681U 93036YB  26022.49417597  .00013451  00000+0  15974-2 0  9992", "line2": "2 34681  74.0605 209.7775 0024977 260.9508 128.0307 14.84263519898753"}}, "geometry": {"type": "Point", "coordinates": [-168.2008678928175, -42.5412131006761]}}, {"type": "Feature", "properties": {"norad_id": 34682, "name": "COSMOS 2251 DEB", "group": "cosmos-2251-debris", "lat": -66.99982509562405, "lon": -39.709220205336834, "alt_km": 713.3022737307447, "timestamp": "2026-01-23T21:29:55.109424+00:00", "meta": {"OBJECT_NAME": "COSMOS 2251 DEB", "OBJECT_ID": "1993-036YC", "EPOCH": "2026-01-22T08:34:49.120608", "MEAN_MOTION": 14.59220843, "ECCENTRICITY": 0.00160355, "INCLINATION": 74.0405, "RA_OF_ASC_NODE": 5.6099, "ARG_OF_PERICENTER": 128.4337, "MEAN_ANOMALY": 0.7959, "EPHEMERIS_TYPE": 0, "CLASSIFICATION_TYPE": "U", "NORAD_CAT_ID": 34682, "ELEMENT_SET_NO": 999, "REV_AT_EPOCH": 89278, "BSTAR": 0.001105423, "MEAN_MOTION_DOT": 5.199e-05, "MEAN_MOTION_DDOT": 0}, "tle": {"line1": "1 34682U 93036YC  26022.35751297  .00005199  00000+0  11054-2 0  9991", "line2": "2 34682  74.0405   5.6099 0016035 128.4337   0.7959 14.59220843892789"}}, "geometry": {"type": "Point", "coordinates": [-39.709220205336834, -66.99982509562405]}}, {"type": "Feature", "properties": {"norad_id": 34683, "name": "COSMOS 2251 DEB", "group": "cosmos-2251-debris", "lat": -45.0627445451901, "lon": -152.14831171009843, "alt_km": 687.1894644606964, "timestamp": "2026-01-23T21:29:55.109434+00:00", "meta": {"OBJECT_NAME": "COSMOS 2251 DEB", "OBJECT_ID": "1993-036YD", "EPOCH": "2026-01-22T00:28:18.970464", "MEAN_MOTION": 14.65058865, "ECCENTRICITY": 0.00154019, "INCLINATION": 74.0297, "RA_OF_ASC_NODE": 14.782, "ARG_OF_PERICENTER": 119.4457, "MEAN_ANOMALY": 296.6598, "EPHEMERIS_TYPE": 0, "CLASSIFICATION_TYPE": "U", "NORAD_CAT_ID": 34683, "ELEMENT_SET_NO": 999, "REV_AT_EPOCH": 88938, "BSTAR": 0.0019841328, "MEAN_MOTION_DOT": 0.00010651, "MEAN_MOTION_DDOT": 0}, "tle": {"line1": "1 34683U 93036YD  26022.01966401  .00010651  00000+0  19841-2 0  9991", "line2": "2 34683  74.0297  14.7820 0015401 119.4457 296.6598 14.65058865889388"}}, "geometry": {"type": "Point", "coordinates": [-152.14831171009843, -45.0627445451901]}}, {"type": "Feature", "properties": {"norad_id": 34685, "name": "COSMOS 2251 DEB", "group": "cosmos-2251-debris", "lat": 27.554746995449747, "lon": 77.19787659178577, "alt_km": 705.3783457618174, "timestamp": "2026-01-23T21:29:55.109444+00:00", "meta": {"OBJECT_NAME": "COSMOS 2251 DEB", "OBJECT_ID": "1993-036YF", "EPOCH": "2026-01-22T12:45:10.082016", "MEAN_MOTION": 14.57954484, "ECCENTRICITY": 0.00124922, "INCLINATION": 74.0291, "RA_OF_ASC_NODE": 71.199, "ARG_OF_PERICENTER": 175.5399, "MEAN_ANOMALY": 255.0146, "EPHEMERIS_TYPE": 0, "CLASSIFICATION_TYPE": "U", "NORAD_CAT_ID": 34685, "ELEMENT_SET_NO": 999, "REV_AT_EPOCH": 89126, "BSTAR": 0.0011720466, "MEAN_MOTION_DOT": 5.36e-05, "MEAN_MOTION_DDOT": 0}, "tle": {"line1": "1 34685U 93036YF  26022.53136669  .00005360  00000+0  11720-2 0  9994", "line2": "2 34685  74.0291  71.1990 0012492 175.5399 255.0146 14.57954484891265"}}, "geometry": {"type": "Point", "coordinates": [77.19787659178577, 27.554746995449747]}}, {"type": "Feature", "properties": {"norad_id": 34689, "name": "COSMOS 2251 DEB", "group": "cosmos-2251-debris", "lat": 57.512143361398486, "lon": -56.58465762511767, "alt_km": 868.8133710804113, "timestamp": "2026-01-23T21:29:55.109454+00:00", "meta": {"OBJECT_NAME": "COSMOS 2251 DEB", "OBJECT_ID": "1993-036YK", "EPOCH": "2026-01-22T20:04:24.560832", "MEAN_MOTION": 14.05192896, "ECCENTRICITY": 0.02248761, "INCLINATION": 74.0864, "RA_OF_ASC_NODE": 151.8771, "ARG_OF_PERICENTER": 211.6643, "MEAN_ANOMALY": 312.5228, "EPHEMERIS_TYPE": 0, "CLASSIFICATION_TYPE": "U", "NORAD_CAT_ID": 34689, "ELEMENT_SET_NO": 999, "REV_AT_EPOCH": 84918, "BSTAR": 0.0067031363, "MEAN_MOTION_DOT": 0.00013587, "MEAN_MOTION_DDOT": 0}, "tle": {"line1": "1 34689U 93036YK  26022.83639538  .00013587  00000+0  67031-2 0  9990", "line2": "2 34689  74.0864 151.8771 0224876 211.6643 312.5228 14.05192896849181"}}, "geometry": {"type": "Point", "coordinates": [-56.58465762511767, 57.512143361398486]}}, {"type": "Feature", "properties": {"norad_id": 34721, "name": "COSMOS 2251 DEB", "group": "cosmos-2251-debris", "lat": 40.577242977290794, "lon": -92.59813214640766, "alt_km": 1023.7051918696625, "timestamp": "2026-01-23T21:29:55.109465+00:00", "meta": {"OBJECT_NAME": "COSMOS 2251 DEB", "OBJECT_ID": "1993-036YP", "EPOCH": "2026-01-22T23:15:01.179360", "MEAN_MOTION": 13.97015586, "ECCENTRICITY": 0.02201585, "INCLINATION": 73.9204, "RA_OF_ASC_NODE": 254.7091, "ARG_OF_PERICENTER": 185.4627, "MEAN_ANOMALY": 238.431, "EPHEMERIS_TYPE": 0, "CLASSIFICATION_TYPE": "U", "NORAD_CAT_ID": 34721, "ELEMENT_SET_NO": 999, "REV_AT_EPOCH": 85725, "BSTAR": 0.0015956602, "MEAN_MOTION_DOT": 2.708e-05, "MEAN_MOTION_DDOT": 0}, "tle": {"line1": "1 34721U 93036YP  26022.96876365  .00002708  00000+0  15957-2 0  9995", "line2": "2 34721  73.9204 254.7091 0220158 185.4627 238.4310 13.97015586857256"}}, "geometry": {"type": "Point", "coordinates": [-92.59813214640766, 40.577242977290794]}}, {"type": "Feature", "properties": {"norad_id": 34722, "name": "COSMOS 2251 DEB", "group": "cosmos-2251-debris", "lat": 31.569627881152513, "lon": -88.87767552218544, "alt_km": 947.8363485910204, "timestamp": "2026-01-23T21:29:55.109475+00:00", "meta": {"OBJECT_NAME": "COSMOS 2251 DEB", "OBJECT_ID": "1993-036YQ", "EPOCH": "2026-01-21T10:40:05.808288", "MEAN_MOTION": 14.12053428, "ECCENTRICITY": 0.0164742, "INCLINATION": 73.8742, "RA_OF_ASC_NODE": 265.2527, "ARG_OF_PERICENTER": 183.5815, "MEAN_ANOMALY": 354.6724, "EPHEMERIS_TYPE": 0, "CLASSIFICATION_TYPE": "U", "NORAD_CAT_ID": 34722, "ELEMENT_SET_NO": 999, "REV_AT_EPOCH": 86805, "BSTAR": 0.00087121942, "MEAN_MOTION_DOT": 1.789e-05, "MEAN_MOTION_DDOT": 0}, "tle": {"line1": "1 34722U 93036YQ  26021.44451167  .00001789  00000+0  87122-3 0  9999", "line2": "2 34722  73.8742 265.2527 0164742 183.5815 354.6724 14.12053428868053"}}, "geometry": {"type": "Point", "coordinates": [-88.87767552218544, 31.569627881152513]}}, {"type": "Feature", "properties": {"norad_id": 34726, "name": "COSMOS 2251 DEB", "group": "cosmos-2251-debris", "lat": 69.9391344905549, "lon": -42.44535164208438, "alt_km": 662.0452164015514, "timestamp": "2026-01-23T21:29:55.109485+00:00", "meta": {"OBJECT_NAME": "COSMOS 2251 DEB", "OBJECT_ID": "1993-036YU", "EPOCH": "2026-01-22T18:49:46.706304", "MEAN_MOTION": 14.59718037, "ECCENTRICITY": 0.00424472, "INCLINATION": 74.0277, "RA_OF_ASC_NODE": 268.0169, "ARG_OF_PERICENTER": 45.9824, "MEAN_ANOMALY": 314.4826, "EPHEMERIS_TYPE": 0, "CLASSIFICATION_TYPE": "U", "NORAD_CAT_ID": 34726, "ELEMENT_SET_NO": 999, "REV_AT_EPOCH": 89101, "BSTAR": 0.00067100255, "MEAN_MOTION_DOT": 3.212e-05, "MEAN_MOTION_DDOT": 0}, "tle": {"line1": "1 34726U 93036YU  26022.78456836  .00003212  00000+0  67100-3 0  9996", "line2": "2 34726  74.0277 268.0169 0042447  45.9824 314.4826 14.59718037891018"}}, "geometry": {"type": "Point", "coordinates": [-42.44535164208438, 69.9391344905549]}}, {"type": "Feature", "properties": {"norad_id": 34728, "name": "COSMOS 2251 DEB", "group": "cosmos-2251-debris", "lat": -64.67866614607352, "lon": 27.094444903443463, "alt_km": 652.1183410494614, "timestamp": "2026-01-23T21:29:55.109495+00:00", "meta": {"OBJECT_NAME": "COSMOS 2251 DEB", "OBJECT_ID": "1993-036YW", "EPOCH": "2026-01-19T20:04:24.159072", "MEAN_MOTION": 14.71170055, "ECCENTRICITY": 0.00430399, "INCLINATION": 74.0158, "RA_OF_ASC_NODE": 177.6994, "ARG_OF_PERICENTER": 325.8868, "MEAN_ANOMALY": 33.9538, "EPHEMERIS_TYPE": 0, "CLASSIFICATION_TYPE": "U", "NORAD_CAT_ID": 34728, "ELEMENT_SET_NO": 999, "REV_AT_EPOCH": 89360, "BSTAR": 0.00059779614, "MEAN_MOTION_DOT": 3.703e-05, "MEAN_MOTION_DDOT": 0}, "tle": {"line1": "1 34728U 93036YW  26019.83639073  .00003703  00000+0  59780-3 0  9996", "line2": "2 34728  74.0158 177.6994 0043039 325.8868  33.9538 14.71170055893601"}}, "geometry": {"type": "Point", "coordinates": [27.094444903443463, -64.67866614607352]}}, {"type": "Feature", "properties": {"norad_id": 34729, "name": "COSMOS 2251 DEB", "group": "cosmos-2251-debris", "lat": 0.6471871840394444, "lon": -84.98177859839689, "alt_km": 609.4637550742709, "timestamp": "2026-01-23T21:29:55.109505+00:00", "meta": {"OBJECT_NAME": "COSMOS 2251 DEB", "OBJECT_ID": "1993-036YX", "EPOCH": "2026-01-22T20:09:09.480384", "MEAN_MOTION": 14.84309296, "ECCENTRICITY": 0.00134139, "INCLINATION": 74.016, "RA_OF_ASC_NODE": 276.9287, "ARG_OF_PERICENTER": 23.7604, "MEAN_ANOMALY": 96.2015, "EPHEMERIS_TYPE": 0, "CLASSIFICATION_TYPE": "U", "NORAD_CAT_ID": 34729, "ELEMENT_SET_NO": 999, "REV_AT_EPOCH": 89067, "BSTAR": 0.0016046046, "MEAN_MOTION_DOT": 0.00013474, "MEAN_MOTION_DDOT": 0}, "tle": {"line1": "1 34729U 93036YX  26022.83969306  .00013474  00000+0  16046-2 0  9999", "line2": "2 34729  74.0160 276.9287 0013413  23.7604  96.2015 14.84309296890679"}}, "geometry": {"type": "Point", "coordinates": [-84.98177859839689, 0.6471871840394444]}}, {"type": "Feature", "properties": {"norad_id": 34732, "name": "COSMOS 2251 DEB", "group": "cosmos-2251-debris", "lat": 42.679164525053565, "lon": 179.11051855995328, "alt_km": 704.6491395882722, "timestamp": "2026-01-23T21:29:55.109516+00:00", "meta": {"OBJECT_NAME": "COSMOS 2251 DEB", "OBJECT_ID": "1993-036ZA", "EPOCH": "2026-01-22T23:27:19.563264", "MEAN_MOTION": 14.47350735, "ECCENTRICITY": 0.00387874, "INCLINATION": 74.0453, "RA_OF_ASC_NODE": 16.1214, "ARG_OF_PERICENTER": 157.9024, "MEAN_ANOMALY": 233.6486, "EPHEMERIS_TYPE": 0, "CLASSIFICATION_TYPE": "U", "NORAD_CAT_ID": 34732, "ELEMENT_SET_NO": 999, "REV_AT_EPOCH": 88740, "BSTAR": 0.00021073934, "MEAN_MOTION_DOT": 7.52e-06, "MEAN_MOTION_DDOT": 0}, "tle": {"line1": "1 34732U 93036ZA  26022.97730976  .00000752  00000+0  21074-3 0  9990", "line2": "2 34732  74.0453  16.1214 0038787 157.9024 233.6486 14.47350735887408"}}, "geometry": {"type": "Point", "coordinates": [179.11051855995328, 42.679164525053565]}}, {"type": "Feature", "properties": {"norad_id": 34738, "name": "COSMOS 2251 DEB", "group": "cosmos-2251-debris", "lat": 20.64371121481731, "lon": 70.66945857309264, "alt_km": 770.3570012178116, "timestamp": "2026-01-23T21:29:55.109526+00:00", "meta": {"OBJECT_NAME": "COSMOS 2251 DEB", "OBJECT_ID": "1993-036ZG", "EPOCH": "2026-01-22T12:54:07.927200", "MEAN_MOTION": 14.46423209, "ECCENTRICITY": 0.00469747, "INCLINATION": 74.0148, "RA_OF_ASC_NODE": 67.0078, "ARG_OF_PERICENTER": 205.817, "MEAN_ANOMALY": 306.4065, "EPHEMERIS_TYPE": 0, "CLASSIFICATION_TYPE": "U", "NORAD_CAT_ID": 34738, "ELEMENT_SET_NO": 999, "REV_AT_EPOCH": 88448, "BSTAR": 0.00055606921, "MEAN_MOTION_DOT": 1.998e-05, "MEAN_MOTION_DDOT": 0}, "tle": {"line1": "1 34738U 93036ZG  26022.53759175  .00001998  00000+0  55607-3 0  9992", "line2": "2 34738  74.0148  67.0078 0046974 205.8170 306.4065 14.46423209884483"}}, "geometry": {"type": "Point", "coordinates": [70.66945857309264, 20.64371121481731]}}, {"type": "Feature", "properties": {"norad_id": 34750, "name": "COSMOS 2251 DEB", "group": "cosmos-2251-debris", "lat": -30.093680194133604, "lon": 111.9593693489683, "alt_km": 692.3517884066614, "timestamp": "2026-01-23T21:29:55.109536+00:00", "meta": {"OBJECT_NAME": "COSMOS 2251 DEB", "OBJECT_ID": "1993-036ZU", "EPOCH": "2026-01-22T08:07:26.025024", "MEAN_MOTION": 14.61904597, "ECCENTRICITY": 0.00372517, "INCLINATION": 74.1085, "RA_OF_ASC_NODE": 124.4287, "ARG_OF_PERICENTER": 61.8073, "MEAN_ANOMALY": 354.8825, "EPHEMERIS_TYPE": 0, "CLASSIFICATION_TYPE": "U", "NORAD_CAT_ID": 34750, "ELEMENT_SET_NO": 999, "REV_AT_EPOCH": 88824, "BSTAR": 0.0014650232, "MEAN_MOTION_DOT": 7.381e-05, "MEAN_MOTION_DDOT": 0}, "tle": {"line1": "1 34750U 93036ZU  26022.33849566  .00007381  00000+0  14650-2 0  9992", "line2": "2 34750  74.1085 124.4287 0037251  61.8073 354.8825 14.61904597888248"}}, "geometry": {"type": "Point", "coordinates": [111.9593693489683, -30.093680194133604]}}, {"type": "Feature", "properties": {"norad_id": 34752, "name": "COSMOS 2251 DEB", "group": "cosmos-2251-debris", "lat": -70.6986721647168, "lon": 149.67755559583995, "alt_km": 591.7749098782097, "timestamp": "2026-01-23T21:29:55.109546+00:00", "meta": {"OBJECT_NAME": "COSMOS 2251 DEB", "OBJECT_ID": "1993-036ZW", "EPOCH": "2026-01-21T18:46:14.341152", "MEAN_MOTION": 15.01275041, "ECCENTRICITY": 0.00477274, "INCLINATION": 74.0122, "RA_OF_ASC_NODE": 279.0358, "ARG_OF_PERICENTER": 36.1791, "MEAN_ANOMALY": 324.2608, "EPHEMERIS_TYPE": 0, "CLASSIFICATION_TYPE": "U", "NORAD_CAT_ID": 34752, "ELEMENT_SET_NO": 999, "REV_AT_EPOCH": 90450, "BSTAR": 0.0017169244, "MEAN_MOTION_DOT": 0.00022656, "MEAN_MOTION_DDOT": 0}, "tle": {"line1": "1 34752U 93036ZW  26021.78211043  .00022656  00000+0  17169-2 0  9995", "line2": "2 34752  74.0122 279.0358 0047727  36.1791 324.2608 15.01275041904506"}}, "geometry": {"type": "Point", "coordinates": [149.67755559583995, -70.6986721647168]}}, {"type": "Feature", "properties": {"norad_id": 34754, "name": "COSMOS 2251 DEB", "group": "cosmos-2251-debris", "lat": 49.857895048564984, "lon": -50.22769817068442, "alt_km": 766.0840604106552, "timestamp": "2026-01-23T21:29:55.109557+00:00", "meta": {"OBJECT_NAME": "COSMOS 2251 DEB", "OBJECT_ID": "1993-036ZY", "EPOCH": "2026-01-22T18:56:50.678016", "MEAN_MOTION": 14.40552889, "ECCENTRICITY": 0.00305385, "INCLINATION": 74.0309, "RA_OF_ASC_NODE": 151.6671, "ARG_OF_PERICENTER": 260.8086, "MEAN_ANOMALY": 251.7616, "EPHEMERIS_TYPE": 0, "CLASSIFICATION_TYPE": "U", "NORAD_CAT_ID": 34754, "ELEMENT_SET_NO": 999, "REV_AT_EPOCH": 88724, "BSTAR": 0.00041701861, "MEAN_MOTION_DOT": 1.309e-05, "MEAN_MOTION_DDOT": 0}, "tle": {"line1": "1 34754U 93036ZY  26022.78947544  .00001309  00000+0  41702-3 0  9993", "line2": "2 34754  74.0309 151.6671 0030538 260.8086 251.7616 14.40552889887247"}}, "geometry": {"type": "Point", "coordinates": [-50.22769817068442, 49.857895048564984]}}, {"type": "Feature", "properties": {"norad_id": 34755, "name": "COSMOS 2251 DEB", "group": "cosmos-2251-debris", "lat": -67.9810787272267, "lon": 176.7751511362065, "alt_km": 877.9665903848927, "timestamp": "2026-01-23T21:29:55.109567+00:00", "meta": {"OBJECT_NAME": "COSMOS 2251 DEB", "OBJECT_ID": "1993-036ZZ", "EPOCH": "2026-01-22T00:27:27.195264", "MEAN_MOTION": 13.50623495, "ECCENTRICITY": 0.0406899, "INCLINATION": 73.9224, "RA_OF_ASC_NODE": 225.2785, "ARG_OF_PERICENTER": 237.8595, "MEAN_ANOMALY": 282.1854, "EPHEMERIS_TYPE": 0, "CLASSIFICATION_TYPE": "U", "NORAD_CAT_ID": 34755, "ELEMENT_SET_NO": 999, "REV_AT_EPOCH": 83067, "BSTAR": 0.0010903682, "MEAN_MOTION_DOT": 1.15e-05, "MEAN_MOTION_DDOT": 0}, "tle": {"line1": "1 34755U 93036ZZ  26022.01906476  .00001150  00000+0  10904-2 0  9992", "line2": "2 34755  73.9224 225.2785 0406899 237.8595 282.1854 13.50623495830671"}}, "geometry": {"type": "Point", "coordinates": [176.7751511362065, -67.9810787272267]}}, {"type": "Feature", "properties": {"norad_id": 34756, "name": "COSMOS 2251 DEB", "group": "cosmos-2251-debris", "lat": -18.46685885966667, "lon": -139.47308605405388, "alt_km": 890.2503020821478, "timestamp": "2026-01-23T21:29:55.109578+00:00", "meta": {"OBJECT_NAME": "COSMOS 2251 DEB", "OBJECT_ID": "1993-036AAA", "EPOCH": "2026-01-22T09:22:29.574048", "MEAN_MOTION": 13.6738794, "ECCENTRICITY": 0.03477165, "INCLINATION": 74.0033, "RA_OF_ASC_NODE": 37.5047, "ARG_OF_PERICENTER": 265.0014, "MEAN_ANOMALY": 91.1331, "EPHEMERIS_TYPE": 0, "CLASSIFICATION_TYPE": "U", "NORAD_CAT_ID": 34756, "ELEMENT_SET_NO": 999, "REV_AT_EPOCH": 83977, "BSTAR": 0.0018027666, "MEAN_MOTION_DOT": 2.281e-05, "MEAN_MOTION_DDOT": 0}, "tle": {"line1": "1 34756U 93036AAA 26022.39062007  .00002281  00000+0  18028-2 0  9998", "line2": "2 34756  74.0033  37.5047 0347716 265.0014  91.1331 13.67387940839776"}}, "geometry": {"type": "Point", "coordinates": [-139.47308605405388, -18.46685885966667]}}, {"type": "Feature", "properties": {"norad_id": 34758, "name": "COSMOS 2251 DEB", "group": "cosmos-2251-debris", "lat": 7.167831085982272, "lon": -126.30577021165018, "alt_km": 777.3767051940422, "timestamp": "2026-01-23T21:29:55.109588+00:00", "meta": {"OBJECT_NAME": "COSMOS 2251 DEB", "OBJECT_ID": "1993-036AAC", "EPOCH": "2026-01-22T06:34:36.732864", "MEAN_MOTION": 13.58224107, "ECCENTRICITY": 0.0384236, "INCLINATION": 74.1049, "RA_OF_ASC_NODE": 234.251, "ARG_OF_PERICENTER": 348.8008, "MEAN_ANOMALY": 10.4723, "EPHEMERIS_TYPE": 0, "CLASSIFICATION_TYPE": "U", "NORAD_CAT_ID": 34758, "ELEMENT_SET_NO": 999, "REV_AT_EPOCH": 83460, "BSTAR": 0.0013179, "MEAN_MOTION_DOT": 1.527e-05, "MEAN_MOTION_DDOT": 0}, "tle": {"line1": "1 34758U 93036AAC 26022.27403626  .00001527  00000+0  13179-2 0  9997", "line2": "2 34758  74.1049 234.2510 0384236 348.8008  10.4723 13.58224107834609"}}, "geometry": {"type": "Point", "coordinates": [-126.30577021165018, 7.167831085982272]}}, {"type": "Feature", "properties": {"norad_id": 34760, "name": "COSMOS 2251 DEB", "group": "cosmos-2251-debris", "lat": -35.39610893660799, "lon": 58.83837946558375, "alt_km": 789.9346069424964, "timestamp": "2026-01-23T21:29:55.109598+00:00", "meta": {"OBJECT_NAME": "COSMOS 2251 DEB", "OBJECT_ID": "1993-036AAE", "EPOCH": "2026-01-22T08:07:25.517856", "MEAN_MOTION": 14.19686172, "ECCENTRICITY": 0.0097138, "INCLINATION": 74.0608, "RA_OF_ASC_NODE": 229.9011, "ARG_OF_PERICENTER": 273.298, "MEAN_ANOMALY": 268.587, "EPHEMERIS_TYPE": 0, "CLASSIFICATION_TYPE": "U", "NORAD_CAT_ID": 34760, "ELEMENT_SET_NO": 999, "REV_AT_EPOCH": 87264, "BSTAR": 0.00080204, "MEAN_MOTION_DOT": 1.752e-05, "MEAN_MOTION_DDOT": 0}, "tle": {"line1": "1 34760U 93036AAE 26022.33848979  .00001752  00000+0  80204-3 0  9995", "line2": "2 34760  74.0608 229.9011 0097138 273.2980 268.5870 14.19686172872648"}}, "geometry": {"type": "Point", "coordinates": [58.83837946558375, -35.39610893660799]}}, {"type": "Feature", "properties": {"norad_id": 34761, "name": "COSMOS 2251 DEB", "group": "cosmos-2251-debris", "lat": 61.697344653434435, "lon": -42.778477849917266, "alt_km": 769.7042761016664, "timestamp": "2026-01-23T21:29:55.109609+00:00", "meta": {"OBJECT_NAME": "COSMOS 2251 DEB", "OBJECT_ID": "1993-036AAF", "EPOCH": "2026-01-22T23:29:24.601344", "MEAN_MOTION": 14.38259947, "ECCENTRICITY": 0.00380286, "INCLINATION": 74.0291, "RA_OF_ASC_NODE": 286.7835, "ARG_OF_PERICENTER": 312.2681, "MEAN_ANOMALY": 47.525, "EPHEMERIS_TYPE": 0, "CLASSIFICATION_TYPE": "U", "NORAD_CAT_ID": 34761, "ELEMENT_SET_NO": 999, "REV_AT_EPOCH": 88242, "BSTAR": 0.0010608184, "MEAN_MOTION_DOT": 3.227e-05, "MEAN_MOTION_DDOT": 0}, "tle": {"line1": "1 34761U 93036AAF 26022.97875696  .00003227  00000+0  10608-2 0  9991", "line2": "2 34761  74.0291 286.7835 0038028 312.2681  47.5250 14.38259947882428"}}, "geometry": {"type": "Point", "coordinates": [-42.778477849917266, 61.697344653434435]}}, {"type": "Feature", "properties": {"norad_id": 34784, "name": "COSMOS 2251 DEB", "group": "cosmos-2251-debris", "lat": 32.10235457618158, "lon": 53.28574891680394, "alt_km": 697.044841465231, "timestamp": "2026-01-23T21:29:55.109619+00:00", "meta": {"OBJECT_NAME": "COSMOS 2251 DEB", "OBJECT_ID": "1993-036AAM", "EPOCH": "2026-01-22T08:40:53.316480", "MEAN_MOTION": 14.61014048, "ECCENTRICITY": 0.00498327, "INCLINATION": 74.0043, "RA_OF_ASC_NODE": 246.5897, "ARG_OF_PERICENTER": 43.9024, "MEAN_ANOMALY": 316.6084, "EPHEMERIS_TYPE": 0, "CLASSIFICATION_TYPE": "U", "NORAD_CAT_ID": 34784, "ELEMENT_SET_NO": 999, "REV_AT_EPOCH": 89128, "BSTAR": 0.00087759157, "MEAN_MOTION_DOT": 4.354e-05, "MEAN_MOTION_DDOT": 0}, "tle": {"line1": "1 34784U 93036AAM 26022.36172820  .00004354  00000+0  87759-3 0  9992", "line2": "2 34784  74.0043 246.5897 0049832  43.9024 316.6084 14.61014048891280"}}, "geometry": {"type": "Point", "coordinates": [53.28574891680394, 32.10235457618158]}}, {"type": "Feature", "properties": {"norad_id": 34790, "name": "COSMOS 2251 DEB", "group": "cosmos-2251-debris", "lat": -4.644487826771885, "lon": -10.871366805687432, "alt_km": 753.6818923209621, "timestamp": "2026-01-23T21:29:55.109633+00:00", "meta": {"OBJECT_NAME": "COSMOS 2251 DEB", "OBJECT_ID": "1993-036AAT", "EPOCH": "2026-01-21T09:47:34.680192", "MEAN_MOTION": 14.24792168, "ECCENTRICITY": 0.00999692, "INCLINATION": 74.0545, "RA_OF_ASC_NODE": 172.2761, "ARG_OF_PERICENTER": 225.4501, "MEAN_ANOMALY": 164.6953, "EPHEMERIS_TYPE": 0, "CLASSIFICATION_TYPE": "U", "NORAD_CAT_ID": 34790, "ELEMENT_SET_NO": 999, "REV_AT_EPOCH": 87138, "BSTAR": 0.0016983135, "MEAN_MOTION_DOT": 4.147e-05, "MEAN_MOTION_DDOT": 0}, "tle": {"line1": "1 34790U 93036AAT 26021.40804028  .00004147  00000+0  16983-2 0  9995", "line2": "2 34790  74.0545 172.2761 0099969 225.4501 164.6953 14.24792168871382"}}, "geometry": {"type": "Point", "coordinates": [-10.871366805687432, -4.644487826771885]}}, {"type": "Feature", "properties": {"norad_id": 34792, "name": "COSMOS 2251 DEB", "group": "cosmos-2251-debris", "lat": -43.05939197742382, "lon": -74.79002634416668, "alt_km": 704.754871224809, "timestamp": "2026-01-23T21:29:55.109644+00:00", "meta": {"OBJECT_NAME": "COSMOS 2251 DEB", "OBJECT_ID": "1993-036AAV", "EPOCH": "2026-01-21T14:38:46.037184", "MEAN_MOTION": 14.56398857, "ECCENTRICITY": 0.00111281, "INCLINATION": 74.0181, "RA_OF_ASC_NODE": 94.0153, "ARG_OF_PERICENTER": 191.9922, "MEAN_ANOMALY": 294.727, "EPHEMERIS_TYPE": 0, "CLASSIFICATION_TYPE": "U", "NORAD_CAT_ID": 34792, "ELEMENT_SET_NO": 999, "REV_AT_EPOCH": 88230, "BSTAR": 0.0024041561, "MEAN_MOTION_DOT": 0.00010667, "MEAN_MOTION_DDOT": 0}, "tle": {"line1": "1 34792U 93036AAV 26021.61025506  .00010667  00000+0  24042-2 0  9995", "line2": "2 34792  74.0181  94.0153 0011128 191.9922 294.7270 14.56398857882304"}}, "geometry": {"type": "Point", "coordinates": [-74.79002634416668, -43.05939197742382]}}, {"type": "Feature", "properties": {"norad_id": 34793, "name": "COSMOS 2251 DEB", "group": "cosmos-2251-debris", "lat": -47.44060447689517, "lon": 10.68719955601652, "alt_km": 766.9237775700922, "timestamp": "2026-01-23T21:29:55.109655+00:00", "meta": {"OBJECT_NAME": "COSMOS 2251 DEB", "OBJECT_ID": "1993-036AAW", "EPOCH": "2026-01-22T16:06:47.314944", "MEAN_MOTION": 14.38716464, "ECCENTRICITY": 0.00521235, "INCLINATION": 74.0019, "RA_OF_ASC_NODE": 174.7424, "ARG_OF_PERICENTER": 319.3064, "MEAN_ANOMALY": 52.1647, "EPHEMERIS_TYPE": 0, "CLASSIFICATION_TYPE": "U", "NORAD_CAT_ID": 34793, "ELEMENT_SET_NO": 999, "REV_AT_EPOCH": 87919, "BSTAR": 0.00044684926, "MEAN_MOTION_DOT": 1.366e-05, "MEAN_MOTION_DDOT": 0}, "tle": {"line1": "1 34793U 93036AAW 26022.67138096  .00001366  00000+0  44685-3 0  9994", "line2": "2 34793  74.0019 174.7424 0052123 319.3064  52.1647 14.38716464879190"}}, "geometry": {"type": "Point", "coordinates": [10.68719955601652, -47.44060447689517]}}, {"type": "Feature", "properties": {"norad_id": 34796, "name": "COSMOS 2251 DEB", "group": "cosmos-2251-debris", "lat": 56.83163893190511, "lon": 163.27769205180923, "alt_km": 793.1598814908348, "timestamp": "2026-01-23T21:29:55.109665+00:00", "meta": {"OBJECT_NAME": "COSMOS 2251 DEB", "OBJECT_ID": "1993-036AAZ", "EPOCH": "2026-01-21T08:03:00.835776", "MEAN_MOTION": 14.48945617, "ECCENTRICITY": 0.01001817, "INCLINATION": 74.0316, "RA_OF_ASC_NODE": 142.0954, "ARG_OF_PERICENTER": 235.6398, "MEAN_ANOMALY": 155.105, "EPHEMERIS_TYPE": 0, "CLASSIFICATION_TYPE": "U", "NORAD_CAT_ID": 34796, "ELEMENT_SET_NO": 999, "REV_AT_EPOCH": 88601, "BSTAR": 0.0018925416, "MEAN_MOTION_DOT": 7.62e-05, "MEAN_MOTION_DDOT": 0}, "tle": {"line1": "1 34796U 93036AAZ 26021.33542634  .00007620  00000+0  18925-2 0  9992", "line2": "2 34796  74.0316 142.0954 0100181 235.6398 155.1050 14.48945617886013"}}, "geometry": {"type": "Point", "coordinates": [163.27769205180923, 56.83163893190511]}}, {"type": "Feature", "properties": {"norad_id": 34797, "name": "COSMOS 2251 DEB", "group": "cosmos-2251-debris", "lat": 36.532146510252176, "lon": 33.70071076072266, "alt_km": 742.2296316569109, "timestamp": "2026-01-23T21:29:55.109675+00:00", "meta": {"OBJECT_NAME": "COSMOS 2251 DEB", "OBJECT_ID": "1993-036ABA", "EPOCH": "2026-01-20T06:49:09.842016", "MEAN_MOTION": 14.43300526, "ECCENTRICITY": 0.00681134, "INCLINATION": 73.9773, "RA_OF_ASC_NODE": 28.1405, "ARG_OF_PERICENTER": 133.6333, "MEAN_ANOMALY": 227.0501, "EPHEMERIS_TYPE": 0, "CLASSIFICATION_TYPE": "U", "NORAD_CAT_ID": 34797, "ELEMENT_SET_NO": 999, "REV_AT_EPOCH": 87971, "BSTAR": 0.0023772901, "MEAN_MOTION_DOT": 8.22e-05, "MEAN_MOTION_DDOT": 0}, "tle": {"line1": "1 34797U 93036ABA 26020.28414169  .00008220  00000+0  23773-2 0  9991", "line2": "2 34797  73.9773  28.1405 0068113 133.6333 227.0501 14.43300526879716"}}, "geometry": {"type": "Point", "coordinates": [33.70071076072266, 36.532146510252176]}}, {"type": "Feature", "properties": {"norad_id": 34814, "name": "COSMOS 2251 DEB", "group": "cosmos-2251-debris", "lat": 3.1372299023505072, "lon": 66.3436721053628, "alt_km": 745.2077069484958, "timestamp": "2026-01-23T21:29:55.109685+00:00", "meta": {"OBJECT_NAME": "COSMOS 2251 DEB", "OBJECT_ID": "1993-036ABD", "EPOCH": "2026-01-22T14:45:11.236896", "MEAN_MOTION": 14.37097532, "ECCENTRICITY": 0.00541758, "INCLINATION": 73.8932, "RA_OF_ASC_NODE": 249.6268, "ARG_OF_PERICENTER": 129.334, "MEAN_ANOMALY": 261.7821, "EPHEMERIS_TYPE": 0, "CLASSIFICATION_TYPE": "U", "NORAD_CAT_ID": 34814, "ELEMENT_SET_NO": 999, "REV_AT_EPOCH": 87920, "BSTAR": 0.0012936829, "MEAN_MOTION_DOT": 3.883e-05, "MEAN_MOTION_DDOT": 0}, "tle": {"line1": "1 34814U 93036ABD 26022.61471339  .00003883  00000+0  12937-2 0  9992", "line2": "2 34814  73.8932 249.6268 0054175 129.3340 261.7821 14.37097532879209"}}, "geometry": {"type": "Point", "coordinates": [66.3436721053628, 3.1372299023505072]}}, {"type": "Feature", "properties": {"norad_id": 34815, "name": "COSMOS 2251 DEB", "group": "cosmos-2251-debris", "lat": 19.923895208741317, "lon": -26.962369852313305, "alt_km": 612.2895703153017, "timestamp": "2026-01-23T21:29:55.109695+00:00", "meta": {"OBJECT_NAME": "COSMOS 2251 DEB", "OBJECT_ID": "1993-036ABE", "EPOCH": "2026-01-22T18:48:08.729568", "MEAN_MOTION": 14.78976333, "ECCENTRICITY": 0.00575276, "INCLINATION": 74.0454, "RA_OF_ASC_NODE": 161.175, "ARG_OF_PERICENTER": 222.2711, "MEAN_ANOMALY": 137.4025, "EPHEMERIS_TYPE": 0, "CLASSIFICATION_TYPE": "U", "NORAD_CAT_ID": 34815, "ELEMENT_SET_NO": 999, "REV_AT_EPOCH": 89234, "BSTAR": 0.0015563382, "MEAN_MOTION_DOT": 0.00011803, "MEAN_MOTION_DDOT": 0}, "tle": {"line1": "1 34815U 93036ABE 26022.78343437  .00011803  00000+0  15563-2 0  9997", "line2": "2 34815  74.0454 161.1750 0057527 222.2711 137.4025 14.78976333892340"}}, "geometry": {"type": "Point", "coordinates": [-26.962369852313305, 19.923895208741317]}}, {"type": "Feature", "properties": {"norad_id": 34816, "name": "COSMOS 2251 DEB", "group": "cosmos-2251-debris", "lat": -63.72534566323513, "lon": -69.82326103328712, "alt_km": 1166.979322484458, "timestamp": "2026-01-23T21:29:55.109706+00:00", "meta": {"OBJECT_NAME": "COSMOS 2251 DEB", "OBJECT_ID": "1993-036ABF", "EPOCH": "2026-01-21T10:03:27.380160", "MEAN_MOTION": 13.58444912, "ECCENTRICITY": 0.03706658, "INCLINATION": 73.887, "RA_OF_ASC_NODE": 78.3781, "ARG_OF_PERICENTER": 135.9162, "MEAN_ANOMALY": 241.5476, "EPHEMERIS_TYPE": 0, "CLASSIFICATION_TYPE": "U", "NORAD_CAT_ID": 34816, "ELEMENT_SET_NO": 999, "REV_AT_EPOCH": 83322, "BSTAR": 0.0010512281, "MEAN_MOTION_DOT": 1.179e-05, "MEAN_MOTION_DDOT": 0}, "tle": {"line1": "1 34816U 93036ABF 26021.41906690  .00001179  00000+0  10512-2 0  9997", "line2": "2 34816  73.8870  78.3781 0370665 135.9162 241.5476 13.58444912833223"}}, "geometry": {"type": "Point", "coordinates": [-69.82326103328712, -63.72534566323513]}}, {"type": "Feature", "properties": {"norad_id": 34818, "name": "COSMOS 2251 DEB", "group": "cosmos-2251-debris", "lat": -61.99270020950273, "lon": 71.99145368279692, "alt_km": 761.4077349119025, "timestamp": "2026-01-23T21:29:55.109716+00:00", "meta": {"OBJECT_NAME": "COSMOS 2251 DEB", "OBJECT_ID": "1993-036ABH", "EPOCH": "2026-01-21T13:21:36.779616", "MEAN_MOTION": 14.37017536, "ECCENTRICITY": 0.00253823, "INCLINATION": 74.0334, "RA_OF_ASC_NODE": 223.7246, "ARG_OF_PERICENTER": 292.2195, "MEAN_ANOMALY": 98.6759, "EPHEMERIS_TYPE": 0, "CLASSIFICATION_TYPE": "U", "NORAD_CAT_ID": 34818, "ELEMENT_SET_NO": 999, "REV_AT_EPOCH": 87942, "BSTAR": 0.0002807031, "MEAN_MOTION_DOT": 8.09e-06, "MEAN_MOTION_DDOT": 0}, "tle": {"line1": "1 34818U 93036ABH 26021.55667569  .00000809  00000+0  28070-3 0  9991", "line2": "2 34818  74.0334 223.7246 0025382 292.2195  98.6759 14.37017536879424"}}, "geometry": {"type": "Point", "coordinates": [71.99145368279692, -61.99270020950273]}}, {"type": "Feature", "properties": {"norad_id": 34819, "name": "COSMOS 2251 DEB", "group": "cosmos-2251-debris", "lat": -8.81189330201431, "lon": 59.02485771594968, "alt_km": 690.2386621261448, "timestamp": "2026-01-23T21:29:55.109726+00:00", "meta": {"OBJECT_NAME": "COSMOS 2251 DEB", "OBJECT_ID": "1993-036ABJ", "EPOCH": "2026-01-22T13:26:37.620096", "MEAN_MOTION": 14.64708575, "ECCENTRICITY": 0.00127318, "INCLINATION": 74.0174, "RA_OF_ASC_NODE": 64.141, "ARG_OF_PERICENTER": 156.5969, "MEAN_ANOMALY": 354.592, "EPHEMERIS_TYPE": 0, "CLASSIFICATION_TYPE": "U", "NORAD_CAT_ID": 34819, "ELEMENT_SET_NO": 999, "REV_AT_EPOCH": 88826, "BSTAR": 0.0015185775, "MEAN_MOTION_DOT": 8.074e-05, "MEAN_MOTION_DDOT": 0}, "tle": {"line1": "1 34819U 93036ABJ 26022.56015764  .00008074  00000+0  15186-2 0  9993", "line2": "2 34819  74.0174  64.1410 0012731 156.5969 354.5920 14.64708575888268"}}, "geometry": {"type": "Point", "coordinates": [59.02485771594968, -8.81189330201431]}}, {"type": "Feature", "properties": {"norad_id": 34823, "name": "COSMOS 2251 DEB", "group": "cosmos-2251-debris", "lat": 63.47567993318431, "lon": 57.44667163415447, "alt_km": 606.3946735395712, "timestamp": "2026-01-23T21:29:55.109737+00:00", "meta": {"OBJECT_NAME": "COSMOS 2251 DEB", "OBJECT_ID": "1993-036ABN", "EPOCH": "2026-01-22T23:44:21.107616", "MEAN_MOTION": 14.55144164, "ECCENTRICITY": 0.01522498, "INCLINATION": 74.0394, "RA_OF_ASC_NODE": 24.1755, "ARG_OF_PERICENTER": 98.1678, "MEAN_ANOMALY": 263.6786, "EPHEMERIS_TYPE": 0, "CLASSIFICATION_TYPE": "U", "NORAD_CAT_ID": 34823, "ELEMENT_SET_NO": 999, "REV_AT_EPOCH": 88981, "BSTAR": 0.00058342758, "MEAN_MOTION_DOT": 2.916e-05, "MEAN_MOTION_DDOT": 0}, "tle": {"line1": "1 34823U 93036ABN 26022.98913319  .00002916  00000+0  58343-3 0  9999", "line2": "2 34823  74.0394  24.1755 0152249  98.1678 263.6786 14.55144164889812"}}, "geometry": {"type": "Point", "coordinates": [57.44667163415447, 63.47567993318431]}}, {"type": "Feature", "properties": {"norad_id": 34845, "name": "COSMOS 2251 DEB", "group": "cosmos-2251-debris", "lat": 73.92448356309112, "lon": 165.89379430345394, "alt_km": 742.5279706284527, "timestamp": "2026-01-23T21:29:55.109747+00:00", "meta": {"OBJECT_NAME": "COSMOS 2251 DEB", "OBJECT_ID": "1993-036ABP", "EPOCH": "2026-01-19T12:27:50.433408", "MEAN_MOTION": 14.4594752, "ECCENTRICITY": 0.00227658, "INCLINATION": 74.0245, "RA_OF_ASC_NODE": 77.8292, "ARG_OF_PERICENTER": 234.0695, "MEAN_ANOMALY": 125.8351, "EPHEMERIS_TYPE": 0, "CLASSIFICATION_TYPE": "U", "NORAD_CAT_ID": 34845, "ELEMENT_SET_NO": 999, "REV_AT_EPOCH": 88012, "BSTAR": 0.00023960208, "MEAN_MOTION_DOT": 8.28e-06, "MEAN_MOTION_DDOT": 0}, "tle": {"line1": "1 34845U 93036ABP 26019.51933372  .00000828  00000+0  23960-3 0  9996", "line2": "2 34845  74.0245  77.8292 0022765 234.0695 125.8351 14.45947520880129"}}, "geometry": {"type": "Point", "coordinates": [165.89379430345394, 73.92448356309112]}}, {"type": "Feature", "properties": {"norad_id": 34846, "name": "COSMOS 2251 DEB", "group": "cosmos-2251-debris", "lat": -63.57265681108929, "lon": 38.1075933465024, "alt_km": 722.1927004808003, "timestamp": "2026-01-23T21:29:55.109758+00:00", "meta": {"OBJECT_NAME": "COSMOS 2251 DEB", "OBJECT_ID": "1993-036ABQ", "EPOCH": "2026-01-22T11:10:41.860992", "MEAN_MOTION": 14.47488487, "ECCENTRICITY": 0.00260548, "INCLINATION": 74.03, "RA_OF_ASC_NODE": 185.599, "ARG_OF_PERICENTER": 246.9471, "MEAN_ANOMALY": 112.8941, "EPHEMERIS_TYPE": 0, "CLASSIFICATION_TYPE": "U", "NORAD_CAT_ID": 34846, "ELEMENT_SET_NO": 999, "REV_AT_EPOCH": 87993, "BSTAR": 0.0014195153, "MEAN_MOTION_DOT": 5.214e-05, "MEAN_MOTION_DDOT": 0}, "tle": {"line1": "1 34846U 93036ABQ 26022.46576228  .00005214  00000+0  14195-2 0  9991", "line2": "2 34846  74.0300 185.5990 0026054 246.9471 112.8941 14.47488487879935"}}, "geometry": {"type": "Point", "coordinates": [38.1075933465024, -63.57265681108929]}}, {"type": "Feature", "properties": {"norad_id": 34852, "name": "COSMOS 2251 DEB", "group": "cosmos-2251-debris", "lat": -9.15135324087166, "lon": 8.084485206281341, "alt_km": 772.5400371962796, "timestamp": "2026-01-23T21:29:55.109768+00:00", "meta": {"OBJECT_NAME": "COSMOS 2251 DEB", "OBJECT_ID": "1993-036ABW", "EPOCH": "2026-01-22T04:31:11.208288", "MEAN_MOTION": 14.37038905, "ECCENTRICITY": 0.0017486, "INCLINATION": 74.0312, "RA_OF_ASC_NODE": 188.5801, "ARG_OF_PERICENTER": 285.464, "MEAN_ANOMALY": 74.4582, "EPHEMERIS_TYPE": 0, "CLASSIFICATION_TYPE": "U", "NORAD_CAT_ID": 34852, "ELEMENT_SET_NO": 999, "REV_AT_EPOCH": 88115, "BSTAR": 0.00021224, "MEAN_MOTION_DOT": 6.04e-06, "MEAN_MOTION_DDOT": 0}, "tle": {"line1": "1 34852U 93036ABW 26022.18832417  .00000604  00000+0  21224-3 0  9992", "line2": "2 34852  74.0312 188.5801 0017486 285.4640  74.4582 14.37038905881150"}}, "geometry": {"type": "Point", "coordinates": [8.084485206281341, -9.15135324087166]}}, {"type": "Feature", "properties": {"norad_id": 34854, "name": "COSMOS 2251 DEB", "group": "cosmos-2251-debris", "lat": 16.67413288433188, "lon": 80.8378850305862, "alt_km": 680.9721578298959, "timestamp": "2026-01-23T21:29:55.109778+00:00", "meta": {"OBJECT_NAME": "COSMOS 2251 DEB", "OBJECT_ID": "1993-036ABY", "EPOCH": "2026-01-22T12:54:38.839392", "MEAN_MOTION": 14.77152187, "ECCENTRICITY": 0.00639554, "INCLINATION": 74.0288, "RA_OF_ASC_NODE": 78.5797, "ARG_OF_PERICENTER": 181.6753, "MEAN_ANOMALY": 178.4218, "EPHEMERIS_TYPE": 0, "CLASSIFICATION_TYPE": "U", "NORAD_CAT_ID": 34854, "ELEMENT_SET_NO": 999, "REV_AT_EPOCH": 72484, "BSTAR": 0.00093155108, "MEAN_MOTION_DOT": 6.788e-05, "MEAN_MOTION_DDOT": 0}, "tle": {"line1": "1 34854U 93036ABY 26022.53794953  .00006788  00000+0  93155-3 0  9996", "line2": "2 34854  74.0288  78.5797 0063955 181.6753 178.4218 14.77152187724846"}}, "geometry": {"type": "Point", "coordinates": [80.8378850305862, 16.67413288433188]}}, {"type": "Feature", "properties": {"norad_id": 34856, "name": "COSMOS 2251 DEB", "group": "cosmos-2251-debris", "lat": 8.575445811802755, "lon": 0.4755581631361127, "alt_km": 550.6935443444763, "timestamp": "2026-01-23T21:29:55.109788+00:00", "meta": {"OBJECT_NAME": "COSMOS 2251 DEB", "OBJECT_ID": "1993-036ACA", "EPOCH": "2026-01-22T15:59:31.896096", "MEAN_MOTION": 15.08366071, "ECCENTRICITY": 0.00289571, "INCLINATION": 73.9981, "RA_OF_ASC_NODE": 0.5314, "ARG_OF_PERICENTER": 126.2759, "MEAN_ANOMALY": 49.7801, "EPHEMERIS_TYPE": 0, "CLASSIFICATION_TYPE": "U", "NORAD_CAT_ID": 34856, "ELEMENT_SET_NO": 999, "REV_AT_EPOCH": 89728, "BSTAR": 0.0019457132, "MEAN_MOTION_DOT": 0.00030625, "MEAN_MOTION_DDOT": 0}, "tle": {"line1": "1 34856U 93036ACA 26022.66634139  .00030625  00000+0  19457-2 0  9990", "line2": "2 34856  73.9981   0.5314 0028957 126.2759  49.7801 15.08366071897281"}}, "geometry": {"type": "Point", "coordinates": [0.4755581631361127, 8.575445811802755]}}, {"type": "Feature", "properties": {"norad_id": 34857, "name": "COSMOS 2251 DEB", "group": "cosmos-2251-debris", "lat": -66.87659839185478, "lon": -15.773662807864172, "alt_km": 738.903413654928, "timestamp": "2026-01-23T21:29:55.109798+00:00", "meta": {"OBJECT_NAME": "COSMOS 2251 DEB", "OBJECT_ID": "1993-036ACB", "EPOCH": "2026-01-21T11:17:40.329888", "MEAN_MOTION": 14.59297954, "ECCENTRICITY": 0.00631065, "INCLINATION": 74.0152, "RA_OF_ASC_NODE": 31.0188, "ARG_OF_PERICENTER": 146.6541, "MEAN_ANOMALY": 4.3741, "EPHEMERIS_TYPE": 0, "CLASSIFICATION_TYPE": "U", "NORAD_CAT_ID": 34857, "ELEMENT_SET_NO": 999, "REV_AT_EPOCH": 88480, "BSTAR": 0.0017318738, "MEAN_MOTION_DOT": 8.395e-05, "MEAN_MOTION_DDOT": 0}, "tle": {"line1": "1 34857U 93036ACB 26021.47060567  .00008395  00000+0  17319-2 0  9991", "line2": "2 34857  74.0152  31.0188 0063106 146.6541   4.3741 14.59297954884804"}}, "geometry": {"type": "Point", "coordinates": [-15.773662807864172, -66.87659839185478]}}, {"type": "Feature", "properties": {"norad_id": 34859, "name": "COSMOS 2251 DEB", "group": "cosmos-2251-debris", "lat": 64.20929667241633, "lon": 35.22497908346493, "alt_km": 497.76284944774943, "timestamp": "2026-01-23T21:29:55.109809+00:00", "meta": {"OBJECT_NAME": "COSMOS 2251 DEB", "OBJECT_ID": "1993-036ACD", "EPOCH": "2026-01-21T17:10:55.311744", "MEAN_MOTION": 15.19941644, "ECCENTRICITY": 0.00013364, "INCLINATION": 74.028, "RA_OF_ASC_NODE": 256.1462, "ARG_OF_PERICENTER": 41.9899, "MEAN_ANOMALY": 24.0839, "EPHEMERIS_TYPE": 0, "CLASSIFICATION_TYPE": "U", "NORAD_CAT_ID": 34859, "ELEMENT_SET_NO": 999, "REV_AT_EPOCH": 88965, "BSTAR": 0.0049394491, "MEAN_MOTION_DOT": 0.00107817, "MEAN_MOTION_DDOT": 0}, "tle": {"line1": "1 34859U 93036ACD 26021.71591796  .00107817  00000+0  49394-2 0  9990", "line2": "2 34859  74.0280 256.1462 0001336  41.9899  24.0839 15.19941644889657"}}, "geometry": {"type": "Point", "coordinates": [35.22497908346493, 64.20929667241633]}}, {"type": "Feature", "properties": {"norad_id": 34861, "name": "COSMOS 2251 DEB", "group": "cosmos-2251-debris", "lat": -7.817456584170293, "lon": 146.7345441154993, "alt_km": 550.8997627951076, "timestamp": "2026-01-23T21:29:55.109819+00:00", "meta": {"OBJECT_NAME": "COSMOS 2251 DEB", "OBJECT_ID": "1993-036ACF", "EPOCH": "2026-01-22T07:06:21.199680", "MEAN_MOTION": 15.07155825, "ECCENTRICITY": 0.000737, "INCLINATION": 74.02, "RA_OF_ASC_NODE": 327.7696, "ARG_OF_PERICENTER": 321.1427, "MEAN_ANOMALY": 190.2479, "EPHEMERIS_TYPE": 0, "CLASSIFICATION_TYPE": "U", "NORAD_CAT_ID": 34861, "ELEMENT_SET_NO": 999, "REV_AT_EPOCH": 88702, "BSTAR": 0.0059595, "MEAN_MOTION_DOT": 0.00090808, "MEAN_MOTION_DDOT": 0}, "tle": {"line1": "1 34861U 93036ACF 26022.29607870  .00090808  00000+0  59595-2 0  9993", "line2": "2 34861  74.0200 327.7696 0007370 321.1427 190.2479 15.07155825887020"}}, "geometry": {"type": "Point", "coordinates": [146.7345441154993, -7.817456584170293]}}, {"type": "Feature", "properties": {"norad_id": 34874, "name": "COSMOS 2251 DEB", "group": "cosmos-2251-debris", "lat": -69.39960242452632, "lon": -134.09221218561458, "alt_km": 790.4995358127399, "timestamp": "2026-01-23T21:29:55.109829+00:00", "meta": {"OBJECT_NAME": "COSMOS 2251 DEB", "OBJECT_ID": "1993-036ACM", "EPOCH": "2026-01-21T17:19:05.655936", "MEAN_MOTION": 14.36554493, "ECCENTRICITY": 0.00515273, "INCLINATION": 74.0408, "RA_OF_ASC_NODE": 0.3213, "ARG_OF_PERICENTER": 13.5611, "MEAN_ANOMALY": 164.1654, "EPHEMERIS_TYPE": 0, "CLASSIFICATION_TYPE": "U", "NORAD_CAT_ID": 34874, "ELEMENT_SET_NO": 999, "REV_AT_EPOCH": 87618, "BSTAR": 0.0025820307, "MEAN_MOTION_DOT": 7.685e-05, "MEAN_MOTION_DDOT": 0}, "tle": {"line1": "1 34874U 93036ACM 26021.72159324  .00007685  00000+0  25820-2 0  9995", "line2": "2 34874  74.0408   0.3213 0051527  13.5611 164.1654 14.36554493876188"}}, "geometry": {"type": "Point", "coordinates": [-134.09221218561458, -69.39960242452632]}}, {"type": "Feature", "properties": {"norad_id": 34875, "name": "COSMOS 2251 DEB", "group": "cosmos-2251-debris", "lat": 55.116369494681905, "lon": 103.45193456513739, "alt_km": 731.6309999040604, "timestamp": "2026-01-23T21:29:55.109840+00:00", "meta": {"OBJECT_NAME": "COSMOS 2251 DEB", "OBJECT_ID": "1993-036ACN", "EPOCH": "2026-01-22T14:29:28.514400", "MEAN_MOTION": 14.49104922, "ECCENTRICITY": 0.00155863, "INCLINATION": 74.0444, "RA_OF_ASC_NODE": 81.6451, "ARG_OF_PERICENTER": 202.9544, "MEAN_ANOMALY": 318.5596, "EPHEMERIS_TYPE": 0, "CLASSIFICATION_TYPE": "U", "NORAD_CAT_ID": 34875, "ELEMENT_SET_NO": 999, "REV_AT_EPOCH": 88347, "BSTAR": 0.00079817234, "MEAN_MOTION_DOT": 3.012e-05, "MEAN_MOTION_DDOT": 0}, "tle": {"line1": "1 34875U 93036ACN 26022.60380225  .00003012  00000+0  79817-3 0  9996", "line2": "2 34875  74.0444  81.6451 0015586 202.9544 318.5596 14.49104922883471"}}, "geometry": {"type": "Point", "coordinates": [103.45193456513739, 55.116369494681905]}}, {"type": "Feature", "properties": {"norad_id": 34878, "name": "COSMOS 2251 DEB", "group": "cosmos-2251-debris", "lat": 39.36587492279574, "lon": 146.78718730269665, "alt_km": 1415.646675013043, "timestamp": "2026-01-23T21:29:55.109850+00:00", "meta": {"OBJECT_NAME": "COSMOS 2251 DEB", "OBJECT_ID": "1993-036ACR", "EPOCH": "2026-01-20T15:07:42.040416", "MEAN_MOTION": 13.44258744, "ECCENTRICITY": 0.04363777, "INCLINATION": 73.965, "RA_OF_ASC_NODE": 345.613, "ARG_OF_PERICENTER": 321.659, "MEAN_ANOMALY": 220.4877, "EPHEMERIS_TYPE": 0, "CLASSIFICATION_TYPE": "U", "NORAD_CAT_ID": 34878, "ELEMENT_SET_NO": 999, "REV_AT_EPOCH": 81795, "BSTAR": 0.0011637362, "MEAN_MOTION_DOT": 1.175e-05, "MEAN_MOTION_DDOT": 0}, "tle": {"line1": "1 34878U 93036ACR 26020.63034769  .00001175  00000+0  11637-2 0  9992", "line2": "2 34878  73.9650 345.6130 0436377 321.6590 220.4877 13.44258744817952"}}, "geometry": {"type": "Point", "coordinates": [146.78718730269665, 39.36587492279574]}}, {"type": "Feature", "properties": {"norad_id": 34882, "name": "COSMOS 2251 DEB", "group": "cosmos-2251-debris", "lat": 60.17148355340382, "lon": -64.93964132895208, "alt_km": 730.9533527729918, "timestamp": "2026-01-23T21:29:55.109860+00:00", "meta": {"OBJECT_NAME": "COSMOS 2251 DEB", "OBJECT_ID": "1993-036ACV", "EPOCH": "2026-01-21T14:45:32.856768", "MEAN_MOTION": 14.61683323, "ECCENTRICITY": 0.00839553, "INCLINATION": 74.047, "RA_OF_ASC_NODE": 149.3467, "ARG_OF_PERICENTER": 267.1244, "MEAN_ANOMALY": 92.0312, "EPHEMERIS_TYPE": 0, "CLASSIFICATION_TYPE": "U", "NORAD_CAT_ID": 34882, "ELEMENT_SET_NO": 999, "REV_AT_EPOCH": 89107, "BSTAR": 0.00038505823, "MEAN_MOTION_DOT": 1.983e-05, "MEAN_MOTION_DDOT": 0}, "tle": {"line1": "1 34882U 93036ACV 26021.61496362  .00001983  00000+0  38506-3 0  9999", "line2": "2 34882  74.0470 149.3467 0083955 267.1244  92.0312 14.61683323891078"}}, "geometry": {"type": "Point", "coordinates": [-64.93964132895208, 60.17148355340382]}}, {"type": "Feature", "properties": {"norad_id": 34883, "name": "COSMOS 2251 DEB", "group": "cosmos-2251-debris", "lat": 18.450043147428406, "lon": 158.64295034556213, "alt_km": 653.0380442691012, "timestamp": "2026-01-23T21:29:55.109870+00:00", "meta": {"OBJECT_NAME": "COSMOS 2251 DEB", "OBJECT_ID": "1993-036ACW", "EPOCH": "2026-01-22T08:24:10.926144", "MEAN_MOTION": 14.52714313, "ECCENTRICITY": 0.00897535, "INCLINATION": 74.2005, "RA_OF_ASC_NODE": 346.9487, "ARG_OF_PERICENTER": 161.0108, "MEAN_ANOMALY": 199.4439, "EPHEMERIS_TYPE": 0, "CLASSIFICATION_TYPE": "U", "NORAD_CAT_ID": 34883, "ELEMENT_SET_NO": 999, "REV_AT_EPOCH": 87029, "BSTAR": 0.0033804556, "MEAN_MOTION_DOT": 0.00014622, "MEAN_MOTION_DDOT": 0}, "tle": {"line1": "1 34883U 93036ACW 26022.35012646  .00014622  00000+0  33805-2 0  9991", "line2": "2 34883  74.2005 346.9487 0089753 161.0108 199.4439 14.52714313870292"}}, "geometry": {"type": "Point", "coordinates": [158.64295034556213, 18.450043147428406]}}, {"type": "Feature", "properties": {"norad_id": 34884, "name": "COSMOS 2251 DEB", "group": "cosmos-2251-debris", "lat": -73.97443274807632, "lon": -121.6325165646088, "alt_km": 595.8240243665914, "timestamp": "2026-01-23T21:29:55.109881+00:00", "meta": {"OBJECT_NAME": "COSMOS 2251 DEB", "OBJECT_ID": "1993-036ACX", "EPOCH": "2026-01-22T20:19:02.048736", "MEAN_MOTION": 14.92660789, "ECCENTRICITY": 0.00039304, "INCLINATION": 74.0174, "RA_OF_ASC_NODE": 334.2321, "ARG_OF_PERICENTER": 350.9195, "MEAN_ANOMALY": 42.2129, "EPHEMERIS_TYPE": 0, "CLASSIFICATION_TYPE": "U", "NORAD_CAT_ID": 34884, "ELEMENT_SET_NO": 999, "REV_AT_EPOCH": 88418, "BSTAR": 0.00399316, "MEAN_MOTION_DOT": 0.00041383, "MEAN_MOTION_DDOT": 0}, "tle": {"line1": "1 34884U 93036ACX 26022.84655149  .00041383  00000+0  39932-2 0  9998", "line2": "2 34884  74.0174 334.2321 0003930 350.9195  42.2129 14.92660789884188"}}, "geometry": {"type": "Point", "coordinates": [-121.6325165646088, -73.97443274807632]}}, {"type": "Feature", "properties": {"norad_id": 34885, "name": "COSMOS 2251 DEB", "group": "cosmos-2251-debris", "lat": -73.9948526842953, "lon": 10.240241254183397, "alt_km": 724.9364676848454, "timestamp": "2026-01-23T21:29:55.109891+00:00", "meta": {"OBJECT_NAME": "COSMOS 2251 DEB", "OBJECT_ID": "1993-036ACY", "EPOCH": "2026-01-22T08:11:02.602176", "MEAN_MOTION": 14.51807168, "ECCENTRICITY": 0.00140529, "INCLINATION": 74.0314, "RA_OF_ASC_NODE": 106.5598, "ARG_OF_PERICENTER": 192.2601, "MEAN_ANOMALY": 233.8783, "EPHEMERIS_TYPE": 0, "CLASSIFICATION_TYPE": "U", "NORAD_CAT_ID": 34885, "ELEMENT_SET_NO": 999, "REV_AT_EPOCH": 88068, "BSTAR": 0.0012464543, "MEAN_MOTION_DOT": 4.997e-05, "MEAN_MOTION_DDOT": 0}, "tle": {"line1": "1 34885U 93036ACY 26022.34100234  .00004997  00000+0  12465-2 0  9996", "line2": "2 34885  74.0314 106.5598 0014052 192.2601 233.8783 14.51807168880681"}}, "geometry": {"type": "Point", "coordinates": [10.240241254183397, -73.9948526842953]}}, {"type": "Feature", "properties": {"norad_id": 34886, "name": "COSMOS 2251 DEB", "group": "cosmos-2251-debris", "lat": 46.51167253989817, "lon": 106.77524258273971, "alt_km": 437.1660847009898, "timestamp": "2026-01-23T21:29:55.109901+00:00", "meta": {"OBJECT_NAME": "COSMOS 2251 DEB", "OBJECT_ID": "1993-036ACZ", "EPOCH": "2026-01-22T11:07:54.103296", "MEAN_MOTION": 15.4639337, "ECCENTRICITY": 0.00320245, "INCLINATION": 73.9481, "RA_OF_ASC_NODE": 92.2455, "ARG_OF_PERICENTER": 277.8365, "MEAN_ANOMALY": 81.921, "EPHEMERIS_TYPE": 0, "CLASSIFICATION_TYPE": "U", "NORAD_CAT_ID": 34886, "ELEMENT_SET_NO": 999, "REV_AT_EPOCH": 63626, "BSTAR": 0.0023321267, "MEAN_MOTION_DOT": 0.00119388, "MEAN_MOTION_DDOT": 0}, "tle": {"line1": "1 34886U 93036ACZ 26022.46382064  .00119388  00000+0  23321-2 0  9997", "line2": "2 34886  73.9481  92.2455 0032024 277.8365  81.9210 15.46393370636264"}}, "geometry": {"type": "Point", "coordinates": [106.77524258273971, 46.51167253989817]}}, {"type": "Feature", "properties": {"norad_id": 34908, "name": "COSMOS 2251 DEB", "group": "cosmos-2251-debris", "lat": -16.650648308871023, "lon": -58.7223903374569, "alt_km": 745.1523153777907, "timestamp": "2026-01-23T21:29:55.109912+00:00", "meta": {"OBJECT_NAME": "COSMOS 2251 DEB", "OBJECT_ID": "1993-036ADD", "EPOCH": "2026-01-22T19:00:05.523840", "MEAN_MOTION": 14.3758361, "ECCENTRICITY": 0.00418166, "INCLINATION": 74.0592, "RA_OF_ASC_NODE": 308.2096, "ARG_OF_PERICENTER": 314.751, "MEAN_ANOMALY": 76.3024, "EPHEMERIS_TYPE": 0, "CLASSIFICATION_TYPE": "U", "NORAD_CAT_ID": 34908, "ELEMENT_SET_NO": 999, "REV_AT_EPOCH": 87869, "BSTAR": 0.0011257162, "MEAN_MOTION_DOT": 3.386e-05, "MEAN_MOTION_DDOT": 0}, "tle": {"line1": "1 34908U 93036ADD 26022.79173060  .00003386  00000+0  11257-2 0  9997", "line2": "2 34908  74.0592 308.2096 0041816 314.7510  76.3024 14.37583610878690"}}, "geometry": {"type": "Point", "coordinates": [-58.7223903374569, -16.650648308871023]}}, {"type": "Feature", "properties": {"norad_id": 34909, "name": "COSMOS 2251 DEB", "group": "cosmos-2251-debris", "lat": 37.58389329206607, "lon": 160.92369600646123, "alt_km": 578.6580532779371, "timestamp": "2026-01-23T21:29:55.109922+00:00", "meta": {"OBJECT_NAME": "COSMOS 2251 DEB", "OBJECT_ID": "1993-036ADE", "EPOCH": "2026-01-22T15:37:58.329120", "MEAN_MOTION": 14.78167236, "ECCENTRICITY": 0.00819889, "INCLINATION": 74.0149, "RA_OF_ASC_NODE": 356.116, "ARG_OF_PERICENTER": 121.204, "MEAN_ANOMALY": 239.7205, "EPHEMERIS_TYPE": 0, "CLASSIFICATION_TYPE": "U", "NORAD_CAT_ID": 34909, "ELEMENT_SET_NO": 999, "REV_AT_EPOCH": 67456, "BSTAR": 0.00070250676, "MEAN_MOTION_DOT": 5.352e-05, "MEAN_MOTION_DDOT": 0}, "tle": {"line1": "1 34909U 93036ADE 26022.65136955  .00005352  00000+0  70251-3 0  9990", "line2": "2 34909  74.0149 356.1160 0081988 121.2040 239.7205 14.78167236674569"}}, "geometry": {"type": "Point", "coordinates": [160.92369600646123, 37.58389329206607]}}, {"type": "Feature", "properties": {"norad_id": 34910, "name": "COSMOS 2251 DEB", "group": "cosmos-2251-debris", "lat": 59.6475039077485, "lon": 64.49785847227571, "alt_km": 1051.9303409087288, "timestamp": "2026-01-23T21:29:55.109932+00:00", "meta": {"OBJECT_NAME": "COSMOS 2251 DEB", "OBJECT_ID": "1993-036ADF", "EPOCH": "2026-01-22T11:48:49.008096", "MEAN_MOTION": 13.377724, "ECCENTRICITY": 0.04659359, "INCLINATION": 73.8748, "RA_OF_ASC_NODE": 37.1079, "ARG_OF_PERICENTER": 149.2703, "MEAN_ANOMALY": 2.9974, "EPHEMERIS_TYPE": 0, "CLASSIFICATION_TYPE": "U", "NORAD_CAT_ID": 34910, "ELEMENT_SET_NO": 999, "REV_AT_EPOCH": 82069, "BSTAR": 0.00088277263, "MEAN_MOTION_DOT": 8.51e-06, "MEAN_MOTION_DDOT": 0}, "tle": {"line1": "1 34910U 93036ADF 26022.49223389  .00000851  00000+0  88277-3 0  9998", "line2": "2 34910  73.8748  37.1079 0465935 149.2703   2.9974 13.37772400820691"}}, "geometry": {"type": "Point", "coordinates": [64.49785847227571, 59.6475039077485]}}, {"type": "Feature", "properties": {"norad_id": 34911, "name": "COSMOS 2251 DEB", "group": "cosmos-2251-debris", "lat": -60.08257509314913, "lon": 134.5749494160079, "alt_km": 643.8965853346353, "timestamp": "2026-01-23T21:29:55.109942+00:00", "meta": {"OBJECT_NAME": "COSMOS 2251 DEB", "OBJECT_ID": "1993-036ADG", "EPOCH": "2026-01-22T16:15:57.269088", "MEAN_MOTION": 14.59438807, "ECCENTRICITY": 0.00850025, "INCLINATION": 74.0406, "RA_OF_ASC_NODE": 166.718, "ARG_OF_PERICENTER": 282.4327, "MEAN_ANOMALY": 96.1127, "EPHEMERIS_TYPE": 0, "CLASSIFICATION_TYPE": "U", "NORAD_CAT_ID": 34911, "ELEMENT_SET_NO": 999, "REV_AT_EPOCH": 89184, "BSTAR": 0.0002688426, "MEAN_MOTION_DOT": 1.307e-05, "MEAN_MOTION_DDOT": 0}, "tle": {"line1": "1 34911U 93036ADG 26022.67774617  .00001307  00000+0  26884-3 0  9997", "line2": "2 34911  74.0406 166.7180 0085002 282.4327  96.1127 14.59438807891848"}}, "geometry": {"type": "Point", "coordinates": [134.5749494160079, -60.08257509314913]}}, {"type": "Feature", "properties": {"norad_id": 34913, "name": "COSMOS 2251 DEB", "group": "cosmos-2251-debris", "lat": 34.07136640219968, "lon": 14.071865324196859, "alt_km": 788.5745678412841, "timestamp": "2026-01-23T21:29:55.109953+00:00", "meta": {"OBJECT_NAME": "COSMOS 2251 DEB", "OBJECT_ID": "1993-036ADJ", "EPOCH": "2026-01-22T21:43:39.157248", "MEAN_MOTION": 14.3465131, "ECCENTRICITY": 0.00219249, "INCLINATION": 74.0259, "RA_OF_ASC_NODE": 207.0569, "ARG_OF_PERICENTER": 308.0878, "MEAN_ANOMALY": 122.8251, "EPHEMERIS_TYPE": 0, "CLASSIFICATION_TYPE": "U", "NORAD_CAT_ID": 34913, "ELEMENT_SET_NO": 999, "REV_AT_EPOCH": 65778, "BSTAR": 7.7030637e-05, "MEAN_MOTION_DOT": 1.92e-06, "MEAN_MOTION_DDOT": 0}, "tle": {"line1": "1 34913U 93036ADJ 26022.90531432  .00000192  00000+0  77031-4 0  9993", "line2": "2 34913  74.0259 207.0569 0021924 308.0878 122.8251 14.34651310657782"}}, "geometry": {"type": "Point", "coordinates": [14.071865324196859, 34.07136640219968]}}, {"type": "Feature", "properties": {"norad_id": 34918, "name": "COSMOS 2251 DEB", "group": "cosmos-2251-debris", "lat": 49.90853392035485, "lon": -107.01286131890357, "alt_km": 698.0961043890511, "timestamp": "2026-01-23T21:29:55.109963+00:00", "meta": {"OBJECT_NAME": "COSMOS 2251 DEB", "OBJECT_ID": "1993-036ADP", "EPOCH": "2026-01-22T08:18:01.020096", "MEAN_MOTION": 14.61902931, "ECCENTRICITY": 0.0030727, "INCLINATION": 74.0687, "RA_OF_ASC_NODE": 236.1119, "ARG_OF_PERICENTER": 193.9946, "MEAN_ANOMALY": 345.2387, "EPHEMERIS_TYPE": 0, "CLASSIFICATION_TYPE": "U", "NORAD_CAT_ID": 34918, "ELEMENT_SET_NO": 999, "REV_AT_EPOCH": 65929, "BSTAR": 0.0020865, "MEAN_MOTION_DOT": 0.00010497, "MEAN_MOTION_DDOT": 0}, "tle": {"line1": "1 34918U 93036ADP 26022.34584514  .00010497  00000+0  20865-2 0  9995", "line2": "2 34918  74.0687 236.1119 0030727 193.9946 345.2387 14.61902931659291"}}, "geometry": {"type": "Point", "coordinates": [-107.01286131890357, 49.90853392035485]}}, {"type": "Feature", "properties": {"norad_id": 34924, "name": "COSMOS 2251 DEB", "group": "cosmos-2251-debris", "lat": -23.63051954189664, "lon": -163.81439517935792, "alt_km": 717.1807633915696, "timestamp": "2026-01-23T21:29:55.109973+00:00", "meta": {"OBJECT_NAME": "COSMOS 2251 DEB", "OBJECT_ID": "1993-036ADV", "EPOCH": "2026-01-22T08:56:41.578944", "MEAN_MOTION": 14.60397231, "ECCENTRICITY": 0.00523741, "INCLINATION": 74.0414, "RA_OF_ASC_NODE": 11.8995, "ARG_OF_PERICENTER": 84.4872, "MEAN_ANOMALY": 35.329, "EPHEMERIS_TYPE": 0, "CLASSIFICATION_TYPE": "U", "NORAD_CAT_ID": 34924, "ELEMENT_SET_NO": 999, "REV_AT_EPOCH": 88316, "BSTAR": 0.0013449716, "MEAN_MOTION_DOT": 6.614e-05, "MEAN_MOTION_DDOT": 0}, "tle": {"line1": "1 34924U 93036ADV 26022.37270346  .00006614  00000+0  13450-2 0  9998", "line2": "2 34924  74.0414  11.8995 0052374  84.4872  35.3290 14.60397231883165"}}, "geometry": {"type": "Point", "coordinates": [-163.81439517935792, -23.63051954189664]}}, {"type": "Feature", "properties": {"norad_id": 34944, "name": "COSMOS 2251 DEB", "group": "cosmos-2251-debris", "lat": 0.2028014910019338, "lon": -24.080677006731783, "alt_km": 1006.8378445178269, "timestamp": "2026-01-23T21:29:55.109983+00:00", "meta": {"OBJECT_NAME": "COSMOS 2251 DEB", "OBJECT_ID": "1993-036ADX", "EPOCH": "2026-01-19T18:11:22.183296", "MEAN_MOTION": 14.14278363, "ECCENTRICITY": 0.02212258, "INCLINATION": 73.7485, "RA_OF_ASC_NODE": 163.4424, "ARG_OF_PERICENTER": 4.5504, "MEAN_ANOMALY": 355.7574, "EPHEMERIS_TYPE": 0, "CLASSIFICATION_TYPE": "U", "NORAD_CAT_ID": 34944, "ELEMENT_SET_NO": 999, "REV_AT_EPOCH": 64620, "BSTAR": 0.00019817943, "MEAN_MOTION_DOT": 4.5e-06, "MEAN_MOTION_DDOT": 0}, "tle": {"line1": "1 34944U 93036ADX 26019.75789564  .00000450  00000+0  19818-3 0  9992", "line2": "2 34944  73.7485 163.4424 0221225   4.5504 355.7574 14.14278363646209"}}, "geometry": {"type": "Point", "coordinates": [-24.080677006731783, 0.2028014910019338]}}, {"type": "Feature", "properties": {"norad_id": 34946, "name": "COSMOS 2251 DEB", "group": "cosmos-2251-debris", "lat": -19.857669718020986, "lon": -104.61053620384834, "alt_km": 666.3823947262208, "timestamp": "2026-01-23T21:29:55.109994+00:00", "meta": {"OBJECT_NAME": "COSMOS 2251 DEB", "OBJECT_ID": "1993-036ADZ", "EPOCH": "2026-01-22T22:36:19.346112", "MEAN_MOTION": 14.62294098, "ECCENTRICITY": 0.00498221, "INCLINATION": 74.0215, "RA_OF_ASC_NODE": 263.157, "ARG_OF_PERICENTER": 28.2734, "MEAN_ANOMALY": 332.112, "EPHEMERIS_TYPE": 0, "CLASSIFICATION_TYPE": "U", "NORAD_CAT_ID": 34946, "ELEMENT_SET_NO": 999, "REV_AT_EPOCH": 88811, "BSTAR": 0.00079866239, "MEAN_MOTION_DOT": 4.074e-05, "MEAN_MOTION_DDOT": 0}, "tle": {"line1": "1 34946U 93036ADZ 26022.94189058  .00004074  00000+0  79866-3 0  9996", "line2": "2 34946  74.0215 263.1570 0049822  28.2734 332.1120 14.62294098888115"}}, "geometry": {"type": "Point", "coordinates": [-104.61053620384834, -19.857669718020986]}}, {"type": "Feature", "properties": {"norad_id": 34949, "name": "COSMOS 2251 DEB", "group": "cosmos-2251-debris", "lat": -71.95143962152767, "lon": -91.13182909863855, "alt_km": 662.0885252457665, "timestamp": "2026-01-23T21:29:55.110004+00:00", "meta": {"OBJECT_NAME": "COSMOS 2251 DEB", "OBJECT_ID": "1993-036AEC", "EPOCH": "2026-01-22T06:51:51.549120", "MEAN_MOTION": 14.74301519, "ECCENTRICITY": 0.0078225, "INCLINATION": 74.0178, "RA_OF_ASC_NODE": 30.4273, "ARG_OF_PERICENTER": 166.4258, "MEAN_ANOMALY": 193.9046, "EPHEMERIS_TYPE": 0, "CLASSIFICATION_TYPE": "U", "NORAD_CAT_ID": 34949, "ELEMENT_SET_NO": 999, "REV_AT_EPOCH": 88959, "BSTAR": 0.00068219, "MEAN_MOTION_DOT": 4.712e-05, "MEAN_MOTION_DDOT": 0}, "tle": {"line1": "1 34949U 93036AEC 26022.28601330  .00004712  00000+0  68219-3 0  9997", "line2": "2 34949  74.0178  30.4273 0078225 166.4258 193.9046 14.74301519889599"}}, "geometry": {"type": "Point", "coordinates": [-91.13182909863855, -71.95143962152767]}}, {"type": "Feature", "properties": {"norad_id": 34953, "name": "COSMOS 2251 DEB", "group": "cosmos-2251-debris", "lat": -26.379877683099956, "lon": 134.26114817019229, "alt_km": 660.7070572317916, "timestamp": "2026-01-23T21:29:55.110014+00:00", "meta": {"OBJECT_NAME": "COSMOS 2251 DEB", "OBJECT_ID": "1993-036AEG", "EPOCH": "2026-01-22T18:33:04.270176", "MEAN_MOTION": 14.69533571, "ECCENTRICITY": 0.0058689, "INCLINATION": 74.0939, "RA_OF_ASC_NODE": 308.2973, "ARG_OF_PERICENTER": 290.2214, "MEAN_ANOMALY": 100.2689, "EPHEMERIS_TYPE": 0, "CLASSIFICATION_TYPE": "U", "NORAD_CAT_ID": 34953, "ELEMENT_SET_NO": 999, "REV_AT_EPOCH": 88731, "BSTAR": 0.00098865527, "MEAN_MOTION_DOT": 5.996e-05, "MEAN_MOTION_DDOT": 0}, "tle": {"line1": "1 34953U 93036AEG 26022.77296609  .00005996  00000+0  98866-3 0  9991", "line2": "2 34953  74.0939 308.2973 0058689 290.2214 100.2689 14.69533571887313"}}, "geometry": {"type": "Point", "coordinates": [134.26114817019229, -26.379877683099956]}}, {"type": "Feature", "properties": {"norad_id": 34955, "name": "COSMOS 2251 DEB", "group": "cosmos-2251-debris", "lat": 64.51330367552345, "lon": -56.210001388839345, "alt_km": 574.1728767228124, "timestamp": "2026-01-23T21:29:55.110024+00:00", "meta": {"OBJECT_NAME": "COSMOS 2251 DEB", "OBJECT_ID": "1993-036AEJ", "EPOCH": "2026-01-21T16:13:55.467552", "MEAN_MOTION": 15.01394392, "ECCENTRICITY": 0.00763504, "INCLINATION": 74.0366, "RA_OF_ASC_NODE": 165.2145, "ARG_OF_PERICENTER": 226.1169, "MEAN_ANOMALY": 133.3697, "EPHEMERIS_TYPE": 0, "CLASSIFICATION_TYPE": "U", "NORAD_CAT_ID": 34955, "ELEMENT_SET_NO": 999, "REV_AT_EPOCH": 90633, "BSTAR": 0.0017287291, "MEAN_MOTION_DOT": 0.00023777, "MEAN_MOTION_DDOT": 0}, "tle": {"line1": "1 34955U 93036AEJ 26021.67633643  .00023777  00000+0  17287-2 0  9998", "line2": "2 34955  74.0366 165.2145 0076350 226.1169 133.3697 15.01394392906336"}}, "geometry": {"type": "Point", "coordinates": [-56.210001388839345, 64.51330367552345]}}, {"type": "Feature", "properties": {"norad_id": 34962, "name": "COSMOS 2251 DEB", "group": "cosmos-2251-debris", "lat": -55.450008022229305, "lon": 90.03692304284364, "alt_km": 740.0468115090389, "timestamp": "2026-01-23T21:29:55.110034+00:00", "meta": {"OBJECT_NAME": "COSMOS 2251 DEB", "OBJECT_ID": "1993-036AER", "EPOCH": "2026-01-22T15:53:51.633024", "MEAN_MOTION": 14.46694583, "ECCENTRICITY": 0.00189511, "INCLINATION": 74.0303, "RA_OF_ASC_NODE": 116.9152, "ARG_OF_PERICENTER": 226.8264, "MEAN_ANOMALY": 133.1312, "EPHEMERIS_TYPE": 0, "CLASSIFICATION_TYPE": "U", "NORAD_CAT_ID": 34962, "ELEMENT_SET_NO": 999, "REV_AT_EPOCH": 88170, "BSTAR": 0.00091498646, "MEAN_MOTION_DOT": 3.289e-05, "MEAN_MOTION_DDOT": 0}, "tle": {"line1": "1 34962U 93036AER 26022.66240316  .00003289  00000+0  91499-3 0  9991", "line2": "2 34962  74.0303 116.9152 0018951 226.8264 133.1312 14.46694583881700"}}, "geometry": {"type": "Point", "coordinates": [90.03692304284364, -55.450008022229305]}}, {"type": "Feature", "properties": {"norad_id": 34963, "name": "COSMOS 2251 DEB", "group": "cosmos-2251-debris", "lat": -13.268404042939679, "lon": 147.89726929023917, "alt_km": 704.3384846203007, "timestamp": "2026-01-23T21:29:55.110044+00:00", "meta": {"OBJECT_NAME": "COSMOS 2251 DEB", "OBJECT_ID": "1993-036AES", "EPOCH": "2026-01-22T04:54:51.470496", "MEAN_MOTION": 14.51556281, "ECCENTRICITY": 0.0040452, "INCLINATION": 74.1725, "RA_OF_ASC_NODE": 327.2174, "ARG_OF_PERICENTER": 152.2026, "MEAN_ANOMALY": 208.131, "EPHEMERIS_TYPE": 0, "CLASSIFICATION_TYPE": "U", "NORAD_CAT_ID": 34963, "ELEMENT_SET_NO": 999, "REV_AT_EPOCH": 87388, "BSTAR": 0.002344, "MEAN_MOTION_DOT": 9.467e-05, "MEAN_MOTION_DDOT": 0}, "tle": {"line1": "1 34963U 93036AES 26022.20476239  .00009467  00000+0  23440-2 0  9991", "line2": "2 34963  74.1725 327.2174 0040452 152.2026 208.1310 14.51556281873889"}}, "geometry": {"type": "Point", "coordinates": [147.89726929023917, -13.268404042939679]}}, {"type": "Feature", "properties": {"norad_id": 34964, "name": "COSMOS 2251 DEB", "group": "cosmos-2251-debris", "lat": 72.78849709959793, "lon": 26.324012670621542, "alt_km": 746.8326429689987, "timestamp": "2026-01-23T21:29:55.110054+00:00", "meta": {"OBJECT_NAME": "COSMOS 2251 DEB", "OBJECT_ID": "1993-036AET", "EPOCH": "2026-01-22T00:28:51.809376", "MEAN_MOTION": 14.00780429, "ECCENTRICITY": 0.02107037, "INCLINATION": 73.9701, "RA_OF_ASC_NODE": 277.7245, "ARG_OF_PERICENTER": 127.2008, "MEAN_ANOMALY": 234.8566, "EPHEMERIS_TYPE": 0, "CLASSIFICATION_TYPE": "U", "NORAD_CAT_ID": 34964, "ELEMENT_SET_NO": 999, "REV_AT_EPOCH": 85042, "BSTAR": 0.0021650331, "MEAN_MOTION_DOT": 3.896e-05, "MEAN_MOTION_DDOT": 0}, "tle": {"line1": "1 34964U 93036AET 26022.02004409  .00003896  00000+0  21650-2 0  9999", "line2": "2 34964  73.9701 277.7245 0210703 127.2008 234.8566 14.00780429850420"}}, "geometry": {"type": "Point", "coordinates": [26.324012670621542, 72.78849709959793]}}, {"type": "Feature", "properties": {"norad_id": 34965, "name": "COSMOS 2251 DEB", "group": "cosmos-2251-debris", "lat": -69.37420323489886, "lon": -81.01489771540082, "alt_km": 735.5032177357998, "timestamp": "2026-01-23T21:29:55.110064+00:00", "meta": {"OBJECT_NAME": "COSMOS 2251 DEB", "OBJECT_ID": "1993-036AEU", "EPOCH": "2026-01-22T09:31:04.683936", "MEAN_MOTION": 14.48825959, "ECCENTRICITY": 0.00250926, "INCLINATION": 74.0508, "RA_OF_ASC_NODE": 52.3465, "ARG_OF_PERICENTER": 172.6172, "MEAN_ANOMALY": 187.5363, "EPHEMERIS_TYPE": 0, "CLASSIFICATION_TYPE": "U", "NORAD_CAT_ID": 34965, "ELEMENT_SET_NO": 999, "REV_AT_EPOCH": 87702, "BSTAR": 0.0005042935, "MEAN_MOTION_DOT": 1.886e-05, "MEAN_MOTION_DDOT": 0}, "tle": {"line1": "1 34965U 93036AEU 26022.39658199  .00001886  00000+0  50429-3 0  9995", "line2": "2 34965  74.0508  52.3465 0025092 172.6172 187.5363 14.48825959877024"}}, "geometry": {"type": "Point", "coordinates": [-81.01489771540082, -69.37420323489886]}}, {"type": "Feature", "properties": {"norad_id": 34967, "name": "COSMOS 2251 DEB", "group": "cosmos-2251-debris", "lat": -37.678683425821646, "lon": 8.02487162747036, "alt_km": 751.1113051242173, "timestamp": "2026-01-23T21:29:55.110074+00:00", "meta": {"OBJECT_NAME": "COSMOS 2251 DEB", "OBJECT_ID": "1993-036AEW", "EPOCH": "2026-01-12T05:13:48.637056", "MEAN_MOTION": 14.44413112, "ECCENTRICITY": 0.00395708, "INCLINATION": 73.9925, "RA_OF_ASC_NODE": 196.998, "ARG_OF_PERICENTER": 336.7108, "MEAN_ANOMALY": 23.2255, "EPHEMERIS_TYPE": 0, "CLASSIFICATION_TYPE": "U", "NORAD_CAT_ID": 34967, "ELEMENT_SET_NO": 999, "REV_AT_EPOCH": 65397, "BSTAR": 0.0005412131, "MEAN_MOTION_DOT": 1.856e-05, "MEAN_MOTION_DDOT": 0}, "tle": {"line1": "1 34967U 93036AEW 26012.21792404  .00001856  00000+0  54121-3 0  9995", "line2": "2 34967  73.9925 196.9980 0039570 336.7108  23.2255 14.44413112653974"}}, "geometry": {"type": "Point", "coordinates": [8.02487162747036, -37.678683425821646]}}, {"type": "Feature", "properties": {"norad_id": 34968, "name": "COSMOS 2251 DEB", "group": "cosmos-2251-debris", "lat": -19.604753457760566, "lon": -7.443346118390144, "alt_km": 684.9412139071073, "timestamp": "2026-01-23T21:29:55.110084+00:00", "meta": {"OBJECT_NAME": "COSMOS 2251 DEB", "OBJECT_ID": "1993-036AEX", "EPOCH": "2026-01-22T19:53:54.133728", "MEAN_MOTION": 14.59481518, "ECCENTRICITY": 0.00879841, "INCLINATION": 74.0386, "RA_OF_ASC_NODE": 168.7386, "ARG_OF_PERICENTER": 279.4469, "MEAN_ANOMALY": 79.6759, "EPHEMERIS_TYPE": 0, "CLASSIFICATION_TYPE": "U", "NORAD_CAT_ID": 34968, "ELEMENT_SET_NO": 999, "REV_AT_EPOCH": 89077, "BSTAR": 0.00029399319, "MEAN_MOTION_DOT": 1.439e-05, "MEAN_MOTION_DDOT": 0}, "tle": {"line1": "1 34968U 93036AEX 26022.82909877  .00001439  00000+0  29399-3 0  9994", "line2": "2 34968  74.0386 168.7386 0087984 279.4469  79.6759 14.59481518890776"}}, "geometry": {"type": "Point", "coordinates": [-7.443346118390144, -19.604753457760566]}}, {"type": "Feature", "properties": {"norad_id": 34969, "name": "COSMOS 2251 DEB", "group": "cosmos-2251-debris", "lat": 41.325908409140666, "lon": 111.51070382758625, "alt_km": 760.7241568918789, "timestamp": "2026-01-23T21:29:55.110112+00:00", "meta": {"OBJECT_NAME": "COSMOS 2251 DEB", "OBJECT_ID": "1993-036AEY", "EPOCH": "2026-01-22T11:20:44.584800", "MEAN_MOTION": 14.32337705, "ECCENTRICITY": 0.00729775, "INCLINATION": 74.0157, "RA_OF_ASC_NODE": 308.7085, "ARG_OF_PERICENTER": 71.0012, "MEAN_ANOMALY": 289.9027, "EPHEMERIS_TYPE": 0, "CLASSIFICATION_TYPE": "U", "NORAD_CAT_ID": 34969, "ELEMENT_SET_NO": 999, "REV_AT_EPOCH": 65720, "BSTAR": 0.00062551851, "MEAN_MOTION_DOT": 1.715e-05, "MEAN_MOTION_DDOT": 0}, "tle": {"line1": "1 34969U 93036AEY 26022.47273825  .00001715  00000+0  62552-3 0  9998", "line2": "2 34969  74.0157 308.7085 0072977  71.0012 289.9027 14.32337705657203"}}, "geometry": {"type": "Point", "coordinates": [111.51070382758625, 41.325908409140666]}}, {"type": "Feature", "properties": {"norad_id": 34971, "name": "COSMOS 2251 DEB", "group": "cosmos-2251-debris", "lat": 49.00091032212984, "lon": -135.85488733952846, "alt_km": 653.6614269643187, "timestamp": "2026-01-23T21:29:55.110123+00:00", "meta": {"OBJECT_NAME": "COSMOS 2251 DEB", "OBJECT_ID": "1993-036AFA", "EPOCH": "2026-01-22T06:29:45.125088", "MEAN_MOTION": 14.55707374, "ECCENTRICITY": 0.0069153, "INCLINATION": 73.9761, "RA_OF_ASC_NODE": 207.9293, "ARG_OF_PERICENTER": 62.58, "MEAN_ANOMALY": 116.2985, "EPHEMERIS_TYPE": 0, "CLASSIFICATION_TYPE": "U", "NORAD_CAT_ID": 34971, "ELEMENT_SET_NO": 999, "REV_AT_EPOCH": 66762, "BSTAR": 0.00029195, "MEAN_MOTION_DOT": 1.288e-05, "MEAN_MOTION_DDOT": 0}, "tle": {"line1": "1 34971U 93036AFA 26022.27066117  .00001288  00000+0  29195-3 0  9994", "line2": "2 34971  73.9761 207.9293 0069153  62.5800 116.2985 14.55707374667628"}}, "geometry": {"type": "Point", "coordinates": [-135.85488733952846, 49.00091032212984]}}, {"type": "Feature", "properties": {"norad_id": 34972, "name": "COSMOS 2251 DEB", "group": "cosmos-2251-debris", "lat": 72.94004827847061, "lon": 78.12148778637531, "alt_km": 620.299839530765, "timestamp": "2026-01-23T21:29:55.110133+00:00", "meta": {"OBJECT_NAME": "COSMOS 2251 DEB", "OBJECT_ID": "1993-036AFB", "EPOCH": "2026-01-22T06:38:54.941856", "MEAN_MOTION": 14.73801425, "ECCENTRICITY": 0.003159, "INCLINATION": 73.9905, "RA_OF_ASC_NODE": 330.6141, "ARG_OF_PERICENTER": 117.2026, "MEAN_ANOMALY": 33.6768, "EPHEMERIS_TYPE": 0, "CLASSIFICATION_TYPE": "U", "NORAD_CAT_ID": 34972, "ELEMENT_SET_NO": 999, "REV_AT_EPOCH": 88247, "BSTAR": 0.0022444, "MEAN_MOTION_DOT": 0.00014803, "MEAN_MOTION_DDOT": 0}, "tle": {"line1": "1 34972U 93036AFB 26022.27702479  .00014803  00000+0  22444-2 0  9999", "line2": "2 34972  73.9905 330.6141 0031590 117.2026  33.6768 14.73801425882472"}}, "geometry": {"type": "Point", "coordinates": [78.12148778637531, 72.94004827847061]}}, {"type": "Feature", "properties": {"norad_id": 34976, "name": "COSMOS 2251 DEB", "group": "cosmos-2251-debris", "lat": 37.004391427658916, "lon": -123.85888111518072, "alt_km": 658.3905657643245, "timestamp": "2026-01-23T21:29:55.110143+00:00", "meta": {"OBJECT_NAME": "COSMOS 2251 DEB", "OBJECT_ID": "1993-036AFF", "EPOCH": "2026-01-22T12:57:15.472224", "MEAN_MOTION": 14.77503798, "ECCENTRICITY": 0.00469272, "INCLINATION": 74.0544, "RA_OF_ASC_NODE": 226.3537, "ARG_OF_PERICENTER": 264.2706, "MEAN_ANOMALY": 124.5024, "EPHEMERIS_TYPE": 0, "CLASSIFICATION_TYPE": "U", "NORAD_CAT_ID": 34976, "ELEMENT_SET_NO": 999, "REV_AT_EPOCH": 88876, "BSTAR": 0.001302631, "MEAN_MOTION_DOT": 9.441e-05, "MEAN_MOTION_DDOT": 0}, "tle": {"line1": "1 34976U 93036AFF 26022.53976241  .00009441  00000+0  13026-2 0  9990", "line2": "2 34976  74.0544 226.3537 0046927 264.2706 124.5024 14.77503798888764"}}, "geometry": {"type": "Point", "coordinates": [-123.85888111518072, 37.004391427658916]}}, {"type": "Feature", "properties": {"norad_id": 34979, "name": "COSMOS 2251 DEB", "group": "cosmos-2251-debris", "lat": 45.2661375883419, "lon": -12.515068158519849, "alt_km": 642.4808192473047, "timestamp": "2026-01-23T21:29:55.110154+00:00", "meta": {"OBJECT_NAME": "COSMOS 2251 DEB", "OBJECT_ID": "1993-036AFJ", "EPOCH": "2026-01-22T12:27:21.033216", "MEAN_MOTION": 14.80137467, "ECCENTRICITY": 0.00488189, "INCLINATION": 74.0388, "RA_OF_ASC_NODE": 186.9866, "ARG_OF_PERICENTER": 257.2098, "MEAN_ANOMALY": 102.3621, "EPHEMERIS_TYPE": 0, "CLASSIFICATION_TYPE": "U", "NORAD_CAT_ID": 34979, "ELEMENT_SET_NO": 999, "REV_AT_EPOCH": 88823, "BSTAR": 0.0015589002, "MEAN_MOTION_DOT": 0.00012061, "MEAN_MOTION_DDOT": 0}, "tle": {"line1": "1 34979U 93036AFJ 26022.51899344  .00012061  00000+0  15589-2 0  9997", "line2": "2 34979  74.0388 186.9866 0048818 257.2098 102.3621 14.80137467888235"}}, "geometry": {"type": "Point", "coordinates": [-12.515068158519849, 45.2661375883419]}}, {"type": "Feature", "properties": {"norad_id": 34990, "name": "COSMOS 2251 DEB", "group": "cosmos-2251-debris", "lat": -18.725580745530657, "lon": 167.6159737044785, "alt_km": 758.6148508058177, "timestamp": "2026-01-23T21:29:55.110189+00:00", "meta": {"OBJECT_NAME": "COSMOS 2251 DEB", "OBJECT_ID": "1993-036AFN", "EPOCH": "2026-01-21T03:00:38.934432", "MEAN_MOTION": 14.42491503, "ECCENTRICITY": 0.00163278, "INCLINATION": 74.0441, "RA_OF_ASC_NODE": 178.3163, "ARG_OF_PERICENTER": 237.887, "MEAN_ANOMALY": 122.0702, "EPHEMERIS_TYPE": 0, "CLASSIFICATION_TYPE": "U", "NORAD_CAT_ID": 34990, "ELEMENT_SET_NO": 999, "REV_AT_EPOCH": 87914, "BSTAR": 0.00083359301, "MEAN_MOTION_DOT": 2.741e-05, "MEAN_MOTION_DDOT": 0}, "tle": {"line1": "1 34990U 93036AFN 26021.12545063  .00002741  00000+0  83359-3 0  9997", "line2": "2 34990  74.0441 178.3163 0016327 237.8870 122.0702 14.42491503879146"}}, "geometry": {"type": "Point", "coordinates": [167.6159737044785, -18.725580745530657]}}, {"type": "Feature", "properties": {"norad_id": 34997, "name": "COSMOS 2251 DEB", "group": "cosmos-2251-debris", "lat": -57.43498198653584, "lon": -155.12597583288465, "alt_km": 756.5801766811937, "timestamp": "2026-01-23T21:29:55.110200+00:00", "meta": {"OBJECT_NAME": "COSMOS 2251 DEB", "OBJECT_ID": "1993-036AFV", "EPOCH": "2026-01-19T08:11:41.259264", "MEAN_MOTION": 14.4595667, "ECCENTRICITY": 0.00949616, "INCLINATION": 73.8777, "RA_OF_ASC_NODE": 240.3802, "ARG_OF_PERICENTER": 208.2677, "MEAN_ANOMALY": 151.331, "EPHEMERIS_TYPE": 0, "CLASSIFICATION_TYPE": "U", "NORAD_CAT_ID": 34997, "ELEMENT_SET_NO": 999, "REV_AT_EPOCH": 71290, "BSTAR": 0.0010100046, "MEAN_MOTION_DOT": 3.773e-05, "MEAN_MOTION_DDOT": 0}, "tle": {"line1": "1 34997U 93036AFV 26019.34144976  .00003773  00000+0  10100-2 0  9992", "line2": "2 34997  73.8777 240.3802 0094961 208.2677 151.3310 14.45956670712903"}}, "geometry": {"type": "Point", "coordinates": [-155.12597583288465, -57.43498198653584]}}, {"type": "Feature", "properties": {"norad_id": 34998, "name": "COSMOS 2251 DEB", "group": "cosmos-2251-debris", "lat": 0.6142701081214559, "lon": 80.95644404743365, "alt_km": 741.2017236802585, "timestamp": "2026-01-23T21:29:55.110210+00:00", "meta": {"OBJECT_NAME": "COSMOS 2251 DEB", "OBJECT_ID": "1993-036AFW", "EPOCH": "2026-01-22T14:43:37.256160", "MEAN_MOTION": 14.49507284, "ECCENTRICITY": 0.00215843, "INCLINATION": 74.0106, "RA_OF_ASC_NODE": 83.1888, "ARG_OF_PERICENTER": 225.2019, "MEAN_ANOMALY": 287.5294, "EPHEMERIS_TYPE": 0, "CLASSIFICATION_TYPE": "U", "NORAD_CAT_ID": 34998, "ELEMENT_SET_NO": 999, "REV_AT_EPOCH": 88012, "BSTAR": 0.0010371986, "MEAN_MOTION_DOT": 3.961e-05, "MEAN_MOTION_DDOT": 0}, "tle": {"line1": "1 34998U 93036AFW 26022.61362565  .00003961  00000+0  10372-2 0  9993", "line2": "2 34998  74.0106  83.1888 0021584 225.2019 287.5294 14.49507284880120"}}, "geometry": {"type": "Point", "coordinates": [80.95644404743365, 0.6142701081214559]}}, {"type": "Feature", "properties": {"norad_id": 35012, "name": "COSMOS 2251 DEB", "group": "cosmos-2251-debris", "lat": 60.5660091849803, "lon": -177.4692725790764, "alt_km": 695.9091214475384, "timestamp": "2026-01-23T21:29:55.110226+00:00", "meta": {"OBJECT_NAME": "COSMOS 2251 DEB", "OBJECT_ID": "1993-036AFZ", "EPOCH": "2026-01-22T06:45:58.530816", "MEAN_MOTION": 14.45605199, "ECCENTRICITY": 0.0080086, "INCLINATION": 74.0195, "RA_OF_ASC_NODE": 36.0637, "ARG_OF_PERICENTER": 167.104, "MEAN_ANOMALY": 193.2193, "EPHEMERIS_TYPE": 0, "CLASSIFICATION_TYPE": "U", "NORAD_CAT_ID": 35012, "ELEMENT_SET_NO": 999, "REV_AT_EPOCH": 88147, "BSTAR": 0.00021954, "MEAN_MOTION_DOT": 7.79e-06, "MEAN_MOTION_DDOT": 0}, "tle": {"line1": "1 35012U 93036AFZ 26022.28192744  .00000779  00000+0  21954-3 0  9997", "line2": "2 35012  74.0195  36.0637 0080086 167.1040 193.2193 14.45605199881475"}}, "geometry": {"type": "Point", "coordinates": [-177.4692725790764, 60.5660091849803]}}, {"type": "Feature", "properties": {"norad_id": 35014, "name": "COSMOS 2251 DEB", "group": "cosmos-2251-debris", "lat": 65.64096318822106, "lon": 101.54569093297631, "alt_km": 630.2046259530061, "timestamp": "2026-01-23T21:29:55.110237+00:00", "meta": {"OBJECT_NAME": "COSMOS 2251 DEB", "OBJECT_ID": "1993-036AGB", "EPOCH": "2026-01-21T13:42:44.256384", "MEAN_MOTION": 14.762247, "ECCENTRICITY": 0.00056061, "INCLINATION": 74, "RA_OF_ASC_NODE": 325.4331, "ARG_OF_PERICENTER": 124.4582, "MEAN_ANOMALY": 235.7122, "EPHEMERIS_TYPE": 0, "CLASSIFICATION_TYPE": "U", "NORAD_CAT_ID": 35014, "ELEMENT_SET_NO": 999, "REV_AT_EPOCH": 71924, "BSTAR": 0.0042680259, "MEAN_MOTION_DOT": 0.00029653, "MEAN_MOTION_DDOT": 0}, "tle": {"line1": "1 35014U 93036AGB 26021.57134556  .00029653  00000+0  42680-2 0  9997", "line2": "2 35014  74.0000 325.4331 0005606 124.4582 235.7122 14.76224700719248"}}, "geometry": {"type": "Point", "coordinates": [101.54569093297631, 65.64096318822106]}}, {"type": "Feature", "properties": {"norad_id": 35015, "name": "COSMOS 2251 DEB", "group": "cosmos-2251-debris", "lat": 65.06991401649469, "lon": -62.75540914406286, "alt_km": 733.4867303831061, "timestamp": "2026-01-23T21:29:55.110247+00:00", "meta": {"OBJECT_NAME": "COSMOS 2251 DEB", "OBJECT_ID": "1993-036AGC", "EPOCH": "2026-01-22T15:12:15.854112", "MEAN_MOTION": 14.47150954, "ECCENTRICITY": 0.00754029, "INCLINATION": 73.9484, "RA_OF_ASC_NODE": 157.8878, "ARG_OF_PERICENTER": 15.8814, "MEAN_ANOMALY": 359.1247, "EPHEMERIS_TYPE": 0, "CLASSIFICATION_TYPE": "U", "NORAD_CAT_ID": 35015, "ELEMENT_SET_NO": 999, "REV_AT_EPOCH": 66032, "BSTAR": 0.0013309037, "MEAN_MOTION_DOT": 5.006e-05, "MEAN_MOTION_DDOT": 0}, "tle": {"line1": "1 35015U 93036AGC 26022.63351683  .00005006  00000+0  13309-2 0  9990", "line2": "2 35015  73.9484 157.8878 0075402  15.8814 359.1247 14.47150954660328"}}, "geometry": {"type": "Point", "coordinates": [-62.75540914406286, 65.06991401649469]}}, {"type": "Feature", "properties": {"norad_id": 35016, "name": "COSMOS 2251 DEB", "group": "cosmos-2251-debris", "lat": 50.92144193821193, "lon": 15.829630624629793, "alt_km": 688.8588685895029, "timestamp": "2026-01-23T21:29:55.110257+00:00", "meta": {"OBJECT_NAME": "COSMOS 2251 DEB", "OBJECT_ID": "1993-036AGD", "EPOCH": "2026-01-22T07:15:50.628384", "MEAN_MOTION": 14.35153256, "ECCENTRICITY": 0.0112767, "INCLINATION": 73.9273, "RA_OF_ASC_NODE": 219.5645, "ARG_OF_PERICENTER": 127.3669, "MEAN_ANOMALY": 51.027, "EPHEMERIS_TYPE": 0, "CLASSIFICATION_TYPE": "U", "NORAD_CAT_ID": 35016, "ELEMENT_SET_NO": 999, "REV_AT_EPOCH": 87364, "BSTAR": 0.00063975, "MEAN_MOTION_DOT": 1.937e-05, "MEAN_MOTION_DDOT": 0}, "tle": {"line1": "1 35016U 93036AGD 26022.30266931  .00001937  00000+0  63975-3 0  9990", "line2": "2 35016  73.9273 219.5645 0112767 127.3669  51.0270 14.35153256873646"}}, "geometry": {"type": "Point", "coordinates": [15.829630624629793, 50.92144193821193]}}, {"type": "Feature", "properties": {"norad_id": 35018, "name": "COSMOS 2251 DEB", "group": "cosmos-2251-debris", "lat": 9.009591703936438, "lon": 43.15745971574391, "alt_km": 907.9734055966592, "timestamp": "2026-01-23T21:29:55.110267+00:00", "meta": {"OBJECT_NAME": "COSMOS 2251 DEB", "OBJECT_ID": "1993-036AGF", "EPOCH": "2026-01-21T18:31:53.304672", "MEAN_MOTION": 13.67257395, "ECCENTRICITY": 0.0351081, "INCLINATION": 73.9769, "RA_OF_ASC_NODE": 44.043, "ARG_OF_PERICENTER": 304.8759, "MEAN_ANOMALY": 51.9812, "EPHEMERIS_TYPE": 0, "CLASSIFICATION_TYPE": "U", "NORAD_CAT_ID": 35018, "ELEMENT_SET_NO": 999, "REV_AT_EPOCH": 83733, "BSTAR": 0.003163097, "MEAN_MOTION_DOT": 4.046e-05, "MEAN_MOTION_DDOT": 0}, "tle": {"line1": "1 35018U 93036AGF 26021.77214473  .00004046  00000+0  31631-2 0  9993", "line2": "2 35018  73.9769  44.0430 0351081 304.8759  51.9812 13.67257395837337"}}, "geometry": {"type": "Point", "coordinates": [43.15745971574391, 9.009591703936438]}}, {"type": "Feature", "properties": {"norad_id": 35020, "name": "COSMOS 2251 DEB", "group": "cosmos-2251-debris", "lat": 67.44352784793833, "lon": -105.32806939204652, "alt_km": 704.998261511133, "timestamp": "2026-01-23T21:29:55.110277+00:00", "meta": {"OBJECT_NAME": "COSMOS 2251 DEB", "OBJECT_ID": "1993-036AGH", "EPOCH": "2026-01-17T17:17:33.515520", "MEAN_MOTION": 14.62879102, "ECCENTRICITY": 0.00907554, "INCLINATION": 74.0483, "RA_OF_ASC_NODE": 130.017, "ARG_OF_PERICENTER": 235.9581, "MEAN_ANOMALY": 123.2945, "EPHEMERIS_TYPE": 0, "CLASSIFICATION_TYPE": "U", "NORAD_CAT_ID": 35020, "ELEMENT_SET_NO": 999, "REV_AT_EPOCH": 88764, "BSTAR": 0.00014031453, "MEAN_MOTION_DOT": 7.27e-06, "MEAN_MOTION_DDOT": 0}, "tle": {"line1": "1 35020U 93036AGH 26017.72052680  .00000727  00000+0  14031-3 0  9994", "line2": "2 35020  74.0483 130.0170 0090755 235.9581 123.2945 14.62879102887648"}}, "geometry": {"type": "Point", "coordinates": [-105.32806939204652, 67.44352784793833]}}, {"type": "Feature", "properties": {"norad_id": 35022, "name": "COSMOS 2251 DEB", "group": "cosmos-2251-debris", "lat": -46.64681115536488, "lon": 78.98005347194915, "alt_km": 726.9948210862867, "timestamp": "2026-01-23T21:29:55.110287+00:00", "meta": {"OBJECT_NAME": "COSMOS 2251 DEB", "OBJECT_ID": "1993-036AGK", "EPOCH": "2026-01-22T08:18:11.217024", "MEAN_MOTION": 14.61034556, "ECCENTRICITY": 0.00461498, "INCLINATION": 74.0223, "RA_OF_ASC_NODE": 244.2771, "ARG_OF_PERICENTER": 71.7887, "MEAN_ANOMALY": 288.8295, "EPHEMERIS_TYPE": 0, "CLASSIFICATION_TYPE": "U", "NORAD_CAT_ID": 35022, "ELEMENT_SET_NO": 999, "REV_AT_EPOCH": 59736, "BSTAR": 0.0006997915, "MEAN_MOTION_DOT": 3.458e-05, "MEAN_MOTION_DDOT": 0}, "tle": {"line1": "1 35022U 93036AGK 26022.34596316  .00003458  00000+0  69979-3 0  9994", "line2": "2 35022  74.0223 244.2771 0046149  71.7887 288.8295 14.61034556597368"}}, "geometry": {"type": "Point", "coordinates": [78.98005347194915, -46.64681115536488]}}, {"type": "Feature", "properties": {"norad_id": 35023, "name": "COSMOS 2251 DEB", "group": "cosmos-2251-debris", "lat": -41.68275860903385, "lon": 112.68922685893975, "alt_km": 590.9887471329666, "timestamp": "2026-01-23T21:29:55.110297+00:00", "meta": {"OBJECT_NAME": "COSMOS 2251 DEB", "OBJECT_ID": "1993-036AGL", "EPOCH": "2026-01-22T17:31:31.916064", "MEAN_MOTION": 14.97000978, "ECCENTRICITY": 0.00306004, "INCLINATION": 74.0376, "RA_OF_ASC_NODE": 129.8116, "ARG_OF_PERICENTER": 204.5119, "MEAN_ANOMALY": 312.6636, "EPHEMERIS_TYPE": 0, "CLASSIFICATION_TYPE": "U", "NORAD_CAT_ID": 35023, "ELEMENT_SET_NO": 999, "REV_AT_EPOCH": 88892, "BSTAR": 0.0023904856, "MEAN_MOTION_DOT": 0.0002785, "MEAN_MOTION_DDOT": 0}, "tle": {"line1": "1 35023U 93036AGL 26022.73023051  .00027850  00000+0  23905-2 0  9999", "line2": "2 35023  74.0376 129.8116 0030600 204.5119 312.6636 14.97000978888928"}}, "geometry": {"type": "Point", "coordinates": [112.68922685893975, -41.68275860903385]}}, {"type": "Feature", "properties": {"norad_id": 35025, "name": "COSMOS 2251 DEB", "group": "cosmos-2251-debris", "lat": 52.02637622889585, "lon": 138.65884365702135, "alt_km": 675.6995838366684, "timestamp": "2026-01-23T21:29:55.110307+00:00", "meta": {"OBJECT_NAME": "COSMOS 2251 DEB", "OBJECT_ID": "1993-036AGN", "EPOCH": "2026-01-22T13:57:22.611744", "MEAN_MOTION": 14.73005058, "ECCENTRICITY": 0.00853864, "INCLINATION": 73.9402, "RA_OF_ASC_NODE": 342.891, "ARG_OF_PERICENTER": 247.4909, "MEAN_ANOMALY": 111.7208, "EPHEMERIS_TYPE": 0, "CLASSIFICATION_TYPE": "U", "NORAD_CAT_ID": 35025, "ELEMENT_SET_NO": 999, "REV_AT_EPOCH": 89244, "BSTAR": 0.00070185085, "MEAN_MOTION_DOT": 4.744e-05, "MEAN_MOTION_DDOT": 0}, "tle": {"line1": "1 35025U 93036AGN 26022.58151171  .00004744  00000+0  70185-3 0  9999", "line2": "2 35025  73.9402 342.8910 0085386 247.4909 111.7208 14.73005058892444"}}, "geometry": {"type": "Point", "coordinates": [138.65884365702135, 52.02637622889585]}}, {"type": "Feature", "properties": {"norad_id": 35026, "name": "COSMOS 2251 DEB", "group": "cosmos-2251-debris", "lat": -36.25207822370243, "lon": -132.8882062578765, "alt_km": 663.5240830012781, "timestamp": "2026-01-23T21:29:55.110317+00:00", "meta": {"OBJECT_NAME": "COSMOS 2251 DEB", "OBJECT_ID": "1993-036AGP", "EPOCH": "2026-01-21T23:43:51.256416", "MEAN_MOTION": 14.53656435, "ECCENTRICITY": 0.0083845, "INCLINATION": 74.0448, "RA_OF_ASC_NODE": 242.8206, "ARG_OF_PERICENTER": 345.5436, "MEAN_ANOMALY": 81.4047, "EPHEMERIS_TYPE": 0, "CLASSIFICATION_TYPE": "U", "NORAD_CAT_ID": 35026, "ELEMENT_SET_NO": 999, "REV_AT_EPOCH": 88728, "BSTAR": 0.00011410637, "MEAN_MOTION_DOT": 4.69e-06, "MEAN_MOTION_DDOT": 0}, "tle": {"line1": "1 35026U 93036AGP 26021.98878769  .00000469  00000+0  11411-3 0  9999", "line2": "2 35026  74.0448 242.8206 0083845 345.5436  81.4047 14.53656435887286"}}, "geometry": {"type": "Point", "coordinates": [-132.8882062578765, -36.25207822370243]}}, {"type": "Feature", "properties": {"norad_id": 35028, "name": "COSMOS 2251 DEB", "group": "cosmos-2251-debris", "lat": 17.052869729630174, "lon": 5.942609902018324, "alt_km": 756.8346659940235, "timestamp": "2026-01-23T21:29:55.110328+00:00", "meta": {"OBJECT_NAME": "COSMOS 2251 DEB", "OBJECT_ID": "1993-036AGR", "EPOCH": "2026-01-22T20:20:07.156320", "MEAN_MOTION": 14.56612271, "ECCENTRICITY": 0.00842022, "INCLINATION": 74.0368, "RA_OF_ASC_NODE": 192.9689, "ARG_OF_PERICENTER": 316.3443, "MEAN_ANOMALY": 110.5158, "EPHEMERIS_TYPE": 0, "CLASSIFICATION_TYPE": "U", "NORAD_CAT_ID": 35028, "ELEMENT_SET_NO": 999, "REV_AT_EPOCH": 88884, "BSTAR": 0.00014146467, "MEAN_MOTION_DOT": 6.3e-06, "MEAN_MOTION_DDOT": 0}, "tle": {"line1": "1 35028U 93036AGR 26022.84730505  .00000630  00000+0  14146-3 0  9990", "line2": "2 35028  74.0368 192.9689 0084202 316.3443 110.5158 14.56612271888844"}}, "geometry": {"type": "Point", "coordinates": [5.942609902018324, 17.052869729630174]}}, {"type": "Feature", "properties": {"norad_id": 35031, "name": "COSMOS 2251 DEB", "group": "cosmos-2251-debris", "lat": -3.048912130954783, "lon": 2.4677261596896867, "alt_km": 765.8937034653218, "timestamp": "2026-01-23T21:29:55.110338+00:00", "meta": {"OBJECT_NAME": "COSMOS 2251 DEB", "OBJECT_ID": "1993-036AGU", "EPOCH": "2026-01-22T04:35:09.909024", "MEAN_MOTION": 14.38342867, "ECCENTRICITY": 0.0019875, "INCLINATION": 74.037, "RA_OF_ASC_NODE": 184.7341, "ARG_OF_PERICENTER": 272.3727, "MEAN_ANOMALY": 87.5152, "EPHEMERIS_TYPE": 0, "CLASSIFICATION_TYPE": "U", "NORAD_CAT_ID": 35031, "ELEMENT_SET_NO": 999, "REV_AT_EPOCH": 65865, "BSTAR": 0.00031816, "MEAN_MOTION_DOT": 9.45e-06, "MEAN_MOTION_DDOT": 0}, "tle": {"line1": "1 35031U 93036AGU 26022.19108691  .00000945  00000+0  31816-3 0  9999", "line2": "2 35031  74.0370 184.7341 0019875 272.3727  87.5152 14.38342867658657"}}, "geometry": {"type": "Point", "coordinates": [2.4677261596896867, -3.048912130954783]}}, {"type": "Feature", "properties": {"norad_id": 35032, "name": "COSMOS 2251 DEB", "group": "cosmos-2251-debris", "lat": -62.698325470931984, "lon": -108.08493225117253, "alt_km": 747.8758571817234, "timestamp": "2026-01-23T21:29:55.110348+00:00", "meta": {"OBJECT_NAME": "COSMOS 2251 DEB", "OBJECT_ID": "1993-036AGV", "EPOCH": "2026-01-22T12:05:18.657024", "MEAN_MOTION": 14.59111508, "ECCENTRICITY": 0.00661855, "INCLINATION": 73.8515, "RA_OF_ASC_NODE": 288.7443, "ARG_OF_PERICENTER": 130.957, "MEAN_ANOMALY": 51.7477, "EPHEMERIS_TYPE": 0, "CLASSIFICATION_TYPE": "U", "NORAD_CAT_ID": 35032, "ELEMENT_SET_NO": 999, "REV_AT_EPOCH": 88268, "BSTAR": 0.0013292682, "MEAN_MOTION_DOT": 6.425e-05, "MEAN_MOTION_DDOT": 0}, "tle": {"line1": "1 35032U 93036AGV 26022.50368816  .00006425  00000+0  13293-2 0  9999", "line2": "2 35032  73.8515 288.7443 0066185 130.9570  51.7477 14.59111508882689"}}, "geometry": {"type": "Point", "coordinates": [-108.08493225117253, -62.698325470931984]}}, {"type": "Feature", "properties": {"norad_id": 35033, "name": "COSMOS 2251 DEB", "group": "cosmos-2251-debris", "lat": -24.511413327487244, "lon": -75.25707478601446, "alt_km": 716.9607590573451, "timestamp": "2026-01-23T21:29:55.110359+00:00", "meta": {"OBJECT_NAME": "COSMOS 2251 DEB", "OBJECT_ID": "1993-036AGW", "EPOCH": "2026-01-22T11:27:55.992960", "MEAN_MOTION": 14.51213033, "ECCENTRICITY": 0.00139208, "INCLINATION": 74.0267, "RA_OF_ASC_NODE": 99.907, "ARG_OF_PERICENTER": 206.7824, "MEAN_ANOMALY": 153.262, "EPHEMERIS_TYPE": 0, "CLASSIFICATION_TYPE": "U", "NORAD_CAT_ID": 35033, "ELEMENT_SET_NO": 999, "REV_AT_EPOCH": 66518, "BSTAR": 0.0013296378, "MEAN_MOTION_DOT": 5.266e-05, "MEAN_MOTION_DDOT": 0}, "tle": {"line1": "1 35033U 93036AGW 26022.47773140  .00005266  00000+0  13296-2 0  9991", "line2": "2 35033  74.0267  99.9070 0013920 206.7824 153.2620 14.51213033665188"}}, "geometry": {"type": "Point", "coordinates": [-75.25707478601446, -24.511413327487244]}}, {"type": "Feature", "properties": {"norad_id": 35038, "name": "COSMOS 2251 DEB", "group": "cosmos-2251-debris", "lat": -45.44288591452865, "lon": 163.6515773555292, "alt_km": 786.7422175864194, "timestamp": "2026-01-23T21:29:55.110369+00:00", "meta": {"OBJECT_NAME": "COSMOS 2251 DEB", "OBJECT_ID": "1993-036AHB", "EPOCH": "2026-01-20T20:08:18.639168", "MEAN_MOTION": 14.25523853, "ECCENTRICITY": 0.01155544, "INCLINATION": 74.1077, "RA_OF_ASC_NODE": 332.3253, "ARG_OF_PERICENTER": 306.2598, "MEAN_ANOMALY": 82.1682, "EPHEMERIS_TYPE": 0, "CLASSIFICATION_TYPE": "U", "NORAD_CAT_ID": 35038, "ELEMENT_SET_NO": 999, "REV_AT_EPOCH": 86126, "BSTAR": 0.0040283849, "MEAN_MOTION_DOT": 0.00010203, "MEAN_MOTION_DDOT": 0}, "tle": {"line1": "1 35038U 93036AHB 26020.83910462  .00010203  00000+0  40284-2 0  9998", "line2": "2 35038  74.1077 332.3253 0115554 306.2598  82.1682 14.25523853861260"}}, "geometry": {"type": "Point", "coordinates": [163.6515773555292, -45.44288591452865]}}, {"type": "Feature", "properties": {"norad_id": 35043, "name": "COSMOS 2251 DEB", "group": "cosmos-2251-debris", "lat": 28.08189009338211, "lon": 133.5060063299843, "alt_km": 567.4742137370149, "timestamp": "2026-01-23T21:29:55.110379+00:00", "meta": {"OBJECT_NAME": "COSMOS 2251 DEB", "OBJECT_ID": "1993-036AHG", "EPOCH": "2026-01-22T04:14:34.981728", "MEAN_MOTION": 14.79214022, "ECCENTRICITY": 0.00907551, "INCLINATION": 73.9515, "RA_OF_ASC_NODE": 325.7391, "ARG_OF_PERICENTER": 165.1355, "MEAN_ANOMALY": 195.2522, "EPHEMERIS_TYPE": 0, "CLASSIFICATION_TYPE": "U", "NORAD_CAT_ID": 35043, "ELEMENT_SET_NO": 999, "REV_AT_EPOCH": 68016, "BSTAR": 0.0036050193, "MEAN_MOTION_DOT": 0.00028785, "MEAN_MOTION_DDOT": 0}, "tle": {"line1": "1 35043U 93036AHG 26022.17679377  .00028785  00000+0  36050-2 0  9990", "line2": "2 35043  73.9515 325.7391 0090755 165.1355 195.2522 14.79214022680168"}}, "geometry": {"type": "Point", "coordinates": [133.5060063299843, 28.08189009338211]}}, {"type": "Feature", "properties": {"norad_id": 35045, "name": "COSMOS 2251 DEB", "group": "cosmos-2251-debris", "lat": 71.94915919822087, "lon": 41.96912083215467, "alt_km": 973.1678683583177, "timestamp": "2026-01-23T21:29:55.110390+00:00", "meta": {"OBJECT_NAME": "COSMOS 2251 DEB", "OBJECT_ID": "1993-036AHJ", "EPOCH": "2026-01-22T14:14:12.162912", "MEAN_MOTION": 14.0049849, "ECCENTRICITY": 0.01831258, "INCLINATION": 73.7193, "RA_OF_ASC_NODE": 340.5405, "ARG_OF_PERICENTER": 217.0084, "MEAN_ANOMALY": 141.8304, "EPHEMERIS_TYPE": 0, "CLASSIFICATION_TYPE": "U", "NORAD_CAT_ID": 35045, "ELEMENT_SET_NO": 999, "REV_AT_EPOCH": 85215, "BSTAR": 0.00089480702, "MEAN_MOTION_DOT": 1.509e-05, "MEAN_MOTION_DDOT": 0}, "tle": {"line1": "1 35045U 93036AHJ 26022.59319633  .00001509  00000+0  89481-3 0  9996", "line2": "2 35045  73.7193 340.5405 0183125 217.0084 141.8304 14.00498490852153"}}, "geometry": {"type": "Point", "coordinates": [41.96912083215467, 71.94915919822087]}}, {"type": "Feature", "properties": {"norad_id": 35060, "name": "COSMOS 2251 DEB", "group": "cosmos-2251-debris", "lat": 59.498374280698734, "lon": -42.83543836789327, "alt_km": 755.5107399061171, "timestamp": "2026-01-23T21:29:55.110401+00:00", "meta": {"OBJECT_NAME": "COSMOS 2251 DEB", "OBJECT_ID": "1993-036AHP", "EPOCH": "2026-01-21T02:20:41.426880", "MEAN_MOTION": 14.41700276, "ECCENTRICITY": 0.0018888, "INCLINATION": 74.0365, "RA_OF_ASC_NODE": 171.4189, "ARG_OF_PERICENTER": 252.9395, "MEAN_ANOMALY": 106.9692, "EPHEMERIS_TYPE": 0, "CLASSIFICATION_TYPE": "U", "NORAD_CAT_ID": 35060, "ELEMENT_SET_NO": 999, "REV_AT_EPOCH": 87809, "BSTAR": 0.0007248757, "MEAN_MOTION_DOT": 2.342e-05, "MEAN_MOTION_DDOT": 0}, "tle": {"line1": "1 35060U 93036AHP 26021.09770170  .00002342  00000+0  72488-3 0  9999", "line2": "2 35060  74.0365 171.4189 0018888 252.9395 106.9692 14.41700276878097"}}, "geometry": {"type": "Point", "coordinates": [-42.83543836789327, 59.498374280698734]}}, {"type": "Feature", "properties": {"norad_id": 35061, "name": "COSMOS 2251 DEB", "group": "cosmos-2251-debris", "lat": 38.643079146871386, "lon": -122.48481400975332, "alt_km": 656.2296357525602, "timestamp": "2026-01-23T21:29:55.110411+00:00", "meta": {"OBJECT_NAME": "COSMOS 2251 DEB", "OBJECT_ID": "1993-036AHQ", "EPOCH": "2026-01-21T20:15:24.258528", "MEAN_MOTION": 14.68212591, "ECCENTRICITY": 0.00408051, "INCLINATION": 74.0428, "RA_OF_ASC_NODE": 228.2543, "ARG_OF_PERICENTER": 329.3929, "MEAN_ANOMALY": 30.486, "EPHEMERIS_TYPE": 0, "CLASSIFICATION_TYPE": "U", "NORAD_CAT_ID": 35061, "ELEMENT_SET_NO": 999, "REV_AT_EPOCH": 89163, "BSTAR": 0.0012974833, "MEAN_MOTION_DOT": 7.543e-05, "MEAN_MOTION_DDOT": 0}, "tle": {"line1": "1 35061U 93036AHQ 26021.84403077  .00007543  00000+0  12975-2 0  9994", "line2": "2 35061  74.0428 228.2543 0040805 329.3929  30.4860 14.68212591891639"}}, "geometry": {"type": "Point", "coordinates": [-122.48481400975332, 38.643079146871386]}}, {"type": "Feature", "properties": {"norad_id": 35062, "name": "COSMOS 2251 DEB", "group": "cosmos-2251-debris", "lat": 49.54016522403523, "lon": 178.08723184757875, "alt_km": 857.4513761285234, "timestamp": "2026-01-23T21:29:55.110422+00:00", "meta": {"OBJECT_NAME": "COSMOS 2251 DEB", "OBJECT_ID": "1993-036AHR", "EPOCH": "2026-01-22T09:29:02.991264", "MEAN_MOTION": 14.233306, "ECCENTRICITY": 0.01269734, "INCLINATION": 74.0799, "RA_OF_ASC_NODE": 20.33, "ARG_OF_PERICENTER": 8.1534, "MEAN_ANOMALY": 352.1634, "EPHEMERIS_TYPE": 0, "CLASSIFICATION_TYPE": "U", "NORAD_CAT_ID": 35062, "ELEMENT_SET_NO": 999, "REV_AT_EPOCH": 86077, "BSTAR": 0.0037357826, "MEAN_MOTION_DOT": 9.187e-05, "MEAN_MOTION_DDOT": 0}, "tle": {"line1": "1 35062U 93036AHR 26022.39517351  .00009187  00000+0  37358-2 0  9995", "line2": "2 35062  74.0799  20.3300 0126973   8.1534 352.1634 14.23330600860775"}}, "geometry": {"type": "Point", "coordinates": [178.08723184757875, 49.54016522403523]}}, {"type": "Feature", "properties": {"norad_id": 35065, "name": "COSMOS 2251 DEB", "group": "cosmos-2251-debris", "lat": 13.55452796661275, "lon": 119.59781078639256, "alt_km": 750.590019441026, "timestamp": "2026-01-23T21:29:55.110432+00:00", "meta": {"OBJECT_NAME": "COSMOS 2251 DEB", "OBJECT_ID": "1993-036AHU", "EPOCH": "2026-01-21T12:58:28.899264", "MEAN_MOTION": 14.45884186, "ECCENTRICITY": 0.00205141, "INCLINATION": 74.0205, "RA_OF_ASC_NODE": 120.0323, "ARG_OF_PERICENTER": 241.3214, "MEAN_ANOMALY": 118.5882, "EPHEMERIS_TYPE": 0, "CLASSIFICATION_TYPE": "U", "NORAD_CAT_ID": 35065, "ELEMENT_SET_NO": 999, "REV_AT_EPOCH": 68926, "BSTAR": 0.00084995103, "MEAN_MOTION_DOT": 3.002e-05, "MEAN_MOTION_DDOT": 0}, "tle": {"line1": "1 35065U 93036AHU 26021.54061226  .00003002  00000+0  84995-3 0  9999", "line2": "2 35065  74.0205 120.0323 0020514 241.3214 118.5882 14.45884186689262"}}, "geometry": {"type": "Point", "coordinates": [119.59781078639256, 13.55452796661275]}}, {"type": "Feature", "properties": {"norad_id": 35071, "name": "COSMOS 2251 DEB", "group": "cosmos-2251-debris", "lat": 45.00010918573661, "lon": 103.43951154786022, "alt_km": 536.5219872279486, "timestamp": "2026-01-23T21:29:55.110442+00:00", "meta": {"OBJECT_NAME": "COSMOS 2251 DEB", "OBJECT_ID": "1993-036AJA", "EPOCH": "2026-01-22T13:22:17.912928", "MEAN_MOTION": 15.04423886, "ECCENTRICITY": 0.00701954, "INCLINATION": 73.9317, "RA_OF_ASC_NODE": 89.443, "ARG_OF_PERICENTER": 334.9856, "MEAN_ANOMALY": 24.7935, "EPHEMERIS_TYPE": 0, "CLASSIFICATION_TYPE": "U", "NORAD_CAT_ID": 35071, "ELEMENT_SET_NO": 999, "REV_AT_EPOCH": 68150, "BSTAR": 0.00089708159, "MEAN_MOTION_DOT": 0.00013223, "MEAN_MOTION_DDOT": 0}, "tle": {"line1": "1 35071U 93036AJA 26022.55715177  .00013223  00000+0  89708-3 0  9992", "line2": "2 35071  73.9317  89.4430 0070195 334.9856  24.7935 15.04423886681507"}}, "geometry": {"type": "Point", "coordinates": [103.43951154786022, 45.00010918573661]}}, {"type": "Feature", "properties": {"norad_id": 35073, "name": "COSMOS 2251 DEB", "group": "cosmos-2251-debris", "lat": -54.73271074105688, "lon": -139.57063728195058, "alt_km": 554.1770486177265, "timestamp": "2026-01-23T21:29:55.110453+00:00", "meta": {"OBJECT_NAME": "COSMOS 2251 DEB", "OBJECT_ID": "1993-036AJC", "EPOCH": "2026-01-21T07:31:04.882944", "MEAN_MOTION": 15.04338715, "ECCENTRICITY": 0.00107092, "INCLINATION": 73.9976, "RA_OF_ASC_NODE": 249.6675, "ARG_OF_PERICENTER": 357.9797, "MEAN_ANOMALY": 2.1346, "EPHEMERIS_TYPE": 0, "CLASSIFICATION_TYPE": "U", "NORAD_CAT_ID": 35073, "ELEMENT_SET_NO": 999, "REV_AT_EPOCH": 68073, "BSTAR": 0.0056090338, "MEAN_MOTION_DOT": 0.00079163, "MEAN_MOTION_DDOT": 0}, "tle": {"line1": "1 35073U 93036AJC 26021.31325096  .00079163  00000+0  56090-2 0  9996", "line2": "2 35073  73.9976 249.6675 0010709 357.9797   2.1346 15.04338715680731"}}, "geometry": {"type": "Point", "coordinates": [-139.57063728195058, -54.73271074105688]}}, {"type": "Feature", "properties": {"norad_id": 35284, "name": "COSMOS 2251 DEB", "group": "cosmos-2251-debris", "lat": 16.096010857470723, "lon": -168.46247259370003, "alt_km": 770.2184641485555, "timestamp": "2026-01-23T21:29:55.110463+00:00", "meta": {"OBJECT_NAME": "COSMOS 2251 DEB", "OBJECT_ID": "1993-036AJN", "EPOCH": "2026-01-21T11:08:29.625792", "MEAN_MOTION": 14.38364958, "ECCENTRICITY": 0.00175273, "INCLINATION": 74.0473, "RA_OF_ASC_NODE": 191.2791, "ARG_OF_PERICENTER": 263.0998, "MEAN_ANOMALY": 127.8351, "EPHEMERIS_TYPE": 0, "CLASSIFICATION_TYPE": "U", "NORAD_CAT_ID": 35284, "ELEMENT_SET_NO": 999, "REV_AT_EPOCH": 66097, "BSTAR": 0.00028838504, "MEAN_MOTION_DOT": 8.54e-06, "MEAN_MOTION_DDOT": 0}, "tle": {"line1": "1 35284U 93036AJN 26021.46423178  .00000854  00000+0  28839-3 0  9998", "line2": "2 35284  74.0473 191.2791 0017527 263.0998 127.8351 14.38364958660974"}}, "geometry": {"type": "Point", "coordinates": [-168.46247259370003, 16.096010857470723]}}, {"type": "Feature", "properties": {"norad_id": 35287, "name": "COSMOS 2251 DEB", "group": "cosmos-2251-debris", "lat": -69.61087178193807, "lon": 69.07221756049287, "alt_km": 765.6495527411662, "timestamp": "2026-01-23T21:29:55.110473+00:00", "meta": {"OBJECT_NAME": "COSMOS 2251 DEB", "OBJECT_ID": "1993-036AJR", "EPOCH": "2026-01-22T06:39:43.284384", "MEAN_MOTION": 14.36413392, "ECCENTRICITY": 0.0018978, "INCLINATION": 74.0286, "RA_OF_ASC_NODE": 201.6437, "ARG_OF_PERICENTER": 291.4741, "MEAN_ANOMALY": 241.3217, "EPHEMERIS_TYPE": 0, "CLASSIFICATION_TYPE": "U", "NORAD_CAT_ID": 35287, "ELEMENT_SET_NO": 999, "REV_AT_EPOCH": 87474, "BSTAR": 0.00022022, "MEAN_MOTION_DOT": 6.2e-06, "MEAN_MOTION_DDOT": 0}, "tle": {"line1": "1 35287U 93036AJR 26022.27758431  .00000620  00000+0  22022-3 0  9993", "line2": "2 35287  74.0286 201.6437 0018978 291.4741 241.3217 14.36413392874744"}}, "geometry": {"type": "Point", "coordinates": [69.07221756049287, -69.61087178193807]}}, {"type": "Feature", "properties": {"norad_id": 35288, "name": "COSMOS 2251 DEB", "group": "cosmos-2251-debris", "lat": 5.158116165557804, "lon": 112.07625121270345, "alt_km": 650.6477035397629, "timestamp": "2026-01-23T21:29:55.110483+00:00", "meta": {"OBJECT_NAME": "COSMOS 2251 DEB", "OBJECT_ID": "1993-036AJS", "EPOCH": "2026-01-22T10:18:49.070304", "MEAN_MOTION": 14.66012103, "ECCENTRICITY": 0.00372129, "INCLINATION": 73.9507, "RA_OF_ASC_NODE": 296.4033, "ARG_OF_PERICENTER": 160.3219, "MEAN_ANOMALY": 199.9395, "EPHEMERIS_TYPE": 0, "CLASSIFICATION_TYPE": "U", "NORAD_CAT_ID": 35288, "ELEMENT_SET_NO": 999, "REV_AT_EPOCH": 88474, "BSTAR": 0.0013709585, "MEAN_MOTION_DOT": 7.568e-05, "MEAN_MOTION_DDOT": 0}, "tle": {"line1": "1 35288U 93036AJS 26022.42973461  .00007568  00000+0  13710-2 0  9994", "line2": "2 35288  73.9507 296.4033 0037212 160.3219 199.9395 14.66012103884743"}}, "geometry": {"type": "Point", "coordinates": [112.07625121270345, 5.158116165557804]}}, {"type": "Feature", "properties": {"norad_id": 35290, "name": "COSMOS 2251 DEB", "group": "cosmos-2251-debris", "lat": -70.87487319538417, "lon": -148.09992906544892, "alt_km": 631.1081000141903, "timestamp": "2026-01-23T21:29:55.110493+00:00", "meta": {"OBJECT_NAME": "COSMOS 2251 DEB", "OBJECT_ID": "1993-036AJU", "EPOCH": "2026-01-22T07:03:57.466368", "MEAN_MOTION": 14.81829306, "ECCENTRICITY": 0.0001495, "INCLINATION": 74.0065, "RA_OF_ASC_NODE": 339.2657, "ARG_OF_PERICENTER": 47.9079, "MEAN_ANOMALY": 312.2225, "EPHEMERIS_TYPE": 0, "CLASSIFICATION_TYPE": "U", "NORAD_CAT_ID": 35290, "ELEMENT_SET_NO": 999, "REV_AT_EPOCH": 88558, "BSTAR": 0.002991, "MEAN_MOTION_DOT": 0.00023689, "MEAN_MOTION_DDOT": 0}, "tle": {"line1": "1 35290U 93036AJU 26022.29441512  .00023689  00000+0  29910-2 0  9990", "line2": "2 35290  74.0065 339.2657 0001495  47.9079 312.2225 14.81829306885586"}}, "geometry": {"type": "Point", "coordinates": [-148.09992906544892, -70.87487319538417]}}, {"type": "Feature", "properties": {"norad_id": 35432, "name": "COSMOS 2251 DEB", "group": "cosmos-2251-debris", "lat": -66.75846722014542, "lon": 148.01403113710697, "alt_km": 464.95562649028034, "timestamp": "2026-01-23T21:29:55.110504+00:00", "meta": {"OBJECT_NAME": "COSMOS 2251 DEB", "OBJECT_ID": "1993-036AKA", "EPOCH": "2026-01-22T09:58:32.916864", "MEAN_MOTION": 15.34094424, "ECCENTRICITY": 0.00060094, "INCLINATION": 74.0146, "RA_OF_ASC_NODE": 289.3126, "ARG_OF_PERICENTER": 217.2978, "MEAN_ANOMALY": 142.7811, "EPHEMERIS_TYPE": 0, "CLASSIFICATION_TYPE": "U", "NORAD_CAT_ID": 35432, "ELEMENT_SET_NO": 999, "REV_AT_EPOCH": 88124, "BSTAR": 0.0077236537, "MEAN_MOTION_DOT": 0.00264142, "MEAN_MOTION_DDOT": 0}, "tle": {"line1": "1 35432U 93036AKA 26022.41565876  .00264142  00000+0  77237-2 0  9998", "line2": "2 35432  74.0146 289.3126 0006009 217.2978 142.7811 15.34094424881246"}}, "geometry": {"type": "Point", "coordinates": [148.01403113710697, -66.75846722014542]}}, {"type": "Feature", "properties": {"norad_id": 35433, "name": "COSMOS 2251 DEB", "group": "cosmos-2251-debris", "lat": 46.073509889557016, "lon": 63.91589044706304, "alt_km": 790.6547919608429, "timestamp": "2026-01-23T21:29:55.110514+00:00", "meta": {"OBJECT_NAME": "COSMOS 2251 DEB", "OBJECT_ID": "1993-036AKB", "EPOCH": "2026-01-19T10:37:12.130464", "MEAN_MOTION": 14.34817434, "ECCENTRICITY": 0.00271602, "INCLINATION": 74.0342, "RA_OF_ASC_NODE": 269.3638, "ARG_OF_PERICENTER": 316.1793, "MEAN_ANOMALY": 221.7573, "EPHEMERIS_TYPE": 0, "CLASSIFICATION_TYPE": "U", "NORAD_CAT_ID": 35433, "ELEMENT_SET_NO": 999, "REV_AT_EPOCH": 87121, "BSTAR": 0.00022359482, "MEAN_MOTION_DOT": 6.11e-06, "MEAN_MOTION_DDOT": 0}, "tle": {"line1": "1 35433U 93036AKB 26019.44250151  .00000611  00000+0  22359-3 0  9990", "line2": "2 35433  74.0342 269.3638 0027160 316.1793 221.7573 14.34817434871218"}}, "geometry": {"type": "Point", "coordinates": [63.91589044706304, 46.073509889557016]}}, {"type": "Feature", "properties": {"norad_id": 35434, "name": "COSMOS 2251 DEB", "group": "cosmos-2251-debris", "lat": 58.40346901154247, "lon": -70.18587745009917, "alt_km": 790.4051281980292, "timestamp": "2026-01-23T21:29:55.110524+00:00", "meta": {"OBJECT_NAME": "COSMOS 2251 DEB", "OBJECT_ID": "1993-036AKC", "EPOCH": "2026-01-19T17:35:34.903104", "MEAN_MOTION": 14.25833938, "ECCENTRICITY": 0.00867429, "INCLINATION": 74.0415, "RA_OF_ASC_NODE": 145.0483, "ARG_OF_PERICENTER": 208.059, "MEAN_ANOMALY": 151.587, "EPHEMERIS_TYPE": 0, "CLASSIFICATION_TYPE": "U", "NORAD_CAT_ID": 35434, "ELEMENT_SET_NO": 999, "REV_AT_EPOCH": 86659, "BSTAR": 0.00074715812, "MEAN_MOTION_DOT": 1.823e-05, "MEAN_MOTION_DDOT": 0}, "tle": {"line1": "1 35434U 93036AKC 26019.73304286  .00001823  00000+0  74716-3 0  9992", "line2": "2 35434  74.0415 145.0483 0086742 208.0590 151.5870 14.25833938866595"}}, "geometry": {"type": "Point", "coordinates": [-70.18587745009917, 58.40346901154247]}}, {"type": "Feature", "properties": {"norad_id": 35435, "name": "COSMOS 2251 DEB", "group": "cosmos-2251-debris", "lat": 50.04328134691941, "lon": -179.00362843248814, "alt_km": 621.9832253859031, "timestamp": "2026-01-23T21:29:55.110534+00:00", "meta": {"OBJECT_NAME": "COSMOS 2251 DEB", "OBJECT_ID": "1993-036AKD", "EPOCH": "2026-01-22T06:03:27.533664", "MEAN_MOTION": 14.79841745, "ECCENTRICITY": 0.0004545, "INCLINATION": 74.0108, "RA_OF_ASC_NODE": 24.2497, "ARG_OF_PERICENTER": 99.516, "MEAN_ANOMALY": 276.0155, "EPHEMERIS_TYPE": 0, "CLASSIFICATION_TYPE": "U", "NORAD_CAT_ID": 35435, "ELEMENT_SET_NO": 999, "REV_AT_EPOCH": 88138, "BSTAR": 0.0025333, "MEAN_MOTION_DOT": 0.00019119, "MEAN_MOTION_DDOT": 0}, "tle": {"line1": "1 35435U 93036AKD 26022.25240201  .00019119  00000+0  25333-2 0  9997", "line2": "2 35435  74.0108  24.2497 0004545  99.5160 276.0155 14.79841745881382"}}, "geometry": {"type": "Point", "coordinates": [-179.00362843248814, 50.04328134691941]}}, {"type": "Feature", "properties": {"norad_id": 35439, "name": "COSMOS 2251 DEB", "group": "cosmos-2251-debris", "lat": -49.99127424466018, "lon": 42.52660260755264, "alt_km": 901.9300978653828, "timestamp": "2026-01-23T21:29:55.110544+00:00", "meta": {"OBJECT_NAME": "COSMOS 2251 DEB", "OBJECT_ID": "1993-036AKH", "EPOCH": "2026-01-22T11:37:14.155968", "MEAN_MOTION": 13.93101378, "ECCENTRICITY": 0.02438103, "INCLINATION": 74.0186, "RA_OF_ASC_NODE": 64.9088, "ARG_OF_PERICENTER": 225.8054, "MEAN_ANOMALY": 202.0395, "EPHEMERIS_TYPE": 0, "CLASSIFICATION_TYPE": "U", "NORAD_CAT_ID": 35439, "ELEMENT_SET_NO": 999, "REV_AT_EPOCH": 84528, "BSTAR": 0.0028017974, "MEAN_MOTION_DOT": 4.635e-05, "MEAN_MOTION_DDOT": 0}, "tle": {"line1": "1 35439U 93036AKH 26022.48419162  .00004635  00000+0  28018-2 0  9990", "line2": "2 35439  74.0186  64.9088 0243810 225.8054 202.0395 13.93101378845285"}}, "geometry": {"type": "Point", "coordinates": [42.52660260755264, -49.99127424466018]}}, {"type": "Feature", "properties": {"norad_id": 35440, "name": "COSMOS 2251 DEB", "group": "cosmos-2251-debris", "lat": 18.13118196283786, "lon": 131.30415148928824, "alt_km": 688.9539881726932, "timestamp": "2026-01-23T21:29:55.110558+00:00", "meta": {"OBJECT_NAME": "COSMOS 2251 DEB", "OBJECT_ID": "1993-036AKJ", "EPOCH": "2026-01-21T13:50:43.771200", "MEAN_MOTION": 14.69088633, "ECCENTRICITY": 0.00702697, "INCLINATION": 74.0122, "RA_OF_ASC_NODE": 130.4116, "ARG_OF_PERICENTER": 263.2762, "MEAN_ANOMALY": 96.0408, "EPHEMERIS_TYPE": 0, "CLASSIFICATION_TYPE": "U", "NORAD_CAT_ID": 35440, "ELEMENT_SET_NO": 999, "REV_AT_EPOCH": 69350, "BSTAR": 0.0012652587, "MEAN_MOTION_DOT": 7.693e-05, "MEAN_MOTION_DDOT": 0}, "tle": {"line1": "1 35440U 93036AKJ 26021.57689550  .00007693  00000+0  12653-2 0  9996", "line2": "2 35440  74.0122 130.4116 0070269 263.2762  96.0408 14.69088633693500"}}, "geometry": {"type": "Point", "coordinates": [131.30415148928824, 18.13118196283786]}}, {"type": "Feature", "properties": {"norad_id": 35441, "name": "COSMOS 2251 DEB", "group": "cosmos-2251-debris", "lat": 35.49294721950263, "lon": 26.05952227388924, "alt_km": 661.7075196763326, "timestamp": "2026-01-23T21:29:55.110569+00:00", "meta": {"OBJECT_NAME": "COSMOS 2251 DEB", "OBJECT_ID": "1993-036AKK", "EPOCH": "2026-01-22T07:06:49.730688", "MEAN_MOTION": 14.63319138, "ECCENTRICITY": 0.0035608, "INCLINATION": 74.1322, "RA_OF_ASC_NODE": 220.8112, "ARG_OF_PERICENTER": 101.6204, "MEAN_ANOMALY": 258.8964, "EPHEMERIS_TYPE": 0, "CLASSIFICATION_TYPE": "U", "NORAD_CAT_ID": 35441, "ELEMENT_SET_NO": 999, "REV_AT_EPOCH": 88023, "BSTAR": 0.001881, "MEAN_MOTION_DOT": 9.784e-05, "MEAN_MOTION_DDOT": 0}, "tle": {"line1": "1 35441U 93036AKK 26022.29640892  .00009784  00000+0  18810-2 0  9997", "line2": "2 35441  74.1322 220.8112 0035608 101.6204 258.8964 14.63319138880232"}}, "geometry": {"type": "Point", "coordinates": [26.05952227388924, 35.49294721950263]}}, {"type": "Feature", "properties": {"norad_id": 35442, "name": "COSMOS 2251 DEB", "group": "cosmos-2251-debris", "lat": 7.720213804672501, "lon": -166.86657215385938, "alt_km": 614.9134831951924, "timestamp": "2026-01-23T21:29:55.110579+00:00", "meta": {"OBJECT_NAME": "COSMOS 2251 DEB", "OBJECT_ID": "1993-036AKL", "EPOCH": "2026-01-21T17:02:03.314976", "MEAN_MOTION": 14.86204031, "ECCENTRICITY": 0.00062902, "INCLINATION": 74.027, "RA_OF_ASC_NODE": 19.7079, "ARG_OF_PERICENTER": 336.5083, "MEAN_ANOMALY": 23.5809, "EPHEMERIS_TYPE": 0, "CLASSIFICATION_TYPE": "U", "NORAD_CAT_ID": 35442, "ELEMENT_SET_NO": 999, "REV_AT_EPOCH": 87946, "BSTAR": 0.0052232352, "MEAN_MOTION_DOT": 0.00046179, "MEAN_MOTION_DDOT": 0}, "tle": {"line1": "1 35442U 93036AKL 26021.70976059  .00046179  00000+0  52232-2 0  9995", "line2": "2 35442  74.0270  19.7079 0006290 336.5083  23.5809 14.86204031879468"}}, "geometry": {"type": "Point", "coordinates": [-166.86657215385938, 7.720213804672501]}}, {"type": "Feature", "properties": {"norad_id": 35443, "name": "COSMOS 2251 DEB", "group": "cosmos-2251-debris", "lat": 39.84438914063138, "lon": 51.902656944625754, "alt_km": 582.064324667831, "timestamp": "2026-01-23T21:29:55.110589+00:00", "meta": {"OBJECT_NAME": "COSMOS 2251 DEB", "OBJECT_ID": "1993-036AKM", "EPOCH": "2026-01-19T01:44:09.720672", "MEAN_MOTION": 15.00973807, "ECCENTRICITY": 0.00702946, "INCLINATION": 73.9844, "RA_OF_ASC_NODE": 255.6202, "ARG_OF_PERICENTER": 30.3545, "MEAN_ANOMALY": 330.1683, "EPHEMERIS_TYPE": 0, "CLASSIFICATION_TYPE": "U", "NORAD_CAT_ID": 35443, "ELEMENT_SET_NO": 999, "REV_AT_EPOCH": 87437, "BSTAR": 0.0039418174, "MEAN_MOTION_DOT": 0.00053362, "MEAN_MOTION_DDOT": 0}, "tle": {"line1": "1 35443U 93036AKM 26019.07233473  .00053362  00000+0  39418-2 0  9992", "line2": "2 35443  73.9844 255.6202 0070294  30.3545 330.1683 15.00973807874373"}}, "geometry": {"type": "Point", "coordinates": [51.902656944625754, 39.84438914063138]}}, {"type": "Feature", "properties": {"norad_id": 35445, "name": "COSMOS 2251 DEB", "group": "cosmos-2251-debris", "lat": -43.446032981371474, "lon": -156.1547579371038, "alt_km": 602.4941351164725, "timestamp": "2026-01-23T21:29:55.110600+00:00", "meta": {"OBJECT_NAME": "COSMOS 2251 DEB", "OBJECT_ID": "1993-036AKP", "EPOCH": "2026-01-22T22:40:54.515424", "MEAN_MOTION": 14.60112957, "ECCENTRICITY": 0.01430003, "INCLINATION": 74.0359, "RA_OF_ASC_NODE": 221.3915, "ARG_OF_PERICENTER": 299.0079, "MEAN_ANOMALY": 59.6817, "EPHEMERIS_TYPE": 0, "CLASSIFICATION_TYPE": "U", "NORAD_CAT_ID": 35445, "ELEMENT_SET_NO": 999, "REV_AT_EPOCH": 87930, "BSTAR": 0.0015039911, "MEAN_MOTION_DOT": 8.331e-05, "MEAN_MOTION_DDOT": 0}, "tle": {"line1": "1 35445U 93036AKP 26022.94507541  .00008331  00000+0  15040-2 0  9995", "line2": "2 35445  74.0359 221.3915 0143000 299.0079  59.6817 14.60112957879307"}}, "geometry": {"type": "Point", "coordinates": [-156.1547579371038, -43.446032981371474]}}, {"type": "Feature", "properties": {"norad_id": 35446, "name": "COSMOS 2251 DEB", "group": "cosmos-2251-debris", "lat": -47.185404114987364, "lon": -139.51364839918875, "alt_km": 672.6120582016056, "timestamp": "2026-01-23T21:29:55.110610+00:00", "meta": {"OBJECT_NAME": "COSMOS 2251 DEB", "OBJECT_ID": "1993-036AKQ", "EPOCH": "2026-01-22T14:21:49.737312", "MEAN_MOTION": 14.54681936, "ECCENTRICITY": 0.00759797, "INCLINATION": 74.0447, "RA_OF_ASC_NODE": 240.9251, "ARG_OF_PERICENTER": 348.178, "MEAN_ANOMALY": 11.7595, "EPHEMERIS_TYPE": 0, "CLASSIFICATION_TYPE": "U", "NORAD_CAT_ID": 35446, "ELEMENT_SET_NO": 999, "REV_AT_EPOCH": 88602, "BSTAR": 0.00016588036, "MEAN_MOTION_DOT": 7.06e-06, "MEAN_MOTION_DDOT": 0}, "tle": {"line1": "1 35446U 93036AKQ 26022.59849233  .00000706  00000+0  16588-3 0  9991", "line2": "2 35446  74.0447 240.9251 0075979 348.1780  11.7595 14.54681936886020"}}, "geometry": {"type": "Point", "coordinates": [-139.51364839918875, -47.185404114987364]}}, {"type": "Feature", "properties": {"norad_id": 35448, "name": "COSMOS 2251 DEB", "group": "cosmos-2251-debris", "lat": 37.34786747650953, "lon": 176.39710631903174, "alt_km": 702.9368990063567, "timestamp": "2026-01-23T21:29:55.110620+00:00", "meta": {"OBJECT_NAME": "COSMOS 2251 DEB", "OBJECT_ID": "1993-036AKS", "EPOCH": "2026-01-22T00:17:19.771296", "MEAN_MOTION": 14.54649612, "ECCENTRICITY": 0.00108546, "INCLINATION": 73.9025, "RA_OF_ASC_NODE": 12.7194, "ARG_OF_PERICENTER": 199.9029, "MEAN_ANOMALY": 160.1711, "EPHEMERIS_TYPE": 0, "CLASSIFICATION_TYPE": "U", "NORAD_CAT_ID": 35448, "ELEMENT_SET_NO": 999, "REV_AT_EPOCH": 87920, "BSTAR": 0.0021358191, "MEAN_MOTION_DOT": 9.12e-05, "MEAN_MOTION_DDOT": 0}, "tle": {"line1": "1 35448U 93036AKS 26022.01203439  .00009120  00000+0  21358-2 0  9991", "line2": "2 35448  73.9025  12.7194 0010854 199.9029 160.1711 14.54649612879208"}}, "geometry": {"type": "Point", "coordinates": [176.39710631903174, 37.34786747650953]}}, {"type": "Feature", "properties": {"norad_id": 35451, "name": "COSMOS 2251 DEB", "group": "cosmos-2251-debris", "lat": -68.91967326092534, "lon": -120.36283868605905, "alt_km": 423.70577847932145, "timestamp": "2026-01-23T21:29:55.110630+00:00", "meta": {"OBJECT_NAME": "COSMOS 2251 DEB", "OBJECT_ID": "1993-036AKV", "EPOCH": "2026-01-19T10:25:15.412224", "MEAN_MOTION": 15.40316836, "ECCENTRICITY": 0.00382212, "INCLINATION": 73.9302, "RA_OF_ASC_NODE": 20.9449, "ARG_OF_PERICENTER": 262.1063, "MEAN_ANOMALY": 97.5805, "EPHEMERIS_TYPE": 0, "CLASSIFICATION_TYPE": "U", "NORAD_CAT_ID": 35451, "ELEMENT_SET_NO": 999, "REV_AT_EPOCH": 67985, "BSTAR": 0.0024107083, "MEAN_MOTION_DOT": 0.00101006, "MEAN_MOTION_DDOT": 0}, "tle": {"line1": "1 35451U 93036AKV 26019.43420616  .00101006  00000+0  24107-2 0  9996", "line2": "2 35451  73.9302  20.9449 0038221 262.1063  97.5805 15.40316836679854"}}, "geometry": {"type": "Point", "coordinates": [-120.36283868605905, -68.91967326092534]}}, {"type": "Feature", "properties": {"norad_id": 35453, "name": "COSMOS 2251 DEB", "group": "cosmos-2251-debris", "lat": -47.12365407109662, "lon": 140.57617605902672, "alt_km": 816.9077195207938, "timestamp": "2026-01-23T21:29:55.110640+00:00", "meta": {"OBJECT_NAME": "COSMOS 2251 DEB", "OBJECT_ID": "1993-036AKX", "EPOCH": "2026-01-22T11:02:58.768224", "MEAN_MOTION": 14.3817143, "ECCENTRICITY": 0.00667177, "INCLINATION": 74.0093, "RA_OF_ASC_NODE": 305.2346, "ARG_OF_PERICENTER": 67.8617, "MEAN_ANOMALY": 292.9601, "EPHEMERIS_TYPE": 0, "CLASSIFICATION_TYPE": "U", "NORAD_CAT_ID": 35453, "ELEMENT_SET_NO": 999, "REV_AT_EPOCH": 86804, "BSTAR": 0.0011001736, "MEAN_MOTION_DOT": 3.402e-05, "MEAN_MOTION_DDOT": 0}, "tle": {"line1": "1 35453U 93036AKX 26022.46040241  .00003402  00000+0  11002-2 0  9998", "line2": "2 35453  74.0093 305.2346 0066717  67.8617 292.9601 14.38171430868047"}}, "geometry": {"type": "Point", "coordinates": [140.57617605902672, -47.12365407109662]}}, {"type": "Feature", "properties": {"norad_id": 35455, "name": "COSMOS 2251 DEB", "group": "cosmos-2251-debris", "lat": 36.14755907727321, "lon": -132.2899406666321, "alt_km": 720.0377129640301, "timestamp": "2026-01-23T21:29:55.110650+00:00", "meta": {"OBJECT_NAME": "COSMOS 2251 DEB", "OBJECT_ID": "1993-036AKZ", "EPOCH": "2026-01-21T19:38:44.252736", "MEAN_MOTION": 14.49835423, "ECCENTRICITY": 0.01007153, "INCLINATION": 74.0259, "RA_OF_ASC_NODE": 219.5333, "ARG_OF_PERICENTER": 314.3327, "MEAN_ANOMALY": 44.9608, "EPHEMERIS_TYPE": 0, "CLASSIFICATION_TYPE": "U", "NORAD_CAT_ID": 35455, "ELEMENT_SET_NO": 999, "REV_AT_EPOCH": 87124, "BSTAR": 0.001602052, "MEAN_MOTION_DOT": 6.574e-05, "MEAN_MOTION_DDOT": 0}, "tle": {"line1": "1 35455U 93036AKZ 26021.81856774  .00006574  00000+0  16021-2 0  9993", "line2": "2 35455  74.0259 219.5333 0100715 314.3327  44.9608 14.49835423871240"}}, "geometry": {"type": "Point", "coordinates": [-132.2899406666321, 36.14755907727321]}}, {"type": "Feature", "properties": {"norad_id": 35456, "name": "COSMOS 2251 DEB", "group": "cosmos-2251-debris", "lat": -51.67661021318046, "lon": -123.32680699154818, "alt_km": 618.893178007901, "timestamp": "2026-01-23T21:29:55.110661+00:00", "meta": {"OBJECT_NAME": "COSMOS 2251 DEB", "OBJECT_ID": "1993-036ALA", "EPOCH": "2026-01-20T07:31:25.527360", "MEAN_MOTION": 14.703655, "ECCENTRICITY": 0.0067196, "INCLINATION": 73.9512, "RA_OF_ASC_NODE": 42.2993, "ARG_OF_PERICENTER": 245.9971, "MEAN_ANOMALY": 113.4156, "EPHEMERIS_TYPE": 0, "CLASSIFICATION_TYPE": "U", "NORAD_CAT_ID": 35456, "ELEMENT_SET_NO": 999, "REV_AT_EPOCH": 66442, "BSTAR": 0.0032112211, "MEAN_MOTION_DOT": 0.00020135, "MEAN_MOTION_DDOT": 0}, "tle": {"line1": "1 35456U 93036ALA 26020.31348990  .00020135  00000+0  32112-2 0  9992", "line2": "2 35456  73.9512  42.2993 0067196 245.9971 113.4156 14.70365500664421"}}, "geometry": {"type": "Point", "coordinates": [-123.32680699154818, -51.67661021318046]}}, {"type": "Feature", "properties": {"norad_id": 35459, "name": "COSMOS 2251 DEB", "group": "cosmos-2251-debris", "lat": 18.433314555749156, "lon": 114.46679681912867, "alt_km": 755.9674846390844, "timestamp": "2026-01-23T21:29:55.110672+00:00", "meta": {"OBJECT_NAME": "COSMOS 2251 DEB", "OBJECT_ID": "1993-036ALD", "EPOCH": "2026-01-21T12:37:26.125248", "MEAN_MOTION": 14.37545017, "ECCENTRICITY": 0.00159529, "INCLINATION": 73.8715, "RA_OF_ASC_NODE": 113.3357, "ARG_OF_PERICENTER": 46.3299, "MEAN_ANOMALY": 313.9173, "EPHEMERIS_TYPE": 0, "CLASSIFICATION_TYPE": "U", "NORAD_CAT_ID": 35459, "ELEMENT_SET_NO": 999, "REV_AT_EPOCH": 58933, "BSTAR": 0.00047853932, "MEAN_MOTION_DOT": 1.409e-05, "MEAN_MOTION_DDOT": 0}, "tle": {"line1": "1 35459U 93036ALD 26021.52599682  .00001409  00000+0  47854-3 0  9998", "line2": "2 35459  73.8715 113.3357 0015952  46.3299 313.9173 14.37545017589339"}}, "geometry": {"type": "Point", "coordinates": [114.46679681912867, 18.433314555749156]}}, {"type": "Feature", "properties": {"norad_id": 35462, "name": "COSMOS 2251 DEB", "group": "cosmos-2251-debris", "lat": -54.08975208608157, "lon": 168.81991034043452, "alt_km": 793.21746150748, "timestamp": "2026-01-23T21:29:55.110682+00:00", "meta": {"OBJECT_NAME": "COSMOS 2251 DEB", "OBJECT_ID": "1993-036ALG", "EPOCH": "2026-01-19T05:14:32.539488", "MEAN_MOTION": 14.2956524, "ECCENTRICITY": 0.00860169, "INCLINATION": 74.034, "RA_OF_ASC_NODE": 200.6034, "ARG_OF_PERICENTER": 227.8503, "MEAN_ANOMALY": 131.5317, "EPHEMERIS_TYPE": 0, "CLASSIFICATION_TYPE": "U", "NORAD_CAT_ID": 35462, "ELEMENT_SET_NO": 999, "REV_AT_EPOCH": 66916, "BSTAR": 0.001316067, "MEAN_MOTION_DOT": 3.479e-05, "MEAN_MOTION_DDOT": 0}, "tle": {"line1": "1 35462U 93036ALG 26019.21843217  .00003479  00000+0  13161-2 0  9993", "line2": "2 35462  74.0340 200.6034 0086016 227.8503 131.5317 14.29565240669160"}}, "geometry": {"type": "Point", "coordinates": [168.81991034043452, -54.08975208608157]}}, {"type": "Feature", "properties": {"norad_id": 35465, "name": "COSMOS 2251 DEB", "group": "cosmos-2251-debris", "lat": 68.20656296298283, "lon": -107.46468418027888, "alt_km": 781.8758146278133, "timestamp": "2026-01-23T21:29:55.110692+00:00", "meta": {"OBJECT_NAME": "COSMOS 2251 DEB", "OBJECT_ID": "1993-036ALK", "EPOCH": "2026-01-20T13:13:30.047808", "MEAN_MOTION": 14.44451629, "ECCENTRICITY": 0.0065672, "INCLINATION": 73.9987, "RA_OF_ASC_NODE": 124.6358, "ARG_OF_PERICENTER": 276.7076, "MEAN_ANOMALY": 82.661, "EPHEMERIS_TYPE": 0, "CLASSIFICATION_TYPE": "U", "NORAD_CAT_ID": 35465, "ELEMENT_SET_NO": 999, "REV_AT_EPOCH": 87802, "BSTAR": 0.00078080376, "MEAN_MOTION_DOT": 2.738e-05, "MEAN_MOTION_DDOT": 0}, "tle": {"line1": "1 35465U 93036ALK 26020.55104222  .00002738  00000+0  78080-3 0  9990", "line2": "2 35465  73.9987 124.6358 0065672 276.7076  82.6610 14.44451629878026"}}, "geometry": {"type": "Point", "coordinates": [-107.46468418027888, 68.20656296298283]}}, {"type": "Feature", "properties": {"norad_id": 35469, "name": "COSMOS 2251 DEB", "group": "cosmos-2251-debris", "lat": 44.99787041839303, "lon": -38.71738601060758, "alt_km": 681.366306393461, "timestamp": "2026-01-23T21:29:55.110703+00:00", "meta": {"OBJECT_NAME": "COSMOS 2251 DEB", "OBJECT_ID": "1993-036ALP", "EPOCH": "2026-01-21T11:19:20.049312", "MEAN_MOTION": 14.49859841, "ECCENTRICITY": 0.00757017, "INCLINATION": 74.0183, "RA_OF_ASC_NODE": 309.1845, "ARG_OF_PERICENTER": 93.9816, "MEAN_ANOMALY": 267.0002, "EPHEMERIS_TYPE": 0, "CLASSIFICATION_TYPE": "U", "NORAD_CAT_ID": 35469, "ELEMENT_SET_NO": 999, "REV_AT_EPOCH": 88687, "BSTAR": 0.00021472445, "MEAN_MOTION_DOT": 8.31e-06, "MEAN_MOTION_DDOT": 0}, "tle": {"line1": "1 35469U 93036ALP 26021.47175983  .00000831  00000+0  21472-3 0  9993", "line2": "2 35469  74.0183 309.1845 0075701  93.9816 267.0002 14.49859841886875"}}, "geometry": {"type": "Point", "coordinates": [-38.71738601060758, 44.99787041839303]}}, {"type": "Feature", "properties": {"norad_id": 35475, "name": "COSMOS 2251 DEB", "group": "cosmos-2251-debris", "lat": 53.20069924559225, "lon": -118.73669760428497, "alt_km": 642.6660549823064, "timestamp": "2026-01-23T21:29:55.110713+00:00", "meta": {"OBJECT_NAME": "COSMOS 2251 DEB", "OBJECT_ID": "1993-036ALV", "EPOCH": "2026-01-22T20:27:14.465664", "MEAN_MOTION": 14.70890477, "ECCENTRICITY": 0.00166578, "INCLINATION": 74.021, "RA_OF_ASC_NODE": 85.8122, "ARG_OF_PERICENTER": 155.9158, "MEAN_ANOMALY": 204.2796, "EPHEMERIS_TYPE": 0, "CLASSIFICATION_TYPE": "U", "NORAD_CAT_ID": 35475, "ELEMENT_SET_NO": 999, "REV_AT_EPOCH": 66221, "BSTAR": 0.0018192614, "MEAN_MOTION_DOT": 0.00011145, "MEAN_MOTION_DDOT": 0}, "tle": {"line1": "1 35475U 93036ALV 26022.85225076  .00011145  00000+0  18193-2 0  9997", "line2": "2 35475  74.0210  85.8122 0016657 155.9158 204.2796 14.70890477662219"}}, "geometry": {"type": "Point", "coordinates": [-118.73669760428497, 53.20069924559225]}}, {"type": "Feature", "properties": {"norad_id": 35476, "name": "COSMOS 2251 DEB", "group": "cosmos-2251-debris", "lat": 27.664748935527257, "lon": 149.4094382629706, "alt_km": 650.0343229828677, "timestamp": "2026-01-23T21:29:55.110723+00:00", "meta": {"OBJECT_NAME": "COSMOS 2251 DEB", "OBJECT_ID": "1993-036ALW", "EPOCH": "2026-01-22T20:33:50.040288", "MEAN_MOTION": 14.76949435, "ECCENTRICITY": 0.00191612, "INCLINATION": 73.9795, "RA_OF_ASC_NODE": 340.1153, "ARG_OF_PERICENTER": 313.9218, "MEAN_ANOMALY": 75.2873, "EPHEMERIS_TYPE": 0, "CLASSIFICATION_TYPE": "U", "NORAD_CAT_ID": 35476, "ELEMENT_SET_NO": 999, "REV_AT_EPOCH": 88494, "BSTAR": 0.0026661808, "MEAN_MOTION_DOT": 0.00018848, "MEAN_MOTION_DDOT": 0}, "tle": {"line1": "1 35476U 93036ALW 26022.85682917  .00018848  00000+0  26662-2 0  9996", "line2": "2 35476  73.9795 340.1153 0019161 313.9218  75.2873 14.76949435884946"}}, "geometry": {"type": "Point", "coordinates": [149.4094382629706, 27.664748935527257]}}, {"type": "Feature", "properties": {"norad_id": 35580, "name": "COSMOS 2251 DEB", "group": "cosmos-2251-debris", "lat": -53.19259550069397, "lon": 84.3248006063407, "alt_km": 1147.4597946851973, "timestamp": "2026-01-23T21:29:55.110734+00:00", "meta": {"OBJECT_NAME": "COSMOS 2251 DEB", "OBJECT_ID": "1993-036ALX", "EPOCH": "2026-01-22T14:33:25.583904", "MEAN_MOTION": 13.84103329, "ECCENTRICITY": 0.02781468, "INCLINATION": 73.9013, "RA_OF_ASC_NODE": 109.2186, "ARG_OF_PERICENTER": 106.5606, "MEAN_ANOMALY": 256.6264, "EPHEMERIS_TYPE": 0, "CLASSIFICATION_TYPE": "U", "NORAD_CAT_ID": 35580, "ELEMENT_SET_NO": 999, "REV_AT_EPOCH": 62822, "BSTAR": 0.0015845126, "MEAN_MOTION_DOT": 2.359e-05, "MEAN_MOTION_DDOT": 0}, "tle": {"line1": "1 35580U 93036ALX 26022.60654611  .00002359  00000+0  15845-2 0  9996", "line2": "2 35580  73.9013 109.2186 0278146 106.5606 256.6264 13.84103329628220"}}, "geometry": {"type": "Point", "coordinates": [84.3248006063407, -53.19259550069397]}}, {"type": "Feature", "properties": {"norad_id": 35583, "name": "COSMOS 2251 DEB", "group": "cosmos-2251-debris", "lat": -17.36018298798368, "lon": 138.52044581783275, "alt_km": 1341.609363178235, "timestamp": "2026-01-23T21:29:55.110744+00:00", "meta": {"OBJECT_NAME": "COSMOS 2251 DEB", "OBJECT_ID": "1993-036AMA", "EPOCH": "2026-01-21T16:27:17.331264", "MEAN_MOTION": 13.5545172, "ECCENTRICITY": 0.03835675, "INCLINATION": 73.9176, "RA_OF_ASC_NODE": 147.2757, "ARG_OF_PERICENTER": 164.3917, "MEAN_ANOMALY": 196.9422, "EPHEMERIS_TYPE": 0, "CLASSIFICATION_TYPE": "U", "NORAD_CAT_ID": 35583, "ELEMENT_SET_NO": 999, "REV_AT_EPOCH": 82953, "BSTAR": 0.0024694582, "MEAN_MOTION_DOT": 2.728e-05, "MEAN_MOTION_DDOT": 0}, "tle": {"line1": "1 35583U 93036AMA 26021.68561726  .00002728  00000+0  24695-2 0  9993", "line2": "2 35583  73.9176 147.2757 0383567 164.3917 196.9422 13.55451720829538"}}, "geometry": {"type": "Point", "coordinates": [138.52044581783275, -17.36018298798368]}}, {"type": "Feature", "properties": {"norad_id": 35585, "name": "COSMOS 2251 DEB", "group": "cosmos-2251-debris", "lat": 66.8917755734665, "lon": -39.623328663243996, "alt_km": 1039.5355606982585, "timestamp": "2026-01-23T21:29:55.110754+00:00", "meta": {"OBJECT_NAME": "COSMOS 2251 DEB", "OBJECT_ID": "1993-036AMC", "EPOCH": "2026-01-21T03:09:00.283392", "MEAN_MOTION": 13.7535641, "ECCENTRICITY": 0.03090678, "INCLINATION": 73.971, "RA_OF_ASC_NODE": 282.6384, "ARG_OF_PERICENTER": 186.916, "MEAN_ANOMALY": 246.8213, "EPHEMERIS_TYPE": 0, "CLASSIFICATION_TYPE": "U", "NORAD_CAT_ID": 35585, "ELEMENT_SET_NO": 999, "REV_AT_EPOCH": 64605, "BSTAR": 0.0015168036, "MEAN_MOTION_DOT": 2.041e-05, "MEAN_MOTION_DDOT": 0}, "tle": {"line1": "1 35585U 93036AMC 26021.13125328  .00002041  00000+0  15168-2 0  9992", "line2": "2 35585  73.9710 282.6384 0309067 186.9160 246.8213 13.75356410646056"}}, "geometry": {"type": "Point", "coordinates": [-39.623328663243996, 66.8917755734665]}}, {"type": "Feature", "properties": {"norad_id": 35586, "name": "COSMOS 2251 DEB", "group": "cosmos-2251-debris", "lat": -16.783144591444387, "lon": -130.0086960996094, "alt_km": 1203.6604713267507, "timestamp": "2026-01-23T21:29:55.110764+00:00", "meta": {"OBJECT_NAME": "COSMOS 2251 DEB", "OBJECT_ID": "1993-036AMD", "EPOCH": "2026-01-12T00:00:44.229024", "MEAN_MOTION": 13.52114583, "ECCENTRICITY": 0.04039641, "INCLINATION": 74.0192, "RA_OF_ASC_NODE": 254.0009, "ARG_OF_PERICENTER": 122.833, "MEAN_ANOMALY": 303.6238, "EPHEMERIS_TYPE": 0, "CLASSIFICATION_TYPE": "U", "NORAD_CAT_ID": 35586, "ELEMENT_SET_NO": 999, "REV_AT_EPOCH": 60791, "BSTAR": 0.00050419279, "MEAN_MOTION_DOT": 5.36e-06, "MEAN_MOTION_DDOT": 0}, "tle": {"line1": "1 35586U 93036AMD 26012.00051191  .00000536  00000+0  50419-3 0  9991", "line2": "2 35586  74.0192 254.0009 0403964 122.8330 303.6238 13.52114583607918"}}, "geometry": {"type": "Point", "coordinates": [-130.0086960996094, -16.783144591444387]}}, {"type": "Feature", "properties": {"norad_id": 35587, "name": "COSMOS 2251 DEB", "group": "cosmos-2251-debris", "lat": -25.452006851344887, "lon": -31.53774551883047, "alt_km": 731.7966758303655, "timestamp": "2026-01-23T21:29:55.110775+00:00", "meta": {"OBJECT_NAME": "COSMOS 2251 DEB", "OBJECT_ID": "1993-036AME", "EPOCH": "2026-01-22T12:59:29.905440", "MEAN_MOTION": 14.71668717, "ECCENTRICITY": 0.01006186, "INCLINATION": 74.0055, "RA_OF_ASC_NODE": 338.9459, "ARG_OF_PERICENTER": 156.8703, "MEAN_ANOMALY": 203.7047, "EPHEMERIS_TYPE": 0, "CLASSIFICATION_TYPE": "U", "NORAD_CAT_ID": 35587, "ELEMENT_SET_NO": 999, "REV_AT_EPOCH": 66946, "BSTAR": 0.00034976654, "MEAN_MOTION_DOT": 2.324e-05, "MEAN_MOTION_DDOT": 0}, "tle": {"line1": "1 35587U 93036AME 26022.54131835  .00002324  00000+0  34977-3 0  9994", "line2": "2 35587  74.0055 338.9459 0100618 156.8703 203.7047 14.71668717669460"}}, "geometry": {"type": "Point", "coordinates": [-31.53774551883047, -25.452006851344887]}}, {"type": "Feature", "properties": {"norad_id": 35593, "name": "COSMOS 2251 DEB", "group": "cosmos-2251-debris", "lat": -15.692983985463652, "lon": -152.0296885428483, "alt_km": 861.9770138915756, "timestamp": "2026-01-23T21:29:55.110785+00:00", "meta": {"OBJECT_NAME": "COSMOS 2251 DEB", "OBJECT_ID": "1993-036AML", "EPOCH": "2026-01-21T19:03:26.548128", "MEAN_MOTION": 14.25777151, "ECCENTRICITY": 0.01032834, "INCLINATION": 74.0863, "RA_OF_ASC_NODE": 216.3501, "ARG_OF_PERICENTER": 213.4203, "MEAN_ANOMALY": 146.04, "EPHEMERIS_TYPE": 0, "CLASSIFICATION_TYPE": "U", "NORAD_CAT_ID": 35593, "ELEMENT_SET_NO": 999, "REV_AT_EPOCH": 85636, "BSTAR": 0.0020797167, "MEAN_MOTION_DOT": 5.204e-05, "MEAN_MOTION_DDOT": 0}, "tle": {"line1": "1 35593U 93036AML 26021.79405727  .00005204  00000+0  20797-2 0  9995", "line2": "2 35593  74.0863 216.3501 0103283 213.4203 146.0400 14.25777151856368"}}, "geometry": {"type": "Point", "coordinates": [-152.0296885428483, -15.692983985463652]}}, {"type": "Feature", "properties": {"norad_id": 35594, "name": "COSMOS 2251 DEB", "group": "cosmos-2251-debris", "lat": 66.14004482039314, "lon": 160.122309760572, "alt_km": 575.6679606427015, "timestamp": "2026-01-23T21:29:55.110795+00:00", "meta": {"OBJECT_NAME": "COSMOS 2251 DEB", "OBJECT_ID": "1993-036AMM", "EPOCH": "2026-01-22T06:19:29.035200", "MEAN_MOTION": 14.89237298, "ECCENTRICITY": 0.002628, "INCLINATION": 73.8071, "RA_OF_ASC_NODE": 24.4995, "ARG_OF_PERICENTER": 127.2768, "MEAN_ANOMALY": 233.0814, "EPHEMERIS_TYPE": 0, "CLASSIFICATION_TYPE": "U", "NORAD_CAT_ID": 35594, "ELEMENT_SET_NO": 999, "REV_AT_EPOCH": 88788, "BSTAR": 0.0020928, "MEAN_MOTION_DOT": 0.00019955, "MEAN_MOTION_DDOT": 0}, "tle": {"line1": "1 35594U 93036AMM 26022.26353050  .00019955  00000+0  20928-2 0  9994", "line2": "2 35594  73.8071  24.4995 0026280 127.2768 233.0814 14.89237298887881"}}, "geometry": {"type": "Point", "coordinates": [160.122309760572, 66.14004482039314]}}, {"type": "Feature", "properties": {"norad_id": 35602, "name": "COSMOS 2251 DEB", "group": "cosmos-2251-debris", "lat": -43.18131285135931, "lon": -72.96781350417574, "alt_km": 449.0830023165054, "timestamp": "2026-01-23T21:29:55.110805+00:00", "meta": {"OBJECT_NAME": "COSMOS 2251 DEB", "OBJECT_ID": "1993-036AMV", "EPOCH": "2026-01-22T20:01:46.179264", "MEAN_MOTION": 15.37257958, "ECCENTRICITY": 0.00820717, "INCLINATION": 73.9936, "RA_OF_ASC_NODE": 93.6926, "ARG_OF_PERICENTER": 149.091, "MEAN_ANOMALY": 324.8803, "EPHEMERIS_TYPE": 0, "CLASSIFICATION_TYPE": "U", "NORAD_CAT_ID": 35602, "ELEMENT_SET_NO": 999, "REV_AT_EPOCH": 90722, "BSTAR": 0.00055274892, "MEAN_MOTION_DOT": 0.00022642, "MEAN_MOTION_DDOT": 0}, "tle": {"line1": "1 35602U 93036AMV 26022.83456226  .00022642  00000+0  55275-3 0  9997", "line2": "2 35602  73.9936  93.6926 0082071 149.0910 324.8803 15.37257958907222"}}, "geometry": {"type": "Point", "coordinates": [-72.96781350417574, -43.18131285135931]}}, {"type": "Feature", "properties": {"norad_id": 35606, "name": "COSMOS 2251 DEB", "group": "cosmos-2251-debris", "lat": -71.19084295379395, "lon": -114.92466838884249, "alt_km": 1353.4690004511094, "timestamp": "2026-01-23T21:29:55.110815+00:00", "meta": {"OBJECT_NAME": "COSMOS 2251 DEB", "OBJECT_ID": "1993-036AMZ", "EPOCH": "2026-01-22T11:55:16.922496", "MEAN_MOTION": 13.41249082, "ECCENTRICITY": 0.04549428, "INCLINATION": 73.8099, "RA_OF_ASC_NODE": 305.8356, "ARG_OF_PERICENTER": 145.0735, "MEAN_ANOMALY": 218.1135, "EPHEMERIS_TYPE": 0, "CLASSIFICATION_TYPE": "U", "NORAD_CAT_ID": 35606, "ELEMENT_SET_NO": 999, "REV_AT_EPOCH": 61586, "BSTAR": 0.0011533053, "MEAN_MOTION_DOT": 1.16e-05, "MEAN_MOTION_DDOT": 0}, "tle": {"line1": "1 35606U 93036AMZ 26022.49672364  .00001160  00000+0  11533-2 0  9996", "line2": "2 35606  73.8099 305.8356 0454942 145.0735 218.1135 13.41249082615862"}}, "geometry": {"type": "Point", "coordinates": [-114.92466838884249, -71.19084295379395]}}, {"type": "Feature", "properties": {"norad_id": 35611, "name": "COSMOS 2251 DEB", "group": "cosmos-2251-debris", "lat": -50.38146257742544, "lon": 76.77790460349546, "alt_km": 662.7768277792084, "timestamp": "2026-01-23T21:29:55.110825+00:00", "meta": {"OBJECT_NAME": "COSMOS 2251 DEB", "OBJECT_ID": "1993-036ANE", "EPOCH": "2026-01-20T15:34:13.766880", "MEAN_MOTION": 14.74191299, "ECCENTRICITY": 0.00180076, "INCLINATION": 74.0209, "RA_OF_ASC_NODE": 103.3711, "ARG_OF_PERICENTER": 176.1082, "MEAN_ANOMALY": 184.0235, "EPHEMERIS_TYPE": 0, "CLASSIFICATION_TYPE": "U", "NORAD_CAT_ID": 35611, "ELEMENT_SET_NO": 999, "REV_AT_EPOCH": 87863, "BSTAR": 0.0062263728, "MEAN_MOTION_DOT": 0.00041441, "MEAN_MOTION_DDOT": 0}, "tle": {"line1": "1 35611U 93036ANE 26020.64877045  .00041441  00000+0  62264-2 0  9993", "line2": "2 35611  74.0209 103.3711 0018007 176.1082 184.0235 14.74191299878639"}}, "geometry": {"type": "Point", "coordinates": [76.77790460349546, -50.38146257742544]}}, {"type": "Feature", "properties": {"norad_id": 35614, "name": "COSMOS 2251 DEB", "group": "cosmos-2251-debris", "lat": -5.250986884162634, "lon": 67.21009731920589, "alt_km": 677.9914685181984, "timestamp": "2026-01-23T21:29:55.110836+00:00", "meta": {"OBJECT_NAME": "COSMOS 2251 DEB", "OBJECT_ID": "1993-036ANH", "EPOCH": "2026-01-22T07:02:00.059136", "MEAN_MOTION": 14.67458058, "ECCENTRICITY": 0.0074462, "INCLINATION": 73.9561, "RA_OF_ASC_NODE": 248.8036, "ARG_OF_PERICENTER": 92.2941, "MEAN_ANOMALY": 268.6756, "EPHEMERIS_TYPE": 0, "CLASSIFICATION_TYPE": "U", "NORAD_CAT_ID": 35614, "ELEMENT_SET_NO": 999, "REV_AT_EPOCH": 88324, "BSTAR": 0.0015307, "MEAN_MOTION_DOT": 9.016e-05, "MEAN_MOTION_DDOT": 0}, "tle": {"line1": "1 35614U 93036ANH 26022.29305624  .00009016  00000+0  15307-2 0  9996", "line2": "2 35614  73.9561 248.8036 0074462  92.2941 268.6756 14.67458058883246"}}, "geometry": {"type": "Point", "coordinates": [67.21009731920589, -5.250986884162634]}}, {"type": "Feature", "properties": {"norad_id": 35645, "name": "COSMOS 2251 DEB", "group": "cosmos-2251-debris", "lat": -73.90452941236764, "lon": -85.931895065033, "alt_km": 760.6742059943581, "timestamp": "2026-01-23T21:29:55.110846+00:00", "meta": {"OBJECT_NAME": "COSMOS 2251 DEB", "OBJECT_ID": "1993-036ANL", "EPOCH": "2026-01-22T22:40:53.016384", "MEAN_MOTION": 14.4615704, "ECCENTRICITY": 0.00667313, "INCLINATION": 73.9651, "RA_OF_ASC_NODE": 10.5177, "ARG_OF_PERICENTER": 161.2608, "MEAN_ANOMALY": 199.103, "EPHEMERIS_TYPE": 0, "CLASSIFICATION_TYPE": "U", "NORAD_CAT_ID": 35645, "ELEMENT_SET_NO": 999, "REV_AT_EPOCH": 87367, "BSTAR": 0.001551392, "MEAN_MOTION_DOT": 5.676e-05, "MEAN_MOTION_DDOT": 0}, "tle": {"line1": "1 35645U 93036ANL 26022.94505806  .00005676  00000+0  15514-2 0  9994", "line2": "2 35645  73.9651  10.5177 0066731 161.2608 199.1030 14.46157040873670"}}, "geometry": {"type": "Point", "coordinates": [-85.931895065033, -73.90452941236764]}}, {"type": "Feature", "properties": {"norad_id": 35646, "name": "COSMOS 2251 DEB", "group": "cosmos-2251-debris", "lat": 67.09732348144068, "lon": 125.91369947840316, "alt_km": 768.5947518232333, "timestamp": "2026-01-23T21:29:55.110856+00:00", "meta": {"OBJECT_NAME": "COSMOS 2251 DEB", "OBJECT_ID": "1993-036ANM", "EPOCH": "2026-01-22T15:22:51.161088", "MEAN_MOTION": 13.40878731, "ECCENTRICITY": 0.04547885, "INCLINATION": 73.8724, "RA_OF_ASC_NODE": 351.1278, "ARG_OF_PERICENTER": 94.1405, "MEAN_ANOMALY": 75.5975, "EPHEMERIS_TYPE": 0, "CLASSIFICATION_TYPE": "U", "NORAD_CAT_ID": 35646, "ELEMENT_SET_NO": 999, "REV_AT_EPOCH": 82406, "BSTAR": 0.0014170784, "MEAN_MOTION_DOT": 1.42e-05, "MEAN_MOTION_DDOT": 0}, "tle": {"line1": "1 35646U 93036ANM 26022.64086992  .00001420  00000+0  14171-2 0  9993", "line2": "2 35646  73.8724 351.1278 0454788  94.1405  75.5975 13.40878731824063"}}, "geometry": {"type": "Point", "coordinates": [125.91369947840316, 67.09732348144068]}}, {"type": "Feature", "properties": {"norad_id": 35647, "name": "COSMOS 2251 DEB", "group": "cosmos-2251-debris", "lat": 15.738602875028823, "lon": -139.23885686186605, "alt_km": 734.0140610495309, "timestamp": "2026-01-23T21:29:55.110866+00:00", "meta": {"OBJECT_NAME": "COSMOS 2251 DEB", "OBJECT_ID": "1993-036ANN", "EPOCH": "2026-01-21T06:14:03.553440", "MEAN_MOTION": 14.43857614, "ECCENTRICITY": 0.00468316, "INCLINATION": 74.0198, "RA_OF_ASC_NODE": 221.0334, "ARG_OF_PERICENTER": 312.9643, "MEAN_ANOMALY": 46.7591, "EPHEMERIS_TYPE": 0, "CLASSIFICATION_TYPE": "U", "NORAD_CAT_ID": 35647, "ELEMENT_SET_NO": 999, "REV_AT_EPOCH": 68234, "BSTAR": 0.0013497876, "MEAN_MOTION_DOT": 4.637e-05, "MEAN_MOTION_DDOT": 0}, "tle": {"line1": "1 35647U 93036ANN 26021.25976335  .00004637  00000+0  13498-2 0  9993", "line2": "2 35647  74.0198 221.0334 0046831 312.9643  46.7591 14.43857614682349"}}, "geometry": {"type": "Point", "coordinates": [-139.23885686186605, 15.738602875028823]}}, {"type": "Feature", "properties": {"norad_id": 35650, "name": "COSMOS 2251 DEB", "group": "cosmos-2251-debris", "lat": -43.61100282701969, "lon": 131.1310797449405, "alt_km": 622.0386869612139, "timestamp": "2026-01-23T21:29:55.110876+00:00", "meta": {"OBJECT_NAME": "COSMOS 2251 DEB", "OBJECT_ID": "1993-036ANR", "EPOCH": "2026-01-21T02:29:03.153408", "MEAN_MOTION": 14.85132137, "ECCENTRICITY": 0.00154914, "INCLINATION": 74.0453, "RA_OF_ASC_NODE": 300.856, "ARG_OF_PERICENTER": 341.2446, "MEAN_ANOMALY": 80.58, "EPHEMERIS_TYPE": 0, "CLASSIFICATION_TYPE": "U", "NORAD_CAT_ID": 35650, "ELEMENT_SET_NO": 999, "REV_AT_EPOCH": 88218, "BSTAR": 0.006573915, "MEAN_MOTION_DOT": 0.00056817, "MEAN_MOTION_DDOT": 0}, "tle": {"line1": "1 35650U 93036ANR 26021.10350872  .00056817  00000+0  65739-2 0  9995", "line2": "2 35650  74.0453 300.8560 0015491 341.2446  80.5800 14.85132137882183"}}, "geometry": {"type": "Point", "coordinates": [131.1310797449405, -43.61100282701969]}}, {"type": "Feature", "properties": {"norad_id": 35660, "name": "COSMOS 2251 DEB", "group": "cosmos-2251-debris", "lat": -6.26488103446822, "lon": 52.29030773191921, "alt_km": 740.3324781113342, "timestamp": "2026-01-23T21:29:55.110887+00:00", "meta": {"OBJECT_NAME": "COSMOS 2251 DEB", "OBJECT_ID": "1993-036APB", "EPOCH": "2026-01-20T19:33:14.080320", "MEAN_MOTION": 14.50085949, "ECCENTRICITY": 0.00180493, "INCLINATION": 74.0392, "RA_OF_ASC_NODE": 59.8737, "ARG_OF_PERICENTER": 205.2008, "MEAN_ANOMALY": 270.8403, "EPHEMERIS_TYPE": 0, "CLASSIFICATION_TYPE": "U", "NORAD_CAT_ID": 35660, "ELEMENT_SET_NO": 999, "REV_AT_EPOCH": 66437, "BSTAR": 0.00069665119, "MEAN_MOTION_DOT": 2.682e-05, "MEAN_MOTION_DDOT": 0}, "tle": {"line1": "1 35660U 93036APB 26020.81474630  .00002682  00000+0  69665-3 0  9996", "line2": "2 35660  74.0392  59.8737 0018049 205.2008 270.8403 14.50085949664370"}}, "geometry": {"type": "Point", "coordinates": [52.29030773191921, -6.26488103446822]}}, {"type": "Feature", "properties": {"norad_id": 35661, "name": "COSMOS 2251 DEB", "group": "cosmos-2251-debris", "lat": -1.9056916653839642, "lon": 176.2036953436005, "alt_km": 613.0405201228259, "timestamp": "2026-01-23T21:29:55.110897+00:00", "meta": {"OBJECT_NAME": "COSMOS 2251 DEB", "OBJECT_ID": "1993-036APC", "EPOCH": "2026-01-22T15:37:56.544960", "MEAN_MOTION": 14.87194307, "ECCENTRICITY": 0.00853199, "INCLINATION": 74.0142, "RA_OF_ASC_NODE": 358.1388, "ARG_OF_PERICENTER": 90.8178, "MEAN_ANOMALY": 270.2779, "EPHEMERIS_TYPE": 0, "CLASSIFICATION_TYPE": "U", "NORAD_CAT_ID": 35661, "ELEMENT_SET_NO": 999, "REV_AT_EPOCH": 88476, "BSTAR": 0.0010182791, "MEAN_MOTION_DOT": 9.774e-05, "MEAN_MOTION_DDOT": 0}, "tle": {"line1": "1 35661U 93036APC 26022.65134890  .00009774  00000+0  10183-2 0  9991", "line2": "2 35661  74.0142 358.1388 0085319  90.8178 270.2779 14.87194307884767"}}, "geometry": {"type": "Point", "coordinates": [176.2036953436005, -1.9056916653839642]}}, {"type": "Feature", "properties": {"norad_id": 35663, "name": "COSMOS 2251 DEB", "group": "cosmos-2251-debris", "lat": 36.46690110496393, "lon": -148.85599087392217, "alt_km": 668.196812428574, "timestamp": "2026-01-23T21:29:55.110907+00:00", "meta": {"OBJECT_NAME": "COSMOS 2251 DEB", "OBJECT_ID": "1993-036APE", "EPOCH": "2026-01-14T19:03:46.161792", "MEAN_MOTION": 14.66201186, "ECCENTRICITY": 0.000331, "INCLINATION": 74.019, "RA_OF_ASC_NODE": 60.9228, "ARG_OF_PERICENTER": 129.1315, "MEAN_ANOMALY": 231.0149, "EPHEMERIS_TYPE": 0, "CLASSIFICATION_TYPE": "U", "NORAD_CAT_ID": 35663, "ELEMENT_SET_NO": 999, "REV_AT_EPOCH": 73866, "BSTAR": 0.00046641, "MEAN_MOTION_DOT": 2.537e-05, "MEAN_MOTION_DDOT": 0}, "tle": {"line1": "1 35663U 93036APE 26014.79428428  .00002537  00000+0  46641-3 0  9991", "line2": "2 35663  74.0190  60.9228 0003310 129.1315 231.0149 14.66201186738667"}}, "geometry": {"type": "Point", "coordinates": [-148.85599087392217, 36.46690110496393]}}, {"type": "Feature", "properties": {"norad_id": 35667, "name": "COSMOS 2251 DEB", "group": "cosmos-2251-debris", "lat": 37.69287486570437, "lon": 72.49039618376256, "alt_km": 684.2504663423306, "timestamp": "2026-01-23T21:29:55.110916+00:00", "meta": {"OBJECT_NAME": "COSMOS 2251 DEB", "OBJECT_ID": "1993-036APJ", "EPOCH": "2026-01-22T09:09:07.972128", "MEAN_MOTION": 14.6051501, "ECCENTRICITY": 0.00165637, "INCLINATION": 74.0548, "RA_OF_ASC_NODE": 62.6155, "ARG_OF_PERICENTER": 112.4827, "MEAN_ANOMALY": 247.8095, "EPHEMERIS_TYPE": 0, "CLASSIFICATION_TYPE": "U", "NORAD_CAT_ID": 35667, "ELEMENT_SET_NO": 999, "REV_AT_EPOCH": 71396, "BSTAR": 0.0015714904, "MEAN_MOTION_DOT": 7.621e-05, "MEAN_MOTION_DDOT": 0}, "tle": {"line1": "1 35667U 93036APJ 26022.38134227  .00007621  00000+0  15715-2 0  9996", "line2": "2 35667  74.0548  62.6155 0016563 112.4827 247.8095 14.60515010713962"}}, "geometry": {"type": "Point", "coordinates": [72.49039618376256, 37.69287486570437]}}, {"type": "Feature", "properties": {"norad_id": 35668, "name": "COSMOS 2251 DEB", "group": "cosmos-2251-debris", "lat": 8.237030386783607, "lon": 141.96932429999168, "alt_km": 721.625597986359, "timestamp": "2026-01-23T21:29:55.110927+00:00", "meta": {"OBJECT_NAME": "COSMOS 2251 DEB", "OBJECT_ID": "1993-036APK", "EPOCH": "2026-01-22T14:18:06.245568", "MEAN_MOTION": 14.64139337, "ECCENTRICITY": 0.00839568, "INCLINATION": 74.0443, "RA_OF_ASC_NODE": 142.0905, "ARG_OF_PERICENTER": 238.3086, "MEAN_ANOMALY": 120.9877, "EPHEMERIS_TYPE": 0, "CLASSIFICATION_TYPE": "U", "NORAD_CAT_ID": 35668, "ELEMENT_SET_NO": 999, "REV_AT_EPOCH": 88245, "BSTAR": 0.0005886226, "MEAN_MOTION_DOT": 3.225e-05, "MEAN_MOTION_DDOT": 0}, "tle": {"line1": "1 35668U 93036APK 26022.59590562  .00003225  00000+0  58862-3 0  9995", "line2": "2 35668  74.0443 142.0905 0083956 238.3086 120.9877 14.64139337882456"}}, "geometry": {"type": "Point", "coordinates": [141.96932429999168, 8.237030386783607]}}, {"type": "Feature", "properties": {"norad_id": 35669, "name": "COSMOS 2251 DEB", "group": "cosmos-2251-debris", "lat": -8.624349772891094, "lon": 88.10659990142611, "alt_km": 1309.5804429712543, "timestamp": "2026-01-23T21:29:55.110937+00:00", "meta": {"OBJECT_NAME": "COSMOS 2251 DEB", "OBJECT_ID": "1993-036APL", "EPOCH": "2026-01-09T00:13:15.448512", "MEAN_MOTION": 13.5725784, "ECCENTRICITY": 0.03876202, "INCLINATION": 73.8623, "RA_OF_ASC_NODE": 114.9026, "ARG_OF_PERICENTER": 222.1513, "MEAN_ANOMALY": 134.9189, "EPHEMERIS_TYPE": 0, "CLASSIFICATION_TYPE": "U", "NORAD_CAT_ID": 35669, "ELEMENT_SET_NO": 999, "REV_AT_EPOCH": 61159, "BSTAR": 0.001465087, "MEAN_MOTION_DOT": 1.681e-05, "MEAN_MOTION_DDOT": 0}, "tle": {"line1": "1 35669U 93036APL 26009.00920658  .00001681  00000+0  14651-2 0  9991", "line2": "2 35669  73.8623 114.9026 0387620 222.1513 134.9189 13.57257840611594"}}, "geometry": {"type": "Point", "coordinates": [88.10659990142611, -8.624349772891094]}}, {"type": "Feature", "properties": {"norad_id": 35670, "name": "COSMOS 2251 DEB", "group": "cosmos-2251-debris", "lat": -64.55734131474783, "lon": -163.818667800893, "alt_km": 567.3622693253392, "timestamp": "2026-01-23T21:29:55.110947+00:00", "meta": {"OBJECT_NAME": "COSMOS 2251 DEB", "OBJECT_ID": "1993-036APM", "EPOCH": "2026-01-20T13:42:39.261600", "MEAN_MOTION": 14.95301193, "ECCENTRICITY": 0.00382387, "INCLINATION": 73.8952, "RA_OF_ASC_NODE": 345.5504, "ARG_OF_PERICENTER": 299.2163, "MEAN_ANOMALY": 60.5198, "EPHEMERIS_TYPE": 0, "CLASSIFICATION_TYPE": "U", "NORAD_CAT_ID": 35670, "ELEMENT_SET_NO": 999, "REV_AT_EPOCH": 88307, "BSTAR": 0.0046223971, "MEAN_MOTION_DOT": 0.00052032, "MEAN_MOTION_DDOT": 0}, "tle": {"line1": "1 35670U 93036APM 26020.57128775  .00052032  00000+0  46224-2 0  9995", "line2": "2 35670  73.8952 345.5504 0038238 299.2163  60.5198 14.95301193883070"}}, "geometry": {"type": "Point", "coordinates": [-163.818667800893, -64.55734131474783]}}, {"type": "Feature", "properties": {"norad_id": 35671, "name": "COSMOS 2251 DEB", "group": "cosmos-2251-debris", "lat": 20.79142385020296, "lon": 174.0191113322691, "alt_km": 702.1471328468006, "timestamp": "2026-01-23T21:29:55.110957+00:00", "meta": {"OBJECT_NAME": "COSMOS 2251 DEB", "OBJECT_ID": "1993-036APN", "EPOCH": "2026-01-22T05:04:18.899904", "MEAN_MOTION": 14.48421723, "ECCENTRICITY": 0.00400224, "INCLINATION": 74.0181, "RA_OF_ASC_NODE": 3.4235, "ARG_OF_PERICENTER": 169.0888, "MEAN_ANOMALY": 209.5085, "EPHEMERIS_TYPE": 0, "CLASSIFICATION_TYPE": "U", "NORAD_CAT_ID": 35671, "ELEMENT_SET_NO": 999, "REV_AT_EPOCH": 87349, "BSTAR": 0.00034722711, "MEAN_MOTION_DOT": 1.286e-05, "MEAN_MOTION_DDOT": 0}, "tle": {"line1": "1 35671U 93036APN 26022.21132986  .00001286  00000+0  34723-3 0  9995", "line2": "2 35671  74.0181   3.4235 0040022 169.0888 209.5085 14.48421723873496"}}, "geometry": {"type": "Point", "coordinates": [174.0191113322691, 20.79142385020296]}}, {"type": "Feature", "properties": {"norad_id": 35674, "name": "COSMOS 2251 DEB", "group": "cosmos-2251-debris", "lat": -64.66046148388064, "lon": 93.99519216090133, "alt_km": 654.0013934347662, "timestamp": "2026-01-23T21:29:55.110968+00:00", "meta": {"OBJECT_NAME": "COSMOS 2251 DEB", "OBJECT_ID": "1993-036APR", "EPOCH": "2026-01-21T00:41:02.458752", "MEAN_MOTION": 14.54840424, "ECCENTRICITY": 0.00951653, "INCLINATION": 74.0575, "RA_OF_ASC_NODE": 242.2825, "ARG_OF_PERICENTER": 278.3695, "MEAN_ANOMALY": 80.6687, "EPHEMERIS_TYPE": 0, "CLASSIFICATION_TYPE": "U", "NORAD_CAT_ID": 35674, "ELEMENT_SET_NO": 999, "REV_AT_EPOCH": 86682, "BSTAR": 0.0028690441, "MEAN_MOTION_DOT": 0.00013078, "MEAN_MOTION_DDOT": 0}, "tle": {"line1": "1 35674U 93036APR 26021.02850068  .00013078  00000+0  28690-2 0  9991", "line2": "2 35674  74.0575 242.2825 0095165 278.3695  80.6687 14.54840424866827"}}, "geometry": {"type": "Point", "coordinates": [93.99519216090133, -64.66046148388064]}}, {"type": "Feature", "properties": {"norad_id": 35701, "name": "COSMOS 2251 DEB", "group": "cosmos-2251-debris", "lat": -15.54880162094193, "lon": 56.05042161772411, "alt_km": 1084.1640229780705, "timestamp": "2026-01-23T21:29:55.110978+00:00", "meta": {"OBJECT_NAME": "COSMOS 2251 DEB", "OBJECT_ID": "1993-036APW", "EPOCH": "2026-01-22T06:20:04.640640", "MEAN_MOTION": 13.81046662, "ECCENTRICITY": 0.0291207, "INCLINATION": 74.0151, "RA_OF_ASC_NODE": 234.2182, "ARG_OF_PERICENTER": 73.749, "MEAN_ANOMALY": 289.5456, "EPHEMERIS_TYPE": 0, "CLASSIFICATION_TYPE": "U", "NORAD_CAT_ID": 35701, "ELEMENT_SET_NO": 999, "REV_AT_EPOCH": 62718, "BSTAR": 0.0021784, "MEAN_MOTION_DOT": 3.155e-05, "MEAN_MOTION_DDOT": 0}, "tle": {"line1": "1 35701U 93036APW 26022.26394260  .00003155  00000+0  21784-2 0  9998", "line2": "2 35701  74.0151 234.2182 0291207  73.7490 289.5456 13.81046662627189"}}, "geometry": {"type": "Point", "coordinates": [56.05042161772411, -15.54880162094193]}}, {"type": "Feature", "properties": {"norad_id": 35703, "name": "COSMOS 2251 DEB", "group": "cosmos-2251-debris", "lat": -65.84514834376903, "lon": -81.29437729514231, "alt_km": 598.6995136923506, "timestamp": "2026-01-23T21:29:55.110988+00:00", "meta": {"OBJECT_NAME": "COSMOS 2251 DEB", "OBJECT_ID": "1993-036APY", "EPOCH": "2026-01-20T13:18:25.797600", "MEAN_MOTION": 14.91041213, "ECCENTRICITY": 0.00647968, "INCLINATION": 74.0438, "RA_OF_ASC_NODE": 325.0382, "ARG_OF_PERICENTER": 23.3967, "MEAN_ANOMALY": 337.014, "EPHEMERIS_TYPE": 0, "CLASSIFICATION_TYPE": "U", "NORAD_CAT_ID": 35703, "ELEMENT_SET_NO": 999, "REV_AT_EPOCH": 67194, "BSTAR": 0.0024268035, "MEAN_MOTION_DOT": 0.00025055, "MEAN_MOTION_DDOT": 0}, "tle": {"line1": "1 35703U 93036APY 26020.55446525  .00025055  00000+0  24268-2 0  9995", "line2": "2 35703  74.0438 325.0382 0064796  23.3967 337.0140 14.91041213671942"}}, "geometry": {"type": "Point", "coordinates": [-81.29437729514231, -65.84514834376903]}}, {"type": "Feature", "properties": {"norad_id": 35705, "name": "COSMOS 2251 DEB", "group": "cosmos-2251-debris", "lat": -71.73247009893808, "lon": -66.4942935096885, "alt_km": 653.8120122124437, "timestamp": "2026-01-23T21:29:55.110999+00:00", "meta": {"OBJECT_NAME": "COSMOS 2251 DEB", "OBJECT_ID": "1993-036AQA", "EPOCH": "2026-01-17T09:31:04.668384", "MEAN_MOTION": 14.73408873, "ECCENTRICITY": 0.00350366, "INCLINATION": 74.2737, "RA_OF_ASC_NODE": 67.3795, "ARG_OF_PERICENTER": 358.8295, "MEAN_ANOMALY": 1.279, "EPHEMERIS_TYPE": 0, "CLASSIFICATION_TYPE": "U", "NORAD_CAT_ID": 35705, "ELEMENT_SET_NO": 999, "REV_AT_EPOCH": 86451, "BSTAR": 0.0019768496, "MEAN_MOTION_DOT": 0.00012938, "MEAN_MOTION_DDOT": 0}, "tle": {"line1": "1 35705U 93036AQA 26017.39658181  .00012938  00000+0  19768-2 0  9993", "line2": "2 35705  74.2737  67.3795 0035036 358.8295   1.2790 14.73408873864514"}}, "geometry": {"type": "Point", "coordinates": [-66.4942935096885, -71.73247009893808]}}, {"type": "Feature", "properties": {"norad_id": 35706, "name": "COSMOS 2251 DEB", "group": "cosmos-2251-debris", "lat": 32.08664353389754, "lon": 162.71971480340176, "alt_km": 1096.2526250537949, "timestamp": "2026-01-23T21:29:55.111009+00:00", "meta": {"OBJECT_NAME": "COSMOS 2251 DEB", "OBJECT_ID": "1993-036AQB", "EPOCH": "2026-01-21T14:19:48.349632", "MEAN_MOTION": 13.66034648, "ECCENTRICITY": 0.03404347, "INCLINATION": 73.8898, "RA_OF_ASC_NODE": 356.956, "ARG_OF_PERICENTER": 39.0511, "MEAN_ANOMALY": 323.4653, "EPHEMERIS_TYPE": 0, "CLASSIFICATION_TYPE": "U", "NORAD_CAT_ID": 35706, "ELEMENT_SET_NO": 999, "REV_AT_EPOCH": 62606, "BSTAR": 0.0025317227, "MEAN_MOTION_DOT": 3.081e-05, "MEAN_MOTION_DDOT": 0}, "tle": {"line1": "1 35706U 93036AQB 26021.59708738  .00003081  00000+0  25317-2 0  9991", "line2": "2 35706  73.8898 356.9560 0340434  39.0511 323.4653 13.66034648626064"}}, "geometry": {"type": "Point", "coordinates": [162.71971480340176, 32.08664353389754]}}, {"type": "Feature", "properties": {"norad_id": 35711, "name": "COSMOS 2251 DEB", "group": "cosmos-2251-debris", "lat": -56.60561225772464, "lon": 113.84564649019765, "alt_km": 664.8451007881822, "timestamp": "2026-01-23T21:29:55.111019+00:00", "meta": {"OBJECT_NAME": "COSMOS 2251 DEB", "OBJECT_ID": "1993-036AQG", "EPOCH": "2026-01-21T17:17:29.403744", "MEAN_MOTION": 14.63944628, "ECCENTRICITY": 0.00854267, "INCLINATION": 74.0463, "RA_OF_ASC_NODE": 143.7359, "ARG_OF_PERICENTER": 235.7689, "MEAN_ANOMALY": 123.5365, "EPHEMERIS_TYPE": 0, "CLASSIFICATION_TYPE": "U", "NORAD_CAT_ID": 35711, "ELEMENT_SET_NO": 999, "REV_AT_EPOCH": 88356, "BSTAR": 0.00059271922, "MEAN_MOTION_DOT": 3.24e-05, "MEAN_MOTION_DDOT": 0}, "tle": {"line1": "1 35711U 93036AQG 26021.72047921  .00003240  00000+0  59272-3 0  9997", "line2": "2 35711  74.0463 143.7359 0085426 235.7689 123.5365 14.63944628883562"}}, "geometry": {"type": "Point", "coordinates": [113.84564649019765, -56.60561225772464]}}, {"type": "Feature", "properties": {"norad_id": 35716, "name": "COSMOS 2251 DEB", "group": "cosmos-2251-debris", "lat": 10.73453725886071, "lon": -69.58475649736829, "alt_km": 739.3918038241418, "timestamp": "2026-01-23T21:29:55.111030+00:00", "meta": {"OBJECT_NAME": "COSMOS 2251 DEB", "OBJECT_ID": "1993-036AQM", "EPOCH": "2026-01-21T23:12:53.155296", "MEAN_MOTION": 14.60143812, "ECCENTRICITY": 0.00905364, "INCLINATION": 73.9942, "RA_OF_ASC_NODE": 117.2238, "ARG_OF_PERICENTER": 308.5999, "MEAN_ANOMALY": 167.8139, "EPHEMERIS_TYPE": 0, "CLASSIFICATION_TYPE": "U", "NORAD_CAT_ID": 35716, "ELEMENT_SET_NO": 999, "REV_AT_EPOCH": 88214, "BSTAR": 0.00025460078, "MEAN_MOTION_DOT": 1.265e-05, "MEAN_MOTION_DDOT": 0}, "tle": {"line1": "1 35716U 93036AQM 26021.96728189  .00001265  00000+0  25460-3 0  9997", "line2": "2 35716  73.9942 117.2238 0090536 308.5999 167.8139 14.60143812882146"}}, "geometry": {"type": "Point", "coordinates": [-69.58475649736829, 10.73453725886071]}}, {"type": "Feature", "properties": {"norad_id": 35717, "name": "COSMOS 2251 DEB", "group": "cosmos-2251-debris", "lat": -69.78745278294203, "lon": 89.90848360312297, "alt_km": 744.4769181956299, "timestamp": "2026-01-23T21:29:55.111039+00:00", "meta": {"OBJECT_NAME": "COSMOS 2251 DEB", "OBJECT_ID": "1993-036AQN", "EPOCH": "2026-01-18T15:01:41.816352", "MEAN_MOTION": 14.38769301, "ECCENTRICITY": 0.00787816, "INCLINATION": 74.1607, "RA_OF_ASC_NODE": 150.001, "ARG_OF_PERICENTER": 357.9556, "MEAN_ANOMALY": 2.1264, "EPHEMERIS_TYPE": 0, "CLASSIFICATION_TYPE": "U", "NORAD_CAT_ID": 35717, "ELEMENT_SET_NO": 999, "REV_AT_EPOCH": 74630, "BSTAR": 0.0010068358, "MEAN_MOTION_DOT": 3.182e-05, "MEAN_MOTION_DDOT": 0}, "tle": {"line1": "1 35717U 93036AQN 26018.62617843  .00003182  00000+0  10068-2 0  9998", "line2": "2 35717  74.1607 150.0010 0078781 357.9556   2.1264 14.38769301746305"}}, "geometry": {"type": "Point", "coordinates": [89.90848360312297, -69.78745278294203]}}, {"type": "Feature", "properties": {"norad_id": 35718, "name": "COSMOS 2251 DEB", "group": "cosmos-2251-debris", "lat": -34.82156931930802, "lon": 36.845847293117906, "alt_km": 670.2153695533998, "timestamp": "2026-01-23T21:29:55.111050+00:00", "meta": {"OBJECT_NAME": "COSMOS 2251 DEB", "OBJECT_ID": "1993-036AQP", "EPOCH": "2026-01-22T09:43:11.101440", "MEAN_MOTION": 14.69530124, "ECCENTRICITY": 0.00077666, "INCLINATION": 74.0317, "RA_OF_ASC_NODE": 51.222, "ARG_OF_PERICENTER": 76.6817, "MEAN_ANOMALY": 283.5219, "EPHEMERIS_TYPE": 0, "CLASSIFICATION_TYPE": "U", "NORAD_CAT_ID": 35718, "ELEMENT_SET_NO": 999, "REV_AT_EPOCH": 66437, "BSTAR": 0.0018249211, "MEAN_MOTION_DOT": 0.0001082, "MEAN_MOTION_DDOT": 0}, "tle": {"line1": "1 35718U 93036AQP 26022.40498960  .00010820  00000+0  18249-2 0  9993", "line2": "2 35718  74.0317  51.2220 0007766  76.6817 283.5219 14.69530124664372"}}, "geometry": {"type": "Point", "coordinates": [36.845847293117906, -34.82156931930802]}}, {"type": "Feature", "properties": {"norad_id": 35721, "name": "COSMOS 2251 DEB", "group": "cosmos-2251-debris", "lat": 29.2474156071518, "lon": -89.18178863892126, "alt_km": 769.7690567112013, "timestamp": "2026-01-23T21:29:55.111060+00:00", "meta": {"OBJECT_NAME": "COSMOS 2251 DEB", "OBJECT_ID": "1993-036AQS", "EPOCH": "2026-01-12T13:41:40.022304", "MEAN_MOTION": 14.34700213, "ECCENTRICITY": 0.01476636, "INCLINATION": 73.9497, "RA_OF_ASC_NODE": 120.9536, "ARG_OF_PERICENTER": 261.2892, "MEAN_ANOMALY": 97.1511, "EPHEMERIS_TYPE": 0, "CLASSIFICATION_TYPE": "U", "NORAD_CAT_ID": 35721, "ELEMENT_SET_NO": 999, "REV_AT_EPOCH": 58231, "BSTAR": 0.0015674078, "MEAN_MOTION_DOT": 4.992e-05, "MEAN_MOTION_DDOT": 0}, "tle": {"line1": "1 35721U 93036AQS 26012.57060211  .00004992  00000+0  15674-2 0  9990", "line2": "2 35721  73.9497 120.9536 0147663 261.2892  97.1511 14.34700213582310"}}, "geometry": {"type": "Point", "coordinates": [-89.18178863892126, 29.2474156071518]}}, {"type": "Feature", "properties": {"norad_id": 35724, "name": "COSMOS 2251 DEB", "group": "cosmos-2251-debris", "lat": 73.04760606068331, "lon": -67.59537986411907, "alt_km": 683.5640520589477, "timestamp": "2026-01-23T21:29:55.111071+00:00", "meta": {"OBJECT_NAME": "COSMOS 2251 DEB", "OBJECT_ID": "1993-036AQV", "EPOCH": "2026-01-22T07:14:59.592768", "MEAN_MOTION": 14.58314595, "ECCENTRICITY": 0.0060168, "INCLINATION": 74.0298, "RA_OF_ASC_NODE": 225.4748, "ARG_OF_PERICENTER": 7.7569, "MEAN_ANOMALY": 352.4511, "EPHEMERIS_TYPE": 0, "CLASSIFICATION_TYPE": "U", "NORAD_CAT_ID": 35724, "ELEMENT_SET_NO": 999, "REV_AT_EPOCH": 88120, "BSTAR": 0.00037294, "MEAN_MOTION_DOT": 1.738e-05, "MEAN_MOTION_DDOT": 0}, "tle": {"line1": "1 35724U 93036AQV 26022.30207862  .00001738  00000+0  37294-3 0  9998", "line2": "2 35724  74.0298 225.4748 0060168   7.7569 352.4511 14.58314595881205"}}, "geometry": {"type": "Point", "coordinates": [-67.59537986411907, 73.04760606068331]}}, {"type": "Feature", "properties": {"norad_id": 35759, "name": "COSMOS 2251 DEB", "group": "cosmos-2251-debris", "lat": -55.15250968614587, "lon": -20.758014193912025, "alt_km": 628.8878127663402, "timestamp": "2026-01-23T21:29:55.111081+00:00", "meta": {"OBJECT_NAME": "COSMOS 2251 DEB", "OBJECT_ID": "1993-036ARD", "EPOCH": "2026-01-21T15:57:59.739264", "MEAN_MOTION": 14.65056093, "ECCENTRICITY": 0.00777719, "INCLINATION": 74.0381, "RA_OF_ASC_NODE": 139.2579, "ARG_OF_PERICENTER": 248.74, "MEAN_ANOMALY": 110.5451, "EPHEMERIS_TYPE": 0, "CLASSIFICATION_TYPE": "U", "NORAD_CAT_ID": 35759, "ELEMENT_SET_NO": 999, "REV_AT_EPOCH": 66720, "BSTAR": 0.00081772201, "MEAN_MOTION_DOT": 4.556e-05, "MEAN_MOTION_DDOT": 0}, "tle": {"line1": "1 35759U 93036ARD 26021.66527476  .00004556  00000+0  81772-3 0  9991", "line2": "2 35759  74.0381 139.2579 0077771 248.7400 110.5451 14.65056093667201"}}, "geometry": {"type": "Point", "coordinates": [-20.758014193912025, -55.15250968614587]}}, {"type": "Feature", "properties": {"norad_id": 35764, "name": "COSMOS 2251 DEB", "group": "cosmos-2251-debris", "lat": 33.087289524494054, "lon": 69.80523522233682, "alt_km": 647.583283252543, "timestamp": "2026-01-23T21:29:55.111105+00:00", "meta": {"OBJECT_NAME": "COSMOS 2251 DEB", "OBJECT_ID": "1993-036ARJ", "EPOCH": "2026-01-06T01:21:30.047328", "MEAN_MOTION": 14.76931859, "ECCENTRICITY": 0.00234417, "INCLINATION": 74.0258, "RA_OF_ASC_NODE": 295.5493, "ARG_OF_PERICENTER": 46.1261, "MEAN_ANOMALY": 314.1845, "EPHEMERIS_TYPE": 0, "CLASSIFICATION_TYPE": "U", "NORAD_CAT_ID": 35764, "ELEMENT_SET_NO": 999, "REV_AT_EPOCH": 66407, "BSTAR": 0.0017558567, "MEAN_MOTION_DOT": 0.00012403, "MEAN_MOTION_DDOT": 0}, "tle": {"line1": "1 35764U 93036ARJ 26006.05659777  .00012403  00000+0  17559-2 0  9994", "line2": "2 35764  74.0258 295.5493 0023441  46.1261 314.1845 14.76931859664076"}}, "geometry": {"type": "Point", "coordinates": [69.80523522233682, 33.087289524494054]}}, {"type": "Feature", "properties": {"norad_id": 35771, "name": "COSMOS 2251 DEB", "group": "cosmos-2251-debris", "lat": 39.26767827768729, "lon": -110.40236730959403, "alt_km": 921.4084895410933, "timestamp": "2026-01-23T21:29:55.111116+00:00", "meta": {"OBJECT_NAME": "COSMOS 2251 DEB", "OBJECT_ID": "1993-036ARR", "EPOCH": "2026-01-16T14:24:28.972512", "MEAN_MOTION": 14.14001635, "ECCENTRICITY": 0.02200028, "INCLINATION": 74.1579, "RA_OF_ASC_NODE": 249.0059, "ARG_OF_PERICENTER": 177.0546, "MEAN_ANOMALY": 183.1953, "EPHEMERIS_TYPE": 0, "CLASSIFICATION_TYPE": "U", "NORAD_CAT_ID": 35771, "ELEMENT_SET_NO": 999, "REV_AT_EPOCH": 83353, "BSTAR": 0.0025437692, "MEAN_MOTION_DOT": 6.075e-05, "MEAN_MOTION_DDOT": 0}, "tle": {"line1": "1 35771U 93036ARR 26016.60033533  .00006075  00000+0  25438-2 0  9993", "line2": "2 35771  74.1579 249.0059 0220002 177.0546 183.1953 14.14001635833530"}}, "geometry": {"type": "Point", "coordinates": [-110.40236730959403, 39.26767827768729]}}, {"type": "Feature", "properties": {"norad_id": 35773, "name": "COSMOS 2251 DEB", "group": "cosmos-2251-debris", "lat": 61.359414231924696, "lon": -68.36964119340772, "alt_km": 648.6055973799312, "timestamp": "2026-01-23T21:29:55.111127+00:00", "meta": {"OBJECT_NAME": "COSMOS 2251 DEB", "OBJECT_ID": "1993-036ART", "EPOCH": "2026-01-22T09:04:50.092320", "MEAN_MOTION": 14.62374672, "ECCENTRICITY": 0.00455465, "INCLINATION": 74.0067, "RA_OF_ASC_NODE": 262.862, "ARG_OF_PERICENTER": 50.8317, "MEAN_ANOMALY": 309.6882, "EPHEMERIS_TYPE": 0, "CLASSIFICATION_TYPE": "U", "NORAD_CAT_ID": 35773, "ELEMENT_SET_NO": 999, "REV_AT_EPOCH": 87433, "BSTAR": 0.001016746, "MEAN_MOTION_DOT": 5.19e-05, "MEAN_MOTION_DDOT": 0}, "tle": {"line1": "1 35773U 93036ART 26022.37835755  .00005190  00000+0  10167-2 0  9992", "line2": "2 35773  74.0067 262.8620 0045546  50.8317 309.6882 14.62374672874338"}}, "geometry": {"type": "Point", "coordinates": [-68.36964119340772, 61.359414231924696]}}, {"type": "Feature", "properties": {"norad_id": 35777, "name": "COSMOS 2251 DEB", "group": "cosmos-2251-debris", "lat": -72.23013075670004, "lon": 140.7464840054989, "alt_km": 1261.6204801118765, "timestamp": "2026-01-23T21:29:55.111137+00:00", "meta": {"OBJECT_NAME": "COSMOS 2251 DEB", "OBJECT_ID": "1993-036ARX", "EPOCH": "2026-01-22T09:17:19.932000", "MEAN_MOTION": 13.41336015, "ECCENTRICITY": 0.04507786, "INCLINATION": 73.7683, "RA_OF_ASC_NODE": 257.798, "ARG_OF_PERICENTER": 146.5422, "MEAN_ANOMALY": 28.7344, "EPHEMERIS_TYPE": 0, "CLASSIFICATION_TYPE": "U", "NORAD_CAT_ID": 35777, "ELEMENT_SET_NO": 999, "REV_AT_EPOCH": 80229, "BSTAR": 0.00094793776, "MEAN_MOTION_DOT": 9.4e-06, "MEAN_MOTION_DDOT": 0}, "tle": {"line1": "1 35777U 93036ARX 26022.38703625  .00000940  00000+0  94794-3 0  9994", "line2": "2 35777  73.7683 257.7980 0450778 146.5422  28.7344 13.41336015802294"}}, "geometry": {"type": "Point", "coordinates": [140.7464840054989, -72.23013075670004]}}, {"type": "Feature", "properties": {"norad_id": 35784, "name": "COSMOS 2251 DEB", "group": "cosmos-2251-debris", "lat": 40.9392325998271, "lon": 24.917420005748557, "alt_km": 720.5635590178817, "timestamp": "2026-01-23T21:29:55.111148+00:00", "meta": {"OBJECT_NAME": "COSMOS 2251 DEB", "OBJECT_ID": "1993-036ASE", "EPOCH": "2026-01-19T06:22:09.300288", "MEAN_MOTION": 14.50134019, "ECCENTRICITY": 0.00399394, "INCLINATION": 74.0377, "RA_OF_ASC_NODE": 19.2346, "ARG_OF_PERICENTER": 141.0644, "MEAN_ANOMALY": 219.3405, "EPHEMERIS_TYPE": 0, "CLASSIFICATION_TYPE": "U", "NORAD_CAT_ID": 35784, "ELEMENT_SET_NO": 999, "REV_AT_EPOCH": 66250, "BSTAR": 0.00023746713, "MEAN_MOTION_DOT": 9.04e-06, "MEAN_MOTION_DDOT": 0}, "tle": {"line1": "1 35784U 93036ASE 26019.26538542  .00000904  00000+0  23747-3 0  9999", "line2": "2 35784  74.0377  19.2346 0039939 141.0644 219.3405 14.50134019662506"}}, "geometry": {"type": "Point", "coordinates": [24.917420005748557, 40.9392325998271]}}, {"type": "Feature", "properties": {"norad_id": 35786, "name": "COSMOS 2251 DEB", "group": "cosmos-2251-debris", "lat": -68.11909761309677, "lon": -83.15862929518227, "alt_km": 699.1878803818354, "timestamp": "2026-01-23T21:29:55.111158+00:00", "meta": {"OBJECT_NAME": "COSMOS 2251 DEB", "OBJECT_ID": "1993-036ASG", "EPOCH": "2026-01-19T03:14:59.165664", "MEAN_MOTION": 14.66666953, "ECCENTRICITY": 0.00327831, "INCLINATION": 74.0152, "RA_OF_ASC_NODE": 331.571, "ARG_OF_PERICENTER": 89.3901, "MEAN_ANOMALY": 271.1024, "EPHEMERIS_TYPE": 0, "CLASSIFICATION_TYPE": "U", "NORAD_CAT_ID": 35786, "ELEMENT_SET_NO": 999, "REV_AT_EPOCH": 73956, "BSTAR": 0.0010085368, "MEAN_MOTION_DOT": 5.628e-05, "MEAN_MOTION_DDOT": 0}, "tle": {"line1": "1 35786U 93036ASG 26019.13540701  .00005628  00000+0  10085-2 0  9995", "line2": "2 35786  74.0152 331.5710 0032783  89.3901 271.1024 14.66666953739562"}}, "geometry": {"type": "Point", "coordinates": [-83.15862929518227, -68.11909761309677]}}, {"type": "Feature", "properties": {"norad_id": 35789, "name": "COSMOS 2251 DEB", "group": "cosmos-2251-debris", "lat": 36.91413275312897, "lon": -140.59309111176455, "alt_km": 775.6249301989192, "timestamp": "2026-01-23T21:29:55.111168+00:00", "meta": {"OBJECT_NAME": "COSMOS 2251 DEB", "OBJECT_ID": "1993-036ASK", "EPOCH": "2026-01-22T05:11:33.162720", "MEAN_MOTION": 14.36019648, "ECCENTRICITY": 0.0048772, "INCLINATION": 74.0365, "RA_OF_ASC_NODE": 210.0718, "ARG_OF_PERICENTER": 300.4824, "MEAN_ANOMALY": 59.1517, "EPHEMERIS_TYPE": 0, "CLASSIFICATION_TYPE": "U", "NORAD_CAT_ID": 35789, "ELEMENT_SET_NO": 999, "REV_AT_EPOCH": 61808, "BSTAR": 0.00018437, "MEAN_MOTION_DOT": 5.17e-06, "MEAN_MOTION_DDOT": 0}, "tle": {"line1": "1 35789U 93036ASK 26022.21635605  .00000517  00000+0  18437-3 0  9991", "line2": "2 35789  74.0365 210.0718 0048772 300.4824  59.1517 14.36019648618080"}}, "geometry": {"type": "Point", "coordinates": [-140.59309111176455, 36.91413275312897]}}, {"type": "Feature", "properties": {"norad_id": 35793, "name": "COSMOS 2251 DEB", "group": "cosmos-2251-debris", "lat": 6.778703133123274, "lon": 155.31428605415115, "alt_km": 633.3816914266336, "timestamp": "2026-01-23T21:29:55.111179+00:00", "meta": {"OBJECT_NAME": "COSMOS 2251 DEB", "OBJECT_ID": "1993-036ASP", "EPOCH": "2026-01-20T15:40:21.412704", "MEAN_MOTION": 14.79838948, "ECCENTRICITY": 0.00038867, "INCLINATION": 74.0423, "RA_OF_ASC_NODE": 343.6452, "ARG_OF_PERICENTER": 5.8158, "MEAN_ANOMALY": 177.0565, "EPHEMERIS_TYPE": 0, "CLASSIFICATION_TYPE": "U", "NORAD_CAT_ID": 35793, "ELEMENT_SET_NO": 999, "REV_AT_EPOCH": 66372, "BSTAR": 0.0059151728, "MEAN_MOTION_DOT": 0.00044856, "MEAN_MOTION_DDOT": 0}, "tle": {"line1": "1 35793U 93036ASP 26020.65302561  .00044856  00000+0  59152-2 0  9996", "line2": "2 35793  74.0423 343.6452 0003886   5.8158 177.0565 14.79838948663724"}}, "geometry": {"type": "Point", "coordinates": [155.31428605415115, 6.778703133123274]}}, {"type": "Feature", "properties": {"norad_id": 35824, "name": "COSMOS 2251 DEB", "group": "cosmos-2251-debris", "lat": 64.05168261185288, "lon": 119.76779053092184, "alt_km": 823.55433642151, "timestamp": "2026-01-23T21:29:55.111189+00:00", "meta": {"OBJECT_NAME": "COSMOS 2251 DEB", "OBJECT_ID": "1993-036ASW", "EPOCH": "2026-01-22T05:13:23.804832", "MEAN_MOTION": 13.88583947, "ECCENTRICITY": 0.0247876, "INCLINATION": 73.8463, "RA_OF_ASC_NODE": 339.2075, "ARG_OF_PERICENTER": 57.323, "MEAN_ANOMALY": 305.1542, "EPHEMERIS_TYPE": 0, "CLASSIFICATION_TYPE": "U", "NORAD_CAT_ID": 35824, "ELEMENT_SET_NO": 999, "REV_AT_EPOCH": 84789, "BSTAR": 0.0031331, "MEAN_MOTION_DOT": 4.795e-05, "MEAN_MOTION_DDOT": 0}, "tle": {"line1": "1 35824U 93036ASW 26022.21763663  .00004795  00000+0  31331-2 0  9996", "line2": "2 35824  73.8463 339.2075 0247876  57.3230 305.1542 13.88583947847890"}}, "geometry": {"type": "Point", "coordinates": [119.76779053092184, 64.05168261185288]}}, {"type": "Feature", "properties": {"norad_id": 35825, "name": "COSMOS 2251 DEB", "group": "cosmos-2251-debris", "lat": -0.7762295968784381, "lon": 73.10863027067231, "alt_km": 1241.0896018928306, "timestamp": "2026-01-23T21:29:55.111199+00:00", "meta": {"OBJECT_NAME": "COSMOS 2251 DEB", "OBJECT_ID": "1993-036ASX", "EPOCH": "2026-01-16T21:24:06.132960", "MEAN_MOTION": 13.71153728, "ECCENTRICITY": 0.03517182, "INCLINATION": 74.1165, "RA_OF_ASC_NODE": 84.8414, "ARG_OF_PERICENTER": 172.7678, "MEAN_ANOMALY": 187.8715, "EPHEMERIS_TYPE": 0, "CLASSIFICATION_TYPE": "U", "NORAD_CAT_ID": 35825, "ELEMENT_SET_NO": 999, "REV_AT_EPOCH": 82990, "BSTAR": 0.00093165067, "MEAN_MOTION_DOT": 1.274e-05, "MEAN_MOTION_DDOT": 0}, "tle": {"line1": "1 35825U 93036ASX 26016.89173765  .00001274  00000+0  93165-3 0  9995", "line2": "2 35825  74.1165  84.8414 0351718 172.7678 187.8715 13.71153728829904"}}, "geometry": {"type": "Point", "coordinates": [73.10863027067231, -0.7762295968784381]}}, {"type": "Feature", "properties": {"norad_id": 35829, "name": "COSMOS 2251 DEB", "group": "cosmos-2251-debris", "lat": 73.09920510942038, "lon": 86.65440776503712, "alt_km": 627.7877878388017, "timestamp": "2026-01-23T21:29:55.111209+00:00", "meta": {"OBJECT_NAME": "COSMOS 2251 DEB", "OBJECT_ID": "1993-036ATB", "EPOCH": "2026-01-20T06:59:09.564288", "MEAN_MOTION": 14.77327826, "ECCENTRICITY": 0.00050713, "INCLINATION": 74.0251, "RA_OF_ASC_NODE": 23.1973, "ARG_OF_PERICENTER": 38.1527, "MEAN_ANOMALY": 322.0006, "EPHEMERIS_TYPE": 0, "CLASSIFICATION_TYPE": "U", "NORAD_CAT_ID": 35829, "ELEMENT_SET_NO": 999, "REV_AT_EPOCH": 88344, "BSTAR": 0.0033546932, "MEAN_MOTION_DOT": 0.00023888, "MEAN_MOTION_DDOT": 0}, "tle": {"line1": "1 35829U 93036ATB 26020.29108292  .00023888  00000+0  33547-2 0  9993", "line2": "2 35829  74.0251  23.1973 0005071  38.1527 322.0006 14.77327826883449"}}, "geometry": {"type": "Point", "coordinates": [86.65440776503712, 73.09920510942038]}}, {"type": "Feature", "properties": {"norad_id": 35830, "name": "COSMOS 2251 DEB", "group": "cosmos-2251-debris", "lat": -40.883685059765924, "lon": 175.178798610879, "alt_km": 900.4472902777716, "timestamp": "2026-01-23T21:29:55.111220+00:00", "meta": {"OBJECT_NAME": "COSMOS 2251 DEB", "OBJECT_ID": "1993-036ATC", "EPOCH": "2026-01-22T03:33:51.587136", "MEAN_MOTION": 14.24371553, "ECCENTRICITY": 0.01194569, "INCLINATION": 73.8607, "RA_OF_ASC_NODE": 192.8775, "ARG_OF_PERICENTER": 153.1348, "MEAN_ANOMALY": 207.6053, "EPHEMERIS_TYPE": 0, "CLASSIFICATION_TYPE": "U", "NORAD_CAT_ID": 35830, "ELEMENT_SET_NO": 999, "REV_AT_EPOCH": 61839, "BSTAR": 0.0039792568, "MEAN_MOTION_DOT": 9.897e-05, "MEAN_MOTION_DDOT": 0}, "tle": {"line1": "1 35830U 93036ATC 26022.14851374  .00009897  00000+0  39793-2 0  9990", "line2": "2 35830  73.8607 192.8775 0119456 153.1348 207.6053 14.24371553618397"}}, "geometry": {"type": "Point", "coordinates": [175.178798610879, -40.883685059765924]}}, {"type": "Feature", "properties": {"norad_id": 35834, "name": "COSMOS 2251 DEB", "group": "cosmos-2251-debris", "lat": -72.54267731739893, "lon": 115.96820320873177, "alt_km": 891.1412760971289, "timestamp": "2026-01-23T21:29:55.111230+00:00", "meta": {"OBJECT_NAME": "COSMOS 2251 DEB", "OBJECT_ID": "1993-036ATG", "EPOCH": "2026-01-22T13:48:46.616256", "MEAN_MOTION": 14.13019549, "ECCENTRICITY": 0.0109775, "INCLINATION": 73.9288, "RA_OF_ASC_NODE": 231.8739, "ARG_OF_PERICENTER": 22.5674, "MEAN_ANOMALY": 8.4038, "EPHEMERIS_TYPE": 0, "CLASSIFICATION_TYPE": "U", "NORAD_CAT_ID": 35834, "ELEMENT_SET_NO": 999, "REV_AT_EPOCH": 66840, "BSTAR": 0.00012337561, "MEAN_MOTION_DOT": 2.18e-06, "MEAN_MOTION_DDOT": 0}, "tle": {"line1": "1 35834U 93036ATG 26022.57553954  .00000218  00000+0  12338-3 0  9999", "line2": "2 35834  73.9288 231.8739 0109775  22.5674   8.4038 14.13019549668404"}}, "geometry": {"type": "Point", "coordinates": [115.96820320873177, -72.54267731739893]}}, {"type": "Feature", "properties": {"norad_id": 35835, "name": "COSMOS 2251 DEB", "group": "cosmos-2251-debris", "lat": -34.06162391684507, "lon": -173.5887587759824, "alt_km": 745.1402670255593, "timestamp": "2026-01-23T21:29:55.111240+00:00", "meta": {"OBJECT_NAME": "COSMOS 2251 DEB", "OBJECT_ID": "1993-036ATH", "EPOCH": "2026-01-20T05:07:40.995552", "MEAN_MOTION": 13.83033175, "ECCENTRICITY": 0.02927208, "INCLINATION": 74.0613, "RA_OF_ASC_NODE": 203.7417, "ARG_OF_PERICENTER": 336.7476, "MEAN_ANOMALY": 22.0621, "EPHEMERIS_TYPE": 0, "CLASSIFICATION_TYPE": "U", "NORAD_CAT_ID": 35835, "ELEMENT_SET_NO": 999, "REV_AT_EPOCH": 62231, "BSTAR": 0.0010781587, "MEAN_MOTION_DOT": 1.614e-05, "MEAN_MOTION_DDOT": 0}, "tle": {"line1": "1 35835U 93036ATH 26020.21366893  .00001614  00000+0  10782-2 0  9994", "line2": "2 35835  74.0613 203.7417 0292720 336.7476  22.0621 13.83033175622310"}}, "geometry": {"type": "Point", "coordinates": [-173.5887587759824, -34.06162391684507]}}, {"type": "Feature", "properties": {"norad_id": 35836, "name": "COSMOS 2251 DEB", "group": "cosmos-2251-debris", "lat": -55.72298348767642, "lon": 66.13723152112269, "alt_km": 673.0753337031192, "timestamp": "2026-01-23T21:29:55.111251+00:00", "meta": {"OBJECT_NAME": "COSMOS 2251 DEB", "OBJECT_ID": "1993-036ATJ", "EPOCH": "2026-01-22T14:46:57.159840", "MEAN_MOTION": 14.72238612, "ECCENTRICITY": 0.00193824, "INCLINATION": 74.0321, "RA_OF_ASC_NODE": 93.4683, "ARG_OF_PERICENTER": 146.498, "MEAN_ANOMALY": 213.7423, "EPHEMERIS_TYPE": 0, "CLASSIFICATION_TYPE": "U", "NORAD_CAT_ID": 35836, "ELEMENT_SET_NO": 999, "REV_AT_EPOCH": 64121, "BSTAR": 0.0021424932, "MEAN_MOTION_DOT": 0.00013559, "MEAN_MOTION_DDOT": 0}, "tle": {"line1": "1 35836U 93036ATJ 26022.61593935  .00013559  00000+0  21425-2 0  9997", "line2": "2 35836  74.0321  93.4683 0019382 146.4980 213.7423 14.72238612641214"}}, "geometry": {"type": "Point", "coordinates": [66.13723152112269, -55.72298348767642]}}, {"type": "Feature", "properties": {"norad_id": 35837, "name": "COSMOS 2251 DEB", "group": "cosmos-2251-debris", "lat": 64.80108698594469, "lon": 175.85718364810768, "alt_km": 722.4431397462286, "timestamp": "2026-01-23T21:29:55.111261+00:00", "meta": {"OBJECT_NAME": "COSMOS 2251 DEB", "OBJECT_ID": "1993-036ATK", "EPOCH": "2026-01-22T15:32:26.253312", "MEAN_MOTION": 13.63955172, "ECCENTRICITY": 0.04159844, "INCLINATION": 73.723, "RA_OF_ASC_NODE": 139.5524, "ARG_OF_PERICENTER": 53.6689, "MEAN_ANOMALY": 8.3722, "EPHEMERIS_TYPE": 0, "CLASSIFICATION_TYPE": "U", "NORAD_CAT_ID": 35837, "ELEMENT_SET_NO": 999, "REV_AT_EPOCH": 58534, "BSTAR": 0.0033160756, "MEAN_MOTION_DOT": 4.73e-05, "MEAN_MOTION_DDOT": 0}, "tle": {"line1": "1 35837U 93036ATK 26022.64752608  .00004730  00000+0  33161-2 0  9996", "line2": "2 35837  73.7230 139.5524 0415984  53.6689   8.3722 13.63955172585346"}}, "geometry": {"type": "Point", "coordinates": [175.85718364810768, 64.80108698594469]}}, {"type": "Feature", "properties": {"norad_id": 35840, "name": "COSMOS 2251 DEB", "group": "cosmos-2251-debris", "lat": -17.29826467304811, "lon": 74.87148039428878, "alt_km": 685.9640496153343, "timestamp": "2026-01-23T21:29:55.111272+00:00", "meta": {"OBJECT_NAME": "COSMOS 2251 DEB", "OBJECT_ID": "1993-036ATN", "EPOCH": "2026-01-19T20:45:20.965536", "MEAN_MOTION": 14.38192527, "ECCENTRICITY": 0.01179369, "INCLINATION": 73.9317, "RA_OF_ASC_NODE": 87.4943, "ARG_OF_PERICENTER": 340.2825, "MEAN_ANOMALY": 19.3786, "EPHEMERIS_TYPE": 0, "CLASSIFICATION_TYPE": "U", "NORAD_CAT_ID": 35840, "ELEMENT_SET_NO": 999, "REV_AT_EPOCH": 85839, "BSTAR": 0.0016496648, "MEAN_MOTION_DOT": 5.406e-05, "MEAN_MOTION_DDOT": 0}, "tle": {"line1": "1 35840U 93036ATN 26019.86482599  .00005406  00000+0  16497-2 0  9993", "line2": "2 35840  73.9317  87.4943 0117936 340.2825  19.3786 14.38192527858397"}}, "geometry": {"type": "Point", "coordinates": [74.87148039428878, -17.29826467304811]}}, {"type": "Feature", "properties": {"norad_id": 35883, "name": "COSMOS 2251 DEB", "group": "cosmos-2251-debris", "lat": 73.56677902651985, "lon": 94.47654009125817, "alt_km": 659.8692225423938, "timestamp": "2026-01-23T21:29:55.111282+00:00", "meta": {"OBJECT_NAME": "COSMOS 2251 DEB", "OBJECT_ID": "1993-036ATW", "EPOCH": "2026-01-20T05:25:20.942112", "MEAN_MOTION": 14.50694878, "ECCENTRICITY": 0.00818897, "INCLINATION": 74.0242, "RA_OF_ASC_NODE": 357.6142, "ARG_OF_PERICENTER": 117.1283, "MEAN_ANOMALY": 258.9726, "EPHEMERIS_TYPE": 0, "CLASSIFICATION_TYPE": "U", "NORAD_CAT_ID": 35883, "ELEMENT_SET_NO": 999, "REV_AT_EPOCH": 62944, "BSTAR": 0.00031604403, "MEAN_MOTION_DOT": 1.268e-05, "MEAN_MOTION_DDOT": 0}, "tle": {"line1": "1 35883U 93036ATW 26020.22593683  .00001268  00000+0  31604-3 0  9999", "line2": "2 35883  74.0242 357.6142 0081889 117.1283 258.9726 14.50694878629449"}}, "geometry": {"type": "Point", "coordinates": [94.47654009125817, 73.56677902651985]}}, {"type": "Feature", "properties": {"norad_id": 35884, "name": "COSMOS 2251 DEB", "group": "cosmos-2251-debris", "lat": 9.755029104482551, "lon": -97.510470724098, "alt_km": 734.5139216254838, "timestamp": "2026-01-23T21:29:55.111292+00:00", "meta": {"OBJECT_NAME": "COSMOS 2251 DEB", "OBJECT_ID": "1993-036ATX", "EPOCH": "2026-01-19T09:41:43.448640", "MEAN_MOTION": 14.25973409, "ECCENTRICITY": 0.01107594, "INCLINATION": 73.9894, "RA_OF_ASC_NODE": 267.7944, "ARG_OF_PERICENTER": 45.1376, "MEAN_ANOMALY": 315.8701, "EPHEMERIS_TYPE": 0, "CLASSIFICATION_TYPE": "U", "NORAD_CAT_ID": 35884, "ELEMENT_SET_NO": 999, "REV_AT_EPOCH": 22894, "BSTAR": 0.0015026105, "MEAN_MOTION_DOT": 3.799e-05, "MEAN_MOTION_DDOT": 0}, "tle": {"line1": "1 35884U 93036ATX 26019.40397510  .00003799  00000+0  15026-2 0  9999", "line2": "2 35884  73.9894 267.7944 0110759  45.1376 315.8701 14.25973409228942"}}, "geometry": {"type": "Point", "coordinates": [-97.510470724098, 9.755029104482551]}}, {"type": "Feature", "properties": {"norad_id": 35885, "name": "COSMOS 2251 DEB", "group": "cosmos-2251-debris", "lat": 38.35888094451712, "lon": 24.069587346945568, "alt_km": 778.4508313229426, "timestamp": "2026-01-23T21:29:55.111303+00:00", "meta": {"OBJECT_NAME": "COSMOS 2251 DEB", "OBJECT_ID": "1993-036ATY", "EPOCH": "2026-01-22T06:26:11.488128", "MEAN_MOTION": 14.37602708, "ECCENTRICITY": 0.002457, "INCLINATION": 74.0258, "RA_OF_ASC_NODE": 220.1687, "ARG_OF_PERICENTER": 293.4675, "MEAN_ANOMALY": 66.3896, "EPHEMERIS_TYPE": 0, "CLASSIFICATION_TYPE": "U", "NORAD_CAT_ID": 35885, "ELEMENT_SET_NO": 999, "REV_AT_EPOCH": 65598, "BSTAR": 0.00044271, "MEAN_MOTION_DOT": 1.307e-05, "MEAN_MOTION_DDOT": 0}, "tle": {"line1": "1 35885U 93036ATY 26022.26818852  .00001307  00000+0  44271-3 0  9993", "line2": "2 35885  74.0258 220.1687 0024570 293.4675  66.3896 14.37602708655986"}}, "geometry": {"type": "Point", "coordinates": [24.069587346945568, 38.35888094451712]}}, {"type": "Feature", "properties": {"norad_id": 35888, "name": "COSMOS 2251 DEB", "group": "cosmos-2251-debris", "lat": 14.048605779399537, "lon": -79.47811331059192, "alt_km": 666.4648831669592, "timestamp": "2026-01-23T21:29:55.111313+00:00", "meta": {"OBJECT_NAME": "COSMOS 2251 DEB", "OBJECT_ID": "1993-036AUB", "EPOCH": "2026-01-22T09:12:59.702112", "MEAN_MOTION": 14.58516162, "ECCENTRICITY": 0.00486249, "INCLINATION": 74.033, "RA_OF_ASC_NODE": 279.2908, "ARG_OF_PERICENTER": 39.1806, "MEAN_ANOMALY": 321.2862, "EPHEMERIS_TYPE": 0, "CLASSIFICATION_TYPE": "U", "NORAD_CAT_ID": 35888, "ELEMENT_SET_NO": 999, "REV_AT_EPOCH": 86866, "BSTAR": 0.00084029761, "MEAN_MOTION_DOT": 3.94e-05, "MEAN_MOTION_DDOT": 0}, "tle": {"line1": "1 35888U 93036AUB 26022.38402433  .00003940  00000+0  84030-3 0  9995", "line2": "2 35888  74.0330 279.2908 0048624  39.1806 321.2862 14.58516162868666"}}, "geometry": {"type": "Point", "coordinates": [-79.47811331059192, 14.048605779399537]}}, {"type": "Feature", "properties": {"norad_id": 35890, "name": "COSMOS 2251 DEB", "group": "cosmos-2251-debris", "lat": -33.264592940103356, "lon": 151.1566913791386, "alt_km": 677.5167682777883, "timestamp": "2026-01-23T21:29:55.111323+00:00", "meta": {"OBJECT_NAME": "COSMOS 2251 DEB", "OBJECT_ID": "1993-036AUD", "EPOCH": "2026-01-18T16:30:36.689760", "MEAN_MOTION": 14.58039119, "ECCENTRICITY": 0.00557636, "INCLINATION": 73.9355, "RA_OF_ASC_NODE": 172.0168, "ARG_OF_PERICENTER": 290.4803, "MEAN_ANOMALY": 69.038, "EPHEMERIS_TYPE": 0, "CLASSIFICATION_TYPE": "U", "NORAD_CAT_ID": 35890, "ELEMENT_SET_NO": 999, "REV_AT_EPOCH": 65689, "BSTAR": 0.0016240646, "MEAN_MOTION_DOT": 7.607e-05, "MEAN_MOTION_DDOT": 0}, "tle": {"line1": "1 35890U 93036AUD 26018.68792465  .00007607  00000+0  16241-2 0  9995", "line2": "2 35890  73.9355 172.0168 0055763 290.4803  69.0380 14.58039119656897"}}, "geometry": {"type": "Point", "coordinates": [151.1566913791386, -33.264592940103356]}}, {"type": "Feature", "properties": {"norad_id": 35891, "name": "COSMOS 2251 DEB", "group": "cosmos-2251-debris", "lat": 72.89006829008929, "lon": 72.0534831722677, "alt_km": 425.69286406232004, "timestamp": "2026-01-23T21:29:55.111334+00:00", "meta": {"OBJECT_NAME": "COSMOS 2251 DEB", "OBJECT_ID": "1993-036AUE", "EPOCH": "2026-01-21T16:01:53.968800", "MEAN_MOTION": 15.3710522, "ECCENTRICITY": 0.00377809, "INCLINATION": 73.9876, "RA_OF_ASC_NODE": 7.9642, "ARG_OF_PERICENTER": 126.378, "MEAN_ANOMALY": 234.0922, "EPHEMERIS_TYPE": 0, "CLASSIFICATION_TYPE": "U", "NORAD_CAT_ID": 35891, "ELEMENT_SET_NO": 999, "REV_AT_EPOCH": 67833, "BSTAR": 0.0022019738, "MEAN_MOTION_DOT": 0.00082771, "MEAN_MOTION_DDOT": 0}, "tle": {"line1": "1 35891U 93036AUE 26021.66798575  .00082771  00000+0  22020-2 0  9993", "line2": "2 35891  73.9876   7.9642 0037780 126.3780 234.0922 15.37105220678333"}}, "geometry": {"type": "Point", "coordinates": [72.0534831722677, 72.89006829008929]}}, {"type": "Feature", "properties": {"norad_id": 35895, "name": "COSMOS 2251 DEB", "group": "cosmos-2251-debris", "lat": -54.45790450833588, "lon": -109.06756486126099, "alt_km": 820.126868734711, "timestamp": "2026-01-23T21:29:55.111344+00:00", "meta": {"OBJECT_NAME": "COSMOS 2251 DEB", "OBJECT_ID": "1993-036AUJ", "EPOCH": "2026-01-10T01:29:15.628416", "MEAN_MOTION": 14.01721058, "ECCENTRICITY": 0.02002042, "INCLINATION": 74.0491, "RA_OF_ASC_NODE": 298.5281, "ARG_OF_PERICENTER": 29.8347, "MEAN_ANOMALY": 331.4023, "EPHEMERIS_TYPE": 0, "CLASSIFICATION_TYPE": "U", "NORAD_CAT_ID": 35895, "ELEMENT_SET_NO": 999, "REV_AT_EPOCH": 59409, "BSTAR": 0.001771954, "MEAN_MOTION_DOT": 3.181e-05, "MEAN_MOTION_DDOT": 0}, "tle": {"line1": "1 35895U 93036AUJ 26010.06198644  .00003181  00000+0  17720-2 0  9999", "line2": "2 35895  74.0491 298.5281 0200204  29.8347 331.4023 14.01721058594095"}}, "geometry": {"type": "Point", "coordinates": [-109.06756486126099, -54.45790450833588]}}, {"type": "Feature", "properties": {"norad_id": 35898, "name": "COSMOS 2251 DEB", "group": "cosmos-2251-debris", "lat": -59.92636686976496, "lon": -177.54289904139787, "alt_km": 550.5579526773827, "timestamp": "2026-01-23T21:29:55.111354+00:00", "meta": {"OBJECT_NAME": "COSMOS 2251 DEB", "OBJECT_ID": "1993-036AUM", "EPOCH": "2026-01-21T06:04:29.054784", "MEAN_MOTION": 14.95433849, "ECCENTRICITY": 0.00800615, "INCLINATION": 73.9884, "RA_OF_ASC_NODE": 217.5333, "ARG_OF_PERICENTER": 350.577, "MEAN_ANOMALY": 124.629, "EPHEMERIS_TYPE": 0, "CLASSIFICATION_TYPE": "U", "NORAD_CAT_ID": 35898, "ELEMENT_SET_NO": 999, "REV_AT_EPOCH": 67400, "BSTAR": 0.0013882293, "MEAN_MOTION_DOT": 0.00016367, "MEAN_MOTION_DDOT": 0}, "tle": {"line1": "1 35898U 93036AUM 26021.25311406  .00016367  00000+0  13882-2 0  9993", "line2": "2 35898  73.9884 217.5333 0080061 350.5770 124.6290 14.95433849674001"}}, "geometry": {"type": "Point", "coordinates": [-177.54289904139787, -59.92636686976496]}}, {"type": "Feature", "properties": {"norad_id": 35901, "name": "COSMOS 2251 DEB", "group": "cosmos-2251-debris", "lat": 19.345540400032586, "lon": -58.492873649669626, "alt_km": 527.6490292046738, "timestamp": "2026-01-23T21:29:55.111365+00:00", "meta": {"OBJECT_NAME": "COSMOS 2251 DEB", "OBJECT_ID": "1993-036AUQ", "EPOCH": "2026-01-21T11:13:53.153184", "MEAN_MOTION": 15.12977048, "ECCENTRICITY": 0.00037519, "INCLINATION": 74.0088, "RA_OF_ASC_NODE": 300.7706, "ARG_OF_PERICENTER": 244.4663, "MEAN_ANOMALY": 235.9325, "EPHEMERIS_TYPE": 0, "CLASSIFICATION_TYPE": "U", "NORAD_CAT_ID": 35901, "ELEMENT_SET_NO": 999, "REV_AT_EPOCH": 86726, "BSTAR": 0.0052791817, "MEAN_MOTION_DOT": 0.0009438, "MEAN_MOTION_DDOT": 0}, "tle": {"line1": "1 35901U 93036AUQ 26021.46797631  .00094380  00000+0  52792-2 0  9993", "line2": "2 35901  74.0088 300.7706 0003751 244.4663 235.9325 15.12977048867267"}}, "geometry": {"type": "Point", "coordinates": [-58.492873649669626, 19.345540400032586]}}, {"type": "Feature", "properties": {"norad_id": 35902, "name": "COSMOS 2251 DEB", "group": "cosmos-2251-debris", "lat": -13.698587778549772, "lon": 154.04117738441155, "alt_km": 793.4456174361485, "timestamp": "2026-01-23T21:29:55.111375+00:00", "meta": {"OBJECT_NAME": "COSMOS 2251 DEB", "OBJECT_ID": "1993-036AUR", "EPOCH": "2026-01-22T15:17:00.231072", "MEAN_MOTION": 14.27158, "ECCENTRICITY": 0.01030935, "INCLINATION": 73.9843, "RA_OF_ASC_NODE": 160.3407, "ARG_OF_PERICENTER": 267.1291, "MEAN_ANOMALY": 91.8054, "EPHEMERIS_TYPE": 0, "CLASSIFICATION_TYPE": "U", "NORAD_CAT_ID": 35902, "ELEMENT_SET_NO": 999, "REV_AT_EPOCH": 61713, "BSTAR": 0.0020885171, "MEAN_MOTION_DOT": 5.37e-05, "MEAN_MOTION_DDOT": 0}, "tle": {"line1": "1 35902U 93036AUR 26022.63680823  .00005370  00000+0  20885-2 0  9997", "line2": "2 35902  73.9843 160.3407 0103093 267.1291  91.8054 14.27158000617133"}}, "geometry": {"type": "Point", "coordinates": [154.04117738441155, -13.698587778549772]}}, {"type": "Feature", "properties": {"norad_id": 35905, "name": "COSMOS 2251 DEB", "group": "cosmos-2251-debris", "lat": 65.3413600979206, "lon": -93.40136841636635, "alt_km": 556.5058680504526, "timestamp": "2026-01-23T21:29:55.111385+00:00", "meta": {"OBJECT_NAME": "COSMOS 2251 DEB", "OBJECT_ID": "1993-036AUU", "EPOCH": "2026-01-22T14:35:32.839872", "MEAN_MOTION": 14.9982802, "ECCENTRICITY": 0.00879753, "INCLINATION": 74.0328, "RA_OF_ASC_NODE": 127.8013, "ARG_OF_PERICENTER": 198.6171, "MEAN_ANOMALY": 161.1793, "EPHEMERIS_TYPE": 0, "CLASSIFICATION_TYPE": "U", "NORAD_CAT_ID": 35905, "ELEMENT_SET_NO": 999, "REV_AT_EPOCH": 89195, "BSTAR": 0.00094922222, "MEAN_MOTION_DOT": 0.00012734, "MEAN_MOTION_DDOT": 0}, "tle": {"line1": "1 35905U 93036AUU 26022.60801898  .00012734  00000+0  94922-3 0  9990", "line2": "2 35905  74.0328 127.8013 0087975 198.6171 161.1793 14.99828020891952"}}, "geometry": {"type": "Point", "coordinates": [-93.40136841636635, 65.3413600979206]}}, {"type": "Feature", "properties": {"norad_id": 35959, "name": "COSMOS 2251 DEB", "group": "cosmos-2251-debris", "lat": 64.9851292151096, "lon": -87.25290666514267, "alt_km": 780.3903654490323, "timestamp": "2026-01-23T21:29:55.111396+00:00", "meta": {"OBJECT_NAME": "COSMOS 2251 DEB", "OBJECT_ID": "1993-036AUZ", "EPOCH": "2026-01-21T23:58:12.731808", "MEAN_MOTION": 14.34169136, "ECCENTRICITY": 0.00230791, "INCLINATION": 74.0303, "RA_OF_ASC_NODE": 238.363, "ARG_OF_PERICENTER": 310.2428, "MEAN_ANOMALY": 49.6704, "EPHEMERIS_TYPE": 0, "CLASSIFICATION_TYPE": "U", "NORAD_CAT_ID": 35959, "ELEMENT_SET_NO": 999, "REV_AT_EPOCH": 85505, "BSTAR": 0.00020234502, "MEAN_MOTION_DOT": 5.42e-06, "MEAN_MOTION_DDOT": 0}, "tle": {"line1": "1 35959U 93036AUZ 26021.99875847  .00000542  00000+0  20235-3 0  9995", "line2": "2 35959  74.0303 238.3630 0023079 310.2428  49.6704 14.34169136855057"}}, "geometry": {"type": "Point", "coordinates": [-87.25290666514267, 64.9851292151096]}}, {"type": "Feature", "properties": {"norad_id": 35961, "name": "COSMOS 2251 DEB", "group": "cosmos-2251-debris", "lat": -17.63601389708528, "lon": 124.76173945742318, "alt_km": 834.2630131257192, "timestamp": "2026-01-23T21:29:55.111406+00:00", "meta": {"OBJECT_NAME": "COSMOS 2251 DEB", "OBJECT_ID": "1993-036AVB", "EPOCH": "2026-01-22T23:22:50.133504", "MEAN_MOTION": 14.05697075, "ECCENTRICITY": 0.01886776, "INCLINATION": 73.9249, "RA_OF_ASC_NODE": 131.6425, "ARG_OF_PERICENTER": 55.635, "MEAN_ANOMALY": 306.2471, "EPHEMERIS_TYPE": 0, "CLASSIFICATION_TYPE": "U", "NORAD_CAT_ID": 35961, "ELEMENT_SET_NO": 999, "REV_AT_EPOCH": 63261, "BSTAR": 0.0026182873, "MEAN_MOTION_DOT": 4.99e-05, "MEAN_MOTION_DDOT": 0}, "tle": {"line1": "1 35961U 93036AVB 26022.97419136  .00004990  00000+0  26183-2 0  9990", "line2": "2 35961  73.9249 131.6425 0188677  55.6350 306.2471 14.05697075632618"}}, "geometry": {"type": "Point", "coordinates": [124.76173945742318, -17.63601389708528]}}, {"type": "Feature", "properties": {"norad_id": 35979, "name": "COSMOS 2251 DEB", "group": "cosmos-2251-debris", "lat": -48.95035249555856, "lon": 136.655210204953, "alt_km": 614.0009494412761, "timestamp": "2026-01-23T21:29:55.111416+00:00", "meta": {"OBJECT_NAME": "COSMOS 2251 DEB", "OBJECT_ID": "1993-036AVV", "EPOCH": "2026-01-20T15:40:04.913760", "MEAN_MOTION": 14.75127541, "ECCENTRICITY": 0.00603567, "INCLINATION": 74.0098, "RA_OF_ASC_NODE": 162.2281, "ARG_OF_PERICENTER": 286.1664, "MEAN_ANOMALY": 86.9902, "EPHEMERIS_TYPE": 0, "CLASSIFICATION_TYPE": "U", "NORAD_CAT_ID": 35979, "ELEMENT_SET_NO": 999, "REV_AT_EPOCH": 89207, "BSTAR": 0.0021261396, "MEAN_MOTION_DOT": 0.00014774, "MEAN_MOTION_DDOT": 0}, "tle": {"line1": "1 35979U 93036AVV 26020.65283465  .00014774  00000+0  21261-2 0  9999", "line2": "2 35979  74.0098 162.2281 0060356 286.1664  86.9902 14.75127541892075"}}, "geometry": {"type": "Point", "coordinates": [136.655210204953, -48.95035249555856]}}, {"type": "Feature", "properties": {"norad_id": 35980, "name": "COSMOS 2251 DEB", "group": "cosmos-2251-debris", "lat": 31.98928133016483, "lon": 52.05895338435996, "alt_km": 717.1328775466836, "timestamp": "2026-01-23T21:29:55.111426+00:00", "meta": {"OBJECT_NAME": "COSMOS 2251 DEB", "OBJECT_ID": "1993-036AVW", "EPOCH": "2026-01-20T19:20:24.928512", "MEAN_MOTION": 14.59924694, "ECCENTRICITY": 0.00516277, "INCLINATION": 73.9113, "RA_OF_ASC_NODE": 47.612, "ARG_OF_PERICENTER": 176.3812, "MEAN_ANOMALY": 183.7737, "EPHEMERIS_TYPE": 0, "CLASSIFICATION_TYPE": "U", "NORAD_CAT_ID": 35980, "ELEMENT_SET_NO": 999, "REV_AT_EPOCH": 62056, "BSTAR": 0.0034237188, "MEAN_MOTION_DOT": 0.00016723, "MEAN_MOTION_DDOT": 0}, "tle": {"line1": "1 35980U 93036AVW 26020.80584408  .00016723  00000+0  34237-2 0  9992", "line2": "2 35980  73.9113  47.6120 0051627 176.3812 183.7737 14.59924694620568"}}, "geometry": {"type": "Point", "coordinates": [52.05895338435996, 31.98928133016483]}}, {"type": "Feature", "properties": {"norad_id": 35982, "name": "COSMOS 2251 DEB", "group": "cosmos-2251-debris", "lat": 73.67463416662167, "lon": 8.80305882368346, "alt_km": 706.2743355493603, "timestamp": "2026-01-23T21:29:55.111437+00:00", "meta": {"OBJECT_NAME": "COSMOS 2251 DEB", "OBJECT_ID": "1993-036AVY", "EPOCH": "2026-01-22T02:24:22.868352", "MEAN_MOTION": 14.63074005, "ECCENTRICITY": 0.00655478, "INCLINATION": 74.0569, "RA_OF_ASC_NODE": 269.6524, "ARG_OF_PERICENTER": 325.9415, "MEAN_ANOMALY": 33.7553, "EPHEMERIS_TYPE": 0, "CLASSIFICATION_TYPE": "U", "NORAD_CAT_ID": 35982, "ELEMENT_SET_NO": 999, "REV_AT_EPOCH": 86756, "BSTAR": 0.0011150977, "MEAN_MOTION_DOT": 5.879e-05, "MEAN_MOTION_DDOT": 0}, "tle": {"line1": "1 35982U 93036AVY 26022.10026468  .00005879  00000+0  11151-2 0  9996", "line2": "2 35982  74.0569 269.6524 0065547 325.9415  33.7553 14.63074005867568"}}, "geometry": {"type": "Point", "coordinates": [8.80305882368346, 73.67463416662167]}}, {"type": "Feature", "properties": {"norad_id": 35987, "name": "COSMOS 2251 DEB", "group": "cosmos-2251-debris", "lat": -10.258081056748875, "lon": -114.81992965845554, "alt_km": 717.8743803478364, "timestamp": "2026-01-23T21:29:55.111447+00:00", "meta": {"OBJECT_NAME": "COSMOS 2251 DEB", "OBJECT_ID": "1993-036AWD", "EPOCH": "2026-01-19T09:25:35.051520", "MEAN_MOTION": 14.4339178, "ECCENTRICITY": 0.00479506, "INCLINATION": 73.998, "RA_OF_ASC_NODE": 256.5397, "ARG_OF_PERICENTER": 12.5105, "MEAN_ANOMALY": 347.7229, "EPHEMERIS_TYPE": 0, "CLASSIFICATION_TYPE": "U", "NORAD_CAT_ID": 35987, "ELEMENT_SET_NO": 999, "REV_AT_EPOCH": 61608, "BSTAR": 0.00078278584, "MEAN_MOTION_DOT": 2.653e-05, "MEAN_MOTION_DDOT": 0}, "tle": {"line1": "1 35987U 93036AWD 26019.39276680  .00002653  00000+0  78279-3 0  9993", "line2": "2 35987  73.9980 256.5397 0047950  12.5105 347.7229 14.43391780616081"}}, "geometry": {"type": "Point", "coordinates": [-114.81992965845554, -10.258081056748875]}}, {"type": "Feature", "properties": {"norad_id": 35989, "name": "COSMOS 2251 DEB", "group": "cosmos-2251-debris", "lat": -1.9869438814119034, "lon": 26.876232125110327, "alt_km": 773.2104567010192, "timestamp": "2026-01-23T21:29:55.111457+00:00", "meta": {"OBJECT_NAME": "COSMOS 2251 DEB", "OBJECT_ID": "1993-036AWF", "EPOCH": "2026-01-22T06:13:40.175328", "MEAN_MOTION": 14.37158563, "ECCENTRICITY": 0.0023297, "INCLINATION": 74.0351, "RA_OF_ASC_NODE": 209.3157, "ARG_OF_PERICENTER": 283.9504, "MEAN_ANOMALY": 75.9059, "EPHEMERIS_TYPE": 0, "CLASSIFICATION_TYPE": "U", "NORAD_CAT_ID": 35989, "ELEMENT_SET_NO": 999, "REV_AT_EPOCH": 87761, "BSTAR": 0.00029668, "MEAN_MOTION_DOT": 8.59e-06, "MEAN_MOTION_DDOT": 0}, "tle": {"line1": "1 35989U 93036AWF 26022.25949277  .00000859  00000+0  29668-3 0  9997", "line2": "2 35989  74.0351 209.3157 0023297 283.9504  75.9059 14.37158563877614"}}, "geometry": {"type": "Point", "coordinates": [26.876232125110327, -1.9869438814119034]}}, {"type": "Feature", "properties": {"norad_id": 35993, "name": "COSMOS 2251 DEB", "group": "cosmos-2251-debris", "lat": 38.5541084101824, "lon": -95.23916685917456, "alt_km": 653.9763275537516, "timestamp": "2026-01-23T21:29:55.111468+00:00", "meta": {"OBJECT_NAME": "COSMOS 2251 DEB", "OBJECT_ID": "1993-036AWK", "EPOCH": "2026-01-08T11:04:52.328928", "MEAN_MOTION": 14.65559332, "ECCENTRICITY": 0.00283429, "INCLINATION": 74.0149, "RA_OF_ASC_NODE": 281.2964, "ARG_OF_PERICENTER": 101.9323, "MEAN_ANOMALY": 258.5026, "EPHEMERIS_TYPE": 0, "CLASSIFICATION_TYPE": "U", "NORAD_CAT_ID": 35993, "ELEMENT_SET_NO": 999, "REV_AT_EPOCH": 60834, "BSTAR": 0.00074744529, "MEAN_MOTION_DOT": 4.051e-05, "MEAN_MOTION_DDOT": 0}, "tle": {"line1": "1 35993U 93036AWK 26008.46171677  .00004051  00000+0  74745-3 0  9994", "line2": "2 35993  74.0149 281.2964 0028342 101.9323 258.5026 14.65559332608348"}}, "geometry": {"type": "Point", "coordinates": [-95.23916685917456, 38.5541084101824]}}, {"type": "Feature", "properties": {"norad_id": 35996, "name": "COSMOS 2251 DEB", "group": "cosmos-2251-debris", "lat": -19.8425665409175, "lon": 10.390739807837253, "alt_km": 565.3387408155504, "timestamp": "2026-01-23T21:29:55.111478+00:00", "meta": {"OBJECT_NAME": "COSMOS 2251 DEB", "OBJECT_ID": "1993-036AWN", "EPOCH": "2026-01-20T17:16:16.636800", "MEAN_MOTION": 15.1002281, "ECCENTRICITY": 0.00849853, "INCLINATION": 74.0137, "RA_OF_ASC_NODE": 22.8925, "ARG_OF_PERICENTER": 102.3149, "MEAN_ANOMALY": 258.7574, "EPHEMERIS_TYPE": 0, "CLASSIFICATION_TYPE": "U", "NORAD_CAT_ID": 35996, "ELEMENT_SET_NO": 999, "REV_AT_EPOCH": 72914, "BSTAR": 0.001398871, "MEAN_MOTION_DOT": 0.00024827, "MEAN_MOTION_DDOT": 0}, "tle": {"line1": "1 35996U 93036AWN 26020.71963700  .00024827  00000+0  13989-2 0  9990", "line2": "2 35996  74.0137  22.8925 0084985 102.3149 258.7574 15.10022810729149"}}, "geometry": {"type": "Point", "coordinates": [10.390739807837253, -19.8425665409175]}}, {"type": "Feature", "properties": {"norad_id": 35997, "name": "COSMOS 2251 DEB", "group": "cosmos-2251-debris", "lat": -63.850467035018184, "lon": -36.36855157241882, "alt_km": 723.3570542344742, "timestamp": "2026-01-23T21:29:55.111488+00:00", "meta": {"OBJECT_NAME": "COSMOS 2251 DEB", "OBJECT_ID": "1993-036AWP", "EPOCH": "2026-01-22T22:51:14.143392", "MEAN_MOTION": 14.51615326, "ECCENTRICITY": 0.00140798, "INCLINATION": 74.0444, "RA_OF_ASC_NODE": 109.7644, "ARG_OF_PERICENTER": 183.5448, "MEAN_ANOMALY": 176.5616, "EPHEMERIS_TYPE": 0, "CLASSIFICATION_TYPE": "U", "NORAD_CAT_ID": 35997, "ELEMENT_SET_NO": 999, "REV_AT_EPOCH": 71482, "BSTAR": 0.0010164829, "MEAN_MOTION_DOT": 4.053e-05, "MEAN_MOTION_DDOT": 0}, "tle": {"line1": "1 35997U 93036AWP 26022.95224703  .00004053  00000+0  10165-2 0  9994", "line2": "2 35997  74.0444 109.7644 0014079 183.5448 176.5616 14.51615326714821"}}, "geometry": {"type": "Point", "coordinates": [-36.36855157241882, -63.850467035018184]}}, {"type": "Feature", "properties": {"norad_id": 36000, "name": "COSMOS 2251 DEB", "group": "cosmos-2251-debris", "lat": 67.52644953003359, "lon": 46.042166617642586, "alt_km": 567.5946141479444, "timestamp": "2026-01-23T21:29:55.111499+00:00", "meta": {"OBJECT_NAME": "COSMOS 2251 DEB", "OBJECT_ID": "1993-036AWS", "EPOCH": "2026-01-22T04:56:33.036288", "MEAN_MOTION": 14.92137233, "ECCENTRICITY": 0.00266058, "INCLINATION": 73.9931, "RA_OF_ASC_NODE": 5.4982, "ARG_OF_PERICENTER": 105.5035, "MEAN_ANOMALY": 254.9088, "EPHEMERIS_TYPE": 0, "CLASSIFICATION_TYPE": "U", "NORAD_CAT_ID": 36000, "ELEMENT_SET_NO": 999, "REV_AT_EPOCH": 60773, "BSTAR": 0.0029871413, "MEAN_MOTION_DOT": 0.00030696, "MEAN_MOTION_DDOT": 0}, "tle": {"line1": "1 36000U 93036AWS 26022.20593792  .00030696  00000+0  29871-2 0  9991", "line2": "2 36000  73.9931   5.4982 0026605 105.5035 254.9088 14.92137233607733"}}, "geometry": {"type": "Point", "coordinates": [46.042166617642586, 67.52644953003359]}}, {"type": "Feature", "properties": {"norad_id": 36005, "name": "COSMOS 2251 DEB", "group": "cosmos-2251-debris", "lat": 22.568957896289596, "lon": 21.96365741973831, "alt_km": 753.8777874039415, "timestamp": "2026-01-23T21:29:55.111509+00:00", "meta": {"OBJECT_NAME": "COSMOS 2251 DEB", "OBJECT_ID": "1993-036AWX", "EPOCH": "2026-01-20T23:43:11.381088", "MEAN_MOTION": 14.47419578, "ECCENTRICITY": 0.00601662, "INCLINATION": 74.0265, "RA_OF_ASC_NODE": 20.5648, "ARG_OF_PERICENTER": 148.719, "MEAN_ANOMALY": 211.7572, "EPHEMERIS_TYPE": 0, "CLASSIFICATION_TYPE": "U", "NORAD_CAT_ID": 36005, "ELEMENT_SET_NO": 999, "REV_AT_EPOCH": 88152, "BSTAR": 0.00026727516, "MEAN_MOTION_DOT": 9.75e-06, "MEAN_MOTION_DDOT": 0}, "tle": {"line1": "1 36005U 93036AWX 26020.98832617  .00000975  00000+0  26728-3 0  9997", "line2": "2 36005  74.0265  20.5648 0060166 148.7190 211.7572 14.47419578881523"}}, "geometry": {"type": "Point", "coordinates": [21.96365741973831, 22.568957896289596]}}, {"type": "Feature", "properties": {"norad_id": 36045, "name": "COSMOS 2251 DEB", "group": "cosmos-2251-debris", "lat": -31.723576251189407, "lon": -34.433915875311264, "alt_km": 629.3884039236873, "timestamp": "2026-01-23T21:29:55.111520+00:00", "meta": {"OBJECT_NAME": "COSMOS 2251 DEB", "OBJECT_ID": "1993-036AXG", "EPOCH": "2026-01-21T14:09:17.479296", "MEAN_MOTION": 14.70972496, "ECCENTRICITY": 0.00494999, "INCLINATION": 73.7656, "RA_OF_ASC_NODE": 340.4933, "ARG_OF_PERICENTER": 345.6673, "MEAN_ANOMALY": 14.3089, "EPHEMERIS_TYPE": 0, "CLASSIFICATION_TYPE": "U", "NORAD_CAT_ID": 36045, "ELEMENT_SET_NO": 999, "REV_AT_EPOCH": 8974, "BSTAR": 0.0053725894, "MEAN_MOTION_DOT": 0.0003371, "MEAN_MOTION_DDOT": 0}, "tle": {"line1": "1 36045U 93036AXG 26021.58978564  .00033710  00000+0  53726-2 0  9990", "line2": "2 36045  73.7656 340.4933 0049499 345.6673  14.3089 14.70972496 89741"}}, "geometry": {"type": "Point", "coordinates": [-34.433915875311264, -31.723576251189407]}}, {"type": "Feature", "properties": {"norad_id": 36046, "name": "COSMOS 2251 DEB", "group": "cosmos-2251-debris", "lat": -7.492139905242504, "lon": -166.9006770296218, "alt_km": 641.4371204870376, "timestamp": "2026-01-23T21:29:55.111530+00:00", "meta": {"OBJECT_NAME": "COSMOS 2251 DEB", "OBJECT_ID": "1993-036AXH", "EPOCH": "2026-01-19T05:01:42.070944", "MEAN_MOTION": 14.65498478, "ECCENTRICITY": 0.0057266, "INCLINATION": 74.014, "RA_OF_ASC_NODE": 204.2898, "ARG_OF_PERICENTER": 340.7383, "MEAN_ANOMALY": 137.6122, "EPHEMERIS_TYPE": 0, "CLASSIFICATION_TYPE": "U", "NORAD_CAT_ID": 36046, "ELEMENT_SET_NO": 999, "REV_AT_EPOCH": 64552, "BSTAR": 0.00039501847, "MEAN_MOTION_DOT": 2.16e-05, "MEAN_MOTION_DDOT": 0}, "tle": {"line1": "1 36046U 93036AXH 26019.20951471  .00002160  00000+0  39502-3 0  9997", "line2": "2 36046  74.0140 204.2898 0057266 340.7383 137.6122 14.65498478645524"}}, "geometry": {"type": "Point", "coordinates": [-166.9006770296218, -7.492139905242504]}}, {"type": "Feature", "properties": {"norad_id": 36047, "name": "COSMOS 2251 DEB", "group": "cosmos-2251-debris", "lat": 71.53884948287522, "lon": 9.75385610766903, "alt_km": 567.0470788175762, "timestamp": "2026-01-23T21:29:55.111541+00:00", "meta": {"OBJECT_NAME": "COSMOS 2251 DEB", "OBJECT_ID": "1993-036AXJ", "EPOCH": "2026-01-22T08:12:58.131072", "MEAN_MOTION": 14.98929733, "ECCENTRICITY": 0.00063763, "INCLINATION": 74.0318, "RA_OF_ASC_NODE": 251.9663, "ARG_OF_PERICENTER": 280.8475, "MEAN_ANOMALY": 79.1993, "EPHEMERIS_TYPE": 0, "CLASSIFICATION_TYPE": "U", "NORAD_CAT_ID": 36047, "ELEMENT_SET_NO": 999, "REV_AT_EPOCH": 66547, "BSTAR": 0.0028559934, "MEAN_MOTION_DOT": 0.00034701, "MEAN_MOTION_DDOT": 0}, "tle": {"line1": "1 36047U 93036AXJ 26022.34233948  .00034701  00000+0  28560-2 0  9996", "line2": "2 36047  74.0318 251.9663 0006376 280.8475  79.1993 14.98929733665474"}}, "geometry": {"type": "Point", "coordinates": [9.75385610766903, 71.53884948287522]}}, {"type": "Feature", "properties": {"norad_id": 36048, "name": "COSMOS 2251 DEB", "group": "cosmos-2251-debris", "lat": 1.3370801742583323, "lon": -137.86244328978205, "alt_km": 770.0780020700977, "timestamp": "2026-01-23T21:29:55.111551+00:00", "meta": {"OBJECT_NAME": "COSMOS 2251 DEB", "OBJECT_ID": "1993-036AXK", "EPOCH": "2026-01-22T07:55:03.128448", "MEAN_MOTION": 14.37926487, "ECCENTRICITY": 0.0027307, "INCLINATION": 74.0542, "RA_OF_ASC_NODE": 224.6345, "ARG_OF_PERICENTER": 267.8645, "MEAN_ANOMALY": 270.7599, "EPHEMERIS_TYPE": 0, "CLASSIFICATION_TYPE": "U", "NORAD_CAT_ID": 36048, "ELEMENT_SET_NO": 999, "REV_AT_EPOCH": 86085, "BSTAR": 0.00038961, "MEAN_MOTION_DOT": 1.155e-05, "MEAN_MOTION_DDOT": 0}, "tle": {"line1": "1 36048U 93036AXK 26022.32989732  .00001155  00000+0  38961-3 0  9998", "line2": "2 36048  74.0542 224.6345 0027307 267.8645 270.7599 14.37926487860855"}}, "geometry": {"type": "Point", "coordinates": [-137.86244328978205, 1.3370801742583323]}}, {"type": "Feature", "properties": {"norad_id": 36049, "name": "COSMOS 2251 DEB", "group": "cosmos-2251-debris", "lat": -47.94625993201977, "lon": -123.09240423040345, "alt_km": 692.5934538570937, "timestamp": "2026-01-23T21:29:55.111561+00:00", "meta": {"OBJECT_NAME": "COSMOS 2251 DEB", "OBJECT_ID": "1993-036AXL", "EPOCH": "2026-01-20T18:35:03.574752", "MEAN_MOTION": 14.62693683, "ECCENTRICITY": 0.0007508, "INCLINATION": 74.0301, "RA_OF_ASC_NODE": 44.3811, "ARG_OF_PERICENTER": 126.19, "MEAN_ANOMALY": 233.9962, "EPHEMERIS_TYPE": 0, "CLASSIFICATION_TYPE": "U", "NORAD_CAT_ID": 36049, "ELEMENT_SET_NO": 999, "REV_AT_EPOCH": 85935, "BSTAR": 0.0027226255, "MEAN_MOTION_DOT": 0.00013867, "MEAN_MOTION_DDOT": 0}, "tle": {"line1": "1 36049U 93036AXL 26020.77434693  .00013867  00000+0  27226-2 0  9991", "line2": "2 36049  74.0301  44.3811 0007508 126.1900 233.9962 14.62693683859351"}}, "geometry": {"type": "Point", "coordinates": [-123.09240423040345, -47.94625993201977]}}, {"type": "Feature", "properties": {"norad_id": 36050, "name": "COSMOS 2251 DEB", "group": "cosmos-2251-debris", "lat": 73.05421677991473, "lon": -141.879539613792, "alt_km": 545.0980149003926, "timestamp": "2026-01-23T21:29:55.111572+00:00", "meta": {"OBJECT_NAME": "COSMOS 2251 DEB", "OBJECT_ID": "1993-036AXM", "EPOCH": "2026-01-18T13:10:20.576064", "MEAN_MOTION": 15.01801473, "ECCENTRICITY": 0.00858036, "INCLINATION": 74.0325, "RA_OF_ASC_NODE": 119.0215, "ARG_OF_PERICENTER": 190.246, "MEAN_ANOMALY": 169.6984, "EPHEMERIS_TYPE": 0, "CLASSIFICATION_TYPE": "U", "NORAD_CAT_ID": 36050, "ELEMENT_SET_NO": 999, "REV_AT_EPOCH": 67587, "BSTAR": 0.0006817058, "MEAN_MOTION_DOT": 9.592e-05, "MEAN_MOTION_DDOT": 0}, "tle": {"line1": "1 36050U 93036AXM 26018.54884926  .00009592  00000+0  68171-3 0  9998", "line2": "2 36050  74.0325 119.0215 0085803 190.2460 169.6984 15.01801473675878"}}, "geometry": {"type": "Point", "coordinates": [-141.879539613792, 73.05421677991473]}}, {"type": "Feature", "properties": {"norad_id": 36053, "name": "COSMOS 2251 DEB", "group": "cosmos-2251-debris", "lat": 0.6329333911997534, "lon": -108.42355694148607, "alt_km": 726.202005504575, "timestamp": "2026-01-23T21:29:55.111582+00:00", "meta": {"OBJECT_NAME": "COSMOS 2251 DEB", "OBJECT_ID": "1993-036AXQ", "EPOCH": "2026-01-22T13:23:17.471904", "MEAN_MOTION": 14.57839531, "ECCENTRICITY": 0.00335969, "INCLINATION": 73.8706, "RA_OF_ASC_NODE": 74.3285, "ARG_OF_PERICENTER": 9.5572, "MEAN_ANOMALY": 350.6223, "EPHEMERIS_TYPE": 0, "CLASSIFICATION_TYPE": "U", "NORAD_CAT_ID": 36053, "ELEMENT_SET_NO": 999, "REV_AT_EPOCH": 88039, "BSTAR": 0.0019337191, "MEAN_MOTION_DOT": 8.903e-05, "MEAN_MOTION_DDOT": 0}, "tle": {"line1": "1 36053U 93036AXQ 26022.55784111  .00008903  00000+0  19337-2 0  9996", "line2": "2 36053  73.8706  74.3285 0033596   9.5572 350.6223 14.57839531880398"}}, "geometry": {"type": "Point", "coordinates": [-108.42355694148607, 0.6329333911997534]}}, {"type": "Feature", "properties": {"norad_id": 36058, "name": "COSMOS 2251 DEB", "group": "cosmos-2251-debris", "lat": 33.519804258819626, "lon": 122.18025471066169, "alt_km": 683.3122397914876, "timestamp": "2026-01-23T21:29:55.111592+00:00", "meta": {"OBJECT_NAME": "COSMOS 2251 DEB", "OBJECT_ID": "1993-036AXV", "EPOCH": "2026-01-21T12:53:17.492928", "MEAN_MOTION": 14.58945591, "ECCENTRICITY": 0.0042713, "INCLINATION": 74.0325, "RA_OF_ASC_NODE": 317.6055, "ARG_OF_PERICENTER": 80.4823, "MEAN_ANOMALY": 280.1166, "EPHEMERIS_TYPE": 0, "CLASSIFICATION_TYPE": "U", "NORAD_CAT_ID": 36058, "ELEMENT_SET_NO": 999, "REV_AT_EPOCH": 66691, "BSTAR": 0.0015490261, "MEAN_MOTION_DOT": 7.335e-05, "MEAN_MOTION_DDOT": 0}, "tle": {"line1": "1 36058U 93036AXV 26021.53700802  .00007335  00000+0  15490-2 0  9997", "line2": "2 36058  74.0325 317.6055 0042713  80.4823 280.1166 14.58945591666917"}}, "geometry": {"type": "Point", "coordinates": [122.18025471066169, 33.519804258819626]}}, {"type": "Feature", "properties": {"norad_id": 36060, "name": "COSMOS 2251 DEB", "group": "cosmos-2251-debris", "lat": 24.44906052111183, "lon": 163.8662585118247, "alt_km": 758.6506790994981, "timestamp": "2026-01-23T21:29:55.111603+00:00", "meta": {"OBJECT_NAME": "COSMOS 2251 DEB", "OBJECT_ID": "1993-036AXX", "EPOCH": "2026-01-22T15:24:44.587872", "MEAN_MOTION": 14.4210902, "ECCENTRICITY": 0.00159702, "INCLINATION": 74.029, "RA_OF_ASC_NODE": 158.7091, "ARG_OF_PERICENTER": 252.5607, "MEAN_ANOMALY": 107.3804, "EPHEMERIS_TYPE": 0, "CLASSIFICATION_TYPE": "U", "NORAD_CAT_ID": 36060, "ELEMENT_SET_NO": 999, "REV_AT_EPOCH": 85599, "BSTAR": 0.0006919958, "MEAN_MOTION_DOT": 2.253e-05, "MEAN_MOTION_DDOT": 0}, "tle": {"line1": "1 36060U 93036AXX 26022.64218273  .00002253  00000+0  69200-3 0  9992", "line2": "2 36060  74.0290 158.7091 0015970 252.5607 107.3804 14.42109020855991"}}, "geometry": {"type": "Point", "coordinates": [163.8662585118247, 24.44906052111183]}}, {"type": "Feature", "properties": {"norad_id": 36061, "name": "COSMOS 2251 DEB", "group": "cosmos-2251-debris", "lat": 27.504962244444428, "lon": -68.8263699615045, "alt_km": 753.791217806016, "timestamp": "2026-01-23T21:29:55.111613+00:00", "meta": {"OBJECT_NAME": "COSMOS 2251 DEB", "OBJECT_ID": "1993-036AXY", "EPOCH": "2026-01-22T23:35:49.672320", "MEAN_MOTION": 14.33798759, "ECCENTRICITY": 0.00382103, "INCLINATION": 74.0241, "RA_OF_ASC_NODE": 284.2652, "ARG_OF_PERICENTER": 0.8892, "MEAN_ANOMALY": 359.2321, "EPHEMERIS_TYPE": 0, "CLASSIFICATION_TYPE": "U", "NORAD_CAT_ID": 36061, "ELEMENT_SET_NO": 999, "REV_AT_EPOCH": 65695, "BSTAR": 0.00053375649, "MEAN_MOTION_DOT": 1.47e-05, "MEAN_MOTION_DDOT": 0}, "tle": {"line1": "1 36061U 93036AXY 26022.98321380  .00001470  00000+0  53376-3 0  9991", "line2": "2 36061  74.0241 284.2652 0038210   0.8892 359.2321 14.33798759656958"}}, "geometry": {"type": "Point", "coordinates": [-68.8263699615045, 27.504962244444428]}}, {"type": "Feature", "properties": {"norad_id": 36073, "name": "COSMOS 2251 DEB", "group": "cosmos-2251-debris", "lat": -45.699558028740036, "lon": -131.7847012687844, "alt_km": 763.3858596493701, "timestamp": "2026-01-23T21:29:55.111623+00:00", "meta": {"OBJECT_NAME": "COSMOS 2251 DEB", "OBJECT_ID": "1993-036AYL", "EPOCH": "2026-01-22T07:14:22.591968", "MEAN_MOTION": 14.35015589, "ECCENTRICITY": 0.0025378, "INCLINATION": 74.0304, "RA_OF_ASC_NODE": 248.2007, "ARG_OF_PERICENTER": 307.9753, "MEAN_ANOMALY": 51.9106, "EPHEMERIS_TYPE": 0, "CLASSIFICATION_TYPE": "U", "NORAD_CAT_ID": 36073, "ELEMENT_SET_NO": 999, "REV_AT_EPOCH": 70789, "BSTAR": 0.00034406, "MEAN_MOTION_DOT": 9.57e-06, "MEAN_MOTION_DDOT": 0}, "tle": {"line1": "1 36073U 93036AYL 26022.30165037  .00000957  00000+0  34406-3 0  9997", "line2": "2 36073  74.0304 248.2007 0025378 307.9753  51.9106 14.35015589707895"}}, "geometry": {"type": "Point", "coordinates": [-131.7847012687844, -45.699558028740036]}}, {"type": "Feature", "properties": {"norad_id": 36074, "name": "COSMOS 2251 DEB", "group": "cosmos-2251-debris", "lat": 4.386020826765655, "lon": -96.85494225732481, "alt_km": 717.8057045506412, "timestamp": "2026-01-23T21:29:55.111634+00:00", "meta": {"OBJECT_NAME": "COSMOS 2251 DEB", "OBJECT_ID": "1993-036AYM", "EPOCH": "2026-01-21T09:37:31.915776", "MEAN_MOTION": 14.44111727, "ECCENTRICITY": 0.00435157, "INCLINATION": 73.9908, "RA_OF_ASC_NODE": 266.5348, "ARG_OF_PERICENTER": 349.3059, "MEAN_ANOMALY": 10.7168, "EPHEMERIS_TYPE": 0, "CLASSIFICATION_TYPE": "U", "NORAD_CAT_ID": 36074, "ELEMENT_SET_NO": 999, "REV_AT_EPOCH": 86482, "BSTAR": 0.0025623675, "MEAN_MOTION_DOT": 8.865e-05, "MEAN_MOTION_DDOT": 0}, "tle": {"line1": "1 36074U 93036AYM 26021.40106384  .00008865  00000+0  25624-2 0  9995", "line2": "2 36074  73.9908 266.5348 0043515 349.3059  10.7168 14.44111727864826"}}, "geometry": {"type": "Point", "coordinates": [-96.85494225732481, 4.386020826765655]}}, {"type": "Feature", "properties": {"norad_id": 36366, "name": "COSMOS 2251 DEB", "group": "cosmos-2251-debris", "lat": 8.737901358454536, "lon": 13.586969740089515, "alt_km": 734.899400767692, "timestamp": "2026-01-23T21:29:55.111667+00:00", "meta": {"OBJECT_NAME": "COSMOS 2251 DEB", "OBJECT_ID": "1993-036AYT", "EPOCH": "2026-01-22T19:34:50.786976", "MEAN_MOTION": 14.33813216, "ECCENTRICITY": 0.00882247, "INCLINATION": 74.0648, "RA_OF_ASC_NODE": 198.0753, "ARG_OF_PERICENTER": 217.3433, "MEAN_ANOMALY": 142.1567, "EPHEMERIS_TYPE": 0, "CLASSIFICATION_TYPE": "U", "NORAD_CAT_ID": 36366, "ELEMENT_SET_NO": 999, "REV_AT_EPOCH": 86877, "BSTAR": 0.0028721343, "MEAN_MOTION_DOT": 8.328e-05, "MEAN_MOTION_DDOT": 0}, "tle": {"line1": "1 36366U 93036AYT 26022.81586559  .00008328  00000+0  28721-2 0  9996", "line2": "2 36366  74.0648 198.0753 0088224 217.3433 142.1567 14.33813216868779"}}, "geometry": {"type": "Point", "coordinates": [13.586969740089515, 8.737901358454536]}}, {"type": "Feature", "properties": {"norad_id": 36367, "name": "COSMOS 2251 DEB", "group": "cosmos-2251-debris", "lat": -72.64033082779935, "lon": 46.05853822394985, "alt_km": 797.9466254832987, "timestamp": "2026-01-23T21:29:55.111678+00:00", "meta": {"OBJECT_NAME": "COSMOS 2251 DEB", "OBJECT_ID": "1993-036AYU", "EPOCH": "2026-01-22T14:47:47.688288", "MEAN_MOTION": 13.86569963, "ECCENTRICITY": 0.0261143, "INCLINATION": 74.0994, "RA_OF_ASC_NODE": 162.4573, "ARG_OF_PERICENTER": 226.0041, "MEAN_ANOMALY": 131.9297, "EPHEMERIS_TYPE": 0, "CLASSIFICATION_TYPE": "U", "NORAD_CAT_ID": 36367, "ELEMENT_SET_NO": 999, "REV_AT_EPOCH": 58096, "BSTAR": 0.0028451291, "MEAN_MOTION_DOT": 4.3e-05, "MEAN_MOTION_DDOT": 0}, "tle": {"line1": "1 36367U 93036AYU 26022.61652417  .00004300  00000+0  28451-2 0  9998", "line2": "2 36367  74.0994 162.4573 0261143 226.0041 131.9297 13.86569963580966"}}, "geometry": {"type": "Point", "coordinates": [46.05853822394985, -72.64033082779935]}}, {"type": "Feature", "properties": {"norad_id": 36369, "name": "COSMOS 2251 DEB", "group": "cosmos-2251-debris", "lat": 11.859995276747165, "lon": -8.101198589846762, "alt_km": 641.14538689453, "timestamp": "2026-01-23T21:29:55.111688+00:00", "meta": {"OBJECT_NAME": "COSMOS 2251 DEB", "OBJECT_ID": "1993-036AYW", "EPOCH": "2026-01-21T15:42:33.303168", "MEAN_MOTION": 14.74483093, "ECCENTRICITY": 0.00106047, "INCLINATION": 74.0326, "RA_OF_ASC_NODE": 352.8273, "ARG_OF_PERICENTER": 50.9459, "MEAN_ANOMALY": 309.2656, "EPHEMERIS_TYPE": 0, "CLASSIFICATION_TYPE": "U", "NORAD_CAT_ID": 36369, "ELEMENT_SET_NO": 999, "REV_AT_EPOCH": 86510, "BSTAR": 0.0044323587, "MEAN_MOTION_DOT": 0.0002959, "MEAN_MOTION_DDOT": 0}, "tle": {"line1": "1 36369U 93036AYW 26021.65455212  .00029590  00000+0  44324-2 0  9992", "line2": "2 36369  74.0326 352.8273 0010604  50.9459 309.2656 14.74483093865108"}}, "geometry": {"type": "Point", "coordinates": [-8.101198589846762, 11.859995276747165]}}, {"type": "Feature", "properties": {"norad_id": 36371, "name": "COSMOS 2251 DEB", "group": "cosmos-2251-debris", "lat": -36.347221803809816, "lon": -88.28432379298879, "alt_km": 662.9156362481735, "timestamp": "2026-01-23T21:29:55.111698+00:00", "meta": {"OBJECT_NAME": "COSMOS 2251 DEB", "OBJECT_ID": "1993-036AYY", "EPOCH": "2026-01-22T10:15:11.985120", "MEAN_MOTION": 14.7175376, "ECCENTRICITY": 0.00052619, "INCLINATION": 74.0121, "RA_OF_ASC_NODE": 82.3945, "ARG_OF_PERICENTER": 105.9994, "MEAN_ANOMALY": 254.1758, "EPHEMERIS_TYPE": 0, "CLASSIFICATION_TYPE": "U", "NORAD_CAT_ID": 36371, "ELEMENT_SET_NO": 999, "REV_AT_EPOCH": 72043, "BSTAR": 0.0020973351, "MEAN_MOTION_DOT": 0.00013089, "MEAN_MOTION_DDOT": 0}, "tle": {"line1": "1 36371U 93036AYY 26022.42722205  .00013089  00000+0  20973-2 0  9990", "line2": "2 36371  74.0121  82.3945 0005261 105.9994 254.1758 14.71753760720438"}}, "geometry": {"type": "Point", "coordinates": [-88.28432379298879, -36.347221803809816]}}, {"type": "Feature", "properties": {"norad_id": 36379, "name": "COSMOS 2251 DEB", "group": "cosmos-2251-debris", "lat": 67.45020587554583, "lon": 5.642067591328817, "alt_km": 779.8760693992763, "timestamp": "2026-01-23T21:29:55.111709+00:00", "meta": {"OBJECT_NAME": "COSMOS 2251 DEB", "OBJECT_ID": "1993-036AZG", "EPOCH": "2026-01-12T10:01:13.102464", "MEAN_MOTION": 14.36142405, "ECCENTRICITY": 0.00458002, "INCLINATION": 74.0111, "RA_OF_ASC_NODE": 250.4135, "ARG_OF_PERICENTER": 11.2593, "MEAN_ANOMALY": 173.9597, "EPHEMERIS_TYPE": 0, "CLASSIFICATION_TYPE": "U", "NORAD_CAT_ID": 36379, "ELEMENT_SET_NO": 999, "REV_AT_EPOCH": 65268, "BSTAR": 0.00021607328, "MEAN_MOTION_DOT": 6.11e-06, "MEAN_MOTION_DDOT": 0}, "tle": {"line1": "1 36379U 93036AZG 26012.41751276  .00000611  00000+0  21607-3 0  9999", "line2": "2 36379  74.0111 250.4135 0045800  11.2593 173.9597 14.36142405652680"}}, "geometry": {"type": "Point", "coordinates": [5.642067591328817, 67.45020587554583]}}, {"type": "Feature", "properties": {"norad_id": 36385, "name": "COSMOS 2251 DEB", "group": "cosmos-2251-debris", "lat": -73.58046510210436, "lon": -30.61772242891975, "alt_km": 568.6902285682563, "timestamp": "2026-01-23T21:29:55.111718+00:00", "meta": {"OBJECT_NAME": "COSMOS 2251 DEB", "OBJECT_ID": "1993-036AZN", "EPOCH": "2026-01-21T03:07:31.485792", "MEAN_MOTION": 14.73684248, "ECCENTRICITY": 0.01408788, "INCLINATION": 73.9689, "RA_OF_ASC_NODE": 77.4554, "ARG_OF_PERICENTER": 243.7179, "MEAN_ANOMALY": 114.9463, "EPHEMERIS_TYPE": 0, "CLASSIFICATION_TYPE": "U", "NORAD_CAT_ID": 36385, "ELEMENT_SET_NO": 999, "REV_AT_EPOCH": 85682, "BSTAR": 0.0052557064, "MEAN_MOTION_DOT": 0.00040397, "MEAN_MOTION_DDOT": 0}, "tle": {"line1": "1 36385U 93036AZN 26021.13022553  .00040397  00000+0  52557-2 0  9996", "line2": "2 36385  73.9689  77.4554 0140878 243.7179 114.9463 14.73684248856826"}}, "geometry": {"type": "Point", "coordinates": [-30.61772242891975, -73.58046510210436]}}, {"type": "Feature", "properties": {"norad_id": 36420, "name": "COSMOS 2251 DEB", "group": "cosmos-2251-debris", "lat": 67.3663540995505, "lon": -25.377481605967215, "alt_km": 775.3855863760491, "timestamp": "2026-01-23T21:29:55.111728+00:00", "meta": {"OBJECT_NAME": "COSMOS 2251 DEB", "OBJECT_ID": "1993-036AZT", "EPOCH": "2026-01-21T18:56:55.511232", "MEAN_MOTION": 14.3694197, "ECCENTRICITY": 0.00193089, "INCLINATION": 74.0351, "RA_OF_ASC_NODE": 201.8535, "ARG_OF_PERICENTER": 283.3252, "MEAN_ANOMALY": 91.7065, "EPHEMERIS_TYPE": 0, "CLASSIFICATION_TYPE": "U", "NORAD_CAT_ID": 36420, "ELEMENT_SET_NO": 999, "REV_AT_EPOCH": 85612, "BSTAR": 0.00025542806, "MEAN_MOTION_DOT": 7.31e-06, "MEAN_MOTION_DDOT": 0}, "tle": {"line1": "1 36420U 93036AZT 26021.78953138  .00000731  00000+0  25543-3 0  9993", "line2": "2 36420  74.0351 201.8535 0019308 283.3252  91.7065 14.36941970856121"}}, "geometry": {"type": "Point", "coordinates": [-25.377481605967215, 67.3663540995505]}}, {"type": "Feature", "properties": {"norad_id": 36430, "name": "COSMOS 2251 DEB", "group": "cosmos-2251-debris", "lat": -11.63018617523378, "lon": -144.6073499958451, "alt_km": 737.005075843801, "timestamp": "2026-01-23T21:29:55.111738+00:00", "meta": {"OBJECT_NAME": "COSMOS 2251 DEB", "OBJECT_ID": "1993-036BAD", "EPOCH": "2026-01-11T09:18:01.003968", "MEAN_MOTION": 14.27877175, "ECCENTRICITY": 0.00967117, "INCLINATION": 74.0042, "RA_OF_ASC_NODE": 54.7082, "ARG_OF_PERICENTER": 198.6876, "MEAN_ANOMALY": 161.0714, "EPHEMERIS_TYPE": 0, "CLASSIFICATION_TYPE": "U", "NORAD_CAT_ID": 36430, "ELEMENT_SET_NO": 999, "REV_AT_EPOCH": 64980, "BSTAR": 0.0003571313, "MEAN_MOTION_DOT": 9.03e-06, "MEAN_MOTION_DDOT": 0}, "tle": {"line1": "1 36430U 93036BAD 26011.38751162  .00000903  00000+0  35713-3 0  9993", "line2": "2 36430  74.0042  54.7082 0096711 198.6876 161.0714 14.27877175649806"}}, "geometry": {"type": "Point", "coordinates": [-144.6073499958451, -11.63018617523378]}}, {"type": "Feature", "properties": {"norad_id": 36437, "name": "COSMOS 2251 DEB", "group": "cosmos-2251-debris", "lat": -72.51471833517401, "lon": -114.4546188025582, "alt_km": 666.0230766433879, "timestamp": "2026-01-23T21:29:55.111749+00:00", "meta": {"OBJECT_NAME": "COSMOS 2251 DEB", "OBJECT_ID": "1993-036BAL", "EPOCH": "2026-01-22T11:36:51.760224", "MEAN_MOTION": 14.7160352, "ECCENTRICITY": 0.00213469, "INCLINATION": 73.9432, "RA_OF_ASC_NODE": 314.4067, "ARG_OF_PERICENTER": 177.4733, "MEAN_ANOMALY": 182.6551, "EPHEMERIS_TYPE": 0, "CLASSIFICATION_TYPE": "U", "NORAD_CAT_ID": 36437, "ELEMENT_SET_NO": 999, "REV_AT_EPOCH": 66650, "BSTAR": 0.0021386022, "MEAN_MOTION_DOT": 0.00013345, "MEAN_MOTION_DDOT": 0}, "tle": {"line1": "1 36437U 93036BAL 26022.48393241  .00013345  00000+0  21386-2 0  9997", "line2": "2 36437  73.9432 314.4067 0021346 177.4733 182.6551 14.71603520666506"}}, "geometry": {"type": "Point", "coordinates": [-114.4546188025582, -72.51471833517401]}}, {"type": "Feature", "properties": {"norad_id": 36439, "name": "COSMOS 2251 DEB", "group": "cosmos-2251-debris", "lat": -54.77990929150194, "lon": 173.4632981910077, "alt_km": 893.5193478554656, "timestamp": "2026-01-23T21:29:55.111759+00:00", "meta": {"OBJECT_NAME": "COSMOS 2251 DEB", "OBJECT_ID": "1993-036BAN", "EPOCH": "2026-01-10T04:33:49.638240", "MEAN_MOTION": 13.47946185, "ECCENTRICITY": 0.04290666, "INCLINATION": 73.9717, "RA_OF_ASC_NODE": 351.3023, "ARG_OF_PERICENTER": 317.6391, "MEAN_ANOMALY": 39.2306, "EPHEMERIS_TYPE": 0, "CLASSIFICATION_TYPE": "U", "NORAD_CAT_ID": 36439, "ELEMENT_SET_NO": 999, "REV_AT_EPOCH": 58996, "BSTAR": 0.0024675303, "MEAN_MOTION_DOT": 2.652e-05, "MEAN_MOTION_DDOT": 0}, "tle": {"line1": "1 36439U 93036BAN 26010.19015785  .00002652  00000+0  24675-2 0  9991", "line2": "2 36439  73.9717 351.3023 0429066 317.6391  39.2306 13.47946185589963"}}, "geometry": {"type": "Point", "coordinates": [173.4632981910077, -54.77990929150194]}}, {"type": "Feature", "properties": {"norad_id": 36441, "name": "COSMOS 2251 DEB", "group": "cosmos-2251-debris", "lat": 73.56313468522694, "lon": 2.533980904920744, "alt_km": 549.5406724780369, "timestamp": "2026-01-23T21:29:55.111769+00:00", "meta": {"OBJECT_NAME": "COSMOS 2251 DEB", "OBJECT_ID": "1993-036BAQ", "EPOCH": "2026-01-17T23:21:13.482144", "MEAN_MOTION": 15.07562868, "ECCENTRICITY": 0.010817, "INCLINATION": 73.8345, "RA_OF_ASC_NODE": 274.3598, "ARG_OF_PERICENTER": 5.4083, "MEAN_ANOMALY": 354.8245, "EPHEMERIS_TYPE": 0, "CLASSIFICATION_TYPE": "U", "NORAD_CAT_ID": 36441, "ELEMENT_SET_NO": 999, "REV_AT_EPOCH": 87511, "BSTAR": 0.00056068308, "MEAN_MOTION_DOT": 9.723e-05, "MEAN_MOTION_DDOT": 0}, "tle": {"line1": "1 36441U 93036BAQ 26017.97307271  .00009723  00000+0  56068-3 0  9999", "line2": "2 36441  73.8345 274.3598 0108170   5.4083 354.8245 15.07562868875116"}}, "geometry": {"type": "Point", "coordinates": [2.533980904920744, 73.56313468522694]}}, {"type": "Feature", "properties": {"norad_id": 36442, "name": "COSMOS 2251 DEB", "group": "cosmos-2251-debris", "lat": -48.73038145764583, "lon": 146.75273617174835, "alt_km": 406.8282065978419, "timestamp": "2026-01-23T21:29:55.111780+00:00", "meta": {"OBJECT_NAME": "COSMOS 2251 DEB", "OBJECT_ID": "1993-036BAR", "EPOCH": "2026-01-19T02:06:48.686400", "MEAN_MOTION": 15.50945818, "ECCENTRICITY": 0.00100653, "INCLINATION": 73.9423, "RA_OF_ASC_NODE": 318.2442, "ARG_OF_PERICENTER": 148.9893, "MEAN_ANOMALY": 211.1916, "EPHEMERIS_TYPE": 0, "CLASSIFICATION_TYPE": "U", "NORAD_CAT_ID": 36442, "ELEMENT_SET_NO": 999, "REV_AT_EPOCH": 86490, "BSTAR": 0.0077317301, "MEAN_MOTION_DOT": 0.00477107, "MEAN_MOTION_DDOT": 0}, "tle": {"line1": "1 36442U 93036BAR 26019.08806350  .00477107  00000+0  77317-2 0  9990", "line2": "2 36442  73.9423 318.2442 0010065 148.9893 211.1916 15.50945818864901"}}, "geometry": {"type": "Point", "coordinates": [146.75273617174835, -48.73038145764583]}}, {"type": "Feature", "properties": {"norad_id": 36451, "name": "COSMOS 2251 DEB", "group": "cosmos-2251-debris", "lat": 31.48026761425374, "lon": -90.30129533760659, "alt_km": 726.3267219322697, "timestamp": "2026-01-23T21:29:55.111791+00:00", "meta": {"OBJECT_NAME": "COSMOS 2251 DEB", "OBJECT_ID": "1993-036BBA", "EPOCH": "2026-01-16T16:45:02.068704", "MEAN_MOTION": 14.18882739, "ECCENTRICITY": 0.01835092, "INCLINATION": 73.9529, "RA_OF_ASC_NODE": 272.4661, "ARG_OF_PERICENTER": 88.6449, "MEAN_ANOMALY": 273.5709, "EPHEMERIS_TYPE": 0, "CLASSIFICATION_TYPE": "U", "NORAD_CAT_ID": 36451, "ELEMENT_SET_NO": 999, "REV_AT_EPOCH": 84721, "BSTAR": 0.00053240916, "MEAN_MOTION_DOT": 1.286e-05, "MEAN_MOTION_DDOT": 0}, "tle": {"line1": "1 36451U 93036BBA 26016.69794061  .00001286  00000+0  53241-3 0  9991", "line2": "2 36451  73.9529 272.4661 0183509  88.6449 273.5709 14.18882739847215"}}, "geometry": {"type": "Point", "coordinates": [-90.30129533760659, 31.48026761425374]}}, {"type": "Feature", "properties": {"norad_id": 36453, "name": "COSMOS 2251 DEB", "group": "cosmos-2251-debris", "lat": 34.731786137357496, "lon": 83.86320353705015, "alt_km": 696.8367926687342, "timestamp": "2026-01-23T21:29:55.111801+00:00", "meta": {"OBJECT_NAME": "COSMOS 2251 DEB", "OBJECT_ID": "1993-036BBC", "EPOCH": "2026-01-16T10:55:38.470368", "MEAN_MOTION": 14.52876722, "ECCENTRICITY": 0.00720725, "INCLINATION": 73.9248, "RA_OF_ASC_NODE": 86.4596, "ARG_OF_PERICENTER": 340.8665, "MEAN_ANOMALY": 33.8131, "EPHEMERIS_TYPE": 0, "CLASSIFICATION_TYPE": "U", "NORAD_CAT_ID": 36453, "ELEMENT_SET_NO": 999, "REV_AT_EPOCH": 84972, "BSTAR": 0.00053002912, "MEAN_MOTION_DOT": 2.227e-05, "MEAN_MOTION_DDOT": 0}, "tle": {"line1": "1 36453U 93036BBC 26016.45530637  .00002227  00000+0  53003-3 0  9996", "line2": "2 36453  73.9248  86.4596 0072072 340.8665  33.8131 14.52876722849727"}}, "geometry": {"type": "Point", "coordinates": [83.86320353705015, 34.731786137357496]}}, {"type": "Feature", "properties": {"norad_id": 36459, "name": "COSMOS 2251 DEB", "group": "cosmos-2251-debris", "lat": -56.356440273319535, "lon": -101.83166773336883, "alt_km": 778.701687083345, "timestamp": "2026-01-23T21:29:55.111811+00:00", "meta": {"OBJECT_NAME": "COSMOS 2251 DEB", "OBJECT_ID": "1993-036BBJ", "EPOCH": "2026-01-19T10:04:21.332640", "MEAN_MOTION": 14.26699582, "ECCENTRICITY": 0.01141017, "INCLINATION": 74.0489, "RA_OF_ASC_NODE": 291.7071, "ARG_OF_PERICENTER": 17.8622, "MEAN_ANOMALY": 342.6484, "EPHEMERIS_TYPE": 0, "CLASSIFICATION_TYPE": "U", "NORAD_CAT_ID": 36459, "ELEMENT_SET_NO": 999, "REV_AT_EPOCH": 8419, "BSTAR": 0.001354413, "MEAN_MOTION_DOT": 3.486e-05, "MEAN_MOTION_DDOT": 0}, "tle": {"line1": "1 36459U 93036BBJ 26019.41969135  .00003486  00000+0  13544-2 0  9993", "line2": "2 36459  74.0489 291.7071 0114101  17.8622 342.6484 14.26699582 84197"}}, "geometry": {"type": "Point", "coordinates": [-101.83166773336883, -56.356440273319535]}}, {"type": "Feature", "properties": {"norad_id": 36470, "name": "COSMOS 2251 DEB", "group": "cosmos-2251-debris", "lat": -15.201802885880003, "lon": 161.91270797204794, "alt_km": 517.2239739989209, "timestamp": "2026-01-23T21:29:55.111822+00:00", "meta": {"OBJECT_NAME": "COSMOS 2251 DEB", "OBJECT_ID": "1993-036BBV", "EPOCH": "2026-01-09T04:54:17.162784", "MEAN_MOTION": 15.10419051, "ECCENTRICITY": 0.00234344, "INCLINATION": 73.8441, "RA_OF_ASC_NODE": 197.1631, "ARG_OF_PERICENTER": 18.2909, "MEAN_ANOMALY": 341.9119, "EPHEMERIS_TYPE": 0, "CLASSIFICATION_TYPE": "U", "NORAD_CAT_ID": 36470, "ELEMENT_SET_NO": 999, "REV_AT_EPOCH": 66508, "BSTAR": 0.0040613236, "MEAN_MOTION_DOT": 0.00067797, "MEAN_MOTION_DDOT": 0}, "tle": {"line1": "1 36470U 93036BBV 26009.20436531  .00067797  00000+0  40613-2 0  9993", "line2": "2 36470  73.8441 197.1631 0023434  18.2909 341.9119 15.10419051665082"}}, "geometry": {"type": "Point", "coordinates": [161.91270797204794, -15.201802885880003]}}, {"type": "Feature", "properties": {"norad_id": 36528, "name": "COSMOS 2251 DEB", "group": "cosmos-2251-debris", "lat": -29.06692788455434, "lon": 59.21900838183825, "alt_km": 838.1513362940996, "timestamp": "2026-01-23T21:29:55.111832+00:00", "meta": {"OBJECT_NAME": "COSMOS 2251 DEB", "OBJECT_ID": "1993-036BCN", "EPOCH": "2026-01-20T19:48:36.431424", "MEAN_MOTION": 14.30851497, "ECCENTRICITY": 0.00818454, "INCLINATION": 74.0152, "RA_OF_ASC_NODE": 73.982, "ARG_OF_PERICENTER": 114.7134, "MEAN_ANOMALY": 246.2564, "EPHEMERIS_TYPE": 0, "CLASSIFICATION_TYPE": "U", "NORAD_CAT_ID": 36528, "ELEMENT_SET_NO": 999, "REV_AT_EPOCH": 64986, "BSTAR": 0.0012982016, "MEAN_MOTION_DOT": 3.509e-05, "MEAN_MOTION_DDOT": 0}, "tle": {"line1": "1 36528U 93036BCN 26020.82542166  .00003509  00000+0  12982-2 0  9999", "line2": "2 36528  74.0152  73.9820 0081845 114.7134 246.2564 14.30851497649865"}}, "geometry": {"type": "Point", "coordinates": [59.21900838183825, -29.06692788455434]}}, {"type": "Feature", "properties": {"norad_id": 36533, "name": "COSMOS 2251 DEB", "group": "cosmos-2251-debris", "lat": 29.071774352064075, "lon": -153.6160258801871, "alt_km": 693.5811708582742, "timestamp": "2026-01-23T21:29:55.111842+00:00", "meta": {"OBJECT_NAME": "COSMOS 2251 DEB", "OBJECT_ID": "1993-036BCT", "EPOCH": "2026-01-21T17:28:42.051072", "MEAN_MOTION": 14.49977574, "ECCENTRICITY": 0.00479184, "INCLINATION": 74.0106, "RA_OF_ASC_NODE": 39.6314, "ARG_OF_PERICENTER": 181.1455, "MEAN_ANOMALY": 178.9604, "EPHEMERIS_TYPE": 0, "CLASSIFICATION_TYPE": "U", "NORAD_CAT_ID": 36533, "ELEMENT_SET_NO": 999, "REV_AT_EPOCH": 85064, "BSTAR": 0.00068615917, "MEAN_MOTION_DOT": 2.668e-05, "MEAN_MOTION_DDOT": 0}, "tle": {"line1": "1 36533U 93036BCT 26021.72826448  .00002668  00000+0  68616-3 0  9994", "line2": "2 36533  74.0106  39.6314 0047918 181.1455 178.9604 14.49977574850645"}}, "geometry": {"type": "Point", "coordinates": [-153.6160258801871, 29.071774352064075]}}, {"type": "Feature", "properties": {"norad_id": 36539, "name": "COSMOS 2251 DEB", "group": "cosmos-2251-debris", "lat": -1.8060152784314691, "lon": -25.774712259020767, "alt_km": 703.1020466423015, "timestamp": "2026-01-23T21:29:55.111852+00:00", "meta": {"OBJECT_NAME": "COSMOS 2251 DEB", "OBJECT_ID": "1993-036BCZ", "EPOCH": "2026-01-22T14:15:11.983680", "MEAN_MOTION": 14.59611366, "ECCENTRICITY": 0.00252456, "INCLINATION": 74.0253, "RA_OF_ASC_NODE": 337.2261, "ARG_OF_PERICENTER": 110.2819, "MEAN_ANOMALY": 250.1064, "EPHEMERIS_TYPE": 0, "CLASSIFICATION_TYPE": "U", "NORAD_CAT_ID": 36539, "ELEMENT_SET_NO": 999, "REV_AT_EPOCH": 84543, "BSTAR": 0.0010407008, "MEAN_MOTION_DOT": 4.948e-05, "MEAN_MOTION_DDOT": 0}, "tle": {"line1": "1 36539U 93036BCZ 26022.59388870  .00004948  00000+0  10407-2 0  9995", "line2": "2 36539  74.0253 337.2261 0025245 110.2819 250.1064 14.59611366845437"}}, "geometry": {"type": "Point", "coordinates": [-25.774712259020767, -1.8060152784314691]}}, {"type": "Feature", "properties": {"norad_id": 36540, "name": "COSMOS 2251 DEB", "group": "cosmos-2251-debris", "lat": -33.317344569262815, "lon": -68.94588522899743, "alt_km": 695.6564034172561, "timestamp": "2026-01-23T21:29:55.111862+00:00", "meta": {"OBJECT_NAME": "COSMOS 2251 DEB", "OBJECT_ID": "1993-036BDA", "EPOCH": "2026-01-22T14:53:51.843552", "MEAN_MOTION": 14.59044721, "ECCENTRICITY": 0.00126577, "INCLINATION": 74.0291, "RA_OF_ASC_NODE": 102.6331, "ARG_OF_PERICENTER": 172.6445, "MEAN_ANOMALY": 187.4908, "EPHEMERIS_TYPE": 0, "CLASSIFICATION_TYPE": "U", "NORAD_CAT_ID": 36540, "ELEMENT_SET_NO": 999, "REV_AT_EPOCH": 86606, "BSTAR": 0.0015252909, "MEAN_MOTION_DOT": 7.155e-05, "MEAN_MOTION_DDOT": 0}, "tle": {"line1": "1 36540U 93036BDA 26022.62073893  .00007155  00000+0  15253-2 0  9994", "line2": "2 36540  74.0291 102.6331 0012657 172.6445 187.4908 14.59044721866069"}}, "geometry": {"type": "Point", "coordinates": [-68.94588522899743, -33.317344569262815]}}, {"type": "Feature", "properties": {"norad_id": 36550, "name": "COSMOS 2251 DEB", "group": "cosmos-2251-debris", "lat": -33.97498737035725, "lon": 105.36490854352185, "alt_km": 859.6386386490076, "timestamp": "2026-01-23T21:29:55.111873+00:00", "meta": {"OBJECT_NAME": "COSMOS 2251 DEB", "OBJECT_ID": "1993-036BDL", "EPOCH": "2026-01-20T14:36:34.643520", "MEAN_MOTION": 14.27374784, "ECCENTRICITY": 0.00764702, "INCLINATION": 74.0448, "RA_OF_ASC_NODE": 122.4255, "ARG_OF_PERICENTER": 164.7691, "MEAN_ANOMALY": 195.5786, "EPHEMERIS_TYPE": 0, "CLASSIFICATION_TYPE": "U", "NORAD_CAT_ID": 36550, "ELEMENT_SET_NO": 999, "REV_AT_EPOCH": 85150, "BSTAR": 0.0012304825, "MEAN_MOTION_DOT": 3.087e-05, "MEAN_MOTION_DDOT": 0}, "tle": {"line1": "1 36550U 93036BDL 26020.60873430  .00003087  00000+0  12305-2 0  9991", "line2": "2 36550  74.0448 122.4255 0076470 164.7691 195.5786 14.27374784851504"}}, "geometry": {"type": "Point", "coordinates": [105.36490854352185, -33.97498737035725]}}, {"type": "Feature", "properties": {"norad_id": 36551, "name": "COSMOS 2251 DEB", "group": "cosmos-2251-debris", "lat": 35.871122562435374, "lon": -60.15004676189209, "alt_km": 583.4279347536349, "timestamp": "2026-01-23T21:29:55.111883+00:00", "meta": {"OBJECT_NAME": "COSMOS 2251 DEB", "OBJECT_ID": "1993-036BDM", "EPOCH": "2026-01-21T03:53:28.783680", "MEAN_MOTION": 15.04167566, "ECCENTRICITY": 0.00487586, "INCLINATION": 73.8862, "RA_OF_ASC_NODE": 293.4253, "ARG_OF_PERICENTER": 234.6523, "MEAN_ANOMALY": 125.0103, "EPHEMERIS_TYPE": 0, "CLASSIFICATION_TYPE": "U", "NORAD_CAT_ID": 36551, "ELEMENT_SET_NO": 999, "REV_AT_EPOCH": 67524, "BSTAR": 0.0039270643, "MEAN_MOTION_DOT": 0.00056359, "MEAN_MOTION_DDOT": 0}, "tle": {"line1": "1 36551U 93036BDM 26021.16213870  .00056359  00000+0  39271-2 0  9991", "line2": "2 36551  73.8862 293.4253 0048758 234.6523 125.0103 15.04167566675248"}}, "geometry": {"type": "Point", "coordinates": [-60.15004676189209, 35.871122562435374]}}, {"type": "Feature", "properties": {"norad_id": 36557, "name": "COSMOS 2251 DEB", "group": "cosmos-2251-debris", "lat": -15.474621267548992, "lon": 38.442549761462274, "alt_km": 643.676234854549, "timestamp": "2026-01-23T21:29:55.111893+00:00", "meta": {"OBJECT_NAME": "COSMOS 2251 DEB", "OBJECT_ID": "1993-036BDT", "EPOCH": "2026-01-21T17:40:25.629600", "MEAN_MOTION": 14.80381421, "ECCENTRICITY": 0.00204612, "INCLINATION": 73.9787, "RA_OF_ASC_NODE": 47.2746, "ARG_OF_PERICENTER": 204.7868, "MEAN_ANOMALY": 155.2327, "EPHEMERIS_TYPE": 0, "CLASSIFICATION_TYPE": "U", "NORAD_CAT_ID": 36557, "ELEMENT_SET_NO": 999, "REV_AT_EPOCH": 34488, "BSTAR": 0.0043252323, "MEAN_MOTION_DOT": 0.00033269, "MEAN_MOTION_DDOT": 0}, "tle": {"line1": "1 36557U 93036BDT 26021.73640775  .00033269  00000+0  43252-2 0  9997", "line2": "2 36557  73.9787  47.2746 0020461 204.7868 155.2327 14.80381421344881"}}, "geometry": {"type": "Point", "coordinates": [38.442549761462274, -15.474621267548992]}}, {"type": "Feature", "properties": {"norad_id": 36558, "name": "COSMOS 2251 DEB", "group": "cosmos-2251-debris", "lat": -73.51216891973134, "lon": -30.114684162248643, "alt_km": 715.9105352790266, "timestamp": "2026-01-23T21:29:55.111903+00:00", "meta": {"OBJECT_NAME": "COSMOS 2251 DEB", "OBJECT_ID": "1993-036BDU", "EPOCH": "2026-01-19T10:43:18.223680", "MEAN_MOTION": 14.55676002, "ECCENTRICITY": 0.00110264, "INCLINATION": 74.0428, "RA_OF_ASC_NODE": 83.1377, "ARG_OF_PERICENTER": 171.4088, "MEAN_ANOMALY": 188.7266, "EPHEMERIS_TYPE": 0, "CLASSIFICATION_TYPE": "U", "NORAD_CAT_ID": 36558, "ELEMENT_SET_NO": 999, "REV_AT_EPOCH": 85817, "BSTAR": 0.00074267359, "MEAN_MOTION_DOT": 3.221e-05, "MEAN_MOTION_DDOT": 0}, "tle": {"line1": "1 36558U 93036BDU 26019.44673870  .00003221  00000+0  74267-3 0  9991", "line2": "2 36558  74.0428  83.1377 0011026 171.4088 188.7266 14.55676002858175"}}, "geometry": {"type": "Point", "coordinates": [-30.114684162248643, -73.51216891973134]}}, {"type": "Feature", "properties": {"norad_id": 36559, "name": "COSMOS 2251 DEB", "group": "cosmos-2251-debris", "lat": 5.609233793031372, "lon": -60.680563532443344, "alt_km": 772.1370070403127, "timestamp": "2026-01-23T21:29:55.111913+00:00", "meta": {"OBJECT_NAME": "COSMOS 2251 DEB", "OBJECT_ID": "1993-036BDV", "EPOCH": "2026-01-22T17:57:14.586336", "MEAN_MOTION": 13.95972915, "ECCENTRICITY": 0.02631959, "INCLINATION": 74.13, "RA_OF_ASC_NODE": 299.6816, "ARG_OF_PERICENTER": 322.8938, "MEAN_ANOMALY": 35.4244, "EPHEMERIS_TYPE": 0, "CLASSIFICATION_TYPE": "U", "NORAD_CAT_ID": 36559, "ELEMENT_SET_NO": 999, "REV_AT_EPOCH": 81666, "BSTAR": 0.0045543252, "MEAN_MOTION_DOT": 8.327e-05, "MEAN_MOTION_DDOT": 0}, "tle": {"line1": "1 36559U 93036BDV 26022.74808549  .00008327  00000+0  45543-2 0  9998", "line2": "2 36559  74.1300 299.6816 0263195 322.8938  35.4244 13.95972915816667"}}, "geometry": {"type": "Point", "coordinates": [-60.680563532443344, 5.609233793031372]}}, {"type": "Feature", "properties": {"norad_id": 36614, "name": "COSMOS 2251 DEB", "group": "cosmos-2251-debris", "lat": -26.87205527364651, "lon": 85.6572067345137, "alt_km": 704.9769619504632, "timestamp": "2026-01-23T21:29:55.111923+00:00", "meta": {"OBJECT_NAME": "COSMOS 2251 DEB", "OBJECT_ID": "1993-036BEC", "EPOCH": "2026-01-18T11:47:28.349376", "MEAN_MOTION": 14.6087498, "ECCENTRICITY": 0.00135075, "INCLINATION": 74.0228, "RA_OF_ASC_NODE": 104.3362, "ARG_OF_PERICENTER": 171.9011, "MEAN_ANOMALY": 188.2376, "EPHEMERIS_TYPE": 0, "CLASSIFICATION_TYPE": "U", "NORAD_CAT_ID": 36614, "ELEMENT_SET_NO": 999, "REV_AT_EPOCH": 66149, "BSTAR": 0.001227285, "MEAN_MOTION_DOT": 5.987e-05, "MEAN_MOTION_DDOT": 0}, "tle": {"line1": "1 36614U 93036BEC 26018.49130034  .00005987  00000+0  12273-2 0  9997", "line2": "2 36614  74.0228 104.3362 0013507 171.9011 188.2376 14.60874980661498"}}, "geometry": {"type": "Point", "coordinates": [85.6572067345137, -26.87205527364651]}}, {"type": "Feature", "properties": {"norad_id": 36622, "name": "COSMOS 2251 DEB", "group": "cosmos-2251-debris", "lat": -72.75527356801805, "lon": -4.664954661068731, "alt_km": 643.9801310805988, "timestamp": "2026-01-23T21:29:55.111933+00:00", "meta": {"OBJECT_NAME": "COSMOS 2251 DEB", "OBJECT_ID": "1993-036BEL", "EPOCH": "2026-01-20T09:19:42.187008", "MEAN_MOTION": 14.76636786, "ECCENTRICITY": 0.00672908, "INCLINATION": 74.0133, "RA_OF_ASC_NODE": 69.6692, "ARG_OF_PERICENTER": 197.2805, "MEAN_ANOMALY": 162.608, "EPHEMERIS_TYPE": 0, "CLASSIFICATION_TYPE": "U", "NORAD_CAT_ID": 36622, "ELEMENT_SET_NO": 999, "REV_AT_EPOCH": 67320, "BSTAR": 0.00098904039, "MEAN_MOTION_DOT": 7.147e-05, "MEAN_MOTION_DDOT": 0}, "tle": {"line1": "1 36622U 93036BEL 26020.38868272  .00007147  00000+0  98904-3 0  9995", "line2": "2 36622  74.0133  69.6692 0067290 197.2805 162.6080 14.76636786673208"}}, "geometry": {"type": "Point", "coordinates": [-4.664954661068731, -72.75527356801805]}}, {"type": "Feature", "properties": {"norad_id": 36632, "name": "COSMOS 2251 DEB", "group": "cosmos-2251-debris", "lat": 73.75424896807773, "lon": -46.07323778010353, "alt_km": 758.1682863242122, "timestamp": "2026-01-23T21:29:55.111944+00:00", "meta": {"OBJECT_NAME": "COSMOS 2251 DEB", "OBJECT_ID": "1993-036BEW", "EPOCH": "2026-01-20T19:52:50.879424", "MEAN_MOTION": 14.43395075, "ECCENTRICITY": 0.00339414, "INCLINATION": 73.9997, "RA_OF_ASC_NODE": 219.6043, "ARG_OF_PERICENTER": 319.664, "MEAN_ANOMALY": 40.1999, "EPHEMERIS_TYPE": 0, "CLASSIFICATION_TYPE": "U", "NORAD_CAT_ID": 36632, "ELEMENT_SET_NO": 999, "REV_AT_EPOCH": 65779, "BSTAR": 0.0014206599, "MEAN_MOTION_DOT": 4.806e-05, "MEAN_MOTION_DDOT": 0}, "tle": {"line1": "1 36632U 93036BEW 26020.82836666  .00004806  00000+0  14207-2 0  9999", "line2": "2 36632  73.9997 219.6043 0033941 319.6640  40.1999 14.43395075657797"}}, "geometry": {"type": "Point", "coordinates": [-46.07323778010353, 73.75424896807773]}}, {"type": "Feature", "properties": {"norad_id": 37084, "name": "COSMOS 2251 DEB", "group": "cosmos-2251-debris", "lat": -73.40788637158606, "lon": -30.463336939703026, "alt_km": 600.452904254008, "timestamp": "2026-01-23T21:29:55.111954+00:00", "meta": {"OBJECT_NAME": "COSMOS 2251 DEB", "OBJECT_ID": "1993-036BFE", "EPOCH": "2026-01-22T20:20:44.523456", "MEAN_MOTION": 15.0181087, "ECCENTRICITY": 0.00934971, "INCLINATION": 74.0269, "RA_OF_ASC_NODE": 77.6639, "ARG_OF_PERICENTER": 147.6444, "MEAN_ANOMALY": 213.0527, "EPHEMERIS_TYPE": 0, "CLASSIFICATION_TYPE": "U", "NORAD_CAT_ID": 37084, "ELEMENT_SET_NO": 999, "REV_AT_EPOCH": 66884, "BSTAR": 0.00045941089, "MEAN_MOTION_DOT": 6.546e-05, "MEAN_MOTION_DDOT": 0}, "tle": {"line1": "1 37084U 93036BFE 26022.84773754  .00006546  00000+0  45941-3 0  9996", "line2": "2 37084  74.0269  77.6639 0093497 147.6444 213.0527 15.01810870668845"}}, "geometry": {"type": "Point", "coordinates": [-30.463336939703026, -73.40788637158606]}}, {"type": "Feature", "properties": {"norad_id": 37085, "name": "COSMOS 2251 DEB", "group": "cosmos-2251-debris", "lat": -59.10645674116608, "lon": -27.62582584596225, "alt_km": 412.004946742165, "timestamp": "2026-01-23T21:29:55.111964+00:00", "meta": {"OBJECT_NAME": "COSMOS 2251 DEB", "OBJECT_ID": "1993-036BFF", "EPOCH": "2026-01-22T15:03:11.490912", "MEAN_MOTION": 15.51569109, "ECCENTRICITY": 0.00264799, "INCLINATION": 73.9456, "RA_OF_ASC_NODE": 126.4083, "ARG_OF_PERICENTER": 318.1051, "MEAN_ANOMALY": 41.8135, "EPHEMERIS_TYPE": 0, "CLASSIFICATION_TYPE": "U", "NORAD_CAT_ID": 37085, "ELEMENT_SET_NO": 999, "REV_AT_EPOCH": 67769, "BSTAR": 0.0027538589, "MEAN_MOTION_DOT": 0.00169088, "MEAN_MOTION_DDOT": 0}, "tle": {"line1": "1 37085U 93036BFF 26022.62721633  .00169088  00000+0  27539-2 0  9995", "line2": "2 37085  73.9456 126.4083 0026479 318.1051  41.8135 15.51569109677699"}}, "geometry": {"type": "Point", "coordinates": [-27.62582584596225, -59.10645674116608]}}, {"type": "Feature", "properties": {"norad_id": 37089, "name": "COSMOS 2251 DEB", "group": "cosmos-2251-debris", "lat": 32.991504067365014, "lon": 76.81914114467011, "alt_km": 758.5364233924256, "timestamp": "2026-01-23T21:29:55.111974+00:00", "meta": {"OBJECT_NAME": "COSMOS 2251 DEB", "OBJECT_ID": "1993-036BFK", "EPOCH": "2026-01-21T09:53:43.919232", "MEAN_MOTION": 14.54078474, "ECCENTRICITY": 0.01310002, "INCLINATION": 74.0363, "RA_OF_ASC_NODE": 70.8036, "ARG_OF_PERICENTER": 162.3103, "MEAN_ANOMALY": 198.2688, "EPHEMERIS_TYPE": 0, "CLASSIFICATION_TYPE": "U", "NORAD_CAT_ID": 37089, "ELEMENT_SET_NO": 999, "REV_AT_EPOCH": 66686, "BSTAR": 0.004373781, "MEAN_MOTION_DOT": 0.00020737, "MEAN_MOTION_DDOT": 0}, "tle": {"line1": "1 37089U 93036BFK 26021.41231388  .00020737  00000+0  43738-2 0  9994", "line2": "2 37089  74.0363  70.8036 0131000 162.3103 198.2688 14.54078474666865"}}, "geometry": {"type": "Point", "coordinates": [76.81914114467011, 32.991504067365014]}}, {"type": "Feature", "properties": {"norad_id": 37094, "name": "COSMOS 2251 DEB", "group": "cosmos-2251-debris", "lat": -45.25520787797154, "lon": 27.141971615822445, "alt_km": 728.0204174287874, "timestamp": "2026-01-23T21:29:55.111985+00:00", "meta": {"OBJECT_NAME": "COSMOS 2251 DEB", "OBJECT_ID": "1993-036BFQ", "EPOCH": "2026-01-21T09:36:36.872928", "MEAN_MOTION": 14.38019928, "ECCENTRICITY": 0.00847778, "INCLINATION": 74.1023, "RA_OF_ASC_NODE": 48.4295, "ARG_OF_PERICENTER": 2.3786, "MEAN_ANOMALY": 357.7754, "EPHEMERIS_TYPE": 0, "CLASSIFICATION_TYPE": "U", "NORAD_CAT_ID": 37094, "ELEMENT_SET_NO": 999, "REV_AT_EPOCH": 85076, "BSTAR": 0.0017971886, "MEAN_MOTION_DOT": 5.647e-05, "MEAN_MOTION_DDOT": 0}, "tle": {"line1": "1 37094U 93036BFQ 26021.40042677  .00005647  00000+0  17972-2 0  9994", "line2": "2 37094  74.1023  48.4295 0084777   2.3786 357.7754 14.38019928850762"}}, "geometry": {"type": "Point", "coordinates": [27.141971615822445, -45.25520787797154]}}, {"type": "Feature", "properties": {"norad_id": 37095, "name": "COSMOS 2251 DEB", "group": "cosmos-2251-debris", "lat": 58.50136423205944, "lon": 143.87450886526054, "alt_km": 906.9054929177828, "timestamp": "2026-01-23T21:29:55.111995+00:00", "meta": {"OBJECT_NAME": "COSMOS 2251 DEB", "OBJECT_ID": "1993-036BFR", "EPOCH": "2026-01-18T14:36:40.701888", "MEAN_MOTION": 14.03585428, "ECCENTRICITY": 0.01925471, "INCLINATION": 73.848, "RA_OF_ASC_NODE": 124.9609, "ARG_OF_PERICENTER": 177.0573, "MEAN_ANOMALY": 183.1746, "EPHEMERIS_TYPE": 0, "CLASSIFICATION_TYPE": "U", "NORAD_CAT_ID": 37095, "ELEMENT_SET_NO": 999, "REV_AT_EPOCH": 63153, "BSTAR": 0.0013583322, "MEAN_MOTION_DOT": 2.488e-05, "MEAN_MOTION_DDOT": 0}, "tle": {"line1": "1 37095U 93036BFR 26018.60880442  .00002488  00000+0  13583-2 0  9997", "line2": "2 37095  73.8480 124.9609 0192547 177.0573 183.1746 14.03585428631533"}}, "geometry": {"type": "Point", "coordinates": [143.87450886526054, 58.50136423205944]}}, {"type": "Feature", "properties": {"norad_id": 37101, "name": "COSMOS 2251 DEB", "group": "cosmos-2251-debris", "lat": 70.31533731233847, "lon": 139.5335202120546, "alt_km": 640.3548178392775, "timestamp": "2026-01-23T21:29:55.112005+00:00", "meta": {"OBJECT_NAME": "COSMOS 2251 DEB", "OBJECT_ID": "1993-036BFX", "EPOCH": "2026-01-15T08:15:09.580032", "MEAN_MOTION": 14.65521943, "ECCENTRICITY": 0.00405411, "INCLINATION": 74.0324, "RA_OF_ASC_NODE": 29.1571, "ARG_OF_PERICENTER": 106.1612, "MEAN_ANOMALY": 254.4025, "EPHEMERIS_TYPE": 0, "CLASSIFICATION_TYPE": "U", "NORAD_CAT_ID": 37101, "ELEMENT_SET_NO": 999, "REV_AT_EPOCH": 66164, "BSTAR": 0.00049757301, "MEAN_MOTION_DOT": 2.7e-05, "MEAN_MOTION_DDOT": 0}, "tle": {"line1": "1 37101U 93036BFX 26015.34386088  .00002700  00000+0  49757-3 0  9990", "line2": "2 37101  74.0324  29.1571 0040541 106.1612 254.4025 14.65521943661645"}}, "geometry": {"type": "Point", "coordinates": [139.5335202120546, 70.31533731233847]}}, {"type": "Feature", "properties": {"norad_id": 37108, "name": "COSMOS 2251 DEB", "group": "cosmos-2251-debris", "lat": 69.47870267112947, "lon": 132.6639144761427, "alt_km": 693.9757323340818, "timestamp": "2026-01-23T21:29:55.112016+00:00", "meta": {"OBJECT_NAME": "COSMOS 2251 DEB", "OBJECT_ID": "1993-036BGE", "EPOCH": "2026-01-22T05:03:32.180832", "MEAN_MOTION": 14.4162473, "ECCENTRICITY": 0.00892888, "INCLINATION": 74.0451, "RA_OF_ASC_NODE": 5.6268, "ARG_OF_PERICENTER": 71.0163, "MEAN_ANOMALY": 290.0641, "EPHEMERIS_TYPE": 0, "CLASSIFICATION_TYPE": "U", "NORAD_CAT_ID": 37108, "ELEMENT_SET_NO": 999, "REV_AT_EPOCH": 86090, "BSTAR": 0.0021856203, "MEAN_MOTION_DOT": 7.444e-05, "MEAN_MOTION_DDOT": 0}, "tle": {"line1": "1 37108U 93036BGE 26022.21078913  .00007444  00000+0  21856-2 0  9995", "line2": "2 37108  74.0451   5.6268 0089288  71.0163 290.0641 14.41624730860909"}}, "geometry": {"type": "Point", "coordinates": [132.6639144761427, 69.47870267112947]}}, {"type": "Feature", "properties": {"norad_id": 37126, "name": "COSMOS 2251 DEB", "group": "cosmos-2251-debris", "lat": 52.1650178450133, "lon": 70.18814546960287, "alt_km": 563.3691520212624, "timestamp": "2026-01-23T21:29:55.112026+00:00", "meta": {"OBJECT_NAME": "COSMOS 2251 DEB", "OBJECT_ID": "1993-036BGY", "EPOCH": "2026-01-21T10:15:54.011808", "MEAN_MOTION": 14.73203797, "ECCENTRICITY": 0.0121265, "INCLINATION": 73.9509, "RA_OF_ASC_NODE": 276.7774, "ARG_OF_PERICENTER": 145.501, "MEAN_ANOMALY": 215.4111, "EPHEMERIS_TYPE": 0, "CLASSIFICATION_TYPE": "U", "NORAD_CAT_ID": 37126, "ELEMENT_SET_NO": 999, "REV_AT_EPOCH": 8683, "BSTAR": 0.0003311258, "MEAN_MOTION_DOT": 2.366e-05, "MEAN_MOTION_DDOT": 0}, "tle": {"line1": "1 37126U 93036BGY 26021.42770847  .00002366  00000+0  33113-3 0  9990", "line2": "2 37126  73.9509 276.7774 0121265 145.5010 215.4111 14.73203797 86830"}}, "geometry": {"type": "Point", "coordinates": [70.18814546960287, 52.1650178450133]}}, {"type": "Feature", "properties": {"norad_id": 37132, "name": "COSMOS 2251 DEB", "group": "cosmos-2251-debris", "lat": -35.3587697280346, "lon": -17.17461825491132, "alt_km": 635.0630872807642, "timestamp": "2026-01-23T21:29:55.112036+00:00", "meta": {"OBJECT_NAME": "COSMOS 2251 DEB", "OBJECT_ID": "1993-036BHE", "EPOCH": "2026-01-22T15:17:11.944320", "MEAN_MOTION": 14.78531836, "ECCENTRICITY": 0.00422437, "INCLINATION": 74.0032, "RA_OF_ASC_NODE": 153.5578, "ARG_OF_PERICENTER": 300.7611, "MEAN_ANOMALY": 58.9407, "EPHEMERIS_TYPE": 0, "CLASSIFICATION_TYPE": "U", "NORAD_CAT_ID": 37132, "ELEMENT_SET_NO": 999, "REV_AT_EPOCH": 63020, "BSTAR": 0.0018552436, "MEAN_MOTION_DOT": 0.00013754, "MEAN_MOTION_DDOT": 0}, "tle": {"line1": "1 37132U 93036BHE 26022.63694380  .00013754  00000+0  18552-2 0  9990", "line2": "2 37132  74.0032 153.5578 0042243 300.7611  58.9407 14.78531836630201"}}, "geometry": {"type": "Point", "coordinates": [-17.17461825491132, -35.3587697280346]}}, {"type": "Feature", "properties": {"norad_id": 37278, "name": "COSMOS 2251 DEB", "group": "cosmos-2251-debris", "lat": -34.07419495263205, "lon": 104.56942219594488, "alt_km": 973.628998157671, "timestamp": "2026-01-23T21:29:55.112047+00:00", "meta": {"OBJECT_NAME": "COSMOS 2251 DEB", "OBJECT_ID": "1993-036BHS", "EPOCH": "2026-01-18T10:25:19.253568", "MEAN_MOTION": 14.15262608, "ECCENTRICITY": 0.02980569, "INCLINATION": 73.7853, "RA_OF_ASC_NODE": 283.072, "ARG_OF_PERICENTER": 98.9963, "MEAN_ANOMALY": 18.1098, "EPHEMERIS_TYPE": 0, "CLASSIFICATION_TYPE": "U", "NORAD_CAT_ID": 37278, "ELEMENT_SET_NO": 999, "REV_AT_EPOCH": 64348, "BSTAR": 0.0011062873, "MEAN_MOTION_DOT": 3.286e-05, "MEAN_MOTION_DDOT": 0}, "tle": {"line1": "1 37278U 93036BHS 26018.43425062  .00003286  00000+0  11063-2 0  9992", "line2": "2 37278  73.7853 283.0720 0298056  98.9963  18.1098 14.15262608643485"}}, "geometry": {"type": "Point", "coordinates": [104.56942219594488, -34.07419495263205]}}, {"type": "Feature", "properties": {"norad_id": 37280, "name": "COSMOS 2251 DEB", "group": "cosmos-2251-debris", "lat": 72.38466550483747, "lon": 46.08528858934171, "alt_km": 731.1815041176142, "timestamp": "2026-01-23T21:29:55.112058+00:00", "meta": {"OBJECT_NAME": "COSMOS 2251 DEB", "OBJECT_ID": "1993-036BHU", "EPOCH": "2026-01-21T14:59:37.129056", "MEAN_MOTION": 14.19548162, "ECCENTRICITY": 0.01282811, "INCLINATION": 74.0321, "RA_OF_ASC_NODE": 345.754, "ARG_OF_PERICENTER": 104.4978, "MEAN_ANOMALY": 257.0438, "EPHEMERIS_TYPE": 0, "CLASSIFICATION_TYPE": "U", "NORAD_CAT_ID": 37280, "ELEMENT_SET_NO": 999, "REV_AT_EPOCH": 57889, "BSTAR": 0.0027735799, "MEAN_MOTION_DOT": 6.331e-05, "MEAN_MOTION_DDOT": 0}, "tle": {"line1": "1 37280U 93036BHU 26021.62473529  .00006331  00000+0  27736-2 0  9999", "line2": "2 37280  74.0321 345.7540 0128281 104.4978 257.0438 14.19548162578899"}}, "geometry": {"type": "Point", "coordinates": [46.08528858934171, 72.38466550483747]}}, {"type": "Feature", "properties": {"norad_id": 37284, "name": "COSMOS 2251 DEB", "group": "cosmos-2251-debris", "lat": 26.170758790886378, "lon": -106.00778822865026, "alt_km": 811.2167886053912, "timestamp": "2026-01-23T21:29:55.112068+00:00", "meta": {"OBJECT_NAME": "COSMOS 2251 DEB", "OBJECT_ID": "1993-036BHY", "EPOCH": "2026-01-22T10:52:20.044992", "MEAN_MOTION": 14.12902778, "ECCENTRICITY": 0.01638265, "INCLINATION": 74.0132, "RA_OF_ASC_NODE": 84.6453, "ARG_OF_PERICENTER": 228.2223, "MEAN_ANOMALY": 150.4404, "EPHEMERIS_TYPE": 0, "CLASSIFICATION_TYPE": "U", "NORAD_CAT_ID": 37284, "ELEMENT_SET_NO": 999, "REV_AT_EPOCH": 59750, "BSTAR": 0.0024279281, "MEAN_MOTION_DOT": 5.111e-05, "MEAN_MOTION_DDOT": 0}, "tle": {"line1": "1 37284U 93036BHY 26022.45300978  .00005111  00000+0  24279-2 0  9996", "line2": "2 37284  74.0132  84.6453 0163826 228.2223 150.4404 14.12902778597505"}}, "geometry": {"type": "Point", "coordinates": [-106.00778822865026, 26.170758790886378]}}, {"type": "Feature", "properties": {"norad_id": 37292, "name": "COSMOS 2251 DEB", "group": "cosmos-2251-debris", "lat": -56.53646950158113, "lon": -48.7518252245471, "alt_km": 752.8589351525334, "timestamp": "2026-01-23T21:29:55.112078+00:00", "meta": {"OBJECT_NAME": "COSMOS 2251 DEB", "OBJECT_ID": "1993-036BJG", "EPOCH": "2026-01-22T04:43:22.287072", "MEAN_MOTION": 14.03668061, "ECCENTRICITY": 0.02113018, "INCLINATION": 74.1289, "RA_OF_ASC_NODE": 339.6844, "ARG_OF_PERICENTER": 332.3017, "MEAN_ANOMALY": 26.6987, "EPHEMERIS_TYPE": 0, "CLASSIFICATION_TYPE": "U", "NORAD_CAT_ID": 37292, "ELEMENT_SET_NO": 999, "REV_AT_EPOCH": 60416, "BSTAR": 0.0047030274, "MEAN_MOTION_DOT": 8.995e-05, "MEAN_MOTION_DDOT": 0}, "tle": {"line1": "1 37292U 93036BJG 26022.19678573  .00008995  00000+0  47030-2 0  9998", "line2": "2 37292  74.1289 339.6844 0211301 332.3017  26.6987 14.03668061604160"}}, "geometry": {"type": "Point", "coordinates": [-48.7518252245471, -56.53646950158113]}}, {"type": "Feature", "properties": {"norad_id": 37295, "name": "COSMOS 2251 DEB", "group": "cosmos-2251-debris", "lat": -61.10955010890946, "lon": 51.65901473766983, "alt_km": 698.9861187449951, "timestamp": "2026-01-23T21:29:55.112098+00:00", "meta": {"OBJECT_NAME": "COSMOS 2251 DEB", "OBJECT_ID": "1993-036BJK", "EPOCH": "2026-01-22T11:36:50.219712", "MEAN_MOTION": 14.65524907, "ECCENTRICITY": 0.00452415, "INCLINATION": 74.0069, "RA_OF_ASC_NODE": 203.0651, "ARG_OF_PERICENTER": 10.7074, "MEAN_ANOMALY": 349.5046, "EPHEMERIS_TYPE": 0, "CLASSIFICATION_TYPE": "U", "NORAD_CAT_ID": 37295, "ELEMENT_SET_NO": 999, "REV_AT_EPOCH": 82901, "BSTAR": 0.0010128206, "MEAN_MOTION_DOT": 5.547e-05, "MEAN_MOTION_DDOT": 0}, "tle": {"line1": "1 37295U 93036BJK 26022.48391458  .00005547  00000+0  10128-2 0  9995", "line2": "2 37295  74.0069 203.0651 0045241  10.7074 349.5046 14.65524907829010"}}, "geometry": {"type": "Point", "coordinates": [51.65901473766983, -61.10955010890946]}}, {"type": "Feature", "properties": {"norad_id": 37305, "name": "COSMOS 2251 DEB", "group": "cosmos-2251-debris", "lat": -67.04825355248666, "lon": 169.19762832086872, "alt_km": 795.8359003454179, "timestamp": "2026-01-23T21:29:55.112110+00:00", "meta": {"OBJECT_NAME": "COSMOS 2251 DEB", "OBJECT_ID": "1993-036BJV", "EPOCH": "2026-01-18T06:26:16.904544", "MEAN_MOTION": 14.3626202, "ECCENTRICITY": 0.00481307, "INCLINATION": 73.8677, "RA_OF_ASC_NODE": 222.7502, "ARG_OF_PERICENTER": 176.1101, "MEAN_ANOMALY": 184.0435, "EPHEMERIS_TYPE": 0, "CLASSIFICATION_TYPE": "U", "NORAD_CAT_ID": 37305, "ELEMENT_SET_NO": 999, "REV_AT_EPOCH": 67391, "BSTAR": 0.00043463838, "MEAN_MOTION_DOT": 1.259e-05, "MEAN_MOTION_DDOT": 0}, "tle": {"line1": "1 37305U 93036BJV 26018.26825121  .00001259  00000+0  43464-3 0  9993", "line2": "2 37305  73.8677 222.7502 0048130 176.1101 184.0435 14.36262020673918"}}, "geometry": {"type": "Point", "coordinates": [169.19762832086872, -67.04825355248666]}}, {"type": "Feature", "properties": {"norad_id": 37312, "name": "COSMOS 2251 DEB", "group": "cosmos-2251-debris", "lat": 41.45024339653976, "lon": 140.1319238228802, "alt_km": 747.2104368994651, "timestamp": "2026-01-23T21:29:55.112120+00:00", "meta": {"OBJECT_NAME": "COSMOS 2251 DEB", "OBJECT_ID": "1993-036BKC", "EPOCH": "2026-01-22T13:45:21.923424", "MEAN_MOTION": 14.46303173, "ECCENTRICITY": 0.00185237, "INCLINATION": 74.0325, "RA_OF_ASC_NODE": 127.9529, "ARG_OF_PERICENTER": 228.2552, "MEAN_ANOMALY": 131.7024, "EPHEMERIS_TYPE": 0, "CLASSIFICATION_TYPE": "U", "NORAD_CAT_ID": 37312, "ELEMENT_SET_NO": 999, "REV_AT_EPOCH": 86754, "BSTAR": 0.00099871486, "MEAN_MOTION_DOT": 3.562e-05, "MEAN_MOTION_DDOT": 0}, "tle": {"line1": "1 37312U 93036BKC 26022.57317041  .00003562  00000+0  99871-3 0  9999", "line2": "2 37312  74.0325 127.9529 0018523 228.2552 131.7024 14.46303173867549"}}, "geometry": {"type": "Point", "coordinates": [140.1319238228802, 41.45024339653976]}}, {"type": "Feature", "properties": {"norad_id": 37316, "name": "COSMOS 2251 DEB", "group": "cosmos-2251-debris", "lat": -13.144994406402986, "lon": 119.70450788134765, "alt_km": 598.2470205966665, "timestamp": "2026-01-23T21:29:55.112131+00:00", "meta": {"OBJECT_NAME": "COSMOS 2251 DEB", "OBJECT_ID": "1993-036BKG", "EPOCH": "2026-01-22T04:32:52.486368", "MEAN_MOTION": 14.97254162, "ECCENTRICITY": 0.0028928, "INCLINATION": 74.0192, "RA_OF_ASC_NODE": 299.3224, "ARG_OF_PERICENTER": 359.0948, "MEAN_ANOMALY": 1.018, "EPHEMERIS_TYPE": 0, "CLASSIFICATION_TYPE": "U", "NORAD_CAT_ID": 37316, "ELEMENT_SET_NO": 999, "REV_AT_EPOCH": 86748, "BSTAR": 0.0033956, "MEAN_MOTION_DOT": 0.00039863, "MEAN_MOTION_DDOT": 0}, "tle": {"line1": "1 37316U 93036BKG 26022.18949637  .00039863  00000+0  33956-2 0  9996", "line2": "2 37316  74.0192 299.3224 0028928 359.0948   1.0180 14.97254162867487"}}, "geometry": {"type": "Point", "coordinates": [119.70450788134765, -13.144994406402986]}}, {"type": "Feature", "properties": {"norad_id": 37320, "name": "COSMOS 2251 DEB", "group": "cosmos-2251-debris", "lat": -36.27906462643219, "lon": 123.17845614570471, "alt_km": 646.6552990769114, "timestamp": "2026-01-23T21:29:55.112141+00:00", "meta": {"OBJECT_NAME": "COSMOS 2251 DEB", "OBJECT_ID": "1993-036BKL", "EPOCH": "2026-01-17T14:43:55.783776", "MEAN_MOTION": 14.79321494, "ECCENTRICITY": 0.00467648, "INCLINATION": 74.0457, "RA_OF_ASC_NODE": 147.6487, "ARG_OF_PERICENTER": 228.9948, "MEAN_ANOMALY": 130.718, "EPHEMERIS_TYPE": 0, "CLASSIFICATION_TYPE": "U", "NORAD_CAT_ID": 37320, "ELEMENT_SET_NO": 999, "REV_AT_EPOCH": 66677, "BSTAR": 0.0010035522, "MEAN_MOTION_DOT": 7.584e-05, "MEAN_MOTION_DDOT": 0}, "tle": {"line1": "1 37320U 93036BKL 26017.61384009  .00007584  00000+0  10036-2 0  9998", "line2": "2 37320  74.0457 147.6487 0046764 228.9948 130.7180 14.79321494666776"}}, "geometry": {"type": "Point", "coordinates": [123.17845614570471, -36.27906462643219]}}, {"type": "Feature", "properties": {"norad_id": 37326, "name": "COSMOS 2251 DEB", "group": "cosmos-2251-debris", "lat": 50.41001625405365, "lon": -85.75509330365719, "alt_km": 652.6728073639388, "timestamp": "2026-01-23T21:29:55.112152+00:00", "meta": {"OBJECT_NAME": "COSMOS 2251 DEB", "OBJECT_ID": "1993-036BKS", "EPOCH": "2026-01-22T09:07:30.281376", "MEAN_MOTION": 14.6184669, "ECCENTRICITY": 0.00560887, "INCLINATION": 74.0232, "RA_OF_ASC_NODE": 256.877, "ARG_OF_PERICENTER": 14.582, "MEAN_ANOMALY": 345.6948, "EPHEMERIS_TYPE": 0, "CLASSIFICATION_TYPE": "U", "NORAD_CAT_ID": 37326, "ELEMENT_SET_NO": 999, "REV_AT_EPOCH": 86077, "BSTAR": 0.00094268955, "MEAN_MOTION_DOT": 4.79e-05, "MEAN_MOTION_DDOT": 0}, "tle": {"line1": "1 37326U 93036BKS 26022.38021159  .00004790  00000+0  94269-3 0  9995", "line2": "2 37326  74.0232 256.8770 0056088  14.5820 345.6948 14.61846690860775"}}, "geometry": {"type": "Point", "coordinates": [-85.75509330365719, 50.41001625405365]}}, {"type": "Feature", "properties": {"norad_id": 37330, "name": "COSMOS 2251 DEB", "group": "cosmos-2251-debris", "lat": 73.9358132853126, "lon": -49.93407048137833, "alt_km": 656.1532548351843, "timestamp": "2026-01-23T21:29:55.112162+00:00", "meta": {"OBJECT_NAME": "COSMOS 2251 DEB", "OBJECT_ID": "1993-036BKW", "EPOCH": "2026-01-20T05:54:24.731712", "MEAN_MOTION": 14.59665022, "ECCENTRICITY": 0.0056908, "INCLINATION": 74.015, "RA_OF_ASC_NODE": 221.5723, "ARG_OF_PERICENTER": 58.7354, "MEAN_ANOMALY": 301.9367, "EPHEMERIS_TYPE": 0, "CLASSIFICATION_TYPE": "U", "NORAD_CAT_ID": 37330, "ELEMENT_SET_NO": 999, "REV_AT_EPOCH": 86930, "BSTAR": 0.00036205598, "MEAN_MOTION_DOT": 1.734e-05, "MEAN_MOTION_DDOT": 0}, "tle": {"line1": "1 37330U 93036BKW 26020.24611958  .00001734  00000+0  36206-3 0  9997", "line2": "2 37330  74.0150 221.5723 0056908  58.7354 301.9367 14.59665022869302"}}, "geometry": {"type": "Point", "coordinates": [-49.93407048137833, 73.9358132853126]}}, {"type": "Feature", "properties": {"norad_id": 37331, "name": "COSMOS 2251 DEB", "group": "cosmos-2251-debris", "lat": 72.75087805484753, "lon": 103.91471658968679, "alt_km": 776.4034665069876, "timestamp": "2026-01-23T21:29:55.112172+00:00", "meta": {"OBJECT_NAME": "COSMOS 2251 DEB", "OBJECT_ID": "1993-036BKX", "EPOCH": "2026-01-22T14:56:23.211168", "MEAN_MOTION": 14.35178557, "ECCENTRICITY": 0.00566277, "INCLINATION": 74.0759, "RA_OF_ASC_NODE": 353.0956, "ARG_OF_PERICENTER": 355.7468, "MEAN_ANOMALY": 4.3195, "EPHEMERIS_TYPE": 0, "CLASSIFICATION_TYPE": "U", "NORAD_CAT_ID": 37331, "ELEMENT_SET_NO": 999, "REV_AT_EPOCH": 85346, "BSTAR": 0.0013018262, "MEAN_MOTION_DOT": 3.765e-05, "MEAN_MOTION_DDOT": 0}, "tle": {"line1": "1 37331U 93036BKX 26022.62249087  .00003765  00000+0  13018-2 0  9993", "line2": "2 37331  74.0759 353.0956 0056627 355.7468   4.3195 14.35178557853460"}}, "geometry": {"type": "Point", "coordinates": [103.91471658968679, 72.75087805484753]}}, {"type": "Feature", "properties": {"norad_id": 37336, "name": "COSMOS 2251 DEB", "group": "cosmos-2251-debris", "lat": 73.26669086160877, "lon": -33.59593710917849, "alt_km": 786.9809799855311, "timestamp": "2026-01-23T21:29:55.112182+00:00", "meta": {"OBJECT_NAME": "COSMOS 2251 DEB", "OBJECT_ID": "1993-036BLC", "EPOCH": "2026-01-21T08:46:39.774432", "MEAN_MOTION": 14.32779599, "ECCENTRICITY": 0.003039, "INCLINATION": 74.04, "RA_OF_ASC_NODE": 258.8723, "ARG_OF_PERICENTER": 326.8714, "MEAN_ANOMALY": 33.0533, "EPHEMERIS_TYPE": 0, "CLASSIFICATION_TYPE": "U", "NORAD_CAT_ID": 37336, "ELEMENT_SET_NO": 999, "REV_AT_EPOCH": 65687, "BSTAR": 0.00012342438, "MEAN_MOTION_DOT": 3.12e-06, "MEAN_MOTION_DDOT": 0}, "tle": {"line1": "1 37336U 93036BLC 26021.36573813  .00000312  00000+0  12342-3 0  9990", "line2": "2 37336  74.0400 258.8723 0030390 326.8714  33.0533 14.32779599656875"}}, "geometry": {"type": "Point", "coordinates": [-33.59593710917849, 73.26669086160877]}}, {"type": "Feature", "properties": {"norad_id": 37340, "name": "COSMOS 2251 DEB", "group": "cosmos-2251-debris", "lat": -36.79849832243008, "lon": 31.97216044725553, "alt_km": 769.5689209838638, "timestamp": "2026-01-23T21:29:55.112193+00:00", "meta": {"OBJECT_NAME": "COSMOS 2251 DEB", "OBJECT_ID": "1993-036BLG", "EPOCH": "2026-01-19T21:14:41.672256", "MEAN_MOTION": 14.36968739, "ECCENTRICITY": 0.00190853, "INCLINATION": 74.023, "RA_OF_ASC_NODE": 206.9739, "ARG_OF_PERICENTER": 295.6724, "MEAN_ANOMALY": 64.2458, "EPHEMERIS_TYPE": 0, "CLASSIFICATION_TYPE": "U", "NORAD_CAT_ID": 37340, "ELEMENT_SET_NO": 999, "REV_AT_EPOCH": 84615, "BSTAR": 0.00020325701, "MEAN_MOTION_DOT": 5.77e-06, "MEAN_MOTION_DDOT": 0}, "tle": {"line1": "1 37340U 93036BLG 26019.88520454  .00000577  00000+0  20326-3 0  9996", "line2": "2 37340  74.0230 206.9739 0019085 295.6724  64.2458 14.36968739846158"}}, "geometry": {"type": "Point", "coordinates": [31.97216044725553, -36.79849832243008]}}, {"type": "Feature", "properties": {"norad_id": 37483, "name": "COSMOS 2251 DEB", "group": "cosmos-2251-debris", "lat": -70.92819644053239, "lon": -59.07833765729282, "alt_km": 686.2531799688659, "timestamp": "2026-01-23T21:29:55.112203+00:00", "meta": {"OBJECT_NAME": "COSMOS 2251 DEB", "OBJECT_ID": "1993-036BLL", "EPOCH": "2026-01-22T11:01:56.826336", "MEAN_MOTION": 14.4364184, "ECCENTRICITY": 0.00943528, "INCLINATION": 73.9736, "RA_OF_ASC_NODE": 67.3602, "ARG_OF_PERICENTER": 265.236, "MEAN_ANOMALY": 93.8017, "EPHEMERIS_TYPE": 0, "CLASSIFICATION_TYPE": "U", "NORAD_CAT_ID": 37483, "ELEMENT_SET_NO": 999, "REV_AT_EPOCH": 65867, "BSTAR": 0.00046245159, "MEAN_MOTION_DOT": 1.627e-05, "MEAN_MOTION_DDOT": 0}, "tle": {"line1": "1 37483U 93036BLL 26022.45968549  .00001627  00000+0  46245-3 0  9997", "line2": "2 37483  73.9736  67.3602 0094352 265.2360  93.8017 14.43641840658678"}}, "geometry": {"type": "Point", "coordinates": [-59.07833765729282, -70.92819644053239]}}, {"type": "Feature", "properties": {"norad_id": 37484, "name": "COSMOS 2251 DEB", "group": "cosmos-2251-debris", "lat": -68.3891125070953, "lon": -3.5933477473165523, "alt_km": 761.7016331868726, "timestamp": "2026-01-23T21:29:55.112213+00:00", "meta": {"OBJECT_NAME": "COSMOS 2251 DEB", "OBJECT_ID": "1993-036BLM", "EPOCH": "2026-01-20T14:09:11.288736", "MEAN_MOTION": 14.42049825, "ECCENTRICITY": 0.00374657, "INCLINATION": 73.824, "RA_OF_ASC_NODE": 135.4988, "ARG_OF_PERICENTER": 165.1488, "MEAN_ANOMALY": 213.4209, "EPHEMERIS_TYPE": 0, "CLASSIFICATION_TYPE": "U", "NORAD_CAT_ID": 37484, "ELEMENT_SET_NO": 999, "REV_AT_EPOCH": 65939, "BSTAR": 0.002013054, "MEAN_MOTION_DOT": 6.645e-05, "MEAN_MOTION_DDOT": 0}, "tle": {"line1": "1 37484U 93036BLM 26020.58971399  .00006645  00000+0  20131-2 0  9997", "line2": "2 37484  73.8240 135.4988 0037465 165.1488 213.4209 14.42049825659390"}}, "geometry": {"type": "Point", "coordinates": [-3.5933477473165523, -68.3891125070953]}}, {"type": "Feature", "properties": {"norad_id": 37486, "name": "COSMOS 2251 DEB", "group": "cosmos-2251-debris", "lat": 4.841820358730388, "lon": -143.07494587459317, "alt_km": 831.0103452899575, "timestamp": "2026-01-23T21:29:55.112223+00:00", "meta": {"OBJECT_NAME": "COSMOS 2251 DEB", "OBJECT_ID": "1993-036BLP", "EPOCH": "2026-01-20T09:45:05.080320", "MEAN_MOTION": 14.13820023, "ECCENTRICITY": 0.02329791, "INCLINATION": 73.6921, "RA_OF_ASC_NODE": 44.658, "ARG_OF_PERICENTER": 267.2182, "MEAN_ANOMALY": 155.9923, "EPHEMERIS_TYPE": 0, "CLASSIFICATION_TYPE": "U", "NORAD_CAT_ID": 37486, "ELEMENT_SET_NO": 999, "REV_AT_EPOCH": 63916, "BSTAR": 0.0054148162, "MEAN_MOTION_DOT": 0.00013289, "MEAN_MOTION_DDOT": 0}, "tle": {"line1": "1 37486U 93036BLP 26020.40630880  .00013289  00000+0  54148-2 0  9994", "line2": "2 37486  73.6921  44.6580 0232979 267.2182 155.9923 14.13820023639168"}}, "geometry": {"type": "Point", "coordinates": [-143.07494587459317, 4.841820358730388]}}, {"type": "Feature", "properties": {"norad_id": 37487, "name": "COSMOS 2251 DEB", "group": "cosmos-2251-debris", "lat": -55.070016056667654, "lon": -47.49360793019838, "alt_km": 613.1797972839931, "timestamp": "2026-01-23T21:29:55.112234+00:00", "meta": {"OBJECT_NAME": "COSMOS 2251 DEB", "OBJECT_ID": "1993-036BLQ", "EPOCH": "2026-01-22T21:46:06.599712", "MEAN_MOTION": 14.83654512, "ECCENTRICITY": 0.0031534, "INCLINATION": 73.9012, "RA_OF_ASC_NODE": 110.0535, "ARG_OF_PERICENTER": 300.6068, "MEAN_ANOMALY": 59.2, "EPHEMERIS_TYPE": 0, "CLASSIFICATION_TYPE": "U", "NORAD_CAT_ID": 37487, "ELEMENT_SET_NO": 999, "REV_AT_EPOCH": 81855, "BSTAR": 0.0038758954, "MEAN_MOTION_DOT": 0.00032404, "MEAN_MOTION_DDOT": 0}, "tle": {"line1": "1 37487U 93036BLQ 26022.90702083  .00032404  00000+0  38759-2 0  9997", "line2": "2 37487  73.9012 110.0535 0031534 300.6068  59.2000 14.83654512818559"}}, "geometry": {"type": "Point", "coordinates": [-47.49360793019838, -55.070016056667654]}}, {"type": "Feature", "properties": {"norad_id": 37491, "name": "COSMOS 2251 DEB", "group": "cosmos-2251-debris", "lat": -6.985898158113101, "lon": -158.61642800779117, "alt_km": 1205.7881728188695, "timestamp": "2026-01-23T21:29:55.112244+00:00", "meta": {"OBJECT_NAME": "COSMOS 2251 DEB", "OBJECT_ID": "1993-036BLU", "EPOCH": "2026-01-22T05:23:10.732992", "MEAN_MOTION": 13.75398068, "ECCENTRICITY": 0.0314475, "INCLINATION": 73.9032, "RA_OF_ASC_NODE": 206.2129, "ARG_OF_PERICENTER": 191.7217, "MEAN_ANOMALY": 167.6465, "EPHEMERIS_TYPE": 0, "CLASSIFICATION_TYPE": "U", "NORAD_CAT_ID": 37491, "ELEMENT_SET_NO": 999, "REV_AT_EPOCH": 56303, "BSTAR": 0.0016399, "MEAN_MOTION_DOT": 2.238e-05, "MEAN_MOTION_DDOT": 0}, "tle": {"line1": "1 37491U 93036BLU 26022.22442978  .00002238  00000+0  16399-2 0  9999", "line2": "2 37491  73.9032 206.2129 0314475 191.7217 167.6465 13.75398068563036"}}, "geometry": {"type": "Point", "coordinates": [-158.61642800779117, -6.985898158113101]}}, {"type": "Feature", "properties": {"norad_id": 37496, "name": "COSMOS 2251 DEB", "group": "cosmos-2251-debris", "lat": 6.970921003519284, "lon": -121.57877720518452, "alt_km": 613.7152584254045, "timestamp": "2026-01-23T21:29:55.112254+00:00", "meta": {"OBJECT_NAME": "COSMOS 2251 DEB", "OBJECT_ID": "1993-036BLZ", "EPOCH": "2026-01-19T22:41:57.159744", "MEAN_MOTION": 14.94731607, "ECCENTRICITY": 0.00663604, "INCLINATION": 73.9474, "RA_OF_ASC_NODE": 244.4071, "ARG_OF_PERICENTER": 246.4309, "MEAN_ANOMALY": 112.9896, "EPHEMERIS_TYPE": 0, "CLASSIFICATION_TYPE": "U", "NORAD_CAT_ID": 37496, "ELEMENT_SET_NO": 999, "REV_AT_EPOCH": 66588, "BSTAR": 0.0021426403, "MEAN_MOTION_DOT": 0.00024359, "MEAN_MOTION_DDOT": 0}, "tle": {"line1": "1 37496U 93036BLZ 26019.94580046  .00024359  00000+0  21426-2 0  9993", "line2": "2 37496  73.9474 244.4071 0066360 246.4309 112.9896 14.94731607665887"}}, "geometry": {"type": "Point", "coordinates": [-121.57877720518452, 6.970921003519284]}}, {"type": "Feature", "properties": {"norad_id": 37498, "name": "COSMOS 2251 DEB", "group": "cosmos-2251-debris", "lat": -50.44385906445064, "lon": -55.629469147778394, "alt_km": 712.2177123763413, "timestamp": "2026-01-23T21:29:55.112264+00:00", "meta": {"OBJECT_NAME": "COSMOS 2251 DEB", "OBJECT_ID": "1993-036BMB", "EPOCH": "2026-01-19T12:28:59.224224", "MEAN_MOTION": 14.55154484, "ECCENTRICITY": 0.00103769, "INCLINATION": 74.0372, "RA_OF_ASC_NODE": 112.3762, "ARG_OF_PERICENTER": 177.2332, "MEAN_ANOMALY": 182.889, "EPHEMERIS_TYPE": 0, "CLASSIFICATION_TYPE": "U", "NORAD_CAT_ID": 37498, "ELEMENT_SET_NO": 999, "REV_AT_EPOCH": 65904, "BSTAR": 0.0010872776, "MEAN_MOTION_DOT": 4.676e-05, "MEAN_MOTION_DDOT": 0}, "tle": {"line1": "1 37498U 93036BMB 26019.52012991  .00004676  00000+0  10873-2 0  9992", "line2": "2 37498  74.0372 112.3762 0010376 177.2332 182.8890 14.55154484659041"}}, "geometry": {"type": "Point", "coordinates": [-55.629469147778394, -50.44385906445064]}}, {"type": "Feature", "properties": {"norad_id": 37499, "name": "COSMOS 2251 DEB", "group": "cosmos-2251-debris", "lat": -18.737388782285695, "lon": 70.58888105183871, "alt_km": 789.3590417088808, "timestamp": "2026-01-23T21:29:55.112274+00:00", "meta": {"OBJECT_NAME": "COSMOS 2251 DEB", "OBJECT_ID": "1993-036BMC", "EPOCH": "2026-01-19T01:04:22.861056", "MEAN_MOTION": 14.34382337, "ECCENTRICITY": 0.00284426, "INCLINATION": 74.0364, "RA_OF_ASC_NODE": 253.8954, "ARG_OF_PERICENTER": 321.4, "MEAN_ANOMALY": 38.5118, "EPHEMERIS_TYPE": 0, "CLASSIFICATION_TYPE": "U", "NORAD_CAT_ID": 37499, "ELEMENT_SET_NO": 999, "REV_AT_EPOCH": 85684, "BSTAR": 0.00011886953, "MEAN_MOTION_DOT": 3.1e-06, "MEAN_MOTION_DDOT": 0}, "tle": {"line1": "1 37499U 93036BMC 26019.04470904  .00000310  00000+0  11887-3 0  9990", "line2": "2 37499  74.0364 253.8954 0028442 321.4000  38.5118 14.34382337856849"}}, "geometry": {"type": "Point", "coordinates": [70.58888105183871, -18.737388782285695]}}, {"type": "Feature", "properties": {"norad_id": 37528, "name": "COSMOS 2251 DEB", "group": "cosmos-2251-debris", "lat": -58.29428480386566, "lon": 15.302637541690709, "alt_km": 735.3304603079041, "timestamp": "2026-01-23T21:29:55.112284+00:00", "meta": {"OBJECT_NAME": "COSMOS 2251 DEB", "OBJECT_ID": "1993-036BNH", "EPOCH": "2026-01-22T07:43:10.179840", "MEAN_MOTION": 14.5068578, "ECCENTRICITY": 0.0020005, "INCLINATION": 74.0375, "RA_OF_ASC_NODE": 45.8628, "ARG_OF_PERICENTER": 189.6064, "MEAN_ANOMALY": 170.4717, "EPHEMERIS_TYPE": 0, "CLASSIFICATION_TYPE": "U", "NORAD_CAT_ID": 37528, "ELEMENT_SET_NO": 999, "REV_AT_EPOCH": 86519, "BSTAR": 0.00074835, "MEAN_MOTION_DOT": 2.921e-05, "MEAN_MOTION_DDOT": 0}, "tle": {"line1": "1 37528U 93036BNH 26022.32164560  .00002921  00000+0  74835-3 0  9998", "line2": "2 37528  74.0375  45.8628 0020005 189.6064 170.4717 14.50685780865197"}}, "geometry": {"type": "Point", "coordinates": [15.302637541690709, -58.29428480386566]}}, {"type": "Feature", "properties": {"norad_id": 37530, "name": "COSMOS 2251 DEB", "group": "cosmos-2251-debris", "lat": -64.70537547809964, "lon": -140.84573242364604, "alt_km": 764.8801686877787, "timestamp": "2026-01-23T21:29:55.112294+00:00", "meta": {"OBJECT_NAME": "COSMOS 2251 DEB", "OBJECT_ID": "1993-036BNK", "EPOCH": "2026-01-21T08:28:06.303072", "MEAN_MOTION": 14.34566096, "ECCENTRICITY": 0.00273962, "INCLINATION": 74.0349, "RA_OF_ASC_NODE": 261.0936, "ARG_OF_PERICENTER": 314.7769, "MEAN_ANOMALY": 167.7116, "EPHEMERIS_TYPE": 0, "CLASSIFICATION_TYPE": "U", "NORAD_CAT_ID": 37530, "ELEMENT_SET_NO": 999, "REV_AT_EPOCH": 85800, "BSTAR": 0.00036520591, "MEAN_MOTION_DOT": 1.009e-05, "MEAN_MOTION_DDOT": 0}, "tle": {"line1": "1 37530U 93036BNK 26021.35285073  .00001009  00000+0  36521-3 0  9992", "line2": "2 37530  74.0349 261.0936 0027396 314.7769 167.7116 14.34566096858002"}}, "geometry": {"type": "Point", "coordinates": [-140.84573242364604, -64.70537547809964]}}, {"type": "Feature", "properties": {"norad_id": 37531, "name": "COSMOS 2251 DEB", "group": "cosmos-2251-debris", "lat": 4.238796240913567, "lon": 2.9143539876715505, "alt_km": 676.2257429865022, "timestamp": "2026-01-23T21:29:55.112304+00:00", "meta": {"OBJECT_NAME": "COSMOS 2251 DEB", "OBJECT_ID": "1993-036BNL", "EPOCH": "2026-01-19T03:36:14.617152", "MEAN_MOTION": 14.64843699, "ECCENTRICITY": 0.00347479, "INCLINATION": 74.0045, "RA_OF_ASC_NODE": 193.2727, "ARG_OF_PERICENTER": 268.6459, "MEAN_ANOMALY": 91.0728, "EPHEMERIS_TYPE": 0, "CLASSIFICATION_TYPE": "U", "NORAD_CAT_ID": 37531, "ELEMENT_SET_NO": 999, "REV_AT_EPOCH": 70599, "BSTAR": 0.0018221626, "MEAN_MOTION_DOT": 9.799e-05, "MEAN_MOTION_DDOT": 0}, "tle": {"line1": "1 37531U 93036BNL 26019.15016918  .00009799  00000+0  18222-2 0  9999", "line2": "2 37531  74.0045 193.2727 0034747 268.6459  91.0728 14.64843699705998"}}, "geometry": {"type": "Point", "coordinates": [2.9143539876715505, 4.238796240913567]}}, {"type": "Feature", "properties": {"norad_id": 37532, "name": "COSMOS 2251 DEB", "group": "cosmos-2251-debris", "lat": -8.936104729686074, "lon": -39.82862622082622, "alt_km": 745.7597789965303, "timestamp": "2026-01-23T21:29:55.112315+00:00", "meta": {"OBJECT_NAME": "COSMOS 2251 DEB", "OBJECT_ID": "1993-036BNM", "EPOCH": "2026-01-19T15:09:54.342144", "MEAN_MOTION": 14.42476657, "ECCENTRICITY": 0.00163184, "INCLINATION": 74.0508, "RA_OF_ASC_NODE": 145.494, "ARG_OF_PERICENTER": 243.0315, "MEAN_ANOMALY": 133.1327, "EPHEMERIS_TYPE": 0, "CLASSIFICATION_TYPE": "U", "NORAD_CAT_ID": 37532, "ELEMENT_SET_NO": 999, "REV_AT_EPOCH": 85462, "BSTAR": 0.00024892183, "MEAN_MOTION_DOT": 7.99e-06, "MEAN_MOTION_DDOT": 0}, "tle": {"line1": "1 37532U 93036BNM 26019.63187896  .00000799  00000+0  24892-3 0  9999", "line2": "2 37532  74.0508 145.4940 0016318 243.0315 133.1327 14.42476657854621"}}, "geometry": {"type": "Point", "coordinates": [-39.82862622082622, -8.936104729686074]}}, {"type": "Feature", "properties": {"norad_id": 37533, "name": "COSMOS 2251 DEB", "group": "cosmos-2251-debris", "lat": 32.000494930179755, "lon": 127.76030375534319, "alt_km": 922.559873133403, "timestamp": "2026-01-23T21:29:55.112325+00:00", "meta": {"OBJECT_NAME": "COSMOS 2251 DEB", "OBJECT_ID": "1993-036BNN", "EPOCH": "2026-01-22T13:02:26.644416", "MEAN_MOTION": 14.12507786, "ECCENTRICITY": 0.01559636, "INCLINATION": 74.0688, "RA_OF_ASC_NODE": 119.8634, "ARG_OF_PERICENTER": 167.9671, "MEAN_ANOMALY": 192.5267, "EPHEMERIS_TYPE": 0, "CLASSIFICATION_TYPE": "U", "NORAD_CAT_ID": 37533, "ELEMENT_SET_NO": 999, "REV_AT_EPOCH": 63497, "BSTAR": 0.0029339683, "MEAN_MOTION_DOT": 6.064e-05, "MEAN_MOTION_DDOT": 0}, "tle": {"line1": "1 37533U 93036BNN 26022.54336394  .00006064  00000+0  29340-2 0  9996", "line2": "2 37533  74.0688 119.8634 0155963 167.9671 192.5267 14.12507786634976"}}, "geometry": {"type": "Point", "coordinates": [127.76030375534319, 32.000494930179755]}}, {"type": "Feature", "properties": {"norad_id": 37535, "name": "COSMOS 2251 DEB", "group": "cosmos-2251-debris", "lat": 43.59966094320353, "lon": 157.3416706187487, "alt_km": 675.4652440122245, "timestamp": "2026-01-23T21:29:55.112335+00:00", "meta": {"OBJECT_NAME": "COSMOS 2251 DEB", "OBJECT_ID": "1993-036BNQ", "EPOCH": "2026-01-22T16:04:01.349184", "MEAN_MOTION": 14.58772993, "ECCENTRICITY": 0.00255673, "INCLINATION": 74.0252, "RA_OF_ASC_NODE": 355.5079, "ARG_OF_PERICENTER": 123.7651, "MEAN_ANOMALY": 52.7676, "EPHEMERIS_TYPE": 0, "CLASSIFICATION_TYPE": "U", "NORAD_CAT_ID": 37535, "ELEMENT_SET_NO": 999, "REV_AT_EPOCH": 85921, "BSTAR": 0.0011471437, "MEAN_MOTION_DOT": 5.359e-05, "MEAN_MOTION_DDOT": 0}, "tle": {"line1": "1 37535U 93036BNQ 26022.66946006  .00005359  00000+0  11471-2 0  9990", "line2": "2 37535  74.0252 355.5079 0025567 123.7651  52.7676 14.58772993859212"}}, "geometry": {"type": "Point", "coordinates": [157.3416706187487, 43.59966094320353]}}, {"type": "Feature", "properties": {"norad_id": 37537, "name": "COSMOS 2251 DEB", "group": "cosmos-2251-debris", "lat": 7.643846246475651, "lon": -170.36544100680794, "alt_km": 744.3359237464592, "timestamp": "2026-01-23T21:29:55.112345+00:00", "meta": {"OBJECT_NAME": "COSMOS 2251 DEB", "OBJECT_ID": "1993-036BNS", "EPOCH": "2026-01-21T19:21:24.684480", "MEAN_MOTION": 14.37548887, "ECCENTRICITY": 0.00520357, "INCLINATION": 74.0102, "RA_OF_ASC_NODE": 191.2789, "ARG_OF_PERICENTER": 322.0214, "MEAN_ANOMALY": 37.7274, "EPHEMERIS_TYPE": 0, "CLASSIFICATION_TYPE": "U", "NORAD_CAT_ID": 37537, "ELEMENT_SET_NO": 999, "REV_AT_EPOCH": 85609, "BSTAR": 0.00032935459, "MEAN_MOTION_DOT": 9.76e-06, "MEAN_MOTION_DDOT": 0}, "tle": {"line1": "1 37537U 93036BNS 26021.80653570  .00000976  00000+0  32935-3 0  9997", "line2": "2 37537  74.0102 191.2789 0052035 322.0214  37.7274 14.37548887856090"}}, "geometry": {"type": "Point", "coordinates": [-170.36544100680794, 7.643846246475651]}}, {"type": "Feature", "properties": {"norad_id": 37546, "name": "COSMOS 2251 DEB", "group": "cosmos-2251-debris", "lat": -68.69555436825354, "lon": -118.00598427391442, "alt_km": 629.3527708574866, "timestamp": "2026-01-23T21:29:55.112356+00:00", "meta": {"OBJECT_NAME": "COSMOS 2251 DEB", "OBJECT_ID": "1993-036BPB", "EPOCH": "2026-01-22T23:17:25.529568", "MEAN_MOTION": 14.82240905, "ECCENTRICITY": 0.00076264, "INCLINATION": 74.0227, "RA_OF_ASC_NODE": 16.5427, "ARG_OF_PERICENTER": 351.0543, "MEAN_ANOMALY": 9.0497, "EPHEMERIS_TYPE": 0, "CLASSIFICATION_TYPE": "U", "NORAD_CAT_ID": 37546, "ELEMENT_SET_NO": 999, "REV_AT_EPOCH": 66498, "BSTAR": 0.0025293694, "MEAN_MOTION_DOT": 0.00020225, "MEAN_MOTION_DDOT": 0}, "tle": {"line1": "1 37546U 93036BPB 26022.97043437  .00020225  00000+0  25294-2 0  9999", "line2": "2 37546  74.0227  16.5427 0007626 351.0543   9.0497 14.82240905664983"}}, "geometry": {"type": "Point", "coordinates": [-118.00598427391442, -68.69555436825354]}}, {"type": "Feature", "properties": {"norad_id": 37959, "name": "COSMOS 2251 DEB", "group": "cosmos-2251-debris", "lat": -7.897178545920895, "lon": 158.8706655633223, "alt_km": 694.6404467586981, "timestamp": "2026-01-23T21:29:55.112366+00:00", "meta": {"OBJECT_NAME": "COSMOS 2251 DEB", "OBJECT_ID": "1993-036BPJ", "EPOCH": "2026-01-20T07:42:56.948544", "MEAN_MOTION": 14.5838821, "ECCENTRICITY": 0.00557441, "INCLINATION": 74.0115, "RA_OF_ASC_NODE": 343.402, "ARG_OF_PERICENTER": 116.0473, "MEAN_ANOMALY": 33.1982, "EPHEMERIS_TYPE": 0, "CLASSIFICATION_TYPE": "U", "NORAD_CAT_ID": 37959, "ELEMENT_SET_NO": 999, "REV_AT_EPOCH": 80689, "BSTAR": 0.0010050614, "MEAN_MOTION_DOT": 4.731e-05, "MEAN_MOTION_DDOT": 0}, "tle": {"line1": "1 37959U 93036BPJ 26020.32149246  .00004731  00000+0  10051-2 0  9998", "line2": "2 37959  74.0115 343.4020 0055744 116.0473  33.1982 14.58388210806893"}}, "geometry": {"type": "Point", "coordinates": [158.8706655633223, -7.897178545920895]}}, {"type": "Feature", "properties": {"norad_id": 37960, "name": "COSMOS 2251 DEB", "group": "cosmos-2251-debris", "lat": -25.63068782944824, "lon": 105.12492485802457, "alt_km": 1021.8004614713709, "timestamp": "2026-01-23T21:29:55.112376+00:00", "meta": {"OBJECT_NAME": "COSMOS 2251 DEB", "OBJECT_ID": "1993-036BPK", "EPOCH": "2026-01-20T13:29:07.416960", "MEAN_MOTION": 14.0802323, "ECCENTRICITY": 0.0246053, "INCLINATION": 74.0596, "RA_OF_ASC_NODE": 118.8484, "ARG_OF_PERICENTER": 128.3192, "MEAN_ANOMALY": 234.035, "EPHEMERIS_TYPE": 0, "CLASSIFICATION_TYPE": "U", "NORAD_CAT_ID": 37960, "ELEMENT_SET_NO": 999, "REV_AT_EPOCH": 77952, "BSTAR": 0.00090625697, "MEAN_MOTION_DOT": 2.012e-05, "MEAN_MOTION_DDOT": 0}, "tle": {"line1": "1 37960U 93036BPK 26020.56189140  .00002012  00000+0  90626-3 0  9990", "line2": "2 37960  74.0596 118.8484 0246053 128.3192 234.0350 14.08023230779528"}}, "geometry": {"type": "Point", "coordinates": [105.12492485802457, -25.63068782944824]}}, {"type": "Feature", "properties": {"norad_id": 37961, "name": "COSMOS 2251 DEB", "group": "cosmos-2251-debris", "lat": -56.8679014215769, "lon": -97.07237630231344, "alt_km": 715.1227048368992, "timestamp": "2026-01-23T21:29:55.112386+00:00", "meta": {"OBJECT_NAME": "COSMOS 2251 DEB", "OBJECT_ID": "1993-036BPL", "EPOCH": "2026-01-19T19:16:06.446496", "MEAN_MOTION": 14.58365763, "ECCENTRICITY": 0.00377461, "INCLINATION": 74.0392, "RA_OF_ASC_NODE": 64.7056, "ARG_OF_PERICENTER": 137.0837, "MEAN_ANOMALY": 223.3284, "EPHEMERIS_TYPE": 0, "CLASSIFICATION_TYPE": "U", "NORAD_CAT_ID": 37961, "ELEMENT_SET_NO": 999, "REV_AT_EPOCH": 80620, "BSTAR": 0.00069831656, "MEAN_MOTION_DOT": 3.238e-05, "MEAN_MOTION_DDOT": 0}, "tle": {"line1": "1 37961U 93036BPL 26019.80285239  .00003238  00000+0  69832-3 0  9998", "line2": "2 37961  74.0392  64.7056 0037746 137.0837 223.3284 14.58365763806205"}}, "geometry": {"type": "Point", "coordinates": [-97.07237630231344, -56.8679014215769]}}, {"type": "Feature", "properties": {"norad_id": 37966, "name": "COSMOS 2251 DEB", "group": "cosmos-2251-debris", "lat": -17.367564207269496, "lon": 137.3913779378085, "alt_km": 507.2596235358769, "timestamp": "2026-01-23T21:29:55.112397+00:00", "meta": {"OBJECT_NAME": "COSMOS 2251 DEB", "OBJECT_ID": "1993-036BPR", "EPOCH": "2026-01-19T02:05:00.540384", "MEAN_MOTION": 15.17298045, "ECCENTRICITY": 0.00138527, "INCLINATION": 73.9821, "RA_OF_ASC_NODE": 152.6179, "ARG_OF_PERICENTER": 353.453, "MEAN_ANOMALY": 6.6483, "EPHEMERIS_TYPE": 0, "CLASSIFICATION_TYPE": "U", "NORAD_CAT_ID": 37966, "ELEMENT_SET_NO": 999, "REV_AT_EPOCH": 85908, "BSTAR": 0.0032023219, "MEAN_MOTION_DOT": 0.00064526, "MEAN_MOTION_DDOT": 0}, "tle": {"line1": "1 37966U 93036BPR 26019.08681181  .00064526  00000+0  32023-2 0  9997", "line2": "2 37966  73.9821 152.6179 0013852 353.4530   6.6483 15.17298045859085"}}, "geometry": {"type": "Point", "coordinates": [137.3913779378085, -17.367564207269496]}}, {"type": "Feature", "properties": {"norad_id": 37967, "name": "COSMOS 2251 DEB", "group": "cosmos-2251-debris", "lat": -68.48938465572766, "lon": -74.08717483812882, "alt_km": 717.4070754845652, "timestamp": "2026-01-23T21:29:55.112407+00:00", "meta": {"OBJECT_NAME": "COSMOS 2251 DEB", "OBJECT_ID": "1993-036BPS", "EPOCH": "2026-01-22T12:40:04.550880", "MEAN_MOTION": 14.41109975, "ECCENTRICITY": 0.0149333, "INCLINATION": 74.0144, "RA_OF_ASC_NODE": 61.7852, "ARG_OF_PERICENTER": 192.0391, "MEAN_ANOMALY": 167.7183, "EPHEMERIS_TYPE": 0, "CLASSIFICATION_TYPE": "U", "NORAD_CAT_ID": 37967, "ELEMENT_SET_NO": 999, "REV_AT_EPOCH": 65323, "BSTAR": 0.001689463, "MEAN_MOTION_DOT": 6.191e-05, "MEAN_MOTION_DDOT": 0}, "tle": {"line1": "1 37967U 93036BPS 26022.52783045  .00006191  00000+0  16895-2 0  9996", "line2": "2 37967  74.0144  61.7852 0149333 192.0391 167.7183 14.41109975653234"}}, "geometry": {"type": "Point", "coordinates": [-74.08717483812882, -68.48938465572766]}}, {"type": "Feature", "properties": {"norad_id": 37968, "name": "COSMOS 2251 DEB", "group": "cosmos-2251-debris", "lat": -10.676618312237636, "lon": 8.231530369443348, "alt_km": 575.0429087846833, "timestamp": "2026-01-23T21:29:55.112418+00:00", "meta": {"OBJECT_NAME": "COSMOS 2251 DEB", "OBJECT_ID": "1993-036BPT", "EPOCH": "2026-01-22T04:40:10.307136", "MEAN_MOTION": 15.0160927, "ECCENTRICITY": 0.0080906, "INCLINATION": 73.9991, "RA_OF_ASC_NODE": 188.6032, "ARG_OF_PERICENTER": 294.8847, "MEAN_ANOMALY": 64.3946, "EPHEMERIS_TYPE": 0, "CLASSIFICATION_TYPE": "U", "NORAD_CAT_ID": 37968, "ELEMENT_SET_NO": 999, "REV_AT_EPOCH": 60826, "BSTAR": 0.00094764, "MEAN_MOTION_DOT": 0.00013171, "MEAN_MOTION_DDOT": 0}, "tle": {"line1": "1 37968U 93036BPT 26022.19456374  .00013171  00000+0  94764-3 0  9990", "line2": "2 37968  73.9991 188.6032 0080906 294.8847  64.3946 15.01609270608261"}}, "geometry": {"type": "Point", "coordinates": [8.231530369443348, -10.676618312237636]}}, {"type": "Feature", "properties": {"norad_id": 37971, "name": "COSMOS 2251 DEB", "group": "cosmos-2251-debris", "lat": 57.86414088271398, "lon": 115.30439253908773, "alt_km": 681.4907203641724, "timestamp": "2026-01-23T21:29:55.112427+00:00", "meta": {"OBJECT_NAME": "COSMOS 2251 DEB", "OBJECT_ID": "1993-036BPW", "EPOCH": "2026-01-22T13:28:59.799936", "MEAN_MOTION": 14.49253762, "ECCENTRICITY": 0.00645864, "INCLINATION": 73.994, "RA_OF_ASC_NODE": 325.0028, "ARG_OF_PERICENTER": 93.0309, "MEAN_ANOMALY": 267.8244, "EPHEMERIS_TYPE": 0, "CLASSIFICATION_TYPE": "U", "NORAD_CAT_ID": 37971, "ELEMENT_SET_NO": 999, "REV_AT_EPOCH": 61269, "BSTAR": 0.0021584003, "MEAN_MOTION_DOT": 8.433e-05, "MEAN_MOTION_DDOT": 0}, "tle": {"line1": "1 37971U 93036BPW 26022.56180324  .00008433  00000+0  21584-2 0  9998", "line2": "2 37971  73.9940 325.0028 0064586  93.0309 267.8244 14.49253762612694"}}, "geometry": {"type": "Point", "coordinates": [115.30439253908773, 57.86414088271398]}}, {"type": "Feature", "properties": {"norad_id": 37975, "name": "COSMOS 2251 DEB", "group": "cosmos-2251-debris", "lat": -28.59950291553338, "lon": -127.79369003312286, "alt_km": 660.7593693226881, "timestamp": "2026-01-23T21:29:55.112438+00:00", "meta": {"OBJECT_NAME": "COSMOS 2251 DEB", "OBJECT_ID": "1993-036BQA", "EPOCH": "2026-01-22T08:16:41.701440", "MEAN_MOTION": 14.78241077, "ECCENTRICITY": 0.0089361, "INCLINATION": 73.9995, "RA_OF_ASC_NODE": 244.2593, "ARG_OF_PERICENTER": 224.0036, "MEAN_ANOMALY": 135.4003, "EPHEMERIS_TYPE": 0, "CLASSIFICATION_TYPE": "U", "NORAD_CAT_ID": 37975, "ELEMENT_SET_NO": 999, "REV_AT_EPOCH": 70345, "BSTAR": 0.0030293734, "MEAN_MOTION_DOT": 0.0002355, "MEAN_MOTION_DDOT": 0}, "tle": {"line1": "1 37975U 93036BQA 26022.34492710  .00023550  00000+0  30294-2 0  9998", "line2": "2 37975  73.9995 244.2593 0089361 224.0036 135.4003 14.78241077703454"}}, "geometry": {"type": "Point", "coordinates": [-127.79369003312286, -28.59950291553338]}}, {"type": "Feature", "properties": {"norad_id": 37985, "name": "COSMOS 2251 DEB", "group": "cosmos-2251-debris", "lat": -9.665632964931236, "lon": 11.161384092316778, "alt_km": 783.0321161749607, "timestamp": "2026-01-23T21:29:55.112449+00:00", "meta": {"OBJECT_NAME": "COSMOS 2251 DEB", "OBJECT_ID": "1993-036BQL", "EPOCH": "2026-01-16T18:00:45.838656", "MEAN_MOTION": 14.35494057, "ECCENTRICITY": 0.0022192, "INCLINATION": 74.0232, "RA_OF_ASC_NODE": 201.476, "ARG_OF_PERICENTER": 316.4395, "MEAN_ANOMALY": 43.5004, "EPHEMERIS_TYPE": 0, "CLASSIFICATION_TYPE": "U", "NORAD_CAT_ID": 37985, "ELEMENT_SET_NO": 999, "REV_AT_EPOCH": 65419, "BSTAR": 3.33257e-05, "MEAN_MOTION_DOT": 7e-07, "MEAN_MOTION_DDOT": 0}, "tle": {"line1": "1 37985U 93036BQL 26016.75053054  .00000070  00000+0  33326-4 0  9994", "line2": "2 37985  74.0232 201.4760 0022192 316.4395  43.5004 14.35494057654192"}}, "geometry": {"type": "Point", "coordinates": [11.161384092316778, -9.665632964931236]}}, {"type": "Feature", "properties": {"norad_id": 37988, "name": "COSMOS 2251 DEB", "group": "cosmos-2251-debris", "lat": -68.23344270328808, "lon": 168.2156375614477, "alt_km": 656.8233810264646, "timestamp": "2026-01-23T21:29:55.112459+00:00", "meta": {"OBJECT_NAME": "COSMOS 2251 DEB", "OBJECT_ID": "1993-036BQP", "EPOCH": "2026-01-22T18:11:43.581120", "MEAN_MOTION": 14.69511896, "ECCENTRICITY": 0.00643514, "INCLINATION": 74.0635, "RA_OF_ASC_NODE": 304.7224, "ARG_OF_PERICENTER": 331.5959, "MEAN_ANOMALY": 28.1708, "EPHEMERIS_TYPE": 0, "CLASSIFICATION_TYPE": "U", "NORAD_CAT_ID": 37988, "ELEMENT_SET_NO": 999, "REV_AT_EPOCH": 23998, "BSTAR": 0.0014003718, "MEAN_MOTION_DOT": 8.551e-05, "MEAN_MOTION_DDOT": 0}, "tle": {"line1": "1 37988U 93036BQP 26022.75814330  .00008551  00000+0  14004-2 0  9998", "line2": "2 37988  74.0635 304.7224 0064351 331.5959  28.1708 14.69511896239985"}}, "geometry": {"type": "Point", "coordinates": [168.2156375614477, -68.23344270328808]}}, {"type": "Feature", "properties": {"norad_id": 37993, "name": "COSMOS 2251 DEB", "group": "cosmos-2251-debris", "lat": 54.78027986179274, "lon": -117.56893416695719, "alt_km": 676.7108975407818, "timestamp": "2026-01-23T21:29:55.112469+00:00", "meta": {"OBJECT_NAME": "COSMOS 2251 DEB", "OBJECT_ID": "1993-036BQU", "EPOCH": "2026-01-22T12:03:55.999872", "MEAN_MOTION": 14.60573166, "ECCENTRICITY": 0.00195041, "INCLINATION": 74.0217, "RA_OF_ASC_NODE": 89.0391, "ARG_OF_PERICENTER": 174.2294, "MEAN_ANOMALY": 185.91, "EPHEMERIS_TYPE": 0, "CLASSIFICATION_TYPE": "U", "NORAD_CAT_ID": 37993, "ELEMENT_SET_NO": 999, "REV_AT_EPOCH": 65912, "BSTAR": 0.0021025002, "MEAN_MOTION_DOT": 0.0001023, "MEAN_MOTION_DDOT": 0}, "tle": {"line1": "1 37993U 93036BQU 26022.50273148  .00010230  00000+0  21025-2 0  9991", "line2": "2 37993  74.0217  89.0391 0019504 174.2294 185.9100 14.60573166659128"}}, "geometry": {"type": "Point", "coordinates": [-117.56893416695719, 54.78027986179274]}}, {"type": "Feature", "properties": {"norad_id": 37994, "name": "COSMOS 2251 DEB", "group": "cosmos-2251-debris", "lat": -27.868741639342705, "lon": -170.86927842870537, "alt_km": 756.3421350848912, "timestamp": "2026-01-23T21:29:55.112479+00:00", "meta": {"OBJECT_NAME": "COSMOS 2251 DEB", "OBJECT_ID": "1993-036BQV", "EPOCH": "2026-01-22T12:16:48.365760", "MEAN_MOTION": 14.39721112, "ECCENTRICITY": 0.00238677, "INCLINATION": 74.0341, "RA_OF_ASC_NODE": 200.3933, "ARG_OF_PERICENTER": 273.7188, "MEAN_ANOMALY": 86.1237, "EPHEMERIS_TYPE": 0, "CLASSIFICATION_TYPE": "U", "NORAD_CAT_ID": 37994, "ELEMENT_SET_NO": 999, "REV_AT_EPOCH": 77651, "BSTAR": 0.00059269061, "MEAN_MOTION_DOT": 1.836e-05, "MEAN_MOTION_DDOT": 0}, "tle": {"line1": "1 37994U 93036BQV 26022.51167090  .00001836  00000+0  59269-3 0  9995", "line2": "2 37994  74.0341 200.3933 0023867 273.7188  86.1237 14.39721112776519"}}, "geometry": {"type": "Point", "coordinates": [-170.86927842870537, -27.868741639342705]}}, {"type": "Feature", "properties": {"norad_id": 38001, "name": "COSMOS 2251 DEB", "group": "cosmos-2251-debris", "lat": 73.90346286489446, "lon": 133.0852143996195, "alt_km": 632.1933443076796, "timestamp": "2026-01-23T21:29:55.112489+00:00", "meta": {"OBJECT_NAME": "COSMOS 2251 DEB", "OBJECT_ID": "1993-036BRC", "EPOCH": "2026-01-19T10:16:33.627936", "MEAN_MOTION": 14.79574332, "ECCENTRICITY": 0.00639918, "INCLINATION": 74.0004, "RA_OF_ASC_NODE": 58.0047, "ARG_OF_PERICENTER": 200.2837, "MEAN_ANOMALY": 221.7538, "EPHEMERIS_TYPE": 0, "CLASSIFICATION_TYPE": "U", "NORAD_CAT_ID": 38001, "ELEMENT_SET_NO": 999, "REV_AT_EPOCH": 75265, "BSTAR": 0.0006229528, "MEAN_MOTION_DOT": 4.797e-05, "MEAN_MOTION_DDOT": 0}, "tle": {"line1": "1 38001U 93036BRC 26019.42816699  .00004797  00000+0  62295-3 0  9999", "line2": "2 38001  74.0004  58.0047 0063991 200.2837 221.7538 14.79574332752651"}}, "geometry": {"type": "Point", "coordinates": [133.0852143996195, 73.90346286489446]}}, {"type": "Feature", "properties": {"norad_id": 38054, "name": "COSMOS 2251 DEB", "group": "cosmos-2251-debris", "lat": -36.3728295765142, "lon": -175.43756708684776, "alt_km": 1269.3264233380996, "timestamp": "2026-01-23T21:29:55.112500+00:00", "meta": {"OBJECT_NAME": "COSMOS 2251 DEB", "OBJECT_ID": "1993-036BRL", "EPOCH": "2026-01-22T12:31:29.195616", "MEAN_MOTION": 13.62594453, "ECCENTRICITY": 0.03543629, "INCLINATION": 73.9506, "RA_OF_ASC_NODE": 199.0509, "ARG_OF_PERICENTER": 168.958, "MEAN_ANOMALY": 254.2767, "EPHEMERIS_TYPE": 0, "CLASSIFICATION_TYPE": "U", "NORAD_CAT_ID": 38054, "ELEMENT_SET_NO": 999, "REV_AT_EPOCH": 67735, "BSTAR": 0.0055955556, "MEAN_MOTION_DOT": 6.622e-05, "MEAN_MOTION_DDOT": 0}, "tle": {"line1": "1 38054U 93036BRL 26022.52186569  .00006622  00000+0  55956-2 0  9992", "line2": "2 38054  73.9506 199.0509 0354362 168.9580 254.2767 13.62594453677358"}}, "geometry": {"type": "Point", "coordinates": [-175.43756708684776, -36.3728295765142]}}, {"type": "Feature", "properties": {"norad_id": 38055, "name": "COSMOS 2251 DEB", "group": "cosmos-2251-debris", "lat": 19.178008991185354, "lon": 129.6670627622916, "alt_km": 670.4799231001634, "timestamp": "2026-01-23T21:29:55.112510+00:00", "meta": {"OBJECT_NAME": "COSMOS 2251 DEB", "OBJECT_ID": "1993-036BRM", "EPOCH": "2026-01-20T13:52:53.442048", "MEAN_MOTION": 14.77529541, "ECCENTRICITY": 0.00663359, "INCLINATION": 74.0101, "RA_OF_ASC_NODE": 130.4607, "ARG_OF_PERICENTER": 250.4418, "MEAN_ANOMALY": 130.2867, "EPHEMERIS_TYPE": 0, "CLASSIFICATION_TYPE": "U", "NORAD_CAT_ID": 38055, "ELEMENT_SET_NO": 999, "REV_AT_EPOCH": 61256, "BSTAR": 0.0023809757, "MEAN_MOTION_DOT": 0.00017636, "MEAN_MOTION_DDOT": 0}, "tle": {"line1": "1 38055U 93036BRM 26020.57839632  .00017636  00000+0  23810-2 0  9993", "line2": "2 38055  74.0101 130.4607 0066335 250.4418 130.2867 14.77529541612566"}}, "geometry": {"type": "Point", "coordinates": [129.6670627622916, 19.178008991185354]}}, {"type": "Feature", "properties": {"norad_id": 38060, "name": "COSMOS 2251 DEB", "group": "cosmos-2251-debris", "lat": 31.684678102839317, "lon": -135.44787188753008, "alt_km": 672.2736307834639, "timestamp": "2026-01-23T21:29:55.112521+00:00", "meta": {"OBJECT_NAME": "COSMOS 2251 DEB", "OBJECT_ID": "1993-036BRS", "EPOCH": "2026-01-22T05:59:28.699008", "MEAN_MOTION": 14.64107028, "ECCENTRICITY": 0.0059651, "INCLINATION": 74.0399, "RA_OF_ASC_NODE": 217.5377, "ARG_OF_PERICENTER": 313.9316, "MEAN_ANOMALY": 45.6936, "EPHEMERIS_TYPE": 0, "CLASSIFICATION_TYPE": "U", "NORAD_CAT_ID": 38060, "ELEMENT_SET_NO": 999, "REV_AT_EPOCH": 72557, "BSTAR": 0.00078864, "MEAN_MOTION_DOT": 4.222e-05, "MEAN_MOTION_DDOT": 0}, "tle": {"line1": "1 38060U 93036BRS 26022.24963772  .00004222  00000+0  78864-3 0  9995", "line2": "2 38060  74.0399 217.5377 0059651 313.9316  45.6936 14.64107028725577"}}, "geometry": {"type": "Point", "coordinates": [-135.44787188753008, 31.684678102839317]}}, {"type": "Feature", "properties": {"norad_id": 38062, "name": "COSMOS 2251 DEB", "group": "cosmos-2251-debris", "lat": 9.93720737033498, "lon": 22.300683061481262, "alt_km": 586.3872571767633, "timestamp": "2026-01-23T21:29:55.112531+00:00", "meta": {"OBJECT_NAME": "COSMOS 2251 DEB", "OBJECT_ID": "1993-036BRU", "EPOCH": "2026-01-22T07:02:16.730016", "MEAN_MOTION": 14.97072766, "ECCENTRICITY": 0.0014313, "INCLINATION": 74.0049, "RA_OF_ASC_NODE": 208.4283, "ARG_OF_PERICENTER": 334.5138, "MEAN_ANOMALY": 201.7233, "EPHEMERIS_TYPE": 0, "CLASSIFICATION_TYPE": "U", "NORAD_CAT_ID": 38062, "ELEMENT_SET_NO": 999, "REV_AT_EPOCH": 63636, "BSTAR": 0.0024382, "MEAN_MOTION_DOT": 0.00028251, "MEAN_MOTION_DDOT": 0}, "tle": {"line1": "1 38062U 93036BRU 26022.29324919  .00028251  00000+0  24382-2 0  9999", "line2": "2 38062  74.0049 208.4283 0014313 334.5138 201.7233 14.97072766636362"}}, "geometry": {"type": "Point", "coordinates": [22.300683061481262, 9.93720737033498]}}, {"type": "Feature", "properties": {"norad_id": 38064, "name": "COSMOS 2251 DEB", "group": "cosmos-2251-debris", "lat": -41.912895897432094, "lon": -121.02031260828166, "alt_km": 698.3759047402791, "timestamp": "2026-01-23T21:29:55.112542+00:00", "meta": {"OBJECT_NAME": "COSMOS 2251 DEB", "OBJECT_ID": "1993-036BRW", "EPOCH": "2026-01-22T08:12:55.694592", "MEAN_MOTION": 14.56676101, "ECCENTRICITY": 0.00450942, "INCLINATION": 74.0219, "RA_OF_ASC_NODE": 47.0259, "ARG_OF_PERICENTER": 158.5891, "MEAN_ANOMALY": 201.7173, "EPHEMERIS_TYPE": 0, "CLASSIFICATION_TYPE": "U", "NORAD_CAT_ID": 38064, "ELEMENT_SET_NO": 999, "REV_AT_EPOCH": 72456, "BSTAR": 0.0012958504, "MEAN_MOTION_DOT": 5.841e-05, "MEAN_MOTION_DDOT": 0}, "tle": {"line1": "1 38064U 93036BRW 26022.34231128  .00005841  00000+0  12959-2 0  9993", "line2": "2 38064  74.0219  47.0259 0045094 158.5891 201.7173 14.56676101724564"}}, "geometry": {"type": "Point", "coordinates": [-121.02031260828166, -41.912895897432094]}}, {"type": "Feature", "properties": {"norad_id": 38067, "name": "COSMOS 2251 DEB", "group": "cosmos-2251-debris", "lat": -16.86281386960034, "lon": 18.793294310340617, "alt_km": 727.8195077195533, "timestamp": "2026-01-23T21:29:55.112552+00:00", "meta": {"OBJECT_NAME": "COSMOS 2251 DEB", "OBJECT_ID": "1993-036BRZ", "EPOCH": "2026-01-18T19:04:21.749952", "MEAN_MOTION": 14.61262112, "ECCENTRICITY": 0.0070985, "INCLINATION": 74.0146, "RA_OF_ASC_NODE": 203.5715, "ARG_OF_PERICENTER": 341.7514, "MEAN_ANOMALY": 32.7642, "EPHEMERIS_TYPE": 0, "CLASSIFICATION_TYPE": "U", "NORAD_CAT_ID": 38067, "ELEMENT_SET_NO": 999, "REV_AT_EPOCH": 63097, "BSTAR": 0.00020941248, "MEAN_MOTION_DOT": 1.038e-05, "MEAN_MOTION_DDOT": 0}, "tle": {"line1": "1 38067U 93036BRZ 26018.79469618  .00001038  00000+0  20941-3 0  9992", "line2": "2 38067  74.0146 203.5715 0070985 341.7514  32.7642 14.61262112630970"}}, "geometry": {"type": "Point", "coordinates": [18.793294310340617, -16.86281386960034]}}, {"type": "Feature", "properties": {"norad_id": 38068, "name": "COSMOS 2251 DEB", "group": "cosmos-2251-debris", "lat": 67.73152556041751, "lon": 6.360675158989, "alt_km": 781.7948772880627, "timestamp": "2026-01-23T21:29:55.112562+00:00", "meta": {"OBJECT_NAME": "COSMOS 2251 DEB", "OBJECT_ID": "1993-036BSA", "EPOCH": "2026-01-21T23:52:00.759936", "MEAN_MOTION": 14.36073773, "ECCENTRICITY": 0.00264824, "INCLINATION": 74.019, "RA_OF_ASC_NODE": 234.2672, "ARG_OF_PERICENTER": 313.8708, "MEAN_ANOMALY": 46.0257, "EPHEMERIS_TYPE": 0, "CLASSIFICATION_TYPE": "U", "NORAD_CAT_ID": 38068, "ELEMENT_SET_NO": 999, "REV_AT_EPOCH": 67224, "BSTAR": 0.00044176835, "MEAN_MOTION_DOT": 1.264e-05, "MEAN_MOTION_DDOT": 0}, "tle": {"line1": "1 38068U 93036BSA 26021.99445324  .00001264  00000+0  44177-3 0  9995", "line2": "2 38068  74.0190 234.2672 0026482 313.8708  46.0257 14.36073773672242"}}, "geometry": {"type": "Point", "coordinates": [6.360675158989, 67.73152556041751]}}, {"type": "Feature", "properties": {"norad_id": 38197, "name": "COSMOS 2251 DEB", "group": "cosmos-2251-debris", "lat": -54.38005930774563, "lon": 117.86087303176676, "alt_km": 657.7705553434271, "timestamp": "2026-01-23T21:29:55.112572+00:00", "meta": {"OBJECT_NAME": "COSMOS 2251 DEB", "OBJECT_ID": "1993-036BSM", "EPOCH": "2026-01-19T17:11:11.933376", "MEAN_MOTION": 14.75562478, "ECCENTRICITY": 0.01221436, "INCLINATION": 73.9374, "RA_OF_ASC_NODE": 282.3735, "ARG_OF_PERICENTER": 150.3732, "MEAN_ANOMALY": 210.4436, "EPHEMERIS_TYPE": 0, "CLASSIFICATION_TYPE": "U", "NORAD_CAT_ID": 38197, "ELEMENT_SET_NO": 999, "REV_AT_EPOCH": 86315, "BSTAR": 0.0045364555, "MEAN_MOTION_DOT": 0.00035061, "MEAN_MOTION_DDOT": 0}, "tle": {"line1": "1 38197U 93036BSM 26019.71611034  .00035061  00000+0  45365-2 0  9999", "line2": "2 38197  73.9374 282.3735 0122143 150.3732 210.4436 14.75562478863159"}}, "geometry": {"type": "Point", "coordinates": [117.86087303176676, -54.38005930774563]}}, {"type": "Feature", "properties": {"norad_id": 38199, "name": "COSMOS 2251 DEB", "group": "cosmos-2251-debris", "lat": -62.46882013833797, "lon": -153.58146521302925, "alt_km": 772.6558890771439, "timestamp": "2026-01-23T21:29:55.112583+00:00", "meta": {"OBJECT_NAME": "COSMOS 2251 DEB", "OBJECT_ID": "1993-036BSP", "EPOCH": "2026-01-22T14:21:29.996640", "MEAN_MOTION": 13.64889454, "ECCENTRICITY": 0.03706393, "INCLINATION": 73.9572, "RA_OF_ASC_NODE": 355.0462, "ARG_OF_PERICENTER": 273.6434, "MEAN_ANOMALY": 82.2375, "EPHEMERIS_TYPE": 0, "CLASSIFICATION_TYPE": "U", "NORAD_CAT_ID": 38199, "ELEMENT_SET_NO": 999, "REV_AT_EPOCH": 61579, "BSTAR": 0.0012761802, "MEAN_MOTION_DOT": 1.622e-05, "MEAN_MOTION_DDOT": 0}, "tle": {"line1": "1 38199U 93036BSP 26022.59826385  .00001622  00000+0  12762-2 0  9999", "line2": "2 38199  73.9572 355.0462 0370639 273.6434  82.2375 13.64889454615794"}}, "geometry": {"type": "Point", "coordinates": [-153.58146521302925, -62.46882013833797]}}, {"type": "Feature", "properties": {"norad_id": 38208, "name": "COSMOS 2251 DEB", "group": "cosmos-2251-debris", "lat": -49.44755512225426, "lon": -165.32100766977578, "alt_km": 619.172889344025, "timestamp": "2026-01-23T21:29:55.112593+00:00", "meta": {"OBJECT_NAME": "COSMOS 2251 DEB", "OBJECT_ID": "1993-036BSY", "EPOCH": "2026-01-19T17:04:03.282240", "MEAN_MOTION": 14.85454059, "ECCENTRICITY": 0.00024673, "INCLINATION": 74.0057, "RA_OF_ASC_NODE": 3.4196, "ARG_OF_PERICENTER": 6.8972, "MEAN_ANOMALY": 175.5554, "EPHEMERIS_TYPE": 0, "CLASSIFICATION_TYPE": "U", "NORAD_CAT_ID": 38208, "ELEMENT_SET_NO": 999, "REV_AT_EPOCH": 71722, "BSTAR": 0.002301939, "MEAN_MOTION_DOT": 0.0001988, "MEAN_MOTION_DDOT": 0}, "tle": {"line1": "1 38208U 93036BSY 26019.71114910  .00019880  00000+0  23019-2 0  9996", "line2": "2 38208  74.0057   3.4196 0002467   6.8972 175.5554 14.85454059717226"}}, "geometry": {"type": "Point", "coordinates": [-165.32100766977578, -49.44755512225426]}}, {"type": "Feature", "properties": {"norad_id": 38212, "name": "COSMOS 2251 DEB", "group": "cosmos-2251-debris", "lat": -27.174556717646087, "lon": -177.6452855637801, "alt_km": 701.4289167589586, "timestamp": "2026-01-23T21:29:55.112604+00:00", "meta": {"OBJECT_NAME": "COSMOS 2251 DEB", "OBJECT_ID": "1993-036BTC", "EPOCH": "2026-01-21T05:12:27.324288", "MEAN_MOTION": 14.77935171, "ECCENTRICITY": 0.00917227, "INCLINATION": 74.0525, "RA_OF_ASC_NODE": 359.1661, "ARG_OF_PERICENTER": 54.4664, "MEAN_ANOMALY": 306.502, "EPHEMERIS_TYPE": 0, "CLASSIFICATION_TYPE": "U", "NORAD_CAT_ID": 38212, "ELEMENT_SET_NO": 999, "REV_AT_EPOCH": 81893, "BSTAR": 0.00090376461, "MEAN_MOTION_DOT": 6.957e-05, "MEAN_MOTION_DDOT": 0}, "tle": {"line1": "1 38212U 93036BTC 26021.21698292  .00006957  00000+0  90376-3 0  9991", "line2": "2 38212  74.0525 359.1661 0091722  54.4664 306.5020 14.77935171818932"}}, "geometry": {"type": "Point", "coordinates": [-177.6452855637801, -27.174556717646087]}}, {"type": "Feature", "properties": {"norad_id": 38220, "name": "COSMOS 2251 DEB", "group": "cosmos-2251-debris", "lat": -6.107954127213087, "lon": -18.51628831325005, "alt_km": 578.3508185179344, "timestamp": "2026-01-23T21:29:55.112614+00:00", "meta": {"OBJECT_NAME": "COSMOS 2251 DEB", "OBJECT_ID": "1993-036BTL", "EPOCH": "2026-01-22T15:02:12.738048", "MEAN_MOTION": 14.96132518, "ECCENTRICITY": 0.00061408, "INCLINATION": 74.0146, "RA_OF_ASC_NODE": 345.8081, "ARG_OF_PERICENTER": 322.0415, "MEAN_ANOMALY": 38.0336, "EPHEMERIS_TYPE": 0, "CLASSIFICATION_TYPE": "U", "NORAD_CAT_ID": 38220, "ELEMENT_SET_NO": 999, "REV_AT_EPOCH": 71981, "BSTAR": 0.0049098448, "MEAN_MOTION_DOT": 0.00055702, "MEAN_MOTION_DDOT": 0}, "tle": {"line1": "1 38220U 93036BTL 26022.62653632  .00055702  00000+0  49098-2 0  9991", "line2": "2 38220  74.0146 345.8081 0006140 322.0415  38.0336 14.96132518719815"}}, "geometry": {"type": "Point", "coordinates": [-18.51628831325005, -6.107954127213087]}}, {"type": "Feature", "properties": {"norad_id": 38479, "name": "COSMOS 2251 DEB", "group": "cosmos-2251-debris", "lat": -51.840034053163315, "lon": 85.0119067426282, "alt_km": 775.3492475371995, "timestamp": "2026-01-23T21:29:55.112624+00:00", "meta": {"OBJECT_NAME": "COSMOS 2251 DEB", "OBJECT_ID": "1993-036BTP", "EPOCH": "2026-01-22T23:13:36.496128", "MEAN_MOTION": 14.38989891, "ECCENTRICITY": 0.00833765, "INCLINATION": 74.0075, "RA_OF_ASC_NODE": 108.132, "ARG_OF_PERICENTER": 209.9267, "MEAN_ANOMALY": 328.8805, "EPHEMERIS_TYPE": 0, "CLASSIFICATION_TYPE": "U", "NORAD_CAT_ID": 38479, "ELEMENT_SET_NO": 999, "REV_AT_EPOCH": 65280, "BSTAR": 0.002505178, "MEAN_MOTION_DOT": 8.033e-05, "MEAN_MOTION_DDOT": 0}, "tle": {"line1": "1 38479U 93036BTP 26022.96778352  .00008033  00000+0  25052-2 0  9990", "line2": "2 38479  74.0075 108.1320 0083376 209.9267 328.8805 14.38989891652808"}}, "geometry": {"type": "Point", "coordinates": [85.0119067426282, -51.840034053163315]}}, {"type": "Feature", "properties": {"norad_id": 38481, "name": "COSMOS 2251 DEB", "group": "cosmos-2251-debris", "lat": 61.09377756460209, "lon": -33.8522787260801, "alt_km": 1065.0952638572116, "timestamp": "2026-01-23T21:29:55.112634+00:00", "meta": {"OBJECT_NAME": "COSMOS 2251 DEB", "OBJECT_ID": "1993-036BTR", "EPOCH": "2026-01-19T12:11:11.005728", "MEAN_MOTION": 13.95027605, "ECCENTRICITY": 0.02328373, "INCLINATION": 73.9334, "RA_OF_ASC_NODE": 302.2694, "ARG_OF_PERICENTER": 235.4918, "MEAN_ANOMALY": 122.4032, "EPHEMERIS_TYPE": 0, "CLASSIFICATION_TYPE": "U", "NORAD_CAT_ID": 38481, "ELEMENT_SET_NO": 999, "REV_AT_EPOCH": 59587, "BSTAR": 0.00094313181, "MEAN_MOTION_DOT": 1.567e-05, "MEAN_MOTION_DDOT": 0}, "tle": {"line1": "1 38481U 93036BTR 26019.50776627  .00001567  00000+0  94313-3 0  9994", "line2": "2 38481  73.9334 302.2694 0232837 235.4918 122.4032 13.95027605595874"}}, "geometry": {"type": "Point", "coordinates": [-33.8522787260801, 61.09377756460209]}}, {"type": "Feature", "properties": {"norad_id": 38483, "name": "COSMOS 2251 DEB", "group": "cosmos-2251-debris", "lat": -74.20138684574539, "lon": -149.01275345967272, "alt_km": 837.448710058371, "timestamp": "2026-01-23T21:29:55.112645+00:00", "meta": {"OBJECT_NAME": "COSMOS 2251 DEB", "OBJECT_ID": "1993-036BTT", "EPOCH": "2026-01-13T13:14:23.741952", "MEAN_MOTION": 14.28946383, "ECCENTRICITY": 0.01114246, "INCLINATION": 74.2615, "RA_OF_ASC_NODE": 314.7983, "ARG_OF_PERICENTER": 49.7045, "MEAN_ANOMALY": 311.3779, "EPHEMERIS_TYPE": 0, "CLASSIFICATION_TYPE": "U", "NORAD_CAT_ID": 38483, "ELEMENT_SET_NO": 999, "REV_AT_EPOCH": 63932, "BSTAR": 0.00067241252, "MEAN_MOTION_DOT": 1.793e-05, "MEAN_MOTION_DDOT": 0}, "tle": {"line1": "1 38483U 93036BTT 26013.55166368  .00001793  00000+0  67241-3 0  9991", "line2": "2 38483  74.2615 314.7983 0111424  49.7045 311.3779 14.28946383639322"}}, "geometry": {"type": "Point", "coordinates": [-149.01275345967272, -74.20138684574539]}}, {"type": "Feature", "properties": {"norad_id": 38486, "name": "COSMOS 2251 DEB", "group": "cosmos-2251-debris", "lat": -69.51542168654507, "lon": -7.421064832520393, "alt_km": 629.261780222726, "timestamp": "2026-01-23T21:29:55.112655+00:00", "meta": {"OBJECT_NAME": "COSMOS 2251 DEB", "OBJECT_ID": "1993-036BTW", "EPOCH": "2026-01-22T15:19:50.154816", "MEAN_MOTION": 14.74894775, "ECCENTRICITY": 0.00329021, "INCLINATION": 73.9409, "RA_OF_ASC_NODE": 124.5982, "ARG_OF_PERICENTER": 266.5691, "MEAN_ANOMALY": 158.989, "EPHEMERIS_TYPE": 0, "CLASSIFICATION_TYPE": "U", "NORAD_CAT_ID": 38486, "ELEMENT_SET_NO": 999, "REV_AT_EPOCH": 76037, "BSTAR": 0.0036304478, "MEAN_MOTION_DOT": 0.00024635, "MEAN_MOTION_DDOT": 0}, "tle": {"line1": "1 38486U 93036BTW 26022.63877494  .00024635  00000+0  36304-2 0  9997", "line2": "2 38486  73.9409 124.5982 0032902 266.5691 158.9890 14.74894775760374"}}, "geometry": {"type": "Point", "coordinates": [-7.421064832520393, -69.51542168654507]}}, {"type": "Feature", "properties": {"norad_id": 38487, "name": "COSMOS 2251 DEB", "group": "cosmos-2251-debris", "lat": 51.59335091620429, "lon": -33.52591054975137, "alt_km": 486.5244726655892, "timestamp": "2026-01-23T21:29:55.112665+00:00", "meta": {"OBJECT_NAME": "COSMOS 2251 DEB", "OBJECT_ID": "1993-036BTX", "EPOCH": "2026-01-22T12:07:13.527552", "MEAN_MOTION": 15.21427136, "ECCENTRICITY": 0.00208051, "INCLINATION": 73.9733, "RA_OF_ASC_NODE": 308.1468, "ARG_OF_PERICENTER": 107.0505, "MEAN_ANOMALY": 253.2974, "EPHEMERIS_TYPE": 0, "CLASSIFICATION_TYPE": "U", "NORAD_CAT_ID": 38487, "ELEMENT_SET_NO": 999, "REV_AT_EPOCH": 67419, "BSTAR": 0.0027401422, "MEAN_MOTION_DOT": 0.00062394, "MEAN_MOTION_DDOT": 0}, "tle": {"line1": "1 38487U 93036BTX 26022.50501768  .00062394  00000+0  27401-2 0  9994", "line2": "2 38487  73.9733 308.1468 0020805 107.0505 253.2974 15.21427136674198"}}, "geometry": {"type": "Point", "coordinates": [-33.52591054975137, 51.59335091620429]}}, {"type": "Feature", "properties": {"norad_id": 39109, "name": "COSMOS 2251 DEB", "group": "cosmos-2251-debris", "lat": -19.332709297314278, "lon": -30.974479767026946, "alt_km": 629.2954198182033, "timestamp": "2026-01-23T21:29:55.112675+00:00", "meta": {"OBJECT_NAME": "COSMOS 2251 DEB", "OBJECT_ID": "1993-036BTY", "EPOCH": "2026-01-17T01:55:26.153184", "MEAN_MOTION": 14.70991338, "ECCENTRICITY": 0.0059553, "INCLINATION": 74.0425, "RA_OF_ASC_NODE": 156.4894, "ARG_OF_PERICENTER": 252.7112, "MEAN_ANOMALY": 229.5584, "EPHEMERIS_TYPE": 0, "CLASSIFICATION_TYPE": "U", "NORAD_CAT_ID": 39109, "ELEMENT_SET_NO": 999, "REV_AT_EPOCH": 65693, "BSTAR": 0.00058984714, "MEAN_MOTION_DOT": 3.687e-05, "MEAN_MOTION_DDOT": 0}, "tle": {"line1": "1 39109U 93036BTY 26017.08016381  .00003687  00000+0  58985-3 0  9997", "line2": "2 39109  74.0425 156.4894 0059553 252.7112 229.5584 14.70991338656939"}}, "geometry": {"type": "Point", "coordinates": [-30.974479767026946, -19.332709297314278]}}, {"type": "Feature", "properties": {"norad_id": 39546, "name": "COSMOS 2251 DEB", "group": "cosmos-2251-debris", "lat": 35.71821625094144, "lon": -140.02604136436332, "alt_km": 571.299419345587, "timestamp": "2026-01-23T21:29:55.112685+00:00", "meta": {"OBJECT_NAME": "COSMOS 2251 DEB", "OBJECT_ID": "1993-036BUC", "EPOCH": "2026-01-19T18:46:55.323264", "MEAN_MOTION": 14.93278297, "ECCENTRICITY": 0.00423544, "INCLINATION": 73.9976, "RA_OF_ASC_NODE": 60.1719, "ARG_OF_PERICENTER": 215.134, "MEAN_ANOMALY": 144.7049, "EPHEMERIS_TYPE": 0, "CLASSIFICATION_TYPE": "U", "NORAD_CAT_ID": 39546, "ELEMENT_SET_NO": 999, "REV_AT_EPOCH": 65004, "BSTAR": 0.0011434405, "MEAN_MOTION_DOT": 0.00012165, "MEAN_MOTION_DDOT": 0}, "tle": {"line1": "1 39546U 93036BUC 26019.78258476  .00012165  00000+0  11434-2 0  9992", "line2": "2 39546  73.9976  60.1719 0042354 215.1340 144.7049 14.93278297650044"}}, "geometry": {"type": "Point", "coordinates": [-140.02604136436332, 35.71821625094144]}}, {"type": "Feature", "properties": {"norad_id": 39547, "name": "COSMOS 2251 DEB", "group": "cosmos-2251-debris", "lat": -73.7959386312726, "lon": -167.31081081887362, "alt_km": 549.2555024308112, "timestamp": "2026-01-23T21:29:55.112696+00:00", "meta": {"OBJECT_NAME": "COSMOS 2251 DEB", "OBJECT_ID": "1993-036BUD", "EPOCH": "2026-01-14T14:04:33.621600", "MEAN_MOTION": 15.07045921, "ECCENTRICITY": 0.0002953, "INCLINATION": 73.9997, "RA_OF_ASC_NODE": 310.9553, "ARG_OF_PERICENTER": 346.005, "MEAN_ANOMALY": 187.2944, "EPHEMERIS_TYPE": 0, "CLASSIFICATION_TYPE": "U", "NORAD_CAT_ID": 39547, "ELEMENT_SET_NO": 999, "REV_AT_EPOCH": 64519, "BSTAR": 0.0020333, "MEAN_MOTION_DOT": 0.00030587, "MEAN_MOTION_DDOT": 0}, "tle": {"line1": "1 39547U 93036BUD 26014.58650025  .00030587  00000+0  20333-2 0  9998", "line2": "2 39547  73.9997 310.9553 0002953 346.0050 187.2944 15.07045921645191"}}, "geometry": {"type": "Point", "coordinates": [-167.31081081887362, -73.7959386312726]}}, {"type": "Feature", "properties": {"norad_id": 39553, "name": "COSMOS 2251 DEB", "group": "cosmos-2251-debris", "lat": -73.90537363790183, "lon": 173.98048119804434, "alt_km": 950.6230628582471, "timestamp": "2026-01-23T21:29:55.112706+00:00", "meta": {"OBJECT_NAME": "COSMOS 2251 DEB", "OBJECT_ID": "1993-036BUK", "EPOCH": "2026-01-19T09:52:39.739584", "MEAN_MOTION": 14.00062755, "ECCENTRICITY": 0.02048383, "INCLINATION": 74.0283, "RA_OF_ASC_NODE": 264.7589, "ARG_OF_PERICENTER": 31.5052, "MEAN_ANOMALY": 329.8157, "EPHEMERIS_TYPE": 0, "CLASSIFICATION_TYPE": "U", "NORAD_CAT_ID": 39553, "ELEMENT_SET_NO": 999, "REV_AT_EPOCH": 76144, "BSTAR": 0.0015750331, "MEAN_MOTION_DOT": 2.758e-05, "MEAN_MOTION_DDOT": 0}, "tle": {"line1": "1 39553U 93036BUK 26019.41157106  .00002758  00000+0  15750-2 0  9990", "line2": "2 39553  74.0283 264.7589 0204838  31.5052 329.8157 14.00062755761440"}}, "geometry": {"type": "Point", "coordinates": [173.98048119804434, -73.90537363790183]}}, {"type": "Feature", "properties": {"norad_id": 39554, "name": "COSMOS 2251 DEB", "group": "cosmos-2251-debris", "lat": 65.42219369205618, "lon": -41.70272927490465, "alt_km": 518.1345682773508, "timestamp": "2026-01-23T21:29:55.112716+00:00", "meta": {"OBJECT_NAME": "COSMOS 2251 DEB", "OBJECT_ID": "1993-036BUL", "EPOCH": "2026-01-22T16:33:13.864320", "MEAN_MOTION": 15.14971265, "ECCENTRICITY": 0.00081962, "INCLINATION": 74.0112, "RA_OF_ASC_NODE": 179.632, "ARG_OF_PERICENTER": 332.561, "MEAN_ANOMALY": 41.1581, "EPHEMERIS_TYPE": 0, "CLASSIFICATION_TYPE": "U", "NORAD_CAT_ID": 39554, "ELEMENT_SET_NO": 999, "REV_AT_EPOCH": 65004, "BSTAR": 0.0035608217, "MEAN_MOTION_DOT": 0.0006709, "MEAN_MOTION_DDOT": 0}, "tle": {"line1": "1 39554U 93036BUL 26022.68974380  .00067090  00000+0  35608-2 0  9999", "line2": "2 39554  74.0112 179.6320 0008196 332.5610  41.1581 15.14971265650041"}}, "geometry": {"type": "Point", "coordinates": [-41.70272927490465, 65.42219369205618]}}, {"type": "Feature", "properties": {"norad_id": 39583, "name": "COSMOS 2251 DEB", "group": "cosmos-2251-debris", "lat": -35.61257892346974, "lon": -1.953723237711467, "alt_km": 636.7066785051675, "timestamp": "2026-01-23T21:29:55.112727+00:00", "meta": {"OBJECT_NAME": "COSMOS 2251 DEB", "OBJECT_ID": "1993-036BUN", "EPOCH": "2026-01-21T15:55:22.088640", "MEAN_MOTION": 14.6137281, "ECCENTRICITY": 0.013636, "INCLINATION": 73.9324, "RA_OF_ASC_NODE": 170.4289, "ARG_OF_PERICENTER": 275.9149, "MEAN_ANOMALY": 82.6488, "EPHEMERIS_TYPE": 0, "CLASSIFICATION_TYPE": "U", "NORAD_CAT_ID": 39583, "ELEMENT_SET_NO": 999, "REV_AT_EPOCH": 62362, "BSTAR": 0.0054186929, "MEAN_MOTION_DOT": 0.00030689, "MEAN_MOTION_DDOT": 0}, "tle": {"line1": "1 39583U 93036BUN 26021.66345010  .00030689  00000+0  54187-2 0  9997", "line2": "2 39583  73.9324 170.4289 0136360 275.9149  82.6488 14.61372810623623"}}, "geometry": {"type": "Point", "coordinates": [-1.953723237711467, -35.61257892346974]}}, {"type": "Feature", "properties": {"norad_id": 39585, "name": "COSMOS 2251 DEB", "group": "cosmos-2251-debris", "lat": 70.0059966375308, "lon": -87.0694982051928, "alt_km": 703.5037768784987, "timestamp": "2026-01-23T21:29:55.112737+00:00", "meta": {"OBJECT_NAME": "COSMOS 2251 DEB", "OBJECT_ID": "1993-036BUQ", "EPOCH": "2026-01-21T19:46:08.789376", "MEAN_MOTION": 14.58790422, "ECCENTRICITY": 0.00671001, "INCLINATION": 74.0376, "RA_OF_ASC_NODE": 225.0014, "ARG_OF_PERICENTER": 335.314, "MEAN_ANOMALY": 24.4817, "EPHEMERIS_TYPE": 0, "CLASSIFICATION_TYPE": "U", "NORAD_CAT_ID": 39585, "ELEMENT_SET_NO": 999, "REV_AT_EPOCH": 63105, "BSTAR": 0.00037296488, "MEAN_MOTION_DOT": 1.767e-05, "MEAN_MOTION_DDOT": 0}, "tle": {"line1": "1 39585U 93036BUQ 26021.82371284  .00001767  00000+0  37296-3 0  9997", "line2": "2 39585  74.0376 225.0014 0067100 335.3140  24.4817 14.58790422631059"}}, "geometry": {"type": "Point", "coordinates": [-87.0694982051928, 70.0059966375308]}}, {"type": "Feature", "properties": {"norad_id": 39586, "name": "COSMOS 2251 DEB", "group": "cosmos-2251-debris", "lat": -45.003205028835744, "lon": 135.89560453778236, "alt_km": 766.5291564193303, "timestamp": "2026-01-23T21:29:55.112747+00:00", "meta": {"OBJECT_NAME": "COSMOS 2251 DEB", "OBJECT_ID": "1993-036BUR", "EPOCH": "2026-01-22T15:24:54.116064", "MEAN_MOTION": 14.21316718, "ECCENTRICITY": 0.01020978, "INCLINATION": 74.009, "RA_OF_ASC_NODE": 154.8114, "ARG_OF_PERICENTER": 280.6149, "MEAN_ANOMALY": 100.2245, "EPHEMERIS_TYPE": 0, "CLASSIFICATION_TYPE": "U", "NORAD_CAT_ID": 39586, "ELEMENT_SET_NO": 999, "REV_AT_EPOCH": 61553, "BSTAR": 0.00078813591, "MEAN_MOTION_DOT": 1.786e-05, "MEAN_MOTION_DDOT": 0}, "tle": {"line1": "1 39586U 93036BUR 26022.64229301  .00001786  00000+0  78814-3 0  9993", "line2": "2 39586  74.0090 154.8114 0102097 280.6149 100.2245 14.21316718615534"}}, "geometry": {"type": "Point", "coordinates": [135.89560453778236, -45.003205028835744]}}, {"type": "Feature", "properties": {"norad_id": 39591, "name": "COSMOS 2251 DEB", "group": "cosmos-2251-debris", "lat": 72.66839050336858, "lon": -124.76706660799476, "alt_km": 766.1222923102296, "timestamp": "2026-01-23T21:29:55.112757+00:00", "meta": {"OBJECT_NAME": "COSMOS 2251 DEB", "OBJECT_ID": "1993-036BUW", "EPOCH": "2026-01-22T04:19:20.462016", "MEAN_MOTION": 14.41922279, "ECCENTRICITY": 0.00304705, "INCLINATION": 74.0197, "RA_OF_ASC_NODE": 171.743, "ARG_OF_PERICENTER": 277.7856, "MEAN_ANOMALY": 263.0043, "EPHEMERIS_TYPE": 0, "CLASSIFICATION_TYPE": "U", "NORAD_CAT_ID": 39591, "ELEMENT_SET_NO": 999, "REV_AT_EPOCH": 62359, "BSTAR": 0.00074880306, "MEAN_MOTION_DOT": 2.44e-05, "MEAN_MOTION_DDOT": 0}, "tle": {"line1": "1 39591U 93036BUW 26022.18009794  .00002440  00000+0  74880-3 0  9997", "line2": "2 39591  74.0197 171.7430 0030470 277.7856 263.0043 14.41922279623590"}}, "geometry": {"type": "Point", "coordinates": [-124.76706660799476, 72.66839050336858]}}, {"type": "Feature", "properties": {"norad_id": 40218, "name": "COSMOS 2251 DEB", "group": "cosmos-2251-debris", "lat": -52.50197873380666, "lon": 148.78762997364774, "alt_km": 752.1175890609411, "timestamp": "2026-01-23T21:29:55.112767+00:00", "meta": {"OBJECT_NAME": "COSMOS 2251 DEB", "OBJECT_ID": "1993-036BUX", "EPOCH": "2026-01-21T16:27:51.269184", "MEAN_MOTION": 14.4170125, "ECCENTRICITY": 0.00174138, "INCLINATION": 74.0293, "RA_OF_ASC_NODE": 174.7977, "ARG_OF_PERICENTER": 255.2666, "MEAN_ANOMALY": 104.656, "EPHEMERIS_TYPE": 0, "CLASSIFICATION_TYPE": "U", "NORAD_CAT_ID": 40218, "ELEMENT_SET_NO": 999, "REV_AT_EPOCH": 59437, "BSTAR": 0.00072722768, "MEAN_MOTION_DOT": 2.349e-05, "MEAN_MOTION_DDOT": 0}, "tle": {"line1": "1 40218U 93036BUX 26021.68601006  .00002349  00000+0  72723-3 0  9995", "line2": "2 40218  74.0293 174.7977 0017413 255.2666 104.6560 14.41701250594377"}}, "geometry": {"type": "Point", "coordinates": [148.78762997364774, -52.50197873380666]}}, {"type": "Feature", "properties": {"norad_id": 40223, "name": "COSMOS 2251 DEB", "group": "cosmos-2251-debris", "lat": 2.2118057461652323, "lon": 2.2871070407325917, "alt_km": 548.5812243958635, "timestamp": "2026-01-23T21:29:55.112777+00:00", "meta": {"OBJECT_NAME": "COSMOS 2251 DEB", "OBJECT_ID": "1993-036BVC", "EPOCH": "2026-01-22T15:46:15.172320", "MEAN_MOTION": 15.08972011, "ECCENTRICITY": 0.00115861, "INCLINATION": 73.938, "RA_OF_ASC_NODE": 4.2165, "ARG_OF_PERICENTER": 210.6563, "MEAN_ANOMALY": 265.538, "EPHEMERIS_TYPE": 0, "CLASSIFICATION_TYPE": "U", "NORAD_CAT_ID": 40223, "ELEMENT_SET_NO": 999, "REV_AT_EPOCH": 59990, "BSTAR": 0.003254111, "MEAN_MOTION_DOT": 0.00051835, "MEAN_MOTION_DDOT": 0}, "tle": {"line1": "1 40223U 93036BVC 26022.65712005  .00051835  00000+0  32541-2 0  9998", "line2": "2 40223  73.9380   4.2165 0011586 210.6563 265.5380 15.08972011599900"}}, "geometry": {"type": "Point", "coordinates": [2.2871070407325917, 2.2118057461652323]}}, {"type": "Feature", "properties": {"norad_id": 40228, "name": "COSMOS 2251 DEB", "group": "cosmos-2251-debris", "lat": 70.1188345520714, "lon": -49.65466444997664, "alt_km": 760.2419369752652, "timestamp": "2026-01-23T21:29:55.112787+00:00", "meta": {"OBJECT_NAME": "COSMOS 2251 DEB", "OBJECT_ID": "1993-036BVH", "EPOCH": "2026-01-22T16:46:28.837632", "MEAN_MOTION": 14.41087596, "ECCENTRICITY": 0.00242404, "INCLINATION": 74.0533, "RA_OF_ASC_NODE": 184.8056, "ARG_OF_PERICENTER": 240.8546, "MEAN_ANOMALY": 134.7726, "EPHEMERIS_TYPE": 0, "CLASSIFICATION_TYPE": "U", "NORAD_CAT_ID": 40228, "ELEMENT_SET_NO": 999, "REV_AT_EPOCH": 59511, "BSTAR": 0.00059141186, "MEAN_MOTION_DOT": 1.885e-05, "MEAN_MOTION_DDOT": 0}, "tle": {"line1": "1 40228U 93036BVH 26022.69894488  .00001885  00000+0  59141-3 0  9999", "line2": "2 40228  74.0533 184.8056 0024240 240.8546 134.7726 14.41087596595119"}}, "geometry": {"type": "Point", "coordinates": [-49.65466444997664, 70.1188345520714]}}, {"type": "Feature", "properties": {"norad_id": 40230, "name": "COSMOS 2251 DEB", "group": "cosmos-2251-debris", "lat": 71.51474564121615, "lon": -91.00632133896441, "alt_km": 722.3186746070814, "timestamp": "2026-01-23T21:29:55.112797+00:00", "meta": {"OBJECT_NAME": "COSMOS 2251 DEB", "OBJECT_ID": "1993-036BVK", "EPOCH": "2026-01-17T16:04:26.830272", "MEAN_MOTION": 14.49540075, "ECCENTRICITY": 0.00182169, "INCLINATION": 74.0438, "RA_OF_ASC_NODE": 159.5157, "ARG_OF_PERICENTER": 213.9902, "MEAN_ANOMALY": 168.9882, "EPHEMERIS_TYPE": 0, "CLASSIFICATION_TYPE": "U", "NORAD_CAT_ID": 40230, "ELEMENT_SET_NO": 999, "REV_AT_EPOCH": 59492, "BSTAR": 0.00067433044, "MEAN_MOTION_DOT": 2.565e-05, "MEAN_MOTION_DDOT": 0}, "tle": {"line1": "1 40230U 93036BVK 26017.66975498  .00002565  00000+0  67433-3 0  9993", "line2": "2 40230  74.0438 159.5157 0018216 213.9902 168.9882 14.49540075594924"}}, "geometry": {"type": "Point", "coordinates": [-91.00632133896441, 71.51474564121615]}}, {"type": "Feature", "properties": {"norad_id": 40233, "name": "COSMOS 2251 DEB", "group": "cosmos-2251-debris", "lat": -57.47410403823152, "lon": -130.78412817323675, "alt_km": 730.7888559332023, "timestamp": "2026-01-23T21:29:55.112808+00:00", "meta": {"OBJECT_NAME": "COSMOS 2251 DEB", "OBJECT_ID": "1993-036BVN", "EPOCH": "2026-01-21T23:57:52.004448", "MEAN_MOTION": 14.58886881, "ECCENTRICITY": 0.004268, "INCLINATION": 73.9401, "RA_OF_ASC_NODE": 25.9952, "ARG_OF_PERICENTER": 89.976, "MEAN_ANOMALY": 270.6296, "EPHEMERIS_TYPE": 0, "CLASSIFICATION_TYPE": "U", "NORAD_CAT_ID": 40233, "ELEMENT_SET_NO": 999, "REV_AT_EPOCH": 59724, "BSTAR": 0.0022929039, "MEAN_MOTION_DOT": 0.00010863, "MEAN_MOTION_DDOT": 0}, "tle": {"line1": "1 40233U 93036BVN 26021.99851857  .00010863  00000+0  22929-2 0  9999", "line2": "2 40233  73.9401  25.9952 0042680  89.9760 270.6296 14.58886881597245"}}, "geometry": {"type": "Point", "coordinates": [-130.78412817323675, -57.47410403823152]}}, {"type": "Feature", "properties": {"norad_id": 40236, "name": "COSMOS 2251 DEB", "group": "cosmos-2251-debris", "lat": 36.76338939205051, "lon": -115.4593190930099, "alt_km": 1565.0741926804785, "timestamp": "2026-01-23T21:29:55.112818+00:00", "meta": {"OBJECT_NAME": "COSMOS 2251 DEB", "OBJECT_ID": "1993-036BVR", "EPOCH": "2026-01-16T12:58:14.015136", "MEAN_MOTION": 13.2471823, "ECCENTRICITY": 0.05372564, "INCLINATION": 73.5362, "RA_OF_ASC_NODE": 88.8944, "ARG_OF_PERICENTER": 325.9847, "MEAN_ANOMALY": 30.785, "EPHEMERIS_TYPE": 0, "CLASSIFICATION_TYPE": "U", "NORAD_CAT_ID": 40236, "ELEMENT_SET_NO": 999, "REV_AT_EPOCH": 54085, "BSTAR": 0.00079777553, "MEAN_MOTION_DOT": 7.23e-06, "MEAN_MOTION_DDOT": 0}, "tle": {"line1": "1 40236U 93036BVR 26016.54043999  .00000723  00000+0  79778-3 0  9996", "line2": "2 40236  73.5362  88.8944 0537256 325.9847  30.7850 13.24718230540856"}}, "geometry": {"type": "Point", "coordinates": [-115.4593190930099, 36.76338939205051]}}, {"type": "Feature", "properties": {"norad_id": 40238, "name": "COSMOS 2251 DEB", "group": "cosmos-2251-debris", "lat": -45.61684155909439, "lon": -18.20300336149136, "alt_km": 760.1248447156877, "timestamp": "2026-01-23T21:29:55.112829+00:00", "meta": {"OBJECT_NAME": "COSMOS 2251 DEB", "OBJECT_ID": "1993-036BVT", "EPOCH": "2026-01-13T06:17:33.158112", "MEAN_MOTION": 13.25268746, "ECCENTRICITY": 0.0552565, "INCLINATION": 73.9915, "RA_OF_ASC_NODE": 15.1812, "ARG_OF_PERICENTER": 340.7223, "MEAN_ANOMALY": 17.3669, "EPHEMERIS_TYPE": 0, "CLASSIFICATION_TYPE": "U", "NORAD_CAT_ID": 40238, "ELEMENT_SET_NO": 999, "REV_AT_EPOCH": 54454, "BSTAR": 0.0022901, "MEAN_MOTION_DOT": 2.252e-05, "MEAN_MOTION_DDOT": 0}, "tle": {"line1": "1 40238U 93036BVT 26013.26218933  .00002252  00000+0  22901-2 0  9990", "line2": "2 40238  73.9915  15.1812 0552565 340.7223  17.3669 13.25268746544548"}}, "geometry": {"type": "Point", "coordinates": [-18.20300336149136, -45.61684155909439]}}, {"type": "Feature", "properties": {"norad_id": 40239, "name": "COSMOS 2251 DEB", "group": "cosmos-2251-debris", "lat": -3.224849010231644, "lon": -165.83260253741855, "alt_km": 658.322269586467, "timestamp": "2026-01-23T21:29:55.112839+00:00", "meta": {"OBJECT_NAME": "COSMOS 2251 DEB", "OBJECT_ID": "1993-036BVU", "EPOCH": "2026-01-21T06:17:59.930016", "MEAN_MOTION": 14.62163076, "ECCENTRICITY": 0.00864308, "INCLINATION": 74.0292, "RA_OF_ASC_NODE": 200.1348, "ARG_OF_PERICENTER": 302.4234, "MEAN_ANOMALY": 238.1099, "EPHEMERIS_TYPE": 0, "CLASSIFICATION_TYPE": "U", "NORAD_CAT_ID": 40239, "ELEMENT_SET_NO": 999, "REV_AT_EPOCH": 60188, "BSTAR": 0.00052722999, "MEAN_MOTION_DOT": 2.766e-05, "MEAN_MOTION_DDOT": 0}, "tle": {"line1": "1 40239U 93036BVU 26021.26249919  .00002766  00000+0  52723-3 0  9994", "line2": "2 40239  74.0292 200.1348 0086430 302.4234 238.1099 14.62163076601882"}}, "geometry": {"type": "Point", "coordinates": [-165.83260253741855, -3.224849010231644]}}, {"type": "Feature", "properties": {"norad_id": 40792, "name": "COSMOS 2251 DEB", "group": "cosmos-2251-debris", "lat": -45.959591186958285, "lon": -51.15646456043965, "alt_km": 675.3957850590095, "timestamp": "2026-01-23T21:29:55.112849+00:00", "meta": {"OBJECT_NAME": "COSMOS 2251 DEB", "OBJECT_ID": "1993-036BVV", "EPOCH": "2026-01-21T14:54:19.163232", "MEAN_MOTION": 14.68138112, "ECCENTRICITY": 0.00150588, "INCLINATION": 74.047, "RA_OF_ASC_NODE": 330.4413, "ARG_OF_PERICENTER": 58.8039, "MEAN_ANOMALY": 115.1406, "EPHEMERIS_TYPE": 0, "CLASSIFICATION_TYPE": "U", "NORAD_CAT_ID": 40792, "ELEMENT_SET_NO": 999, "REV_AT_EPOCH": 63769, "BSTAR": 0.002996315, "MEAN_MOTION_DOT": 0.00017271, "MEAN_MOTION_DDOT": 0}, "tle": {"line1": "1 40792U 93036BVV 26021.62105513  .00017271  00000+0  29963-2 0  9995", "line2": "2 40792  74.0470 330.4413 0015058  58.8039 115.1406 14.68138112637690"}}, "geometry": {"type": "Point", "coordinates": [-51.15646456043965, -45.959591186958285]}}, {"type": "Feature", "properties": {"norad_id": 40794, "name": "COSMOS 2251 DEB", "group": "cosmos-2251-debris", "lat": 28.514873954707294, "lon": -150.07132922273084, "alt_km": 572.0824634563805, "timestamp": "2026-01-23T21:29:55.112859+00:00", "meta": {"OBJECT_NAME": "COSMOS 2251 DEB", "OBJECT_ID": "1993-036BVX", "EPOCH": "2026-01-21T19:53:41.586720", "MEAN_MOTION": 14.96889319, "ECCENTRICITY": 0.00058579, "INCLINATION": 73.9747, "RA_OF_ASC_NODE": 43.1072, "ARG_OF_PERICENTER": 216.2875, "MEAN_ANOMALY": 319.8428, "EPHEMERIS_TYPE": 0, "CLASSIFICATION_TYPE": "U", "NORAD_CAT_ID": 40794, "ELEMENT_SET_NO": 999, "REV_AT_EPOCH": 62523, "BSTAR": 0.0059889691, "MEAN_MOTION_DOT": 0.00069418, "MEAN_MOTION_DDOT": 0}, "tle": {"line1": "1 40794U 93036BVX 26021.82895355  .00069418  00000+0  59890-2 0  9991", "line2": "2 40794  73.9747  43.1072 0005857 216.2875 319.8428 14.96889319625237"}}, "geometry": {"type": "Point", "coordinates": [-150.07132922273084, 28.514873954707294]}}, {"type": "Feature", "properties": {"norad_id": 40796, "name": "COSMOS 2251 DEB", "group": "cosmos-2251-debris", "lat": 25.226913229974276, "lon": 66.52931888830386, "alt_km": 656.725728440696, "timestamp": "2026-01-23T21:29:55.112870+00:00", "meta": {"OBJECT_NAME": "COSMOS 2251 DEB", "OBJECT_ID": "1993-036BVZ", "EPOCH": "2026-01-17T09:57:52.585344", "MEAN_MOTION": 14.8230739, "ECCENTRICITY": 0.00545024, "INCLINATION": 74.0127, "RA_OF_ASC_NODE": 71.5917, "ARG_OF_PERICENTER": 201.8337, "MEAN_ANOMALY": 175.9664, "EPHEMERIS_TYPE": 0, "CLASSIFICATION_TYPE": "U", "NORAD_CAT_ID": 40796, "ELEMENT_SET_NO": 999, "REV_AT_EPOCH": 76687, "BSTAR": 0.00074195422, "MEAN_MOTION_DOT": 6.055e-05, "MEAN_MOTION_DDOT": 0}, "tle": {"line1": "1 40796U 93036BVZ 26017.41519196  .00006055  00000+0  74195-3 0  9993", "line2": "2 40796  74.0127  71.5917 0054502 201.8337 175.9664 14.82307390766878"}}, "geometry": {"type": "Point", "coordinates": [66.52931888830386, 25.226913229974276]}}, {"type": "Feature", "properties": {"norad_id": 40797, "name": "COSMOS 2251 DEB", "group": "cosmos-2251-debris", "lat": -51.65521880235709, "lon": -13.965776071381118, "alt_km": 494.4320282318449, "timestamp": "2026-01-23T21:29:55.112880+00:00", "meta": {"OBJECT_NAME": "COSMOS 2251 DEB", "OBJECT_ID": "1993-036BWA", "EPOCH": "2026-01-16T07:10:39.472608", "MEAN_MOTION": 15.12375888, "ECCENTRICITY": 0.00727297, "INCLINATION": 73.9248, "RA_OF_ASC_NODE": 23.2553, "ARG_OF_PERICENTER": 286.8154, "MEAN_ANOMALY": 72.507, "EPHEMERIS_TYPE": 0, "CLASSIFICATION_TYPE": "U", "NORAD_CAT_ID": 40797, "ELEMENT_SET_NO": 999, "REV_AT_EPOCH": 65166, "BSTAR": 0.00065987287, "MEAN_MOTION_DOT": 0.00012186, "MEAN_MOTION_DDOT": 0}, "tle": {"line1": "1 40797U 93036BWA 26016.29906797  .00012186  00000+0  65987-3 0  9997", "line2": "2 40797  73.9248  23.2553 0072729 286.8154  72.5070 15.12375888651666"}}, "geometry": {"type": "Point", "coordinates": [-13.965776071381118, -51.65521880235709]}}, {"type": "Feature", "properties": {"norad_id": 40799, "name": "COSMOS 2251 DEB", "group": "cosmos-2251-debris", "lat": -13.020771327751639, "lon": -163.67929109589983, "alt_km": 528.2209781333659, "timestamp": "2026-01-23T21:29:55.112890+00:00", "meta": {"OBJECT_NAME": "COSMOS 2251 DEB", "OBJECT_ID": "1993-036BWC", "EPOCH": "2026-01-21T06:05:01.799520", "MEAN_MOTION": 14.97167266, "ECCENTRICITY": 0.01189121, "INCLINATION": 73.926, "RA_OF_ASC_NODE": 17.8791, "ARG_OF_PERICENTER": 251.4875, "MEAN_ANOMALY": 107.3359, "EPHEMERIS_TYPE": 0, "CLASSIFICATION_TYPE": "U", "NORAD_CAT_ID": 40799, "ELEMENT_SET_NO": 999, "REV_AT_EPOCH": 50568, "BSTAR": 0.00091529346, "MEAN_MOTION_DOT": 0.00012206, "MEAN_MOTION_DDOT": 0}, "tle": {"line1": "1 40799U 93036BWC 26021.25349305  .00012206  00000+0  91529-3 0  9991", "line2": "2 40799  73.9260  17.8791 0118912 251.4875 107.3359 14.97167266505686"}}, "geometry": {"type": "Point", "coordinates": [-163.67929109589983, -13.020771327751639]}}, {"type": "Feature", "properties": {"norad_id": 40802, "name": "COSMOS 2251 DEB", "group": "cosmos-2251-debris", "lat": -53.23781183021315, "lon": -87.20101889713459, "alt_km": 631.80642859815, "timestamp": "2026-01-23T21:29:55.112900+00:00", "meta": {"OBJECT_NAME": "COSMOS 2251 DEB", "OBJECT_ID": "1993-036BWF", "EPOCH": "2026-01-21T09:57:39.113856", "MEAN_MOTION": 14.78130883, "ECCENTRICITY": 0.00604052, "INCLINATION": 74.0398, "RA_OF_ASC_NODE": 75.1436, "ARG_OF_PERICENTER": 165.0778, "MEAN_ANOMALY": 195.2199, "EPHEMERIS_TYPE": 0, "CLASSIFICATION_TYPE": "U", "NORAD_CAT_ID": 40802, "ELEMENT_SET_NO": 999, "REV_AT_EPOCH": 64995, "BSTAR": 0.0013428861, "MEAN_MOTION_DOT": 0.00010002, "MEAN_MOTION_DDOT": 0}, "tle": {"line1": "1 40802U 93036BWF 26021.41503604  .00010002  00000+0  13429-2 0  9992", "line2": "2 40802  74.0398  75.1436 0060405 165.0778 195.2199 14.78130883649954"}}, "geometry": {"type": "Point", "coordinates": [-87.20101889713459, -53.23781183021315]}}, {"type": "Feature", "properties": {"norad_id": 40803, "name": "COSMOS 2251 DEB", "group": "cosmos-2251-debris", "lat": 73.53420377719497, "lon": 76.50850480283891, "alt_km": 710.4960466147013, "timestamp": "2026-01-23T21:29:55.112910+00:00", "meta": {"OBJECT_NAME": "COSMOS 2251 DEB", "OBJECT_ID": "1993-036BWG", "EPOCH": "2026-01-15T08:00:43.035552", "MEAN_MOTION": 14.51914884, "ECCENTRICITY": 0.00334916, "INCLINATION": 74.0153, "RA_OF_ASC_NODE": 348.5379, "ARG_OF_PERICENTER": 198.8313, "MEAN_ANOMALY": 161.1613, "EPHEMERIS_TYPE": 0, "CLASSIFICATION_TYPE": "U", "NORAD_CAT_ID": 40803, "ELEMENT_SET_NO": 999, "REV_AT_EPOCH": 59240, "BSTAR": 0.00019138672, "MEAN_MOTION_DOT": 7.49e-06, "MEAN_MOTION_DDOT": 0}, "tle": {"line1": "1 40803U 93036BWG 26015.33383143  .00000749  00000+0  19139-3 0  9993", "line2": "2 40803  74.0153 348.5379 0033491 198.8313 161.1613 14.51914884592403"}}, "geometry": {"type": "Point", "coordinates": [76.50850480283891, 73.53420377719497]}}, {"type": "Feature", "properties": {"norad_id": 40808, "name": "COSMOS 2251 DEB", "group": "cosmos-2251-debris", "lat": -70.95628617915585, "lon": 8.0447466069283, "alt_km": 676.8438713649648, "timestamp": "2026-01-23T21:29:55.112921+00:00", "meta": {"OBJECT_NAME": "COSMOS 2251 DEB", "OBJECT_ID": "1993-036BWM", "EPOCH": "2026-01-21T09:25:54.390432", "MEAN_MOTION": 14.68311131, "ECCENTRICITY": 0.00058369, "INCLINATION": 74.0414, "RA_OF_ASC_NODE": 68.8766, "ARG_OF_PERICENTER": 81.749, "MEAN_ANOMALY": 294.3393, "EPHEMERIS_TYPE": 0, "CLASSIFICATION_TYPE": "U", "NORAD_CAT_ID": 40808, "ELEMENT_SET_NO": 999, "REV_AT_EPOCH": 64201, "BSTAR": 0.0033147226, "MEAN_MOTION_DOT": 0.00019163, "MEAN_MOTION_DDOT": 0}, "tle": {"line1": "1 40808U 93036BWM 26021.39299063  .00019163  00000+0  33147-2 0  9992", "line2": "2 40808  74.0414  68.8766 0005836  81.7490 294.3393 14.68311131642019"}}, "geometry": {"type": "Point", "coordinates": [8.0447466069283, -70.95628617915585]}}, {"type": "Feature", "properties": {"norad_id": 40810, "name": "COSMOS 2251 DEB", "group": "cosmos-2251-debris", "lat": -73.74992445777156, "lon": -106.41645276012461, "alt_km": 710.8284271006014, "timestamp": "2026-01-23T21:29:55.112932+00:00", "meta": {"OBJECT_NAME": "COSMOS 2251 DEB", "OBJECT_ID": "1993-036BWP", "EPOCH": "2026-01-19T22:28:44.238432", "MEAN_MOTION": 14.5898926, "ECCENTRICITY": 0.00165013, "INCLINATION": 74.0356, "RA_OF_ASC_NODE": 1.9756, "ARG_OF_PERICENTER": 145.2071, "MEAN_ANOMALY": 215.0177, "EPHEMERIS_TYPE": 0, "CLASSIFICATION_TYPE": "U", "NORAD_CAT_ID": 40810, "ELEMENT_SET_NO": 999, "REV_AT_EPOCH": 62240, "BSTAR": 0.00090430337, "MEAN_MOTION_DOT": 4.226e-05, "MEAN_MOTION_DDOT": 0}, "tle": {"line1": "1 40810U 93036BWP 26019.93662313  .00004226  00000+0  90430-3 0  9997", "line2": "2 40810  74.0356   1.9756 0016501 145.2071 215.0177 14.58989260622400"}}, "geometry": {"type": "Point", "coordinates": [-106.41645276012461, -73.74992445777156]}}, {"type": "Feature", "properties": {"norad_id": 46271, "name": "COSMOS 2251 DEB", "group": "cosmos-2251-debris", "lat": 67.4426905977525, "lon": 135.39037181760267, "alt_km": 686.4142195298436, "timestamp": "2026-01-23T21:29:55.112942+00:00", "meta": {"OBJECT_NAME": "COSMOS 2251 DEB", "OBJECT_ID": "1993-036BWT", "EPOCH": "2026-01-21T16:04:56.804160", "MEAN_MOTION": 14.51536337, "ECCENTRICITY": 0.00384607, "INCLINATION": 74.047, "RA_OF_ASC_NODE": 3.0971, "ARG_OF_PERICENTER": 113.781, "MEAN_ANOMALY": 246.7392, "EPHEMERIS_TYPE": 0, "CLASSIFICATION_TYPE": "U", "NORAD_CAT_ID": 46271, "ELEMENT_SET_NO": 999, "REV_AT_EPOCH": 85221, "BSTAR": 0.00054889948, "MEAN_MOTION_DOT": 2.189e-05, "MEAN_MOTION_DDOT": 0}, "tle": {"line1": "1 46271U 93036BWT 26021.67010190  .00002189  00000+0  54890-3 0  9994", "line2": "2 46271  74.0470   3.0971 0038460 113.7810 246.7392 14.51536337852215"}}, "geometry": {"type": "Point", "coordinates": [135.39037181760267, 67.4426905977525]}}, {"type": "Feature", "properties": {"norad_id": 46430, "name": "COSMOS 2251 DEB", "group": "cosmos-2251-debris", "lat": -21.19344445519855, "lon": 102.7832434111288, "alt_km": 655.5174442607349, "timestamp": "2026-01-23T21:29:55.112953+00:00", "meta": {"OBJECT_NAME": "COSMOS 2251 DEB", "OBJECT_ID": "1993-036BWU", "EPOCH": "2026-01-19T10:44:31.690464", "MEAN_MOTION": 14.519563, "ECCENTRICITY": 0.00995137, "INCLINATION": 73.9132, "RA_OF_ASC_NODE": 284.7993, "ARG_OF_PERICENTER": 197.1756, "MEAN_ANOMALY": 162.6031, "EPHEMERIS_TYPE": 0, "CLASSIFICATION_TYPE": "U", "NORAD_CAT_ID": 46430, "ELEMENT_SET_NO": 999, "REV_AT_EPOCH": 80230, "BSTAR": 0.0015360105, "MEAN_MOTION_DOT": 6.589e-05, "MEAN_MOTION_DDOT": 0}, "tle": {"line1": "1 46430U 93036BWU 26019.44758901  .00006589  00000+0  15360-2 0  9998", "line2": "2 46430  73.9132 284.7993 0099513 197.1756 162.6031 14.51956300802305"}}, "geometry": {"type": "Point", "coordinates": [102.7832434111288, -21.19344445519855]}}, {"type": "Feature", "properties": {"norad_id": 46432, "name": "COSMOS 2251 DEB", "group": "cosmos-2251-debris", "lat": 7.081313741737042, "lon": -137.191842289071, "alt_km": 782.9168997444176, "timestamp": "2026-01-23T21:29:55.112963+00:00", "meta": {"OBJECT_NAME": "COSMOS 2251 DEB", "OBJECT_ID": "1993-036BWW", "EPOCH": "2026-01-16T20:40:15.963168", "MEAN_MOTION": 13.36695151, "ECCENTRICITY": 0.04724162, "INCLINATION": 73.8713, "RA_OF_ASC_NODE": 55.9494, "ARG_OF_PERICENTER": 167.7667, "MEAN_ANOMALY": 4.8231, "EPHEMERIS_TYPE": 0, "CLASSIFICATION_TYPE": "U", "NORAD_CAT_ID": 46432, "ELEMENT_SET_NO": 999, "REV_AT_EPOCH": 67435, "BSTAR": 0.00014988858, "MEAN_MOTION_DOT": 1.27e-06, "MEAN_MOTION_DDOT": 0}, "tle": {"line1": "1 46432U 93036BWW 26016.86129587  .00000127  00000+0  14989-3 0  9994", "line2": "2 46432  73.8713  55.9494 0472416 167.7667   4.8231 13.36695151674353"}}, "geometry": {"type": "Point", "coordinates": [-137.191842289071, 7.081313741737042]}}, {"type": "Feature", "properties": {"norad_id": 47045, "name": "COSMOS 2251 DEB", "group": "cosmos-2251-debris", "lat": -53.073500641666946, "lon": -86.1246019891319, "alt_km": 750.3622472961715, "timestamp": "2026-01-23T21:29:55.112974+00:00", "meta": {"OBJECT_NAME": "COSMOS 2251 DEB", "OBJECT_ID": "1993-036BWZ", "EPOCH": "2026-01-17T10:59:17.680992", "MEAN_MOTION": 14.3892321, "ECCENTRICITY": 0.00299854, "INCLINATION": 74.0583, "RA_OF_ASC_NODE": 83.3758, "ARG_OF_PERICENTER": 218.3611, "MEAN_ANOMALY": 161.7869, "EPHEMERIS_TYPE": 0, "CLASSIFICATION_TYPE": "U", "NORAD_CAT_ID": 47045, "ELEMENT_SET_NO": 999, "REV_AT_EPOCH": 8319, "BSTAR": 6.5251496e-05, "MEAN_MOTION_DOT": 1.76e-06, "MEAN_MOTION_DDOT": 0}, "tle": {"line1": "1 47045U 93036BWZ 26017.45784353  .00000176  00000+0  65251-4 0  9992", "line2": "2 47045  74.0583  83.3758 0029985 218.3611 161.7869 14.38923210 83190"}}, "geometry": {"type": "Point", "coordinates": [-86.1246019891319, -53.073500641666946]}}, {"type": "Feature", "properties": {"norad_id": 47048, "name": "COSMOS 2251 DEB", "group": "cosmos-2251-debris", "lat": 64.25421177760633, "lon": -84.02916144574937, "alt_km": 617.8300031083581, "timestamp": "2026-01-23T21:29:55.112984+00:00", "meta": {"OBJECT_NAME": "COSMOS 2251 DEB", "OBJECT_ID": "1993-036BXC", "EPOCH": "2026-01-21T08:51:15.996960", "MEAN_MOTION": 14.5280115, "ECCENTRICITY": 0.01328968, "INCLINATION": 73.9756, "RA_OF_ASC_NODE": 244.1748, "ARG_OF_PERICENTER": 61.816, "MEAN_ANOMALY": 116.8993, "EPHEMERIS_TYPE": 0, "CLASSIFICATION_TYPE": "U", "NORAD_CAT_ID": 47048, "ELEMENT_SET_NO": 999, "REV_AT_EPOCH": 60265, "BSTAR": 0.0032388651, "MEAN_MOTION_DOT": 0.00014953, "MEAN_MOTION_DDOT": 0}, "tle": {"line1": "1 47048U 93036BXC 26021.36893515  .00014953  00000+0  32389-2 0  9993", "line2": "2 47048  73.9756 244.1748 0132896  61.8160 116.8993 14.52801150602656"}}, "geometry": {"type": "Point", "coordinates": [-84.02916144574937, 64.25421177760633]}}, {"type": "Feature", "properties": {"norad_id": 47051, "name": "COSMOS 2251 DEB", "group": "cosmos-2251-debris", "lat": 47.50322155151782, "lon": 132.8119240561561, "alt_km": 1252.3017999378699, "timestamp": "2026-01-23T21:29:55.112994+00:00", "meta": {"OBJECT_NAME": "COSMOS 2251 DEB", "OBJECT_ID": "1993-036BXF", "EPOCH": "2026-01-20T14:32:38.055264", "MEAN_MOTION": 13.67283726, "ECCENTRICITY": 0.03423761, "INCLINATION": 74.1018, "RA_OF_ASC_NODE": 120.0649, "ARG_OF_PERICENTER": 224.9949, "MEAN_ANOMALY": 198.8287, "EPHEMERIS_TYPE": 0, "CLASSIFICATION_TYPE": "U", "NORAD_CAT_ID": 47051, "ELEMENT_SET_NO": 999, "REV_AT_EPOCH": 60469, "BSTAR": 0.0040386321, "MEAN_MOTION_DOT": 5.069e-05, "MEAN_MOTION_DDOT": 0}, "tle": {"line1": "1 47051U 93036BXF 26020.60599601  .00005069  00000+0  40386-2 0  9996", "line2": "2 47051  74.1018 120.0649 0342376 224.9949 198.8287 13.67283726604699"}}, "geometry": {"type": "Point", "coordinates": [132.8119240561561, 47.50322155151782]}}, {"type": "Feature", "properties": {"norad_id": 47052, "name": "COSMOS 2251 DEB", "group": "cosmos-2251-debris", "lat": 33.59096453724189, "lon": -85.99352301820007, "alt_km": 754.693656788807, "timestamp": "2026-01-23T21:29:55.113005+00:00", "meta": {"OBJECT_NAME": "COSMOS 2251 DEB", "OBJECT_ID": "1993-036BXG", "EPOCH": "2026-01-21T01:04:14.080224", "MEAN_MOTION": 14.35568155, "ECCENTRICITY": 0.00595907, "INCLINATION": 74.0484, "RA_OF_ASC_NODE": 268.2806, "ARG_OF_PERICENTER": 332.868, "MEAN_ANOMALY": 92.6364, "EPHEMERIS_TYPE": 0, "CLASSIFICATION_TYPE": "U", "NORAD_CAT_ID": 47052, "ELEMENT_SET_NO": 999, "REV_AT_EPOCH": 62353, "BSTAR": 0.00044914431, "MEAN_MOTION_DOT": 1.294e-05, "MEAN_MOTION_DDOT": 0}, "tle": {"line1": "1 47052U 93036BXG 26021.04460741  .00001294  00000+0  44914-3 0  9996", "line2": "2 47052  74.0484 268.2806 0059590 332.8680  92.6364 14.35568155623539"}}, "geometry": {"type": "Point", "coordinates": [-85.99352301820007, 33.59096453724189]}}, {"type": "Feature", "properties": {"norad_id": 47053, "name": "COSMOS 2251 DEB", "group": "cosmos-2251-debris", "lat": -12.529302264048225, "lon": 9.466524056816043, "alt_km": 1297.9335180948992, "timestamp": "2026-01-23T21:29:55.113015+00:00", "meta": {"OBJECT_NAME": "COSMOS 2251 DEB", "OBJECT_ID": "1993-036BXH", "EPOCH": "2026-01-19T17:44:17.382912", "MEAN_MOTION": 13.5978106, "ECCENTRICITY": 0.03792305, "INCLINATION": 74.0574, "RA_OF_ASC_NODE": 192.552, "ARG_OF_PERICENTER": 357.7138, "MEAN_ANOMALY": 16.6747, "EPHEMERIS_TYPE": 0, "CLASSIFICATION_TYPE": "U", "NORAD_CAT_ID": 47053, "ELEMENT_SET_NO": 999, "REV_AT_EPOCH": 29405, "BSTAR": 0.00074787576, "MEAN_MOTION_DOT": 8.72e-06, "MEAN_MOTION_DDOT": 0}, "tle": {"line1": "1 47053U 93036BXH 26019.73909008  .00000872  00000+0  74788-3 0  9997", "line2": "2 47053  74.0574 192.5520 0379230 357.7138  16.6747 13.59781060294051"}}, "geometry": {"type": "Point", "coordinates": [9.466524056816043, -12.529302264048225]}}, {"type": "Feature", "properties": {"norad_id": 47059, "name": "COSMOS 2251 DEB", "group": "cosmos-2251-debris", "lat": -30.823946778875726, "lon": -22.720036226115372, "alt_km": 520.8995884727319, "timestamp": "2026-01-23T21:29:55.113026+00:00", "meta": {"OBJECT_NAME": "COSMOS 2251 DEB", "OBJECT_ID": "1993-036BXP", "EPOCH": "2026-01-22T14:34:17.724576", "MEAN_MOTION": 15.1789046, "ECCENTRICITY": 0.00193279, "INCLINATION": 73.9782, "RA_OF_ASC_NODE": 150.1082, "ARG_OF_PERICENTER": 321.1871, "MEAN_ANOMALY": 52.0896, "EPHEMERIS_TYPE": 0, "CLASSIFICATION_TYPE": "U", "NORAD_CAT_ID": 47059, "ELEMENT_SET_NO": 999, "REV_AT_EPOCH": 8924, "BSTAR": 0.0041060557, "MEAN_MOTION_DOT": 0.00084587, "MEAN_MOTION_DDOT": 0}, "tle": {"line1": "1 47059U 93036BXP 26022.60714959  .00084587  00000+0  41061-2 0  9994", "line2": "2 47059  73.9782 150.1082 0019327 321.1871  52.0896 15.17890460 89249"}}, "geometry": {"type": "Point", "coordinates": [-22.720036226115372, -30.823946778875726]}}, {"type": "Feature", "properties": {"norad_id": 47062, "name": "COSMOS 2251 DEB", "group": "cosmos-2251-debris", "lat": 31.95845687103534, "lon": 178.4008554931917, "alt_km": 770.373582627918, "timestamp": "2026-01-23T21:29:55.113036+00:00", "meta": {"OBJECT_NAME": "COSMOS 2251 DEB", "OBJECT_ID": "1993-036BXS", "EPOCH": "2026-01-19T06:36:58.002912", "MEAN_MOTION": 13.72014024, "ECCENTRICITY": 0.03188395, "INCLINATION": 74.0835, "RA_OF_ASC_NODE": 16.2716, "ARG_OF_PERICENTER": 133.7227, "MEAN_ANOMALY": 240.2637, "EPHEMERIS_TYPE": 0, "CLASSIFICATION_TYPE": "U", "NORAD_CAT_ID": 47062, "ELEMENT_SET_NO": 999, "REV_AT_EPOCH": 56117, "BSTAR": 0.00044543008, "MEAN_MOTION_DOT": 5.62e-06, "MEAN_MOTION_DDOT": 0}, "tle": {"line1": "1 47062U 93036BXS 26019.27567133  .00000562  00000+0  44543-3 0  9997", "line2": "2 47062  74.0835  16.2716 0318839 133.7227 240.2637 13.72014024561176"}}, "geometry": {"type": "Point", "coordinates": [178.4008554931917, 31.95845687103534]}}, {"type": "Feature", "properties": {"norad_id": 47068, "name": "COSMOS 2251 DEB", "group": "cosmos-2251-debris", "lat": -1.064387016128214, "lon": 123.52583243234076, "alt_km": 727.6483787666239, "timestamp": "2026-01-23T21:29:55.113047+00:00", "meta": {"OBJECT_NAME": "COSMOS 2251 DEB", "OBJECT_ID": "1993-036BXY", "EPOCH": "2026-01-20T14:13:01.924032", "MEAN_MOTION": 14.53517063, "ECCENTRICITY": 0.00178428, "INCLINATION": 74.0251, "RA_OF_ASC_NODE": 130.071, "ARG_OF_PERICENTER": 216.2387, "MEAN_ANOMALY": 143.7568, "EPHEMERIS_TYPE": 0, "CLASSIFICATION_TYPE": "U", "NORAD_CAT_ID": 47068, "ELEMENT_SET_NO": 999, "REV_AT_EPOCH": 62321, "BSTAR": 0.002618963, "MEAN_MOTION_DOT": 0.0001094, "MEAN_MOTION_DDOT": 0}, "tle": {"line1": "1 47068U 93036BXY 26020.59238338  .00010940  00000+0  26190-2 0  9990", "line2": "2 47068  74.0251 130.0710 0017842 216.2387 143.7568 14.53517063623212"}}, "geometry": {"type": "Point", "coordinates": [123.52583243234076, -1.064387016128214]}}, {"type": "Feature", "properties": {"norad_id": 47073, "name": "COSMOS 2251 DEB", "group": "cosmos-2251-debris", "lat": -1.327463271177977, "lon": 128.12124828220396, "alt_km": 987.6696236710368, "timestamp": "2026-01-23T21:29:55.113057+00:00", "meta": {"OBJECT_NAME": "COSMOS 2251 DEB", "OBJECT_ID": "1993-036BYD", "EPOCH": "2026-01-19T01:17:13.915392", "MEAN_MOTION": 14.04817595, "ECCENTRICITY": 0.01601321, "INCLINATION": 74.0832, "RA_OF_ASC_NODE": 136.9223, "ARG_OF_PERICENTER": 166.7594, "MEAN_ANOMALY": 193.7823, "EPHEMERIS_TYPE": 0, "CLASSIFICATION_TYPE": "U", "NORAD_CAT_ID": 47073, "ELEMENT_SET_NO": 999, "REV_AT_EPOCH": 60885, "BSTAR": 0.0006123049, "MEAN_MOTION_DOT": 1.078e-05, "MEAN_MOTION_DDOT": 0}, "tle": {"line1": "1 47073U 93036BYD 26019.05363328  .00001078  00000+0  61230-3 0  9990", "line2": "2 47073  74.0832 136.9223 0160132 166.7594 193.7823 14.04817595608858"}}, "geometry": {"type": "Point", "coordinates": [128.12124828220396, -1.327463271177977]}}, {"type": "Feature", "properties": {"norad_id": 47074, "name": "COSMOS 2251 DEB", "group": "cosmos-2251-debris", "lat": 6.4763095862264874, "lon": 49.720014707989684, "alt_km": 748.4036287061663, "timestamp": "2026-01-23T21:29:55.113067+00:00", "meta": {"OBJECT_NAME": "COSMOS 2251 DEB", "OBJECT_ID": "1993-036BYE", "EPOCH": "2026-01-21T20:15:56.463264", "MEAN_MOTION": 14.35967689, "ECCENTRICITY": 0.01430709, "INCLINATION": 74.0882, "RA_OF_ASC_NODE": 235.3295, "ARG_OF_PERICENTER": 254.0377, "MEAN_ANOMALY": 120.3235, "EPHEMERIS_TYPE": 0, "CLASSIFICATION_TYPE": "U", "NORAD_CAT_ID": 47074, "ELEMENT_SET_NO": 999, "REV_AT_EPOCH": 3258, "BSTAR": 0.002468245, "MEAN_MOTION_DOT": 8.035e-05, "MEAN_MOTION_DDOT": 0}, "tle": {"line1": "1 47074U 93036BYE 26021.84440351  .00008035  00000+0  24682-2 0  9992", "line2": "2 47074  74.0882 235.3295 0143070 254.0377 120.3235 14.35967689 32587"}}, "geometry": {"type": "Point", "coordinates": [49.720014707989684, 6.4763095862264874]}}, {"type": "Feature", "properties": {"norad_id": 47116, "name": "COSMOS 2251 DEB", "group": "cosmos-2251-debris", "lat": -66.01539495287338, "lon": 114.97807455488366, "alt_km": 559.7851580999222, "timestamp": "2026-01-23T21:29:55.113077+00:00", "meta": {"OBJECT_NAME": "COSMOS 2251 DEB", "OBJECT_ID": "1993-036BYJ", "EPOCH": "2026-01-21T15:28:59.599200", "MEAN_MOTION": 15.00460264, "ECCENTRICITY": 0.00213369, "INCLINATION": 74.0219, "RA_OF_ASC_NODE": 159.6504, "ARG_OF_PERICENTER": 255.704, "MEAN_ANOMALY": 119.1787, "EPHEMERIS_TYPE": 0, "CLASSIFICATION_TYPE": "U", "NORAD_CAT_ID": 47116, "ELEMENT_SET_NO": 999, "REV_AT_EPOCH": 60109, "BSTAR": 0.0047814212, "MEAN_MOTION_DOT": 0.00060968, "MEAN_MOTION_DDOT": 0}, "tle": {"line1": "1 47116U 93036BYJ 26021.64513425  .00060968  00000+0  47814-2 0  9995", "line2": "2 47116  74.0219 159.6504 0021336 255.7040 119.1787 15.00460264601090"}}, "geometry": {"type": "Point", "coordinates": [114.97807455488366, -66.01539495287338]}}, {"type": "Feature", "properties": {"norad_id": 53093, "name": "COSMOS 2251 DEB", "group": "cosmos-2251-debris", "lat": 64.35010998568734, "lon": -100.09562053567643, "alt_km": 754.9875605487123, "timestamp": "2026-01-23T21:29:55.113098+00:00", "meta": {"OBJECT_NAME": "COSMOS 2251 DEB", "OBJECT_ID": "1993-036BYP", "EPOCH": "2026-01-22T13:32:38.945760", "MEAN_MOTION": 14.42133051, "ECCENTRICITY": 0.0020469, "INCLINATION": 74.034, "RA_OF_ASC_NODE": 225.7742, "ARG_OF_PERICENTER": 298.1114, "MEAN_ANOMALY": 61.7973, "EPHEMERIS_TYPE": 0, "CLASSIFICATION_TYPE": "U", "NORAD_CAT_ID": 53093, "ELEMENT_SET_NO": 999, "REV_AT_EPOCH": 18314, "BSTAR": 0.0011907021, "MEAN_MOTION_DOT": 3.902e-05, "MEAN_MOTION_DDOT": 0}, "tle": {"line1": "1 53093U 93036BYP 26022.56433965  .00003902  00000+0  11907-2 0  9997", "line2": "2 53093  74.0340 225.7742 0020469 298.1114  61.7973 14.42133051183140"}}, "geometry": {"type": "Point", "coordinates": [-100.09562053567643, 64.35010998568734]}}]}