{"type": "FeatureCollection", "features": [{"type": "Feature", "properties": {"norad_id": 24876, "name": "GPS BIIR-2  (PRN 13)", "group": "gnss", "lat": -43.0225891111284, "lon": -38.35140822759018, "alt_km": 20447.84177210794, "timestamp": "2026-03-08T19:31:04.055580+00:00", "meta": {"OBJECT_NAME": "GPS BIIR-2  (PRN 13)", "OBJECT_ID": "1997-035A", "EPOCH": "2026-03-07T23:45:30.972384", "MEAN_MOTION": 2.00564031, "ECCENTRICITY": 0.0098035, "INCLINATION": 55.9374, "RA_OF_ASC_NODE": 102.5307, "ARG_OF_PERICENTER": 56.2433, "MEAN_ANOMALY": 304.7531, "EPHEMERIS_TYPE": 0, "CLASSIFICATION_TYPE": "U", "NORAD_CAT_ID": 24876, "ELEMENT_SET_NO": 999, "REV_AT_EPOCH": 20992, "BSTAR": 0, "MEAN_MOTION_DOT": -7e-08, "MEAN_MOTION_DDOT": 0}, "tle": {"line1": "1 24876U 97035A   26066.98994181 -.00000007  00000+0  00000+0 0  9996", "line2": "2 24876  55.9374 102.5307 0098035  56.2433 304.7531  2.00564031209924"}}, "geometry": {"type": "Point", "coordinates": [-38.35140822759018, -43.0225891111284]}}, {"type": "Feature", "properties": {"norad_id": 26407, "name": "GPS BIIR-5  (PRN 22)", "group": "gnss", "lat": 9.950697910257528, "lon": 32.04738229829035, "alt_km": 20408.264662870642, "timestamp": "2026-03-08T19:31:04.055627+00:00", "meta": {"OBJECT_NAME": "GPS BIIR-5  (PRN 22)", "OBJECT_ID": "2000-040A", "EPOCH": "2026-03-06T19:47:29.059296", "MEAN_MOTION": 2.00568995, "ECCENTRICITY": 0.01226438, "INCLINATION": 54.875, "RA_OF_ASC_NODE": 219.2256, "ARG_OF_PERICENTER": 302.5332, "MEAN_ANOMALY": 230.2733, "EPHEMERIS_TYPE": 0, "CLASSIFICATION_TYPE": "U", "NORAD_CAT_ID": 26407, "ELEMENT_SET_NO": 999, "REV_AT_EPOCH": 18789, "BSTAR": 0, "MEAN_MOTION_DOT": 2.5e-07, "MEAN_MOTION_DDOT": 0}, "tle": {"line1": "1 26407U 00040A   26065.82464189  .00000025  00000+0  00000+0 0  9999", "line2": "2 26407  54.8750 219.2256 0122643 302.5332 230.2733  2.00568995187890"}}, "geometry": {"type": "Point", "coordinates": [32.04738229829035, 9.950697910257528]}}, {"type": "Feature", "properties": {"norad_id": 27663, "name": "GPS BIIR-8  (PRN 16)", "group": "gnss", "lat": -43.315920101301856, "lon": 177.4517005581196, "alt_km": 20315.126508953228, "timestamp": "2026-03-08T19:31:04.055646+00:00", "meta": {"OBJECT_NAME": "GPS BIIR-8  (PRN 16)", "OBJECT_ID": "2003-005A", "EPOCH": "2026-03-06T09:53:39.321888", "MEAN_MOTION": 2.005662, "ECCENTRICITY": 0.01487327, "INCLINATION": 54.9069, "RA_OF_ASC_NODE": 219.0498, "ARG_OF_PERICENTER": 52.7313, "MEAN_ANOMALY": 318.1949, "EPHEMERIS_TYPE": 0, "CLASSIFICATION_TYPE": "U", "NORAD_CAT_ID": 27663, "ELEMENT_SET_NO": 999, "REV_AT_EPOCH": 16925, "BSTAR": 0, "MEAN_MOTION_DOT": 2e-07, "MEAN_MOTION_DDOT": 0}, "tle": {"line1": "1 27663U 03005A   26065.41226067  .00000020  00000+0  00000+0 0  9999", "line2": "2 27663  54.9069 219.0498 0148732  52.7313 318.1949  2.00566200169257"}}, "geometry": {"type": "Point", "coordinates": [177.4517005581196, -43.315920101301856]}}, {"type": "Feature", "properties": {"norad_id": 28190, "name": "GPS BIIR-11 (PRN 19)", "group": "gnss", "lat": 53.865521360070154, "lon": 25.424251162721696, "alt_km": 20072.957726420864, "timestamp": "2026-03-08T19:31:04.055661+00:00", "meta": {"OBJECT_NAME": "GPS BIIR-11 (PRN 19)", "OBJECT_ID": "2004-009A", "EPOCH": "2026-03-08T09:57:42.847200", "MEAN_MOTION": 2.00558054, "ECCENTRICITY": 0.0111136, "INCLINATION": 54.9125, "RA_OF_ASC_NODE": 279.7575, "ARG_OF_PERICENTER": 169.168, "MEAN_ANOMALY": 3.7023, "EPHEMERIS_TYPE": 0, "CLASSIFICATION_TYPE": "U", "NORAD_CAT_ID": 28190, "ELEMENT_SET_NO": 999, "REV_AT_EPOCH": 16092, "BSTAR": 0, "MEAN_MOTION_DOT": -9e-08, "MEAN_MOTION_DDOT": 0}, "tle": {"line1": "1 28190U 04009A   26067.41507925 -.00000009  00000+0  00000+0 0  9995", "line2": "2 28190  54.9125 279.7575 0111136 169.1680   3.7023  2.00558054160926"}}, "geometry": {"type": "Point", "coordinates": [25.424251162721696, 53.865521360070154]}}, {"type": "Feature", "properties": {"norad_id": 28474, "name": "GPS BIIR-13 (PRN 02)", "group": "gnss", "lat": 13.873971928460813, "lon": 139.06842527771573, "alt_km": 20570.571801545113, "timestamp": "2026-03-08T19:31:04.055674+00:00", "meta": {"OBJECT_NAME": "GPS BIIR-13 (PRN 02)", "OBJECT_ID": "2004-045A", "EPOCH": "2026-03-08T08:03:38.570112", "MEAN_MOTION": 2.00573693, "ECCENTRICITY": 0.0170784, "INCLINATION": 55.1924, "RA_OF_ASC_NODE": 328.9608, "ARG_OF_PERICENTER": 312.9875, "MEAN_ANOMALY": 226.3025, "EPHEMERIS_TYPE": 0, "CLASSIFICATION_TYPE": "U", "NORAD_CAT_ID": 28474, "ELEMENT_SET_NO": 999, "REV_AT_EPOCH": 15640, "BSTAR": 0, "MEAN_MOTION_DOT": -9.5e-07, "MEAN_MOTION_DDOT": 0}, "tle": {"line1": "1 28474U 04045A   26067.33586308 -.00000095  00000+0  00000+0 0  9998", "line2": "2 28474  55.1924 328.9608 0170784 312.9875 226.3025  2.00573693156402"}}, "geometry": {"type": "Point", "coordinates": [139.06842527771573, 13.873971928460813]}}, {"type": "Feature", "properties": {"norad_id": 28874, "name": "GPS BIIRM-1 (PRN 17)", "group": "gnss", "lat": 42.63069813717733, "lon": 56.99761744961608, "alt_km": 20513.827144789015, "timestamp": "2026-03-08T19:31:04.055688+00:00", "meta": {"OBJECT_NAME": "GPS BIIRM-1 (PRN 17)", "OBJECT_ID": "2005-038A", "EPOCH": "2026-03-06T15:45:49.229856", "MEAN_MOTION": 2.0057291, "ECCENTRICITY": 0.0128744, "INCLINATION": 54.9613, "RA_OF_ASC_NODE": 277.314, "ARG_OF_PERICENTER": 295.3788, "MEAN_ANOMALY": 71.8812, "EPHEMERIS_TYPE": 0, "CLASSIFICATION_TYPE": "U", "NORAD_CAT_ID": 28874, "ELEMENT_SET_NO": 999, "REV_AT_EPOCH": 14978, "BSTAR": 0, "MEAN_MOTION_DOT": -1.7e-07, "MEAN_MOTION_DDOT": 0}, "tle": {"line1": "1 28874U 05038A   26065.65681979 -.00000017  00000+0  00000+0 0  9992", "line2": "2 28874  54.9613 277.3140 0128744 295.3788  71.8812  2.00572910149783"}}, "geometry": {"type": "Point", "coordinates": [56.99761744961608, 42.63069813717733]}}, {"type": "Feature", "properties": {"norad_id": 28899, "name": "INMARSAT 4-F2 (SOUTHPAN/PRN 122)", "group": "gnss", "lat": -1.5935746020656643, "lon": -117.30578551680017, "alt_km": 35793.4294884002, "timestamp": "2026-03-08T19:31:04.055702+00:00", "meta": {"OBJECT_NAME": "INMARSAT 4-F2 (SOUTHPAN/PRN 122)", "OBJECT_ID": "2005-044A", "EPOCH": "2026-03-08T12:03:17.902656", "MEAN_MOTION": 1.00272141, "ECCENTRICITY": 0.0002727, "INCLINATION": 4.9623, "RA_OF_ASC_NODE": 43.8018, "ARG_OF_PERICENTER": 327.7603, "MEAN_ANOMALY": 118.9539, "EPHEMERIS_TYPE": 0, "CLASSIFICATION_TYPE": "U", "NORAD_CAT_ID": 28899, "ELEMENT_SET_NO": 999, "REV_AT_EPOCH": 7451, "BSTAR": 0, "MEAN_MOTION_DOT": -2.59e-06, "MEAN_MOTION_DDOT": 0}, "tle": {"line1": "1 28899U 05044A   26067.50229054 -.00000259  00000+0  00000+0 0  9992", "line2": "2 28899   4.9623  43.8018 0002727 327.7603 118.9539  1.00272141 74513"}}, "geometry": {"type": "Point", "coordinates": [-117.30578551680017, -1.5935746020656643]}}, {"type": "Feature", "properties": {"norad_id": 29486, "name": "GPS BIIRM-2 (PRN 31)", "group": "gnss", "lat": 16.801700209795218, "lon": 167.66782585445154, "alt_km": 19938.384239070747, "timestamp": "2026-03-08T19:31:04.055715+00:00", "meta": {"OBJECT_NAME": "GPS BIIRM-2 (PRN 31)", "OBJECT_ID": "2006-042A", "EPOCH": "2026-03-08T01:25:53.956128", "MEAN_MOTION": 2.0057525, "ECCENTRICITY": 0.0106678, "INCLINATION": 54.6979, "RA_OF_ASC_NODE": 155.355, "ARG_OF_PERICENTER": 52.9291, "MEAN_ANOMALY": 144.3305, "EPHEMERIS_TYPE": 0, "CLASSIFICATION_TYPE": "U", "NORAD_CAT_ID": 29486, "ELEMENT_SET_NO": 999, "REV_AT_EPOCH": 14236, "BSTAR": 0, "MEAN_MOTION_DOT": -1e-08, "MEAN_MOTION_DDOT": 0}, "tle": {"line1": "1 29486U 06042A   26067.05965227 -.00000001  00000+0  00000+0 0  9998", "line2": "2 29486  54.6979 155.3550 0106678  52.9291 144.3305  2.00575250142363"}}, "geometry": {"type": "Point", "coordinates": [167.66782585445154, 16.801700209795218]}}, {"type": "Feature", "properties": {"norad_id": 29601, "name": "GPS BIIRM-3 (PRN 12)", "group": "gnss", "lat": 54.11538250649562, "lon": -66.22844650171226, "alt_km": 19945.637841692194, "timestamp": "2026-03-08T19:31:04.055727+00:00", "meta": {"OBJECT_NAME": "GPS BIIRM-3 (PRN 12)", "OBJECT_ID": "2006-052A", "EPOCH": "2026-03-06T16:57:50.819616", "MEAN_MOTION": 2.00551839, "ECCENTRICITY": 0.00878314, "INCLINATION": 54.9563, "RA_OF_ASC_NODE": 218.066, "ARG_OF_PERICENTER": 89.3999, "MEAN_ANOMALY": 271.562, "EPHEMERIS_TYPE": 0, "CLASSIFICATION_TYPE": "U", "NORAD_CAT_ID": 29601, "ELEMENT_SET_NO": 999, "REV_AT_EPOCH": 14135, "BSTAR": 0, "MEAN_MOTION_DOT": 2.3e-07, "MEAN_MOTION_DDOT": 0}, "tle": {"line1": "1 29601U 06052A   26065.70683819  .00000023  00000+0  00000+0 0  9995", "line2": "2 29601  54.9563 218.0660 0087831  89.3999 271.5620  2.00551839141359"}}, "geometry": {"type": "Point", "coordinates": [-66.22844650171226, 54.11538250649562]}}, {"type": "Feature", "properties": {"norad_id": 32260, "name": "GPS BIIRM-4 (PRN 15)", "group": "gnss", "lat": -33.27334152941458, "lon": -67.32414998639997, "alt_km": 20499.441847249032, "timestamp": "2026-03-08T19:31:04.055739+00:00", "meta": {"OBJECT_NAME": "GPS BIIRM-4 (PRN 15)", "OBJECT_ID": "2007-047A", "EPOCH": "2026-03-06T00:23:33.368352", "MEAN_MOTION": 2.00560687, "ECCENTRICITY": 0.01636139, "INCLINATION": 54.017, "RA_OF_ASC_NODE": 84.3168, "ARG_OF_PERICENTER": 85.9747, "MEAN_ANOMALY": 275.9459, "EPHEMERIS_TYPE": 0, "CLASSIFICATION_TYPE": "U", "NORAD_CAT_ID": 32260, "ELEMENT_SET_NO": 999, "REV_AT_EPOCH": 13474, "BSTAR": 0, "MEAN_MOTION_DOT": -1.5e-07, "MEAN_MOTION_DDOT": 0}, "tle": {"line1": "1 32260U 07047A   26065.01635843 -.00000015  00000+0  00000+0 0  9995", "line2": "2 32260  54.0170  84.3168 0163613  85.9747 275.9459  2.00560687134746"}}, "geometry": {"type": "Point", "coordinates": [-67.32414998639997, -33.27334152941458]}}, {"type": "Feature", "properties": {"norad_id": 32275, "name": "COSMOS 2433 (720)", "group": "gnss", "lat": -55.32718838080686, "lon": -179.78383492133904, "alt_km": 19131.590309685937, "timestamp": "2026-03-08T19:31:04.055752+00:00", "meta": {"OBJECT_NAME": "COSMOS 2433 (720)", "OBJECT_ID": "2007-052A", "EPOCH": "2026-03-08T00:36:22.399200", "MEAN_MOTION": 2.13104089, "ECCENTRICITY": 0.0001873, "INCLINATION": 65.6328, "RA_OF_ASC_NODE": 319.3396, "ARG_OF_PERICENTER": 270.9791, "MEAN_ANOMALY": 89.0562, "EPHEMERIS_TYPE": 0, "CLASSIFICATION_TYPE": "U", "NORAD_CAT_ID": 32275, "ELEMENT_SET_NO": 999, "REV_AT_EPOCH": 14290, "BSTAR": 0, "MEAN_MOTION_DOT": -6.3e-07, "MEAN_MOTION_DDOT": 0}, "tle": {"line1": "1 32275U 07052A   26067.02525925 -.00000063  00000+0  00000+0 0  9992", "line2": "2 32275  65.6328 319.3396 0001873 270.9791  89.0562  2.13104089142903"}}, "geometry": {"type": "Point", "coordinates": [-179.78383492133904, -55.32718838080686]}}, {"type": "Feature", "properties": {"norad_id": 32276, "name": "COSMOS 2432 (719)", "group": "gnss", "lat": -7.9199653167322195, "lon": 143.05970557841619, "alt_km": 19152.646212335523, "timestamp": "2026-03-08T19:31:04.055764+00:00", "meta": {"OBJECT_NAME": "COSMOS 2432 (719)", "OBJECT_ID": "2007-052B", "EPOCH": "2026-03-08T08:14:14.055936", "MEAN_MOTION": 2.13103254, "ECCENTRICITY": 0.0010443, "INCLINATION": 65.6486, "RA_OF_ASC_NODE": 319.4547, "ARG_OF_PERICENTER": 331.6112, "MEAN_ANOMALY": 216.5689, "EPHEMERIS_TYPE": 0, "CLASSIFICATION_TYPE": "U", "NORAD_CAT_ID": 32276, "ELEMENT_SET_NO": 999, "REV_AT_EPOCH": 14293, "BSTAR": 0, "MEAN_MOTION_DOT": -6.3e-07, "MEAN_MOTION_DDOT": 0}, "tle": {"line1": "1 32276U 07052B   26067.34321824 -.00000063  00000+0  00000+0 0  9990", "line2": "2 32276  65.6486 319.4547 0010443 331.6112 216.5689  2.13103254142936"}}, "geometry": {"type": "Point", "coordinates": [143.05970557841619, -7.9199653167322195]}}, {"type": "Feature", "properties": {"norad_id": 32384, "name": "GPS BIIRM-5 (PRN 29)", "group": "gnss", "lat": -10.357083762543246, "lon": -89.12772924573396, "alt_km": 20271.586033459844, "timestamp": "2026-03-08T19:31:04.055776+00:00", "meta": {"OBJECT_NAME": "GPS BIIRM-5 (PRN 29)", "OBJECT_ID": "2007-062A", "EPOCH": "2026-03-06T01:54:28.774080", "MEAN_MOTION": 2.00553677, "ECCENTRICITY": 0.00329705, "INCLINATION": 55.1135, "RA_OF_ASC_NODE": 278.2961, "ARG_OF_PERICENTER": 160.6738, "MEAN_ANOMALY": 12.9295, "EPHEMERIS_TYPE": 0, "CLASSIFICATION_TYPE": "U", "NORAD_CAT_ID": 32384, "ELEMENT_SET_NO": 999, "REV_AT_EPOCH": 13344, "BSTAR": 0, "MEAN_MOTION_DOT": -2e-07, "MEAN_MOTION_DDOT": 0}, "tle": {"line1": "1 32384U 07062A   26065.07949970 -.00000020  00000+0  00000+0 0  9990", "line2": "2 32384  55.1135 278.2961 0032970 160.6738  12.9295  2.00553677133447"}}, "geometry": {"type": "Point", "coordinates": [-89.12772924573396, -10.357083762543246]}}, {"type": "Feature", "properties": {"norad_id": 32393, "name": "COSMOS 2434 (721)", "group": "gnss", "lat": 39.63989439678449, "lon": -8.164757936805444, "alt_km": 19121.477904516276, "timestamp": "2026-03-08T19:31:04.055788+00:00", "meta": {"OBJECT_NAME": "COSMOS 2434 (721)", "OBJECT_ID": "2007-065A", "EPOCH": "2026-03-07T20:48:08.261856", "MEAN_MOTION": 2.13101248, "ECCENTRICITY": 0.0003644, "INCLINATION": 64.3182, "RA_OF_ASC_NODE": 195.3303, "ARG_OF_PERICENTER": 69.684, "MEAN_ANOMALY": 59.0501, "EPHEMERIS_TYPE": 0, "CLASSIFICATION_TYPE": "U", "NORAD_CAT_ID": 32393, "ELEMENT_SET_NO": 999, "REV_AT_EPOCH": 14161, "BSTAR": 0, "MEAN_MOTION_DOT": 3.1e-07, "MEAN_MOTION_DDOT": 0}, "tle": {"line1": "1 32393U 07065A   26066.86676229  .00000031  00000+0  00000+0 0  9996", "line2": "2 32393  64.3182 195.3303 0003644  69.6840  59.0501  2.13101248141615"}}, "geometry": {"type": "Point", "coordinates": [-8.164757936805444, 39.63989439678449]}}, {"type": "Feature", "properties": {"norad_id": 32395, "name": "COSMOS 2436 (723)", "group": "gnss", "lat": -64.22079186979194, "lon": 99.41119904285281, "alt_km": 19143.60832867865, "timestamp": "2026-03-08T19:31:04.055800+00:00", "meta": {"OBJECT_NAME": "COSMOS 2436 (723)", "OBJECT_ID": "2007-065C", "EPOCH": "2026-03-08T11:17:15.224640", "MEAN_MOTION": 2.13100257, "ECCENTRICITY": 0.0017453, "INCLINATION": 64.3265, "RA_OF_ASC_NODE": 195.3811, "ARG_OF_PERICENTER": 6.6346, "MEAN_ANOMALY": 357.8496, "EPHEMERIS_TYPE": 0, "CLASSIFICATION_TYPE": "U", "NORAD_CAT_ID": 32395, "ELEMENT_SET_NO": 999, "REV_AT_EPOCH": 14158, "BSTAR": 0, "MEAN_MOTION_DOT": 3.2e-07, "MEAN_MOTION_DDOT": 0}, "tle": {"line1": "1 32395U 07065C   26067.47031510  .00000032  00000+0  00000+0 0  9995", "line2": "2 32395  64.3265 195.3811 0017453   6.6346 357.8496  2.13100257141585"}}, "geometry": {"type": "Point", "coordinates": [99.41119904285281, -64.22079186979194]}}, {"type": "Feature", "properties": {"norad_id": 32711, "name": "GPS BIIRM-6 (PRN 07)", "group": "gnss", "lat": -53.79147220255111, "lon": 77.00358248292966, "alt_km": 19714.790724082224, "timestamp": "2026-03-08T19:31:04.055811+00:00", "meta": {"OBJECT_NAME": "GPS BIIRM-6 (PRN 07)", "OBJECT_ID": "2008-012A", "EPOCH": "2026-03-07T22:17:30.924096", "MEAN_MOTION": 2.0056937, "ECCENTRICITY": 0.0207189, "INCLINATION": 54.4825, "RA_OF_ASC_NODE": 153.9714, "ARG_OF_PERICENTER": 246.2461, "MEAN_ANOMALY": 111.6104, "EPHEMERIS_TYPE": 0, "CLASSIFICATION_TYPE": "U", "NORAD_CAT_ID": 32711, "ELEMENT_SET_NO": 999, "REV_AT_EPOCH": 13172, "BSTAR": 0, "MEAN_MOTION_DOT": 0, "MEAN_MOTION_DDOT": 0}, "tle": {"line1": "1 32711U 08012A   26066.92883014  .00000000  00000+0  00000+0 0  9998", "line2": "2 32711  54.4825 153.9714 0207189 246.2461 111.6104  2.00569370131726"}}, "geometry": {"type": "Point", "coordinates": [77.00358248292966, -53.79147220255111]}}, {"type": "Feature", "properties": {"norad_id": 35752, "name": "GPS BIIRM-8 (PRN 05)", "group": "gnss", "lat": -49.3185240871094, "lon": -19.911614468094427, "alt_km": 20302.626799677306, "timestamp": "2026-03-08T19:31:04.055823+00:00", "meta": {"OBJECT_NAME": "GPS BIIRM-8 (PRN 05)", "OBJECT_ID": "2009-043A", "EPOCH": "2026-03-06T22:09:33.207264", "MEAN_MOTION": 2.00560347, "ECCENTRICITY": 0.00517549, "INCLINATION": 56.1499, "RA_OF_ASC_NODE": 31.4687, "ARG_OF_PERICENTER": 80.7022, "MEAN_ANOMALY": 289.0531, "EPHEMERIS_TYPE": 0, "CLASSIFICATION_TYPE": "U", "NORAD_CAT_ID": 35752, "ELEMENT_SET_NO": 999, "REV_AT_EPOCH": 12131, "BSTAR": 0, "MEAN_MOTION_DOT": -8.2e-07, "MEAN_MOTION_DDOT": 0}, "tle": {"line1": "1 35752U 09043A   26065.92330101 -.00000082  00000+0  00000+0 0  9995", "line2": "2 35752  56.1499  31.4687 0051754  80.7022 289.0531  2.00560347121311"}}, "geometry": {"type": "Point", "coordinates": [-19.911614468094427, -49.3185240871094]}}, {"type": "Feature", "properties": {"norad_id": 36111, "name": "COSMOS 2456 (730)", "group": "gnss", "lat": -56.877699259428546, "lon": 28.581236654093278, "alt_km": 19120.195148891722, "timestamp": "2026-03-08T19:31:04.055835+00:00", "meta": {"OBJECT_NAME": "COSMOS 2456 (730)", "OBJECT_ID": "2009-070A", "EPOCH": "2026-03-08T01:37:24.351744", "MEAN_MOTION": 2.13103638, "ECCENTRICITY": 0.0006357, "INCLINATION": 64.9514, "RA_OF_ASC_NODE": 74.4202, "ARG_OF_PERICENTER": 305.9648, "MEAN_ANOMALY": 134.4502, "EPHEMERIS_TYPE": 0, "CLASSIFICATION_TYPE": "U", "NORAD_CAT_ID": 36111, "ELEMENT_SET_NO": 999, "REV_AT_EPOCH": 12627, "BSTAR": 0, "MEAN_MOTION_DOT": 0, "MEAN_MOTION_DDOT": 0}, "tle": {"line1": "1 36111U 09070A   26067.06764296  .00000000  00000+0  00000+0 0  9997", "line2": "2 36111  64.9514  74.4202 0006357 305.9648 134.4502  2.13103638126272"}}, "geometry": {"type": "Point", "coordinates": [28.581236654093278, -56.877699259428546]}}, {"type": "Feature", "properties": {"norad_id": 36112, "name": "COSMOS 2457 (733)", "group": "gnss", "lat": 52.18544984757307, "lon": 111.32820377801245, "alt_km": 19127.971786452912, "timestamp": "2026-03-08T19:31:04.055847+00:00", "meta": {"OBJECT_NAME": "COSMOS 2457 (733)", "OBJECT_ID": "2009-070B", "EPOCH": "2026-03-08T10:16:39.787392", "MEAN_MOTION": 2.13100951, "ECCENTRICITY": 0.0002117, "INCLINATION": 64.9373, "RA_OF_ASC_NODE": 74.2538, "ARG_OF_PERICENTER": 196.8637, "MEAN_ANOMALY": 288.5279, "EPHEMERIS_TYPE": 0, "CLASSIFICATION_TYPE": "U", "NORAD_CAT_ID": 36112, "ELEMENT_SET_NO": 999, "REV_AT_EPOCH": 12628, "BSTAR": 0, "MEAN_MOTION_DOT": 1e-08, "MEAN_MOTION_DDOT": 0}, "tle": {"line1": "1 36112U 09070B   26067.42823828  .00000001  00000+0  00000+0 0  9996", "line2": "2 36112  64.9373  74.2538 0002117 196.8637 288.5279  2.13100951126289"}}, "geometry": {"type": "Point", "coordinates": [111.32820377801245, 52.18544984757307]}}, {"type": "Feature", "properties": {"norad_id": 36402, "name": "COSMOS 2460 (732)", "group": "gnss", "lat": 53.13184687060713, "lon": -4.664874610188735, "alt_km": 19120.163509244325, "timestamp": "2026-03-08T19:31:04.055858+00:00", "meta": {"OBJECT_NAME": "COSMOS 2460 (732)", "OBJECT_ID": "2010-007C", "EPOCH": "2026-03-08T12:01:37.262208", "MEAN_MOTION": 2.13106191, "ECCENTRICITY": 0.0001834, "INCLINATION": 65.4776, "RA_OF_ASC_NODE": 317.8753, "ARG_OF_PERICENTER": 18.5494, "MEAN_ANOMALY": 163.5873, "EPHEMERIS_TYPE": 0, "CLASSIFICATION_TYPE": "U", "NORAD_CAT_ID": 36402, "ELEMENT_SET_NO": 999, "REV_AT_EPOCH": 12458, "BSTAR": 0, "MEAN_MOTION_DOT": -6e-07, "MEAN_MOTION_DDOT": 0}, "tle": {"line1": "1 36402U 10007C   26067.50112572 -.00000060  00000+0  00000+0 0  9992", "line2": "2 36402  65.4776 317.8753 0001834  18.5494 163.5873  2.13106191124580"}}, "geometry": {"type": "Point", "coordinates": [-4.664874610188735, 53.13184687060713]}}, {"type": "Feature", "properties": {"norad_id": 36585, "name": "GPS BIIF-1  (PRN 25)", "group": "gnss", "lat": 38.9895264178964, "lon": -111.82674079127281, "alt_km": 19851.4522267891, "timestamp": "2026-03-08T19:31:04.055870+00:00", "meta": {"OBJECT_NAME": "GPS BIIF-1  (PRN 25)", "OBJECT_ID": "2010-022A", "EPOCH": "2026-03-07T18:01:36.430176", "MEAN_MOTION": 2.00557485, "ECCENTRICITY": 0.01273153, "INCLINATION": 54.2882, "RA_OF_ASC_NODE": 212.6462, "ARG_OF_PERICENTER": 65.8981, "MEAN_ANOMALY": 298.3354, "EPHEMERIS_TYPE": 0, "CLASSIFICATION_TYPE": "U", "NORAD_CAT_ID": 36585, "ELEMENT_SET_NO": 999, "REV_AT_EPOCH": 11556, "BSTAR": 0, "MEAN_MOTION_DOT": 3e-07, "MEAN_MOTION_DDOT": 0}, "tle": {"line1": "1 36585U 10022A   26066.75111609  .00000030  00000+0  00000+0 0  9993", "line2": "2 36585  54.2882 212.6462 0127315  65.8981 298.3354  2.00557485115565"}}, "geometry": {"type": "Point", "coordinates": [-111.82674079127281, 38.9895264178964]}}, {"type": "Feature", "properties": {"norad_id": 36828, "name": "BEIDOU-2 IGSO-1 (C06)", "group": "gnss", "lat": 31.56052578755745, "lon": -169.97321865343693, "alt_km": 36016.90992545122, "timestamp": "2026-03-08T19:31:04.055882+00:00", "meta": {"OBJECT_NAME": "BEIDOU-2 IGSO-1 (C06)", "OBJECT_ID": "2010-036A", "EPOCH": "2026-03-07T22:52:24.054816", "MEAN_MOTION": 1.00251642, "ECCENTRICITY": 0.00541402, "INCLINATION": 54.2926, "RA_OF_ASC_NODE": 163.8788, "ARG_OF_PERICENTER": 219.0442, "MEAN_ANOMALY": 230.6305, "EPHEMERIS_TYPE": 0, "CLASSIFICATION_TYPE": "U", "NORAD_CAT_ID": 36828, "ELEMENT_SET_NO": 999, "REV_AT_EPOCH": 5708, "BSTAR": 0, "MEAN_MOTION_DOT": -1.18e-06, "MEAN_MOTION_DDOT": 0}, "tle": {"line1": "1 36828U 10036A   26066.95305619 -.00000118  00000+0  00000+0 0  9994", "line2": "2 36828  54.2926 163.8788 0054140 219.0442 230.6305  1.00251642 57084"}}, "geometry": {"type": "Point", "coordinates": [-169.97321865343693, 31.56052578755745]}}, {"type": "Feature", "properties": {"norad_id": 37210, "name": "BEIDOU-2 G4 (C04)", "group": "gnss", "lat": -0.5545148362805866, "lon": -100.74988587791674, "alt_km": 35752.88407741087, "timestamp": "2026-03-08T19:31:04.055895+00:00", "meta": {"OBJECT_NAME": "BEIDOU-2 G4 (C04)", "OBJECT_ID": "2010-057A", "EPOCH": "2026-03-08T11:54:28.789056", "MEAN_MOTION": 1.00272583, "ECCENTRICITY": 0.0008538, "INCLINATION": 3.3966, "RA_OF_ASC_NODE": 69.5288, "ARG_OF_PERICENTER": 212.4933, "MEAN_ANOMALY": 222.803, "EPHEMERIS_TYPE": 0, "CLASSIFICATION_TYPE": "U", "NORAD_CAT_ID": 37210, "ELEMENT_SET_NO": 999, "REV_AT_EPOCH": 5628, "BSTAR": 0, "MEAN_MOTION_DOT": -1.11e-06, "MEAN_MOTION_DDOT": 0}, "tle": {"line1": "1 37210U 10057A   26067.49616654 -.00000111  00000+0  00000+0 0  9990", "line2": "2 37210   3.3966  69.5288 0008538 212.4933 222.8030  1.00272583 56284"}}, "geometry": {"type": "Point", "coordinates": [-100.74988587791674, -0.5545148362805866]}}, {"type": "Feature", "properties": {"norad_id": 37256, "name": "BEIDOU-2 IGSO-2 (C07)", "group": "gnss", "lat": -42.67194729171881, "lon": -143.9696528704879, "alt_km": 35760.875101411686, "timestamp": "2026-03-08T19:31:04.055907+00:00", "meta": {"OBJECT_NAME": "BEIDOU-2 IGSO-2 (C07)", "OBJECT_ID": "2010-068A", "EPOCH": "2026-03-04T13:12:14.573952", "MEAN_MOTION": 1.00258965, "ECCENTRICITY": 0.00473304, "INCLINATION": 47.7317, "RA_OF_ASC_NODE": 273.1244, "ARG_OF_PERICENTER": 213.1251, "MEAN_ANOMALY": 341.1802, "EPHEMERIS_TYPE": 0, "CLASSIFICATION_TYPE": "U", "NORAD_CAT_ID": 37256, "ELEMENT_SET_NO": 999, "REV_AT_EPOCH": 5574, "BSTAR": 0, "MEAN_MOTION_DOT": -1.78e-06, "MEAN_MOTION_DDOT": 0}, "tle": {"line1": "1 37256U 10068A   26063.55016868 -.00000178  00000+0  00000+0 0  9999", "line2": "2 37256  47.7317 273.1244 0047330 213.1251 341.1802  1.00258965 55745"}}, "geometry": {"type": "Point", "coordinates": [-143.9696528704879, -42.67194729171881]}}, {"type": "Feature", "properties": {"norad_id": 37384, "name": "BEIDOU-2 IGSO-3 (C08)", "group": "gnss", "lat": 13.690346039435873, "lon": -146.29425201133415, "alt_km": 35646.59279812181, "timestamp": "2026-03-08T19:31:04.055921+00:00", "meta": {"OBJECT_NAME": "BEIDOU-2 IGSO-3 (C08)", "OBJECT_ID": "2011-013A", "EPOCH": "2026-03-05T17:18:14.211648", "MEAN_MOTION": 1.00293315, "ECCENTRICITY": 0.00350621, "INCLINATION": 62.2726, "RA_OF_ASC_NODE": 41.1265, "ARG_OF_PERICENTER": 190.7769, "MEAN_ANOMALY": 297.326, "EPHEMERIS_TYPE": 0, "CLASSIFICATION_TYPE": "U", "NORAD_CAT_ID": 37384, "ELEMENT_SET_NO": 999, "REV_AT_EPOCH": 5462, "BSTAR": 0, "MEAN_MOTION_DOT": -1.7e-06, "MEAN_MOTION_DDOT": 0}, "tle": {"line1": "1 37384U 11013A   26064.72099782 -.00000170  00000+0  00000+0 0  9990", "line2": "2 37384  62.2726  41.1265 0035062 190.7769 297.3260  1.00293315 54626"}}, "geometry": {"type": "Point", "coordinates": [-146.29425201133415, 13.690346039435873]}}, {"type": "Feature", "properties": {"norad_id": 37605, "name": "GSAT-8 (GAGAN/PRN 127)", "group": "gnss", "lat": 1.7666875321801647, "lon": 154.2991005290876, "alt_km": 35809.780837040606, "timestamp": "2026-03-08T19:31:04.055934+00:00", "meta": {"OBJECT_NAME": "GSAT-8 (GAGAN/PRN 127)", "OBJECT_ID": "2011-022A", "EPOCH": "2026-03-08T12:25:46.242048", "MEAN_MOTION": 1.00274134, "ECCENTRICITY": 0.0007012, "INCLINATION": 1.8703, "RA_OF_ASC_NODE": 83.1016, "ARG_OF_PERICENTER": 217.4147, "MEAN_ANOMALY": 107.2, "EPHEMERIS_TYPE": 0, "CLASSIFICATION_TYPE": "U", "NORAD_CAT_ID": 37605, "ELEMENT_SET_NO": 999, "REV_AT_EPOCH": 5220, "BSTAR": 0, "MEAN_MOTION_DOT": 8.5e-07, "MEAN_MOTION_DDOT": 0}, "tle": {"line1": "1 37605U 11022A   26067.51789632  .00000085  00000+0  00000+0 0  9990", "line2": "2 37605   1.8703  83.1016 0007012 217.4147 107.2000  1.00274134 52208"}}, "geometry": {"type": "Point", "coordinates": [154.2991005290876, 1.7666875321801647]}}, {"type": "Feature", "properties": {"norad_id": 37763, "name": "BEIDOU-2 IGSO-4 (C09)", "group": "gnss", "lat": 22.273273834025478, "lon": -176.5169566579515, "alt_km": 36383.74160931447, "timestamp": "2026-03-08T19:31:04.055990+00:00", "meta": {"OBJECT_NAME": "BEIDOU-2 IGSO-4 (C09)", "OBJECT_ID": "2011-038A", "EPOCH": "2026-03-07T17:16:08.711328", "MEAN_MOTION": 1.00265269, "ECCENTRICITY": 0.01546811, "INCLINATION": 54.5896, "RA_OF_ASC_NODE": 166.5908, "ARG_OF_PERICENTER": 231.0097, "MEAN_ANOMALY": 121.1988, "EPHEMERIS_TYPE": 0, "CLASSIFICATION_TYPE": "U", "NORAD_CAT_ID": 37763, "ELEMENT_SET_NO": 999, "REV_AT_EPOCH": 5362, "BSTAR": 0, "MEAN_MOTION_DOT": -9.7e-07, "MEAN_MOTION_DDOT": 0}, "tle": {"line1": "1 37763U 11038A   26066.71954527 -.00000097  00000+0  00000+0 0  9994", "line2": "2 37763  54.5896 166.5908 0154681 231.0097 121.1988  1.00265269 53624"}}, "geometry": {"type": "Point", "coordinates": [-176.5169566579515, 22.273273834025478]}}, {"type": "Feature", "properties": {"norad_id": 37846, "name": "GSAT0101 (GALILEO-PFM)", "group": "gnss", "lat": 11.48441011785889, "lon": 156.9217015267403, "alt_km": 23232.37966446101, "timestamp": "2026-03-08T19:31:04.056004+00:00", "meta": {"OBJECT_NAME": "GSAT0101 (GALILEO-PFM)", "OBJECT_ID": "2011-060A", "EPOCH": "2026-02-22T11:08:37.810464", "MEAN_MOTION": 1.70475478, "ECCENTRICITY": 0.00039756, "INCLINATION": 57.0318, "RA_OF_ASC_NODE": 344.8758, "ARG_OF_PERICENTER": 357.0591, "MEAN_ANOMALY": 2.9533, "EPHEMERIS_TYPE": 0, "CLASSIFICATION_TYPE": "U", "NORAD_CAT_ID": 37846, "ELEMENT_SET_NO": 999, "REV_AT_EPOCH": 8916, "BSTAR": 0, "MEAN_MOTION_DOT": -8.2e-07, "MEAN_MOTION_DDOT": 0}, "tle": {"line1": "1 37846U 11060A   26053.46432651 -.00000082  00000+0  00000+0 0  9992", "line2": "2 37846  57.0318 344.8758 0003975 357.0591   2.9533  1.70475478 89166"}}, "geometry": {"type": "Point", "coordinates": [156.9217015267403, 11.48441011785889]}}, {"type": "Feature", "properties": {"norad_id": 37847, "name": "GSAT0102 (GALILEO-FM2)", "group": "gnss", "lat": -26.207207322668552, "lon": -176.89999662899518, "alt_km": 23235.707035493488, "timestamp": "2026-03-08T19:31:04.056032+00:00", "meta": {"OBJECT_NAME": "GSAT0102 (GALILEO-FM2)", "OBJECT_ID": "2011-060B", "EPOCH": "2026-03-01T01:30:59.316192", "MEAN_MOTION": 1.70475778, "ECCENTRICITY": 0.00054225, "INCLINATION": 57.0301, "RA_OF_ASC_NODE": 344.6971, "ARG_OF_PERICENTER": 341.2092, "MEAN_ANOMALY": 154.1953, "EPHEMERIS_TYPE": 0, "CLASSIFICATION_TYPE": "U", "NORAD_CAT_ID": 37847, "ELEMENT_SET_NO": 999, "REV_AT_EPOCH": 8928, "BSTAR": 0, "MEAN_MOTION_DOT": -1.06e-06, "MEAN_MOTION_DDOT": 0}, "tle": {"line1": "1 37847U 11060B   26060.06318653 -.00000106  00000+0  00000+0 0  9999", "line2": "2 37847  57.0301 344.6971 0005422 341.2092 154.1953  1.70475778 89286"}}, "geometry": {"type": "Point", "coordinates": [-176.89999662899518, -26.207207322668552]}}, {"type": "Feature", "properties": {"norad_id": 37867, "name": "COSMOS 2476 (744)", "group": "gnss", "lat": -18.626539719502457, "lon": -94.7849349770575, "alt_km": 19084.01387053054, "timestamp": "2026-03-08T19:31:04.056046+00:00", "meta": {"OBJECT_NAME": "COSMOS 2476 (744)", "OBJECT_ID": "2011-064A", "EPOCH": "2026-03-08T03:09:38.969856", "MEAN_MOTION": 2.13103741, "ECCENTRICITY": 0.0025212, "INCLINATION": 65.2117, "RA_OF_ASC_NODE": 76.2818, "ARG_OF_PERICENTER": 241.5254, "MEAN_ANOMALY": 156.3791, "EPHEMERIS_TYPE": 0, "CLASSIFICATION_TYPE": "U", "NORAD_CAT_ID": 37867, "ELEMENT_SET_NO": 999, "REV_AT_EPOCH": 11161, "BSTAR": 0, "MEAN_MOTION_DOT": 2e-08, "MEAN_MOTION_DDOT": 0}, "tle": {"line1": "1 37867U 11064A   26067.13170104  .00000002  00000+0  00000+0 0  9991", "line2": "2 37867  65.2117  76.2818 0025212 241.5254 156.3791  2.13103741111616"}}, "geometry": {"type": "Point", "coordinates": [-94.7849349770575, -18.626539719502457]}}, {"type": "Feature", "properties": {"norad_id": 37868, "name": "COSMOS 2477 (745)", "group": "gnss", "lat": 19.476614121034693, "lon": 85.73648153222733, "alt_km": 19170.258916869694, "timestamp": "2026-03-08T19:31:04.056058+00:00", "meta": {"OBJECT_NAME": "COSMOS 2477 (745)", "OBJECT_ID": "2011-064B", "EPOCH": "2026-03-08T11:15:40.894848", "MEAN_MOTION": 2.13102884, "ECCENTRICITY": 0.002224, "INCLINATION": 65.2185, "RA_OF_ASC_NODE": 76.3491, "ARG_OF_PERICENTER": 242.9714, "MEAN_ANOMALY": 234.5173, "EPHEMERIS_TYPE": 0, "CLASSIFICATION_TYPE": "U", "NORAD_CAT_ID": 37868, "ELEMENT_SET_NO": 999, "REV_AT_EPOCH": 11161, "BSTAR": 0, "MEAN_MOTION_DOT": 4e-08, "MEAN_MOTION_DDOT": 0}, "tle": {"line1": "1 37868U 11064B   26067.46922332  .00000004  00000+0  00000+0 0  9998", "line2": "2 37868  65.2185  76.3491 0022240 242.9714 234.5173  2.13102884111614"}}, "geometry": {"type": "Point", "coordinates": [85.73648153222733, 19.476614121034693]}}, {"type": "Feature", "properties": {"norad_id": 37869, "name": "COSMOS 2475 (743)", "group": "gnss", "lat": -20.552592055447565, "lon": 66.37600475948501, "alt_km": 19123.658731192474, "timestamp": "2026-03-08T19:31:04.056070+00:00", "meta": {"OBJECT_NAME": "COSMOS 2475 (743)", "OBJECT_ID": "2011-064C", "EPOCH": "2026-03-08T09:53:21.848352", "MEAN_MOTION": 2.13101738, "ECCENTRICITY": 0.0028137, "INCLINATION": 65.2254, "RA_OF_ASC_NODE": 76.3715, "ARG_OF_PERICENTER": 254.5311, "MEAN_ANOMALY": 134.6537, "EPHEMERIS_TYPE": 0, "CLASSIFICATION_TYPE": "U", "NORAD_CAT_ID": 37869, "ELEMENT_SET_NO": 999, "REV_AT_EPOCH": 11162, "BSTAR": 0, "MEAN_MOTION_DOT": 4e-08, "MEAN_MOTION_DDOT": 0}, "tle": {"line1": "1 37869U 11064C   26067.41205843  .00000004  00000+0  00000+0 0  9995", "line2": "2 37869  65.2254  76.3715 0028137 254.5311 134.6537  2.13101738111626"}}, "geometry": {"type": "Point", "coordinates": [66.37600475948501, -20.552592055447565]}}, {"type": "Feature", "properties": {"norad_id": 37948, "name": "BEIDOU-2 IGSO-5 (C10)", "group": "gnss", "lat": -46.293428758982266, "lon": -158.62182873317911, "alt_km": 35568.58824047677, "timestamp": "2026-03-08T19:31:04.056083+00:00", "meta": {"OBJECT_NAME": "BEIDOU-2 IGSO-5 (C10)", "OBJECT_ID": "2011-073A", "EPOCH": "2026-03-08T12:37:15.142080", "MEAN_MOTION": 1.00271913, "ECCENTRICITY": 0.0108674, "INCLINATION": 47.8605, "RA_OF_ASC_NODE": 272.7878, "ARG_OF_PERICENTER": 221.1611, "MEAN_ANOMALY": 316.7083, "EPHEMERIS_TYPE": 0, "CLASSIFICATION_TYPE": "U", "NORAD_CAT_ID": 37948, "ELEMENT_SET_NO": 999, "REV_AT_EPOCH": 5212, "BSTAR": 0, "MEAN_MOTION_DOT": -1.32e-06, "MEAN_MOTION_DDOT": 0}, "tle": {"line1": "1 37948U 11073A   26067.52586970 -.00000132  00000+0  00000+0 0  9991", "line2": "2 37948  47.8605 272.7878 0108674 221.1611 316.7083  1.00271913 52126"}}, "geometry": {"type": "Point", "coordinates": [-158.62182873317911, -46.293428758982266]}}, {"type": "Feature", "properties": {"norad_id": 37951, "name": "LUCH 5A (SDCM/PRN 140)", "group": "gnss", "lat": -1.6136552447306645, "lon": -93.71557400720333, "alt_km": 35776.93789496897, "timestamp": "2026-03-08T19:31:04.056105+00:00", "meta": {"OBJECT_NAME": "LUCH 5A (SDCM/PRN 140)", "OBJECT_ID": "2011-074B", "EPOCH": "2026-03-08T10:22:15.333888", "MEAN_MOTION": 1.00276445, "ECCENTRICITY": 0.0003784, "INCLINATION": 8.4969, "RA_OF_ASC_NODE": 75.2857, "ARG_OF_PERICENTER": 250.6622, "MEAN_ANOMALY": 162.8915, "EPHEMERIS_TYPE": 0, "CLASSIFICATION_TYPE": "U", "NORAD_CAT_ID": 37951, "ELEMENT_SET_NO": 999, "REV_AT_EPOCH": 5204, "BSTAR": 0, "MEAN_MOTION_DOT": -4.6e-07, "MEAN_MOTION_DDOT": 0}, "tle": {"line1": "1 37951U 11074B   26067.43212192 -.00000046  00000+0  00000+0 0  9992", "line2": "2 37951   8.4969  75.2857 0003784 250.6622 162.8915  1.00276445 52044"}}, "geometry": {"type": "Point", "coordinates": [-93.71557400720333, -1.6136552447306645]}}, {"type": "Feature", "properties": {"norad_id": 38091, "name": "BEIDOU-2 G5 (C05)", "group": "gnss", "lat": 3.3162268614676442, "lon": 158.0430550687044, "alt_km": 35844.11487263668, "timestamp": "2026-03-08T19:31:04.056118+00:00", "meta": {"OBJECT_NAME": "BEIDOU-2 G5 (C05)", "OBJECT_ID": "2012-008A", "EPOCH": "2026-03-08T12:26:53.634912", "MEAN_MOTION": 1.00267996, "ECCENTRICITY": 0.0013885, "INCLINATION": 3.3224, "RA_OF_ASC_NODE": 70.2911, "ARG_OF_PERICENTER": 255.5692, "MEAN_ANOMALY": 85.8729, "EPHEMERIS_TYPE": 0, "CLASSIFICATION_TYPE": "U", "NORAD_CAT_ID": 38091, "ELEMENT_SET_NO": 999, "REV_AT_EPOCH": 5135, "BSTAR": 0, "MEAN_MOTION_DOT": 5.8e-07, "MEAN_MOTION_DDOT": 0}, "tle": {"line1": "1 38091U 12008A   26067.51867633  .00000058  00000+0  00000+0 0  9993", "line2": "2 38091   3.3224  70.2911 0013885 255.5692  85.8729  1.00267996 51359"}}, "geometry": {"type": "Point", "coordinates": [158.0430550687044, 3.3162268614676442]}}, {"type": "Feature", "properties": {"norad_id": 38250, "name": "BEIDOU-2 M3 (C11)", "group": "gnss", "lat": 19.561076809832453, "lon": -37.76952573496673, "alt_km": 21540.130072684817, "timestamp": "2026-03-08T19:31:04.056130+00:00", "meta": {"OBJECT_NAME": "BEIDOU-2 M3 (C11)", "OBJECT_ID": "2012-018A", "EPOCH": "2026-03-08T05:46:35.003424", "MEAN_MOTION": 1.8622999, "ECCENTRICITY": 0.0021081, "INCLINATION": 55.8434, "RA_OF_ASC_NODE": 308.2786, "ARG_OF_PERICENTER": 279.7794, "MEAN_ANOMALY": 80.0348, "EPHEMERIS_TYPE": 0, "CLASSIFICATION_TYPE": "U", "NORAD_CAT_ID": 38250, "ELEMENT_SET_NO": 999, "REV_AT_EPOCH": 9406, "BSTAR": 0, "MEAN_MOTION_DOT": -6.8e-07, "MEAN_MOTION_DDOT": 0}, "tle": {"line1": "1 38250U 12018A   26067.24068291 -.00000068  00000+0  00000+0 0  9996", "line2": "2 38250  55.8434 308.2786 0021081 279.7794  80.0348  1.86229990 94068"}}, "geometry": {"type": "Point", "coordinates": [-37.76952573496673, 19.561076809832453]}}, {"type": "Feature", "properties": {"norad_id": 38251, "name": "BEIDOU-2 M4 (C12)", "group": "gnss", "lat": 50.64602905401269, "lon": 3.6617857061491605, "alt_km": 21549.960485660424, "timestamp": "2026-03-08T19:31:04.056141+00:00", "meta": {"OBJECT_NAME": "BEIDOU-2 M4 (C12)", "OBJECT_ID": "2012-018B", "EPOCH": "2026-03-07T02:22:26.757984", "MEAN_MOTION": 1.86229605, "ECCENTRICITY": 0.00125351, "INCLINATION": 55.7448, "RA_OF_ASC_NODE": 307.5395, "ARG_OF_PERICENTER": 286.7509, "MEAN_ANOMALY": 73.1654, "EPHEMERIS_TYPE": 0, "CLASSIFICATION_TYPE": "U", "NORAD_CAT_ID": 38251, "ELEMENT_SET_NO": 999, "REV_AT_EPOCH": 9404, "BSTAR": 0, "MEAN_MOTION_DOT": -7e-07, "MEAN_MOTION_DDOT": 0}, "tle": {"line1": "1 38251U 12018B   26066.09892081 -.00000070  00000+0  00000+0 0  9994", "line2": "2 38251  55.7448 307.5395 0012535 286.7509  73.1654  1.86229605 94041"}}, "geometry": {"type": "Point", "coordinates": [3.6617857061491605, 50.64602905401269]}}, {"type": "Feature", "properties": {"norad_id": 38652, "name": "SES-5 (EGNOS/PRN 136)", "group": "gnss", "lat": -0.0006998930631954843, "lon": 104.27286567895243, "alt_km": 35789.69994510708, "timestamp": "2026-03-08T19:31:04.056153+00:00", "meta": {"OBJECT_NAME": "SES-5 (EGNOS/PRN 136)", "OBJECT_ID": "2012-036A", "EPOCH": "2026-03-08T05:34:26.581440", "MEAN_MOTION": 1.00270646, "ECCENTRICITY": 0.0001791, "INCLINATION": 0.0616, "RA_OF_ASC_NODE": 306.9243, "ARG_OF_PERICENTER": 41.2382, "MEAN_ANOMALY": 266.3435, "EPHEMERIS_TYPE": 0, "CLASSIFICATION_TYPE": "U", "NORAD_CAT_ID": 38652, "ELEMENT_SET_NO": 999, "REV_AT_EPOCH": 4344, "BSTAR": 0, "MEAN_MOTION_DOT": 3.3e-07, "MEAN_MOTION_DDOT": 0}, "tle": {"line1": "1 38652U 12036A   26067.23225210  .00000033  00000+0  00000+0 0  9998", "line2": "2 38652   0.0616 306.9243 0001791  41.2382 266.3435  1.00270646 43444"}}, "geometry": {"type": "Point", "coordinates": [104.27286567895243, -0.0006998930631954843]}}, {"type": "Feature", "properties": {"norad_id": 38775, "name": "BEIDOU-2 M6 (C14)", "group": "gnss", "lat": -55.88395214115274, "lon": -35.451897278949666, "alt_km": 21526.11740496473, "timestamp": "2026-03-08T19:31:04.056168+00:00", "meta": {"OBJECT_NAME": "BEIDOU-2 M6 (C14)", "OBJECT_ID": "2012-050B", "EPOCH": "2026-03-07T21:11:31.655328", "MEAN_MOTION": 1.86231045, "ECCENTRICITY": 0.001403, "INCLINATION": 56.4564, "RA_OF_ASC_NODE": 66.2423, "ARG_OF_PERICENTER": 342.01, "MEAN_ANOMALY": 17.954, "EPHEMERIS_TYPE": 0, "CLASSIFICATION_TYPE": "U", "NORAD_CAT_ID": 38775, "ELEMENT_SET_NO": 999, "REV_AT_EPOCH": 9142, "BSTAR": 0, "MEAN_MOTION_DOT": -3.4e-07, "MEAN_MOTION_DDOT": 0}, "tle": {"line1": "1 38775U 12050B   26066.88300527 -.00000034  00000+0  00000+0 0  9997", "line2": "2 38775  56.4564  66.2423 0014030 342.0100  17.9540  1.86231045 91425"}}, "geometry": {"type": "Point", "coordinates": [-35.451897278949666, -55.88395214115274]}}, {"type": "Feature", "properties": {"norad_id": 38779, "name": "GSAT-10 (GAGAN/PRN 128)", "group": "gnss", "lat": -0.05076720907575448, "lon": -177.6717866900533, "alt_km": 35789.98735013529, "timestamp": "2026-03-08T19:31:04.056181+00:00", "meta": {"OBJECT_NAME": "GSAT-10 (GAGAN/PRN 128)", "OBJECT_ID": "2012-051B", "EPOCH": "2026-03-08T10:51:04.976352", "MEAN_MOTION": 1.00273279, "ECCENTRICITY": 0.0004708, "INCLINATION": 0.0633, "RA_OF_ASC_NODE": 261.1251, "ARG_OF_PERICENTER": 178.6266, "MEAN_ANOMALY": 332.1484, "EPHEMERIS_TYPE": 0, "CLASSIFICATION_TYPE": "U", "NORAD_CAT_ID": 38779, "ELEMENT_SET_NO": 999, "REV_AT_EPOCH": 4908, "BSTAR": 0, "MEAN_MOTION_DOT": -1.65e-06, "MEAN_MOTION_DDOT": 0}, "tle": {"line1": "1 38779U 12051B   26067.45214093 -.00000165  00000+0  00000+0 0  9993", "line2": "2 38779   0.0633 261.1251 0004708 178.6266 332.1484  1.00273279 49088"}}, "geometry": {"type": "Point", "coordinates": [-177.6717866900533, -0.05076720907575448]}}, {"type": "Feature", "properties": {"norad_id": 38833, "name": "GPS BIIF-3  (PRN 24)", "group": "gnss", "lat": 20.741408046333873, "lon": -48.498291045124255, "alt_km": 20163.530905601743, "timestamp": "2026-03-08T19:31:04.056193+00:00", "meta": {"OBJECT_NAME": "GPS BIIF-3  (PRN 24)", "OBJECT_ID": "2012-053A", "EPOCH": "2026-03-07T02:38:07.662624", "MEAN_MOTION": 2.00565899, "ECCENTRICITY": 0.01769697, "INCLINATION": 53.5661, "RA_OF_ASC_NODE": 147.7826, "ARG_OF_PERICENTER": 64.7933, "MEAN_ANOMALY": 297.0826, "EPHEMERIS_TYPE": 0, "CLASSIFICATION_TYPE": "U", "NORAD_CAT_ID": 38833, "ELEMENT_SET_NO": 999, "REV_AT_EPOCH": 9739, "BSTAR": 0, "MEAN_MOTION_DOT": 3e-08, "MEAN_MOTION_DDOT": 0}, "tle": {"line1": "1 38833U 12053A   26066.10981091  .00000003  00000+0  00000+0 0  9996", "line2": "2 38833  53.5661 147.7826 0176969  64.7933 297.0826  2.00565899 97394"}}, "geometry": {"type": "Point", "coordinates": [-48.498291045124255, 20.741408046333873]}}, {"type": "Feature", "properties": {"norad_id": 38857, "name": "GSAT0103 (GALILEO-FM3)", "group": "gnss", "lat": 31.0633641874213, "lon": -99.92547266217709, "alt_km": 23231.70737472, "timestamp": "2026-03-08T19:31:04.056205+00:00", "meta": {"OBJECT_NAME": "GSAT0103 (GALILEO-FM3)", "OBJECT_ID": "2012-055A", "EPOCH": "2026-03-07T23:54:34.396416", "MEAN_MOTION": 1.70473485, "ECCENTRICITY": 0.0005504, "INCLINATION": 55.742, "RA_OF_ASC_NODE": 104.3215, "ARG_OF_PERICENTER": 285.7148, "MEAN_ANOMALY": 74.2948, "EPHEMERIS_TYPE": 0, "CLASSIFICATION_TYPE": "U", "NORAD_CAT_ID": 38857, "ELEMENT_SET_NO": 999, "REV_AT_EPOCH": 8328, "BSTAR": 0, "MEAN_MOTION_DOT": 6e-08, "MEAN_MOTION_DDOT": 0}, "tle": {"line1": "1 38857U 12055A   26066.99623144  .00000006  00000+0  00000+0 0  9996", "line2": "2 38857  55.7420 104.3215 0005504 285.7148  74.2948  1.70473485 83285"}}, "geometry": {"type": "Point", "coordinates": [-99.92547266217709, 31.0633641874213]}}, {"type": "Feature", "properties": {"norad_id": 38953, "name": "BEIDOU-2 G6 (C02)", "group": "gnss", "lat": 3.9515269473941546, "lon": -176.70122960403907, "alt_km": 35830.16171567768, "timestamp": "2026-03-08T19:31:04.056217+00:00", "meta": {"OBJECT_NAME": "BEIDOU-2 G6 (C02)", "OBJECT_ID": "2012-059A", "EPOCH": "2026-03-08T12:34:07.940928", "MEAN_MOTION": 1.00269071, "ECCENTRICITY": 0.0010821, "INCLINATION": 4.1664, "RA_OF_ASC_NODE": 74.6037, "ARG_OF_PERICENTER": 305.4886, "MEAN_ANOMALY": 58.5921, "EPHEMERIS_TYPE": 0, "CLASSIFICATION_TYPE": "U", "NORAD_CAT_ID": 38953, "ELEMENT_SET_NO": 999, "REV_AT_EPOCH": 4890, "BSTAR": 0, "MEAN_MOTION_DOT": -1.73e-06, "MEAN_MOTION_DDOT": 0}, "tle": {"line1": "1 38953U 12059A   26067.52370302 -.00000173  00000+0  00000+0 0  9998", "line2": "2 38953   4.1664  74.6037 0010821 305.4886  58.5921  1.00269071 48901"}}, "geometry": {"type": "Point", "coordinates": [-176.70122960403907, 3.9515269473941546]}}, {"type": "Feature", "properties": {"norad_id": 38977, "name": "LUCH 5B (SDCM/PRN 125)", "group": "gnss", "lat": 5.424554670136854, "lon": 82.56149916785807, "alt_km": 35800.31135658903, "timestamp": "2026-03-08T19:31:04.056229+00:00", "meta": {"OBJECT_NAME": "LUCH 5B (SDCM/PRN 125)", "OBJECT_ID": "2012-061A", "EPOCH": "2026-03-07T17:15:55.810080", "MEAN_MOTION": 1.0027188, "ECCENTRICITY": 0.0003693, "INCLINATION": 10.2709, "RA_OF_ASC_NODE": 50.8709, "ARG_OF_PERICENTER": 228.0134, "MEAN_ANOMALY": 129.2078, "EPHEMERIS_TYPE": 0, "CLASSIFICATION_TYPE": "U", "NORAD_CAT_ID": 38977, "ELEMENT_SET_NO": 999, "REV_AT_EPOCH": 4858, "BSTAR": 0, "MEAN_MOTION_DOT": -1.37e-06, "MEAN_MOTION_DDOT": 0}, "tle": {"line1": "1 38977U 12061A   26066.71939595 -.00000137  00000+0  00000+0 0  9992", "line2": "2 38977  10.2709  50.8709 0003693 228.0134 129.2078  1.00271880 48586"}}, "geometry": {"type": "Point", "coordinates": [82.56149916785807, 5.424554670136854]}}, {"type": "Feature", "properties": {"norad_id": 39155, "name": "COSMOS 2485 (747)", "group": "gnss", "lat": -57.98572156210589, "lon": -55.78863958078239, "alt_km": 19072.41931049388, "timestamp": "2026-03-08T19:31:04.056241+00:00", "meta": {"OBJECT_NAME": "COSMOS 2485 (747)", "OBJECT_ID": "2013-019A", "EPOCH": "2026-03-08T00:27:51.465024", "MEAN_MOTION": 2.13103045, "ECCENTRICITY": 0.0025503, "INCLINATION": 65.3621, "RA_OF_ASC_NODE": 76.9986, "ARG_OF_PERICENTER": 236.9934, "MEAN_ANOMALY": 122.7925, "EPHEMERIS_TYPE": 0, "CLASSIFICATION_TYPE": "U", "NORAD_CAT_ID": 39155, "ELEMENT_SET_NO": 999, "REV_AT_EPOCH": 10012, "BSTAR": 0, "MEAN_MOTION_DOT": 2e-08, "MEAN_MOTION_DDOT": 0}, "tle": {"line1": "1 39155U 13019A   26067.01934566  .00000002  00000+0  00000+0 0  9992", "line2": "2 39155  65.3621  76.9986 0025503 236.9934 122.7925  2.13103045100125"}}, "geometry": {"type": "Point", "coordinates": [-55.78863958078239, -57.98572156210589]}}, {"type": "Feature", "properties": {"norad_id": 39166, "name": "GPS BIIF-4  (PRN 27)", "group": "gnss", "lat": -49.20175566106841, "lon": 148.61335885253405, "alt_km": 20544.818608039535, "timestamp": "2026-03-08T19:31:04.056282+00:00", "meta": {"OBJECT_NAME": "GPS BIIF-4  (PRN 27)", "OBJECT_ID": "2013-023A", "EPOCH": "2026-03-07T23:19:26.083488", "MEAN_MOTION": 2.00564259, "ECCENTRICITY": 0.0141689, "INCLINATION": 54.5835, "RA_OF_ASC_NODE": 273.0952, "ARG_OF_PERICENTER": 49.9688, "MEAN_ANOMALY": 311.288, "EPHEMERIS_TYPE": 0, "CLASSIFICATION_TYPE": "U", "NORAD_CAT_ID": 39166, "ELEMENT_SET_NO": 999, "REV_AT_EPOCH": 9385, "BSTAR": 0, "MEAN_MOTION_DOT": -3e-08, "MEAN_MOTION_DDOT": 0}, "tle": {"line1": "1 39166U 13023A   26066.97182967 -.00000003  00000+0  00000+0 0  9995", "line2": "2 39166  54.5835 273.0952 0141689  49.9688 311.2880  2.00564259 93859"}}, "geometry": {"type": "Point", "coordinates": [148.61335885253405, -49.20175566106841]}}, {"type": "Feature", "properties": {"norad_id": 39199, "name": "IRNSS-1A", "group": "gnss", "lat": 35.46064347294152, "lon": 153.7054175566024, "alt_km": 35797.5446166308, "timestamp": "2026-03-08T19:31:04.056298+00:00", "meta": {"OBJECT_NAME": "IRNSS-1A", "OBJECT_ID": "2013-034A", "EPOCH": "2026-03-03T14:19:51.811680", "MEAN_MOTION": 1.00269823, "ECCENTRICITY": 0.0017825, "INCLINATION": 35.4874, "RA_OF_ASC_NODE": 65.3779, "ARG_OF_PERICENTER": 190.7092, "MEAN_ANOMALY": 175.2371, "EPHEMERIS_TYPE": 0, "CLASSIFICATION_TYPE": "U", "NORAD_CAT_ID": 39199, "ELEMENT_SET_NO": 999, "REV_AT_EPOCH": 4631, "BSTAR": 0, "MEAN_MOTION_DOT": 8.1e-07, "MEAN_MOTION_DDOT": 0}, "tle": {"line1": "1 39199U 13034A   26062.59712745  .00000081  00000+0  00000+0 0  9995", "line2": "2 39199  35.4874  65.3779 0017825 190.7092 175.2371  1.00269823 46313"}}, "geometry": {"type": "Point", "coordinates": [153.7054175566024, 35.46064347294152]}}, {"type": "Feature", "properties": {"norad_id": 39533, "name": "GPS BIIF-5  (PRN 30)", "group": "gnss", "lat": -48.36322206344311, "lon": 29.269688115909748, "alt_km": 19981.966623298373, "timestamp": "2026-03-08T19:31:04.056310+00:00", "meta": {"OBJECT_NAME": "GPS BIIF-5  (PRN 30)", "OBJECT_ID": "2014-008A", "EPOCH": "2026-03-08T11:15:32.749920", "MEAN_MOTION": 2.00553375, "ECCENTRICITY": 0.0082434, "INCLINATION": 53.6379, "RA_OF_ASC_NODE": 153.4293, "ARG_OF_PERICENTER": 228.4386, "MEAN_ANOMALY": 130.8948, "EPHEMERIS_TYPE": 0, "CLASSIFICATION_TYPE": "U", "NORAD_CAT_ID": 39533, "ELEMENT_SET_NO": 999, "REV_AT_EPOCH": 8766, "BSTAR": 0, "MEAN_MOTION_DOT": -6e-08, "MEAN_MOTION_DDOT": 0}, "tle": {"line1": "1 39533U 14008A   26067.46912905 -.00000006  00000+0  00000+0 0  9998", "line2": "2 39533  53.6379 153.4293 0082434 228.4386 130.8948  2.00553375 87669"}}, "geometry": {"type": "Point", "coordinates": [29.269688115909748, -48.36322206344311]}}, {"type": "Feature", "properties": {"norad_id": 39617, "name": "ASTRA 5B (EGNOS/PRN 123)", "group": "gnss", "lat": -0.016803662336019643, "lon": 122.78823619403232, "alt_km": 35800.10262264901, "timestamp": "2026-03-08T19:31:04.056323+00:00", "meta": {"OBJECT_NAME": "ASTRA 5B (EGNOS/PRN 123)", "OBJECT_ID": "2014-011B", "EPOCH": "2026-03-08T12:16:32.128608", "MEAN_MOTION": 1.00273217, "ECCENTRICITY": 0.0003937, "INCLINATION": 0.0824, "RA_OF_ASC_NODE": 302.5812, "ARG_OF_PERICENTER": 29.8689, "MEAN_ANOMALY": 41.3618, "EPHEMERIS_TYPE": 0, "CLASSIFICATION_TYPE": "U", "NORAD_CAT_ID": 39617, "ELEMENT_SET_NO": 999, "REV_AT_EPOCH": 4365, "BSTAR": 0, "MEAN_MOTION_DOT": 1.37e-06, "MEAN_MOTION_DDOT": 0}, "tle": {"line1": "1 39617U 14011B   26067.51148297  .00000137  00000+0  00000+0 0  9990", "line2": "2 39617   0.0824 302.5812 0003937  29.8689  41.3618  1.00273217 43651"}}, "geometry": {"type": "Point", "coordinates": [122.78823619403232, -0.016803662336019643]}}, {"type": "Feature", "properties": {"norad_id": 39620, "name": "COSMOS 2492 (754)", "group": "gnss", "lat": -63.36674651915442, "lon": -108.79769730284059, "alt_km": 19113.135939069263, "timestamp": "2026-03-08T19:31:04.056335+00:00", "meta": {"OBJECT_NAME": "COSMOS 2492 (754)", "OBJECT_ID": "2014-012A", "EPOCH": "2026-03-07T23:28:37.739712", "MEAN_MOTION": 2.13103275, "ECCENTRICITY": 0.0013131, "INCLINATION": 65.3555, "RA_OF_ASC_NODE": 317.3777, "ARG_OF_PERICENTER": 326.4923, "MEAN_ANOMALY": 33.4825, "EPHEMERIS_TYPE": 0, "CLASSIFICATION_TYPE": "U", "NORAD_CAT_ID": 39620, "ELEMENT_SET_NO": 999, "REV_AT_EPOCH": 9308, "BSTAR": 0, "MEAN_MOTION_DOT": -6e-07, "MEAN_MOTION_DDOT": 0}, "tle": {"line1": "1 39620U 14012A   26066.97821458 -.00000060  00000+0  00000+0 0  9997", "line2": "2 39620  65.3555 317.3777 0013131 326.4923  33.4825  2.13103275 93083"}}, "geometry": {"type": "Point", "coordinates": [-108.79769730284059, -63.36674651915442]}}, {"type": "Feature", "properties": {"norad_id": 39635, "name": "IRNSS-1B", "group": "gnss", "lat": -29.057975646966113, "lon": 154.8527249513116, "alt_km": 35794.318797022126, "timestamp": "2026-03-08T19:31:04.056346+00:00", "meta": {"OBJECT_NAME": "IRNSS-1B", "OBJECT_ID": "2014-017A", "EPOCH": "2026-03-03T13:10:18.111936", "MEAN_MOTION": 1.0027089, "ECCENTRICITY": 0.0021171, "INCLINATION": 29.1127, "RA_OF_ASC_NODE": 242.2056, "ARG_OF_PERICENTER": 179.2461, "MEAN_ANOMALY": 352.3815, "EPHEMERIS_TYPE": 0, "CLASSIFICATION_TYPE": "U", "NORAD_CAT_ID": 39635, "ELEMENT_SET_NO": 999, "REV_AT_EPOCH": 4373, "BSTAR": 0, "MEAN_MOTION_DOT": 1.02e-06, "MEAN_MOTION_DDOT": 0}, "tle": {"line1": "1 39635U 14017A   26062.54882074  .00000102  00000+0  00000+0 0  9994", "line2": "2 39635  29.1127 242.2056 0021171 179.2461 352.3815  1.00270890 43734"}}, "geometry": {"type": "Point", "coordinates": [154.8527249513116, -29.057975646966113]}}, {"type": "Feature", "properties": {"norad_id": 39727, "name": "LUCH 5V (SDCM/PRN 141)", "group": "gnss", "lat": 4.0899750449453744, "lon": -165.90381438979676, "alt_km": 35798.52751576284, "timestamp": "2026-03-08T19:31:04.056362+00:00", "meta": {"OBJECT_NAME": "LUCH 5V (SDCM/PRN 141)", "OBJECT_ID": "2014-023A", "EPOCH": "2026-03-08T12:37:07.652928", "MEAN_MOTION": 1.00270871, "ECCENTRICITY": 0.0003097, "INCLINATION": 4.8849, "RA_OF_ASC_NODE": 70.7346, "ARG_OF_PERICENTER": 288.6941, "MEAN_ANOMALY": 90.797, "EPHEMERIS_TYPE": 0, "CLASSIFICATION_TYPE": "U", "NORAD_CAT_ID": 39727, "ELEMENT_SET_NO": 999, "REV_AT_EPOCH": 4335, "BSTAR": 0, "MEAN_MOTION_DOT": -2.67e-06, "MEAN_MOTION_DDOT": 0}, "tle": {"line1": "1 39727U 14023A   26067.52578302 -.00000267  00000+0  00000+0 0  9995", "line2": "2 39727   4.8849  70.7346 0003097 288.6941  90.7970  1.00270871 43350"}}, "geometry": {"type": "Point", "coordinates": [-165.90381438979676, 4.0899750449453744]}}, {"type": "Feature", "properties": {"norad_id": 39741, "name": "GPS BIIF-6  (PRN 06)", "group": "gnss", "lat": 38.3534805102637, "lon": 6.944746549828914, "alt_km": 20164.19961858003, "timestamp": "2026-03-08T19:31:04.056374+00:00", "meta": {"OBJECT_NAME": "GPS BIIF-6  (PRN 06)", "OBJECT_ID": "2014-026A", "EPOCH": "2026-03-08T05:57:42.732864", "MEAN_MOTION": 2.00568488, "ECCENTRICITY": 0.0039818, "INCLINATION": 56.5446, "RA_OF_ASC_NODE": 335.4499, "ARG_OF_PERICENTER": 324.7486, "MEAN_ANOMALY": 35.0266, "EPHEMERIS_TYPE": 0, "CLASSIFICATION_TYPE": "U", "NORAD_CAT_ID": 39741, "ELEMENT_SET_NO": 999, "REV_AT_EPOCH": 8651, "BSTAR": 0, "MEAN_MOTION_DOT": -9.9e-07, "MEAN_MOTION_DDOT": 0}, "tle": {"line1": "1 39741U 14026A   26067.24841126 -.00000099  00000+0  00000+0 0  9993", "line2": "2 39741  56.5446 335.4499 0039818 324.7486  35.0266  2.00568488 86519"}}, "geometry": {"type": "Point", "coordinates": [6.944746549828914, 38.3534805102637]}}, {"type": "Feature", "properties": {"norad_id": 40001, "name": "COSMOS 2500 (755)", "group": "gnss", "lat": 27.573449298399545, "lon": 123.21559551165487, "alt_km": 19118.274988906865, "timestamp": "2026-03-08T19:31:04.056402+00:00", "meta": {"OBJECT_NAME": "COSMOS 2500 (755)", "OBJECT_ID": "2014-032A", "EPOCH": "2026-03-08T03:34:57.715104", "MEAN_MOTION": 2.13106056, "ECCENTRICITY": 0.0005097, "INCLINATION": 65.2907, "RA_OF_ASC_NODE": 317.1269, "ARG_OF_PERICENTER": 200.2588, "MEAN_ANOMALY": 159.7785, "EPHEMERIS_TYPE": 0, "CLASSIFICATION_TYPE": "U", "NORAD_CAT_ID": 40001, "ELEMENT_SET_NO": 999, "REV_AT_EPOCH": 9130, "BSTAR": 0, "MEAN_MOTION_DOT": -6e-07, "MEAN_MOTION_DDOT": 0}, "tle": {"line1": "1 40001U 14032A   26067.14927911 -.00000060  00000+0  00000+0 0  9995", "line2": "2 40001  65.2907 317.1269 0005097 200.2588 159.7785  2.13106056 91300"}}, "geometry": {"type": "Point", "coordinates": [123.21559551165487, 27.573449298399545]}}, {"type": "Feature", "properties": {"norad_id": 40105, "name": "GPS BIIF-7  (PRN 09)", "group": "gnss", "lat": -12.686918781703245, "lon": 83.48610977804212, "alt_km": 20245.183061833915, "timestamp": "2026-03-08T19:31:04.056415+00:00", "meta": {"OBJECT_NAME": "GPS BIIF-7  (PRN 09)", "OBJECT_ID": "2014-045A", "EPOCH": "2026-03-06T08:12:07.962048", "MEAN_MOTION": 2.00551673, "ECCENTRICITY": 0.00315063, "INCLINATION": 55.2826, "RA_OF_ASC_NODE": 92.5609, "ARG_OF_PERICENTER": 120.4642, "MEAN_ANOMALY": 239.907, "EPHEMERIS_TYPE": 0, "CLASSIFICATION_TYPE": "U", "NORAD_CAT_ID": 40105, "ELEMENT_SET_NO": 999, "REV_AT_EPOCH": 8401, "BSTAR": 0, "MEAN_MOTION_DOT": -6e-08, "MEAN_MOTION_DDOT": 0}, "tle": {"line1": "1 40105U 14045A   26065.34175882 -.00000006  00000+0  00000+0 0  9996", "line2": "2 40105  55.2826  92.5609 0031506 120.4642 239.9070  2.00551673 84017"}}, "geometry": {"type": "Point", "coordinates": [83.48610977804212, -12.686918781703245]}}, {"type": "Feature", "properties": {"norad_id": 40128, "name": "GSAT0201 (GALILEO 5)", "group": "gnss", "lat": 45.133870866639946, "lon": 36.55923968916771, "alt_km": 19080.88109913281, "timestamp": "2026-03-08T19:31:04.056427+00:00", "meta": {"OBJECT_NAME": "GSAT0201 (GALILEO 5)", "OBJECT_ID": "2014-050A", "EPOCH": "2026-03-03T05:40:55.999200", "MEAN_MOTION": 1.85520013, "ECCENTRICITY": 0.1657553, "INCLINATION": 48.9889, "RA_OF_ASC_NODE": 277.7718, "ARG_OF_PERICENTER": 175.2875, "MEAN_ANOMALY": 186.5034, "EPHEMERIS_TYPE": 0, "CLASSIFICATION_TYPE": "U", "NORAD_CAT_ID": 40128, "ELEMENT_SET_NO": 999, "REV_AT_EPOCH": 7635, "BSTAR": 0, "MEAN_MOTION_DOT": -2.7e-07, "MEAN_MOTION_DDOT": 0}, "tle": {"line1": "1 40128U 14050A   26062.23675925 -.00000027  00000+0  00000+0 0  9998", "line2": "2 40128  48.9889 277.7718 1657553 175.2875 186.5034  1.85520013 76352"}}, "geometry": {"type": "Point", "coordinates": [36.55923968916771, 45.133870866639946]}}, {"type": "Feature", "properties": {"norad_id": 40129, "name": "GSAT0202 (GALILEO 6)", "group": "gnss", "lat": -25.035648252931956, "lon": -107.33496692353062, "alt_km": 25372.943873156026, "timestamp": "2026-03-08T19:31:04.056438+00:00", "meta": {"OBJECT_NAME": "GSAT0202 (GALILEO 6)", "OBJECT_ID": "2014-050B", "EPOCH": "2026-03-06T04:30:08.141472", "MEAN_MOTION": 1.8552081, "ECCENTRICITY": 0.16589272, "INCLINATION": 49.0025, "RA_OF_ASC_NODE": 276.7356, "ARG_OF_PERICENTER": 176.1364, "MEAN_ANOMALY": 185.3302, "EPHEMERIS_TYPE": 0, "CLASSIFICATION_TYPE": "U", "NORAD_CAT_ID": 40129, "ELEMENT_SET_NO": 999, "REV_AT_EPOCH": 7857, "BSTAR": 0, "MEAN_MOTION_DOT": -3.6e-07, "MEAN_MOTION_DDOT": 0}, "tle": {"line1": "1 40129U 14050B   26065.18759423 -.00000036  00000+0  00000+0 0  9992", "line2": "2 40129  49.0025 276.7356 1658927 176.1364 185.3302  1.85520810 78579"}}, "geometry": {"type": "Point", "coordinates": [-107.33496692353062, -25.035648252931956]}}, {"type": "Feature", "properties": {"norad_id": 40269, "name": "IRNSS-1C", "group": "gnss", "lat": 6.259671309049732, "lon": -177.53984620511804, "alt_km": 35792.89127076309, "timestamp": "2026-03-08T19:31:04.056450+00:00", "meta": {"OBJECT_NAME": "IRNSS-1C", "OBJECT_ID": "2014-061A", "EPOCH": "2026-03-08T12:33:45.476928", "MEAN_MOTION": 1.00269175, "ECCENTRICITY": 0.0019913, "INCLINATION": 6.2594, "RA_OF_ASC_NODE": 90.8893, "ARG_OF_PERICENTER": 356.686, "MEAN_ANOMALY": 350.0263, "EPHEMERIS_TYPE": 0, "CLASSIFICATION_TYPE": "U", "NORAD_CAT_ID": 40269, "ELEMENT_SET_NO": 999, "REV_AT_EPOCH": 4167, "BSTAR": 0, "MEAN_MOTION_DOT": -1.6e-06, "MEAN_MOTION_DDOT": 0}, "tle": {"line1": "1 40269U 14061A   26067.52344302 -.00000160  00000+0  00000+0 0  9993", "line2": "2 40269   6.2594  90.8893 0019913 356.6860 350.0263  1.00269175 41671"}}, "geometry": {"type": "Point", "coordinates": [-177.53984620511804, 6.259671309049732]}}, {"type": "Feature", "properties": {"norad_id": 40294, "name": "GPS BIIF-8  (PRN 03)", "group": "gnss", "lat": 53.42643807756431, "lon": 96.2095149534891, "alt_km": 20009.163698242774, "timestamp": "2026-03-08T19:31:04.056462+00:00", "meta": {"OBJECT_NAME": "GPS BIIF-8  (PRN 03)", "OBJECT_ID": "2014-068A", "EPOCH": "2026-03-08T05:08:11.439456", "MEAN_MOTION": 2.00570155, "ECCENTRICITY": 0.0062965, "INCLINATION": 56.9222, "RA_OF_ASC_NODE": 34.845, "ARG_OF_PERICENTER": 68.0702, "MEAN_ANOMALY": 292.5858, "EPHEMERIS_TYPE": 0, "CLASSIFICATION_TYPE": "U", "NORAD_CAT_ID": 40294, "ELEMENT_SET_NO": 999, "REV_AT_EPOCH": 8318, "BSTAR": 0, "MEAN_MOTION_DOT": -7e-07, "MEAN_MOTION_DDOT": 0}, "tle": {"line1": "1 40294U 14068A   26067.21402129 -.00000070  00000+0  00000+0 0  9996", "line2": "2 40294  56.9222  34.8450 0062965  68.0702 292.5858  2.00570155 83186"}}, "geometry": {"type": "Point", "coordinates": [96.2095149534891, 53.42643807756431]}}, {"type": "Feature", "properties": {"norad_id": 40315, "name": "COSMOS 2501 (702K)", "group": "gnss", "lat": -43.680975603164356, "lon": 165.58677501554226, "alt_km": 19147.562670347434, "timestamp": "2026-03-08T19:31:04.056474+00:00", "meta": {"OBJECT_NAME": "COSMOS 2501 (702K)", "OBJECT_ID": "2014-075A", "EPOCH": "2026-03-08T09:50:14.853696", "MEAN_MOTION": 2.13101377, "ECCENTRICITY": 0.002086, "INCLINATION": 63.6166, "RA_OF_ASC_NODE": 193.8578, "ARG_OF_PERICENTER": 206.1107, "MEAN_ANOMALY": 153.7686, "EPHEMERIS_TYPE": 0, "CLASSIFICATION_TYPE": "U", "NORAD_CAT_ID": 40315, "ELEMENT_SET_NO": 999, "REV_AT_EPOCH": 8770, "BSTAR": 0, "MEAN_MOTION_DOT": 3e-07, "MEAN_MOTION_DDOT": 0}, "tle": {"line1": "1 40315U 14075A   26067.40989414  .00000030  00000+0  00000+0 0  9991", "line2": "2 40315  63.6166 193.8578 0020860 206.1107 153.7686  2.13101377 87700"}}, "geometry": {"type": "Point", "coordinates": [165.58677501554226, -43.680975603164356]}}, {"type": "Feature", "properties": {"norad_id": 40534, "name": "GPS BIIF-9  (PRN 26)", "group": "gnss", "lat": -17.932068887136385, "lon": -165.69714952654104, "alt_km": 20049.021191151613, "timestamp": "2026-03-08T19:31:04.056485+00:00", "meta": {"OBJECT_NAME": "GPS BIIF-9  (PRN 26)", "OBJECT_ID": "2015-013A", "EPOCH": "2026-03-08T08:17:35.244384", "MEAN_MOTION": 2.00557444, "ECCENTRICITY": 0.0108759, "INCLINATION": 53.1855, "RA_OF_ASC_NODE": 208.3466, "ARG_OF_PERICENTER": 39.8166, "MEAN_ANOMALY": 320.9388, "EPHEMERIS_TYPE": 0, "CLASSIFICATION_TYPE": "U", "NORAD_CAT_ID": 40534, "ELEMENT_SET_NO": 999, "REV_AT_EPOCH": 7980, "BSTAR": 0, "MEAN_MOTION_DOT": 2.9e-07, "MEAN_MOTION_DDOT": 0}, "tle": {"line1": "1 40534U 15013A   26067.34554681  .00000029  00000+0  00000+0 0  9992", "line2": "2 40534  53.1855 208.3466 0108759  39.8166 320.9388  2.00557444 79805"}}, "geometry": {"type": "Point", "coordinates": [-165.69714952654104, -17.932068887136385]}}, {"type": "Feature", "properties": {"norad_id": 40544, "name": "GSAT0203 (GALILEO 7)", "group": "gnss", "lat": -44.94886427459155, "lon": -56.37720535073214, "alt_km": 23212.02655822572, "timestamp": "2026-03-08T19:31:04.056499+00:00", "meta": {"OBJECT_NAME": "GSAT0203 (GALILEO 7)", "OBJECT_ID": "2015-017A", "EPOCH": "2026-03-05T23:22:37.125984", "MEAN_MOTION": 1.70475708, "ECCENTRICITY": 0.00051696, "INCLINATION": 56.821, "RA_OF_ASC_NODE": 344.4123, "ARG_OF_PERICENTER": 295.903, "MEAN_ANOMALY": 64.0652, "EPHEMERIS_TYPE": 0, "CLASSIFICATION_TYPE": "U", "NORAD_CAT_ID": 40544, "ELEMENT_SET_NO": 999, "REV_AT_EPOCH": 6744, "BSTAR": 0, "MEAN_MOTION_DOT": -1.05e-06, "MEAN_MOTION_DDOT": 0}, "tle": {"line1": "1 40544U 15017A   26064.97404081 -.00000105  00000+0  00000+0 0  9997", "line2": "2 40544  56.8210 344.4123 0005169 295.9030  64.0652  1.70475708 67444"}}, "geometry": {"type": "Point", "coordinates": [-56.37720535073214, -44.94886427459155]}}, {"type": "Feature", "properties": {"norad_id": 40545, "name": "GSAT0204 (GALILEO 8)", "group": "gnss", "lat": 28.2542577234865, "lon": 143.80154445045096, "alt_km": 23228.2098142947, "timestamp": "2026-03-08T19:31:04.056511+00:00", "meta": {"OBJECT_NAME": "GSAT0204 (GALILEO 8)", "OBJECT_ID": "2015-017B", "EPOCH": "2026-03-07T23:44:46.249152", "MEAN_MOTION": 1.70475521, "ECCENTRICITY": 0.0004065, "INCLINATION": 56.8263, "RA_OF_ASC_NODE": 344.3752, "ARG_OF_PERICENTER": 288.5774, "MEAN_ANOMALY": 71.4031, "EPHEMERIS_TYPE": 0, "CLASSIFICATION_TYPE": "U", "NORAD_CAT_ID": 40545, "ELEMENT_SET_NO": 999, "REV_AT_EPOCH": 3052, "BSTAR": 0, "MEAN_MOTION_DOT": -1.02e-06, "MEAN_MOTION_DDOT": 0}, "tle": {"line1": "1 40545U 15017B   26066.98942418 -.00000102  00000+0  00000+0 0  9999", "line2": "2 40545  56.8263 344.3752 0004065 288.5774  71.4031  1.70475521 30522"}}, "geometry": {"type": "Point", "coordinates": [143.80154445045096, 28.2542577234865]}}, {"type": "Feature", "properties": {"norad_id": 40549, "name": "BEIDOU-3S IGSO-1S (C31)", "group": "gnss", "lat": -48.23776881456548, "lon": -169.30608266511902, "alt_km": 35735.25546678557, "timestamp": "2026-03-08T19:31:04.056522+00:00", "meta": {"OBJECT_NAME": "BEIDOU-3S IGSO-1S (C31)", "OBJECT_ID": "2015-019A", "EPOCH": "2026-03-07T14:22:31.809792", "MEAN_MOTION": 1.00273479, "ECCENTRICITY": 0.00357552, "INCLINATION": 49.384, "RA_OF_ASC_NODE": 296.6851, "ARG_OF_PERICENTER": 190.9434, "MEAN_ANOMALY": 349.7799, "EPHEMERIS_TYPE": 0, "CLASSIFICATION_TYPE": "U", "NORAD_CAT_ID": 40549, "ELEMENT_SET_NO": 999, "REV_AT_EPOCH": 4005, "BSTAR": 0, "MEAN_MOTION_DOT": -1.63e-06, "MEAN_MOTION_DDOT": 0}, "tle": {"line1": "1 40549U 15019A   26066.59897928 -.00000163  00000+0  00000+0 0  9994", "line2": "2 40549  49.3840 296.6851 0035755 190.9434 349.7799  1.00273479 40054"}}, "geometry": {"type": "Point", "coordinates": [-169.30608266511902, -48.23776881456548]}}, {"type": "Feature", "properties": {"norad_id": 40730, "name": "GPS BIIF-10 (PRN 08)", "group": "gnss", "lat": -32.95830037891346, "lon": 119.29258764166752, "alt_km": 20482.845345974343, "timestamp": "2026-03-08T19:31:04.056534+00:00", "meta": {"OBJECT_NAME": "GPS BIIF-10 (PRN 08)", "OBJECT_ID": "2015-033A", "EPOCH": "2026-03-08T00:10:39.830016", "MEAN_MOTION": 2.00561516, "ECCENTRICITY": 0.0114584, "INCLINATION": 54.062, "RA_OF_ASC_NODE": 271.2563, "ARG_OF_PERICENTER": 29.0543, "MEAN_ANOMALY": 331.5969, "EPHEMERIS_TYPE": 0, "CLASSIFICATION_TYPE": "U", "NORAD_CAT_ID": 40730, "ELEMENT_SET_NO": 999, "REV_AT_EPOCH": 7796, "BSTAR": 0, "MEAN_MOTION_DOT": -1e-08, "MEAN_MOTION_DDOT": 0}, "tle": {"line1": "1 40730U 15033A   26067.00740544 -.00000001  00000+0  00000+0 0  9991", "line2": "2 40730  54.0620 271.2563 0114584  29.0543 331.5969  2.00561516 77966"}}, "geometry": {"type": "Point", "coordinates": [119.29258764166752, -32.95830037891346]}}, {"type": "Feature", "properties": {"norad_id": 40748, "name": "BEIDOU-3S M2S (C58)", "group": "gnss", "lat": -49.12946471240625, "lon": -108.63139812143062, "alt_km": 21509.994868905458, "timestamp": "2026-03-08T19:31:04.056546+00:00", "meta": {"OBJECT_NAME": "BEIDOU-3S M2S (C58)", "OBJECT_ID": "2015-037A", "EPOCH": "2026-03-07T20:09:26.075232", "MEAN_MOTION": 1.86231989, "ECCENTRICITY": 0.0008665, "INCLINATION": 54.9599, "RA_OF_ASC_NODE": 305.5363, "ARG_OF_PERICENTER": 278.6424, "MEAN_ANOMALY": 81.3108, "EPHEMERIS_TYPE": 0, "CLASSIFICATION_TYPE": "U", "NORAD_CAT_ID": 40748, "ELEMENT_SET_NO": 999, "REV_AT_EPOCH": 7223, "BSTAR": 0, "MEAN_MOTION_DOT": -6.6e-07, "MEAN_MOTION_DDOT": 0}, "tle": {"line1": "1 40748U 15037A   26066.83988513 -.00000066  00000+0  00000+0 0  9995", "line2": "2 40748  54.9599 305.5363 0008665 278.6424  81.3108  1.86231989 72231"}}, "geometry": {"type": "Point", "coordinates": [-108.63139812143062, -49.12946471240625]}}, {"type": "Feature", "properties": {"norad_id": 40749, "name": "BEIDOU-3S M1S (C57)", "group": "gnss", "lat": 27.703947295778224, "lon": 103.89594735370684, "alt_km": 21527.68478536397, "timestamp": "2026-03-08T19:31:04.056557+00:00", "meta": {"OBJECT_NAME": "BEIDOU-3S M1S (C57)", "OBJECT_ID": "2015-037B", "EPOCH": "2026-03-04T20:07:16.762944", "MEAN_MOTION": 1.86254093, "ECCENTRICITY": 0.00045747, "INCLINATION": 54.959, "RA_OF_ASC_NODE": 305.6285, "ARG_OF_PERICENTER": 30.727, "MEAN_ANOMALY": 329.3576, "EPHEMERIS_TYPE": 0, "CLASSIFICATION_TYPE": "U", "NORAD_CAT_ID": 40749, "ELEMENT_SET_NO": 999, "REV_AT_EPOCH": 7218, "BSTAR": 0, "MEAN_MOTION_DOT": -6.4e-07, "MEAN_MOTION_DDOT": 0}, "tle": {"line1": "1 40749U 15037B   26063.83838846 -.00000064  00000+0  00000+0 0  9994", "line2": "2 40749  54.9590 305.6285 0004574  30.7270 329.3576  1.86254093 72187"}}, "geometry": {"type": "Point", "coordinates": [103.89594735370684, 27.703947295778224]}}, {"type": "Feature", "properties": {"norad_id": 40889, "name": "GSAT0205 (GALILEO 9)", "group": "gnss", "lat": -16.580878542678725, "lon": -147.73260047692048, "alt_km": 23376.94750863512, "timestamp": "2026-03-08T19:31:04.056569+00:00", "meta": {"OBJECT_NAME": "GSAT0205 (GALILEO 9)", "OBJECT_ID": "2015-045A", "EPOCH": "2026-02-12T22:54:15.154848", "MEAN_MOTION": 1.674108, "ECCENTRICITY": 0.03595998, "INCLINATION": 53.6403, "RA_OF_ASC_NODE": 225.6057, "ARG_OF_PERICENTER": 59.9658, "MEAN_ANOMALY": 303.5577, "EPHEMERIS_TYPE": 0, "CLASSIFICATION_TYPE": "U", "NORAD_CAT_ID": 40889, "ELEMENT_SET_NO": 999, "REV_AT_EPOCH": 6421, "BSTAR": 0, "MEAN_MOTION_DOT": 7.8e-07, "MEAN_MOTION_DDOT": 0}, "tle": {"line1": "1 40889U 15045A   26043.95434207  .00000078  00000+0  00000+0 0  9996", "line2": "2 40889  53.6403 225.6057 0359599  59.9658 303.5577  1.67410800 64211"}}, "geometry": {"type": "Point", "coordinates": [-147.73260047692048, -16.580878542678725]}}, {"type": "Feature", "properties": {"norad_id": 40890, "name": "GSAT0206 (GALILEO 10)", "group": "gnss", "lat": 22.150088144500437, "lon": 27.785484230843227, "alt_km": 23221.863665968194, "timestamp": "2026-03-08T19:31:04.056580+00:00", "meta": {"OBJECT_NAME": "GSAT0206 (GALILEO 10)", "OBJECT_ID": "2015-045B", "EPOCH": "2026-03-06T19:19:15.881952", "MEAN_MOTION": 1.70473796, "ECCENTRICITY": 0.00036926, "INCLINATION": 54.9807, "RA_OF_ASC_NODE": 224.4283, "ARG_OF_PERICENTER": 50.2396, "MEAN_ANOMALY": 309.7351, "EPHEMERIS_TYPE": 0, "CLASSIFICATION_TYPE": "U", "NORAD_CAT_ID": 40890, "ELEMENT_SET_NO": 999, "REV_AT_EPOCH": 6529, "BSTAR": 0, "MEAN_MOTION_DOT": 2.3e-07, "MEAN_MOTION_DDOT": 0}, "tle": {"line1": "1 40890U 15045B   26065.80504493  .00000023  00000+0  00000+0 0  9991", "line2": "2 40890  54.9807 224.4283 0003692  50.2396 309.7351  1.70473796 65290"}}, "geometry": {"type": "Point", "coordinates": [27.785484230843227, 22.150088144500437]}}, {"type": "Feature", "properties": {"norad_id": 41019, "name": "GPS BIIF-11 (PRN 10)", "group": "gnss", "lat": 2.147020784325092, "lon": -146.73920213767798, "alt_km": 20006.684365285535, "timestamp": "2026-03-08T19:31:04.056594+00:00", "meta": {"OBJECT_NAME": "GPS BIIF-11 (PRN 10)", "OBJECT_ID": "2015-062A", "EPOCH": "2026-03-06T13:41:27.741408", "MEAN_MOTION": 2.00567148, "ECCENTRICITY": 0.01114468, "INCLINATION": 56.8944, "RA_OF_ASC_NODE": 34.7646, "ARG_OF_PERICENTER": 231.5107, "MEAN_ANOMALY": 127.4729, "EPHEMERIS_TYPE": 0, "CLASSIFICATION_TYPE": "U", "NORAD_CAT_ID": 41019, "ELEMENT_SET_NO": 999, "REV_AT_EPOCH": 7577, "BSTAR": 0, "MEAN_MOTION_DOT": -7.7e-07, "MEAN_MOTION_DDOT": 0}, "tle": {"line1": "1 41019U 15062A   26065.57045997 -.00000077  00000+0  00000+0 0  9997", "line2": "2 41019  56.8944  34.7646 0111446 231.5107 127.4729  2.00567148 75770"}}, "geometry": {"type": "Point", "coordinates": [-146.73920213767798, 2.147020784325092]}}, {"type": "Feature", "properties": {"norad_id": 41028, "name": "GSAT-15 (GAGAN/PRN 139)", "group": "gnss", "lat": -0.06295950571077259, "lon": -167.22242414933035, "alt_km": 35791.32155905544, "timestamp": "2026-03-08T19:31:04.056607+00:00", "meta": {"OBJECT_NAME": "GSAT-15 (GAGAN/PRN 139)", "OBJECT_ID": "2015-065A", "EPOCH": "2026-03-08T12:36:45.188928", "MEAN_MOTION": 1.00273936, "ECCENTRICITY": 0.0001397, "INCLINATION": 0.0793, "RA_OF_ASC_NODE": 269.3658, "ARG_OF_PERICENTER": 114.0158, "MEAN_ANOMALY": 65.507, "EPHEMERIS_TYPE": 0, "CLASSIFICATION_TYPE": "U", "NORAD_CAT_ID": 41028, "ELEMENT_SET_NO": 999, "REV_AT_EPOCH": 3778, "BSTAR": 0, "MEAN_MOTION_DOT": -2.58e-06, "MEAN_MOTION_DDOT": 0}, "tle": {"line1": "1 41028U 15065A   26067.52552302 -.00000258  00000+0  00000+0 0  9991", "line2": "2 41028   0.0793 269.3658 0001397 114.0158  65.5070  1.00273936 37784"}}, "geometry": {"type": "Point", "coordinates": [-167.22242414933035, -0.06295950571077259]}}, {"type": "Feature", "properties": {"norad_id": 41174, "name": "GSAT0209 (GALILEO 12)", "group": "gnss", "lat": 38.816656400498644, "lon": 137.23835025867055, "alt_km": 23216.398806341702, "timestamp": "2026-03-08T19:31:04.056618+00:00", "meta": {"OBJECT_NAME": "GSAT0209 (GALILEO 12)", "OBJECT_ID": "2015-079A", "EPOCH": "2026-03-08T03:30:44.834400", "MEAN_MOTION": 1.70474611, "ECCENTRICITY": 0.0004765, "INCLINATION": 55.7617, "RA_OF_ASC_NODE": 104.0324, "ARG_OF_PERICENTER": 323.4681, "MEAN_ANOMALY": 36.569, "EPHEMERIS_TYPE": 0, "CLASSIFICATION_TYPE": "U", "NORAD_CAT_ID": 41174, "ELEMENT_SET_NO": 999, "REV_AT_EPOCH": 6305, "BSTAR": 0, "MEAN_MOTION_DOT": 6e-08, "MEAN_MOTION_DDOT": 0}, "tle": {"line1": "1 41174U 15079A   26067.14635225  .00000006  00000+0  00000+0 0  9992", "line2": "2 41174  55.7617 104.0324 0004765 323.4681  36.5690  1.70474611 63057"}}, "geometry": {"type": "Point", "coordinates": [137.23835025867055, 38.816656400498644]}}, {"type": "Feature", "properties": {"norad_id": 41175, "name": "GSAT0208 (GALILEO 11)", "group": "gnss", "lat": -55.53388781033995, "lon": 21.253727994305457, "alt_km": 23219.924320324502, "timestamp": "2026-03-08T19:31:04.056630+00:00", "meta": {"OBJECT_NAME": "GSAT0208 (GALILEO 11)", "OBJECT_ID": "2015-079B", "EPOCH": "2026-03-08T08:47:52.200096", "MEAN_MOTION": 1.70474428, "ECCENTRICITY": 0.0004255, "INCLINATION": 55.7603, "RA_OF_ASC_NODE": 104.0235, "ARG_OF_PERICENTER": 323.759, "MEAN_ANOMALY": 36.281, "EPHEMERIS_TYPE": 0, "CLASSIFICATION_TYPE": "U", "NORAD_CAT_ID": 41175, "ELEMENT_SET_NO": 999, "REV_AT_EPOCH": 6347, "BSTAR": 0, "MEAN_MOTION_DOT": 7e-08, "MEAN_MOTION_DDOT": 0}, "tle": {"line1": "1 41175U 15079B   26067.36657639  .00000007  00000+0  00000+0 0  9991", "line2": "2 41175  55.7603 104.0235 0004255 323.7590  36.2810  1.70474428 63473"}}, "geometry": {"type": "Point", "coordinates": [21.253727994305457, -55.53388781033995]}}, {"type": "Feature", "properties": {"norad_id": 41241, "name": "IRNSS-1E", "group": "gnss", "lat": 15.912798919022775, "lon": -144.8623372515112, "alt_km": 35726.9248762964, "timestamp": "2026-03-08T19:31:04.056641+00:00", "meta": {"OBJECT_NAME": "IRNSS-1E", "OBJECT_ID": "2016-003A", "EPOCH": "2026-03-08T09:16:51.509856", "MEAN_MOTION": 1.00273149, "ECCENTRICITY": 0.0017545, "INCLINATION": 33.0163, "RA_OF_ASC_NODE": 61.2004, "ARG_OF_PERICENTER": 189.2178, "MEAN_ANOMALY": 166.6828, "EPHEMERIS_TYPE": 0, "CLASSIFICATION_TYPE": "U", "NORAD_CAT_ID": 41241, "ELEMENT_SET_NO": 999, "REV_AT_EPOCH": 3706, "BSTAR": 0, "MEAN_MOTION_DOT": -2.93e-06, "MEAN_MOTION_DDOT": 0}, "tle": {"line1": "1 41241U 16003A   26067.38670729 -.00000293  00000+0  00000+0 0  9998", "line2": "2 41241  33.0163  61.2004 0017545 189.2178 166.6828  1.00273149 37061"}}, "geometry": {"type": "Point", "coordinates": [-144.8623372515112, 15.912798919022775]}}, {"type": "Feature", "properties": {"norad_id": 41328, "name": "GPS BIIF-12 (PRN 32)", "group": "gnss", "lat": 47.82931691951889, "lon": -136.05948393698745, "alt_km": 20340.145686574106, "timestamp": "2026-03-08T19:31:04.056653+00:00", "meta": {"OBJECT_NAME": "GPS BIIF-12 (PRN 32)", "OBJECT_ID": "2016-007A", "EPOCH": "2026-03-07T15:40:27.789024", "MEAN_MOTION": 2.00556657, "ECCENTRICITY": 0.009553, "INCLINATION": 55.4578, "RA_OF_ASC_NODE": 93.4837, "ARG_OF_PERICENTER": 246.0838, "MEAN_ANOMALY": 112.9669, "EPHEMERIS_TYPE": 0, "CLASSIFICATION_TYPE": "U", "NORAD_CAT_ID": 41328, "ELEMENT_SET_NO": 999, "REV_AT_EPOCH": 7380, "BSTAR": 0, "MEAN_MOTION_DOT": -1.1e-07, "MEAN_MOTION_DDOT": 0}, "tle": {"line1": "1 41328U 16007A   26066.65309941 -.00000011  00000+0  00000+0 0  9990", "line2": "2 41328  55.4578  93.4837 0095530 246.0838 112.9669  2.00556657 73809"}}, "geometry": {"type": "Point", "coordinates": [-136.05948393698745, 47.82931691951889]}}, {"type": "Feature", "properties": {"norad_id": 41330, "name": "COSMOS 2514 (751)", "group": "gnss", "lat": -34.42379102594117, "lon": -62.097131044099726, "alt_km": 19143.388997441183, "timestamp": "2026-03-08T19:31:04.056667+00:00", "meta": {"OBJECT_NAME": "COSMOS 2514 (751)", "OBJECT_ID": "2016-008A", "EPOCH": "2026-03-07T22:12:04.617216", "MEAN_MOTION": 2.13102716, "ECCENTRICITY": 0.000908, "INCLINATION": 65.0805, "RA_OF_ASC_NODE": 316.4843, "ARG_OF_PERICENTER": 208.4789, "MEAN_ANOMALY": 151.5294, "EPHEMERIS_TYPE": 0, "CLASSIFICATION_TYPE": "U", "NORAD_CAT_ID": 41330, "ELEMENT_SET_NO": 999, "REV_AT_EPOCH": 7846, "BSTAR": 0, "MEAN_MOTION_DOT": -5.9e-07, "MEAN_MOTION_DDOT": 0}, "tle": {"line1": "1 41330U 16008A   26066.92505344 -.00000059  00000+0  00000+0 0  9991", "line2": "2 41330  65.0805 316.4843 0009080 208.4789 151.5294  2.13102716 78466"}}, "geometry": {"type": "Point", "coordinates": [-62.097131044099726, -34.42379102594117]}}, {"type": "Feature", "properties": {"norad_id": 41384, "name": "IRNSS-1F", "group": "gnss", "lat": 2.716404501436341, "lon": 131.50453300796627, "alt_km": 35858.675381312576, "timestamp": "2026-03-08T19:31:04.056685+00:00", "meta": {"OBJECT_NAME": "IRNSS-1F", "OBJECT_ID": "2016-015A", "EPOCH": "2026-03-08T05:18:38.687904", "MEAN_MOTION": 1.00273238, "ECCENTRICITY": 0.00191, "INCLINATION": 5.0938, "RA_OF_ASC_NODE": 99.1742, "ARG_OF_PERICENTER": 188.3642, "MEAN_ANOMALY": 350.4513, "EPHEMERIS_TYPE": 0, "CLASSIFICATION_TYPE": "U", "NORAD_CAT_ID": 41384, "ELEMENT_SET_NO": 999, "REV_AT_EPOCH": 3665, "BSTAR": 0, "MEAN_MOTION_DOT": 1.58e-06, "MEAN_MOTION_DDOT": 0}, "tle": {"line1": "1 41384U 16015A   26067.22128111  .00000158  00000+0  00000+0 0  9994", "line2": "2 41384   5.0938  99.1742 0019100 188.3642 350.4513  1.00273238 36659"}}, "geometry": {"type": "Point", "coordinates": [131.50453300796627, 2.716404501436341]}}, {"type": "Feature", "properties": {"norad_id": 41434, "name": "BEIDOU-2 IGSO-6 (C13)", "group": "gnss", "lat": 21.140965547003837, "lon": -153.85574125808424, "alt_km": 35728.51428148709, "timestamp": "2026-03-08T19:31:04.056699+00:00", "meta": {"OBJECT_NAME": "BEIDOU-2 IGSO-6 (C13)", "OBJECT_ID": "2016-021A", "EPOCH": "2026-03-08T09:11:59.477856", "MEAN_MOTION": 1.00278046, "ECCENTRICITY": 0.0059739, "INCLINATION": 60.0922, "RA_OF_ASC_NODE": 39.0387, "ARG_OF_PERICENTER": 233.3372, "MEAN_ANOMALY": 127.4479, "EPHEMERIS_TYPE": 0, "CLASSIFICATION_TYPE": "U", "NORAD_CAT_ID": 41434, "ELEMENT_SET_NO": 999, "REV_AT_EPOCH": 3647, "BSTAR": 0, "MEAN_MOTION_DOT": -1.44e-06, "MEAN_MOTION_DDOT": 0}, "tle": {"line1": "1 41434U 16021A   26067.38332729 -.00000144  00000+0  00000+0 0  9992", "line2": "2 41434  60.0922  39.0387 0059739 233.3372 127.4479  1.00278046 36475"}}, "geometry": {"type": "Point", "coordinates": [-153.85574125808424, 21.140965547003837]}}, {"type": "Feature", "properties": {"norad_id": 41469, "name": "IRNSS-1G", "group": "gnss", "lat": 3.86729303030505, "lon": -131.1378516738995, "alt_km": 35809.65922104478, "timestamp": "2026-03-08T19:31:04.056711+00:00", "meta": {"OBJECT_NAME": "IRNSS-1G", "OBJECT_ID": "2016-027A", "EPOCH": "2026-03-08T12:13:08.421600", "MEAN_MOTION": 1.00266765, "ECCENTRICITY": 0.0005405, "INCLINATION": 4.9452, "RA_OF_ASC_NODE": 99.9061, "ARG_OF_PERICENTER": 314.6622, "MEAN_ANOMALY": 64.3914, "EPHEMERIS_TYPE": 0, "CLASSIFICATION_TYPE": "U", "NORAD_CAT_ID": 41469, "ELEMENT_SET_NO": 999, "REV_AT_EPOCH": 3617, "BSTAR": 0, "MEAN_MOTION_DOT": -3.35e-06, "MEAN_MOTION_DDOT": 0}, "tle": {"line1": "1 41469U 16027A   26067.50912525 -.00000335  00000+0  00000+0 0  9990", "line2": "2 41469   4.9452  99.9061 0005405 314.6622  64.3914  1.00266765 36179"}}, "geometry": {"type": "Point", "coordinates": [-131.1378516738995, 3.86729303030505]}}, {"type": "Feature", "properties": {"norad_id": 41549, "name": "GSAT0211 (GALILEO 14)", "group": "gnss", "lat": -14.76380935657013, "lon": 55.026282800228664, "alt_km": 23234.59036765216, "timestamp": "2026-03-08T19:31:04.056723+00:00", "meta": {"OBJECT_NAME": "GSAT0211 (GALILEO 14)", "OBJECT_ID": "2016-030A", "EPOCH": "2026-03-07T21:41:44.152800", "MEAN_MOTION": 1.70473949, "ECCENTRICITY": 0.0003501, "INCLINATION": 55.1308, "RA_OF_ASC_NODE": 224.4774, "ARG_OF_PERICENTER": 24.7884, "MEAN_ANOMALY": 335.1756, "EPHEMERIS_TYPE": 0, "CLASSIFICATION_TYPE": "U", "NORAD_CAT_ID": 41549, "ELEMENT_SET_NO": 999, "REV_AT_EPOCH": 6094, "BSTAR": 0, "MEAN_MOTION_DOT": 2.9e-07, "MEAN_MOTION_DDOT": 0}, "tle": {"line1": "1 41549U 16030A   26066.90398325  .00000029  00000+0  00000+0 0  9991", "line2": "2 41549  55.1308 224.4774 0003501  24.7884 335.1756  1.70473949 60942"}}, "geometry": {"type": "Point", "coordinates": [55.026282800228664, -14.76380935657013]}}, {"type": "Feature", "properties": {"norad_id": 41550, "name": "GSAT0210 (GALILEO 13)", "group": "gnss", "lat": 31.9201222397261, "lon": -109.82389182952735, "alt_km": 23221.630831844486, "timestamp": "2026-03-08T19:31:04.056734+00:00", "meta": {"OBJECT_NAME": "GSAT0210 (GALILEO 13)", "OBJECT_ID": "2016-030B", "EPOCH": "2026-03-08T03:52:12.926208", "MEAN_MOTION": 1.70474034, "ECCENTRICITY": 0.0001227, "INCLINATION": 55.1271, "RA_OF_ASC_NODE": 224.4684, "ARG_OF_PERICENTER": 197.6073, "MEAN_ANOMALY": 162.3369, "EPHEMERIS_TYPE": 0, "CLASSIFICATION_TYPE": "U", "NORAD_CAT_ID": 41550, "ELEMENT_SET_NO": 999, "REV_AT_EPOCH": 6094, "BSTAR": 0, "MEAN_MOTION_DOT": 3e-07, "MEAN_MOTION_DDOT": 0}, "tle": {"line1": "1 41550U 16030B   26067.16126072  .00000030  00000+0  00000+0 0  9992", "line2": "2 41550  55.1271 224.4684 0001227 197.6073 162.3369  1.70474034 60942"}}, "geometry": {"type": "Point", "coordinates": [-109.82389182952735, 31.9201222397261]}}, {"type": "Feature", "properties": {"norad_id": 41586, "name": "BEIDOU-2 G7 (C03)", "group": "gnss", "lat": 0.930711928094941, "lon": -150.2494226522507, "alt_km": 35819.24907331164, "timestamp": "2026-03-08T19:31:04.056746+00:00", "meta": {"OBJECT_NAME": "BEIDOU-2 G7 (C03)", "OBJECT_ID": "2016-037A", "EPOCH": "2026-03-08T12:41:37.221792", "MEAN_MOTION": 1.00265763, "ECCENTRICITY": 0.0008089, "INCLINATION": 1.4715, "RA_OF_ASC_NODE": 68.2656, "ARG_OF_PERICENTER": 343.6517, "MEAN_ANOMALY": 55.1334, "EPHEMERIS_TYPE": 0, "CLASSIFICATION_TYPE": "U", "NORAD_CAT_ID": 41586, "ELEMENT_SET_NO": 999, "REV_AT_EPOCH": 588, "BSTAR": 0, "MEAN_MOTION_DOT": -3.52e-06, "MEAN_MOTION_DDOT": 0}, "tle": {"line1": "1 41586U 16037A   26067.52890303 -.00000352  00000+0  00000+0 0  9991", "line2": "2 41586   1.4715  68.2656 0008089 343.6517  55.1334  1.00265763  5883"}}, "geometry": {"type": "Point", "coordinates": [-150.2494226522507, 0.930711928094941]}}, {"type": "Feature", "properties": {"norad_id": 41589, "name": "EUTELSAT 117 WEST B (WAAS/PRN 131)", "group": "gnss", "lat": 0.00011418407822701071, "lon": -17.703038437244736, "alt_km": 35786.10806751902, "timestamp": "2026-03-08T19:31:04.056758+00:00", "meta": {"OBJECT_NAME": "EUTELSAT 117 WEST B (WAAS/PRN 131)", "OBJECT_ID": "2016-038B", "EPOCH": "2026-03-08T12:33:54.353664", "MEAN_MOTION": 1.00270263, "ECCENTRICITY": 5.15e-05, "INCLINATION": 0.0152, "RA_OF_ASC_NODE": 307.5608, "ARG_OF_PERICENTER": 315.1459, "MEAN_ANOMALY": 334.9885, "EPHEMERIS_TYPE": 0, "CLASSIFICATION_TYPE": "U", "NORAD_CAT_ID": 41589, "ELEMENT_SET_NO": 999, "REV_AT_EPOCH": 3565, "BSTAR": 0, "MEAN_MOTION_DOT": -1.1e-07, "MEAN_MOTION_DDOT": 0}, "tle": {"line1": "1 41589U 16038B   26067.52354576 -.00000011  00000+0  00000+0 0  9994", "line2": "2 41589   0.0152 307.5608 0000515 315.1459 334.9885  1.00270263 35655"}}, "geometry": {"type": "Point", "coordinates": [-17.703038437244736, 0.00011418407822701071]}}, {"type": "Feature", "properties": {"norad_id": 41859, "name": "GSAT0207 (GALILEO 15)", "group": "gnss", "lat": -38.57812578619176, "lon": -42.76947117569469, "alt_km": 23224.152052431586, "timestamp": "2026-03-08T19:31:04.056770+00:00", "meta": {"OBJECT_NAME": "GSAT0207 (GALILEO 15)", "OBJECT_ID": "2016-069A", "EPOCH": "2026-03-08T10:33:03.252672", "MEAN_MOTION": 1.70474475, "ECCENTRICITY": 0.0005241, "INCLINATION": 55.4321, "RA_OF_ASC_NODE": 103.873, "ARG_OF_PERICENTER": 309.5715, "MEAN_ANOMALY": 50.4505, "EPHEMERIS_TYPE": 0, "CLASSIFICATION_TYPE": "U", "NORAD_CAT_ID": 41859, "ELEMENT_SET_NO": 999, "REV_AT_EPOCH": 5768, "BSTAR": 0, "MEAN_MOTION_DOT": 6e-08, "MEAN_MOTION_DDOT": 0}, "tle": {"line1": "1 41859U 16069A   26067.43962098  .00000006  00000+0  00000+0 0  9995", "line2": "2 41859  55.4321 103.8730 0005241 309.5715  50.4505  1.70474475 57687"}}, "geometry": {"type": "Point", "coordinates": [-42.76947117569469, -38.57812578619176]}}, {"type": "Feature", "properties": {"norad_id": 41860, "name": "GSAT0212 (GALILEO 16)", "group": "gnss", "lat": -32.57539108833666, "lon": 77.73151871854867, "alt_km": 23215.581428481244, "timestamp": "2026-03-08T19:31:04.056784+00:00", "meta": {"OBJECT_NAME": "GSAT0212 (GALILEO 16)", "OBJECT_ID": "2016-069B", "EPOCH": "2026-03-08T07:02:09.783456", "MEAN_MOTION": 1.70474708, "ECCENTRICITY": 0.0003735, "INCLINATION": 55.4296, "RA_OF_ASC_NODE": 103.8722, "ARG_OF_PERICENTER": 335.3345, "MEAN_ANOMALY": 24.7164, "EPHEMERIS_TYPE": 0, "CLASSIFICATION_TYPE": "U", "NORAD_CAT_ID": 41860, "ELEMENT_SET_NO": 999, "REV_AT_EPOCH": 5793, "BSTAR": 0, "MEAN_MOTION_DOT": 6e-08, "MEAN_MOTION_DDOT": 0}, "tle": {"line1": "1 41860U 16069B   26067.29316879  .00000006  00000+0  00000+0 0  9991", "line2": "2 41860  55.4296 103.8722 0003735 335.3345  24.7164  1.70474708 57935"}}, "geometry": {"type": "Point", "coordinates": [77.73151871854867, -32.57539108833666]}}, {"type": "Feature", "properties": {"norad_id": 41861, "name": "GSAT0213 (GALILEO 17)", "group": "gnss", "lat": 55.24884153452208, "lon": -159.6802748645049, "alt_km": 23230.501250632133, "timestamp": "2026-03-08T19:31:04.056796+00:00", "meta": {"OBJECT_NAME": "GSAT0213 (GALILEO 17)", "OBJECT_ID": "2016-069C", "EPOCH": "2026-03-05T17:27:54.626112", "MEAN_MOTION": 1.70474927, "ECCENTRICITY": 0.00052959, "INCLINATION": 55.4302, "RA_OF_ASC_NODE": 103.9512, "ARG_OF_PERICENTER": 293.0089, "MEAN_ANOMALY": 67.0145, "EPHEMERIS_TYPE": 0, "CLASSIFICATION_TYPE": "U", "NORAD_CAT_ID": 41861, "ELEMENT_SET_NO": 999, "REV_AT_EPOCH": 5775, "BSTAR": 0, "MEAN_MOTION_DOT": 8e-08, "MEAN_MOTION_DDOT": 0}, "tle": {"line1": "1 41861U 16069C   26064.72771558  .00000008  00000+0  00000+0 0  9998", "line2": "2 41861  55.4302 103.9512 0005295 293.0089  67.0145  1.70474927 57752"}}, "geometry": {"type": "Point", "coordinates": [-159.6802748645049, 55.24884153452208]}}, {"type": "Feature", "properties": {"norad_id": 41862, "name": "GSAT0214 (GALILEO 18)", "group": "gnss", "lat": 3.3250588011934283, "lon": 106.16287025084193, "alt_km": 23216.917608695694, "timestamp": "2026-03-08T19:31:04.056807+00:00", "meta": {"OBJECT_NAME": "GSAT0214 (GALILEO 18)", "OBJECT_ID": "2016-069D", "EPOCH": "2026-03-08T05:16:55.158240", "MEAN_MOTION": 1.70474815, "ECCENTRICITY": 0.000432, "INCLINATION": 55.4305, "RA_OF_ASC_NODE": 103.8749, "ARG_OF_PERICENTER": 297.1489, "MEAN_ANOMALY": 62.876, "EPHEMERIS_TYPE": 0, "CLASSIFICATION_TYPE": "U", "NORAD_CAT_ID": 41862, "ELEMENT_SET_NO": 999, "REV_AT_EPOCH": 5792, "BSTAR": 0, "MEAN_MOTION_DOT": 6e-08, "MEAN_MOTION_DDOT": 0}, "tle": {"line1": "1 41862U 16069D   26067.22008285  .00000006  00000+0  00000+0 0  9995", "line2": "2 41862  55.4305 103.8749 0004320 297.1489  62.8760  1.70474815 57925"}}, "geometry": {"type": "Point", "coordinates": [106.16287025084193, 3.3250588011934283]}}, {"type": "Feature", "properties": {"norad_id": 42709, "name": "SES-15 (WAAS/PRN 133)", "group": "gnss", "lat": 0.005437163170051056, "lon": -29.894314464597077, "alt_km": 35783.81163845509, "timestamp": "2026-03-08T19:31:04.056819+00:00", "meta": {"OBJECT_NAME": "SES-15 (WAAS/PRN 133)", "OBJECT_ID": "2017-026A", "EPOCH": "2026-03-08T12:40:56.807328", "MEAN_MOTION": 1.00270517, "ECCENTRICITY": 7.63e-05, "INCLINATION": 0.037, "RA_OF_ASC_NODE": 340.6334, "ARG_OF_PERICENTER": 25.8463, "MEAN_ANOMALY": 220.7999, "EPHEMERIS_TYPE": 0, "CLASSIFICATION_TYPE": "U", "NORAD_CAT_ID": 42709, "ELEMENT_SET_NO": 999, "REV_AT_EPOCH": 642, "BSTAR": 0, "MEAN_MOTION_DOT": 6e-07, "MEAN_MOTION_DDOT": 0}, "tle": {"line1": "1 42709U 17026A   26067.52843527  .00000060  00000+0  00000+0 0  9999", "line2": "2 42709   0.0370 340.6334 0000763  25.8463 220.7999  1.00270517  6424"}}, "geometry": {"type": "Point", "coordinates": [-29.894314464597077, 0.005437163170051056]}}, {"type": "Feature", "properties": {"norad_id": 42738, "name": "QZS-2 (QZSS/PRN 194)", "group": "gnss", "lat": 3.00847686170262, "lon": -111.76023954348419, "alt_km": 35793.32596964106, "timestamp": "2026-03-08T19:31:04.056835+00:00", "meta": {"OBJECT_NAME": "QZS-2 (QZSS/PRN 194)", "OBJECT_ID": "2017-028A", "EPOCH": "2026-03-08T08:24:13.167360", "MEAN_MOTION": 1.00260962, "ECCENTRICITY": 0.0745154, "INCLINATION": 39.5843, "RA_OF_ASC_NODE": 244.6218, "ARG_OF_PERICENTER": 270.3637, "MEAN_ANOMALY": 278.5574, "EPHEMERIS_TYPE": 0, "CLASSIFICATION_TYPE": "U", "NORAD_CAT_ID": 42738, "ELEMENT_SET_NO": 999, "REV_AT_EPOCH": 661, "BSTAR": 0, "MEAN_MOTION_DOT": -1.51e-06, "MEAN_MOTION_DDOT": 0}, "tle": {"line1": "1 42738U 17028A   26067.35015240 -.00000151  00000+0  00000+0 0  9999", "line2": "2 42738  39.5843 244.6218 0745154 270.3637 278.5574  1.00260962  6616"}}, "geometry": {"type": "Point", "coordinates": [-111.76023954348419, 3.00847686170262]}}, {"type": "Feature", "properties": {"norad_id": 42917, "name": "QZS-3 (QZSS/PRN 199)", "group": "gnss", "lat": 0.03444282040612757, "lon": -133.70227600920683, "alt_km": 35792.64180842067, "timestamp": "2026-03-08T19:31:04.056848+00:00", "meta": {"OBJECT_NAME": "QZS-3 (QZSS/PRN 199)", "OBJECT_ID": "2017-048A", "EPOCH": "2026-03-08T11:03:41.266656", "MEAN_MOTION": 1.00274485, "ECCENTRICITY": 0.000231, "INCLINATION": 0.0653, "RA_OF_ASC_NODE": 209.5944, "ARG_OF_PERICENTER": 154.8551, "MEAN_ANOMALY": 94.6489, "EPHEMERIS_TYPE": 0, "CLASSIFICATION_TYPE": "U", "NORAD_CAT_ID": 42917, "ELEMENT_SET_NO": 999, "REV_AT_EPOCH": 3124, "BSTAR": 0, "MEAN_MOTION_DOT": -3.47e-06, "MEAN_MOTION_DDOT": 0}, "tle": {"line1": "1 42917U 17048A   26067.46089429 -.00000347  00000+0  00000+0 0  9999", "line2": "2 42917   0.0653 209.5944 0002310 154.8551  94.6489  1.00274485 31248"}}, "geometry": {"type": "Point", "coordinates": [-133.70227600920683, 0.03444282040612757]}}, {"type": "Feature", "properties": {"norad_id": 42939, "name": "COSMOS 2522 (752)", "group": "gnss", "lat": 63.75838193489311, "lon": -84.55625133881811, "alt_km": 19137.700775143734, "timestamp": "2026-03-08T19:31:04.056861+00:00", "meta": {"OBJECT_NAME": "COSMOS 2522 (752)", "OBJECT_ID": "2017-055A", "EPOCH": "2026-03-05T21:15:41.480928", "MEAN_MOTION": 2.13101691, "ECCENTRICITY": 0.00073107, "INCLINATION": 64.0788, "RA_OF_ASC_NODE": 195.3973, "ARG_OF_PERICENTER": 227.5424, "MEAN_ANOMALY": 132.3669, "EPHEMERIS_TYPE": 0, "CLASSIFICATION_TYPE": "U", "NORAD_CAT_ID": 42939, "ELEMENT_SET_NO": 999, "REV_AT_EPOCH": 6577, "BSTAR": 0, "MEAN_MOTION_DOT": 1.9e-07, "MEAN_MOTION_DDOT": 0}, "tle": {"line1": "1 42939U 17055A   26064.88589677  .00000019  00000+0  00000+0 0  9999", "line2": "2 42939  64.0788 195.3973 0007310 227.5424 132.3669  2.13101691 65775"}}, "geometry": {"type": "Point", "coordinates": [-84.55625133881811, 63.75838193489311]}}, {"type": "Feature", "properties": {"norad_id": 42965, "name": "QZS-4 (QZSS/PRN 195)", "group": "gnss", "lat": -38.01108363472308, "lon": -127.49819494682578, "alt_km": 32769.768045219695, "timestamp": "2026-03-08T19:31:04.056873+00:00", "meta": {"OBJECT_NAME": "QZS-4 (QZSS/PRN 195)", "OBJECT_ID": "2017-062A", "EPOCH": "2026-03-05T17:47:25.010880", "MEAN_MOTION": 1.00280691, "ECCENTRICITY": 0.07484947, "INCLINATION": 40.1722, "RA_OF_ASC_NODE": 344.8064, "ARG_OF_PERICENTER": 269.915, "MEAN_ANOMALY": 316.0784, "EPHEMERIS_TYPE": 0, "CLASSIFICATION_TYPE": "U", "NORAD_CAT_ID": 42965, "ELEMENT_SET_NO": 999, "REV_AT_EPOCH": 3076, "BSTAR": 0, "MEAN_MOTION_DOT": -3.41e-06, "MEAN_MOTION_DDOT": 0}, "tle": {"line1": "1 42965U 17062A   26064.74126170 -.00000341  00000+0  00000+0 0  9995", "line2": "2 42965  40.1722 344.8064 0748494 269.9150 316.0784  1.00280691 30763"}}, "geometry": {"type": "Point", "coordinates": [-127.49819494682578, -38.01108363472308]}}, {"type": "Feature", "properties": {"norad_id": 43001, "name": "BEIDOU-3 M1 (C19)", "group": "gnss", "lat": 46.872405772349765, "lon": 111.15748101977455, "alt_km": 21535.165145686697, "timestamp": "2026-03-08T19:31:04.056887+00:00", "meta": {"OBJECT_NAME": "BEIDOU-3 M1 (C19)", "OBJECT_ID": "2017-069A", "EPOCH": "2026-03-08T04:26:58.542720", "MEAN_MOTION": 1.86231322, "ECCENTRICITY": 0.0012446, "INCLINATION": 56.6046, "RA_OF_ASC_NODE": 66.4092, "ARG_OF_PERICENTER": 309.5251, "MEAN_ANOMALY": 50.3787, "EPHEMERIS_TYPE": 0, "CLASSIFICATION_TYPE": "U", "NORAD_CAT_ID": 43001, "ELEMENT_SET_NO": 999, "REV_AT_EPOCH": 5672, "BSTAR": 0, "MEAN_MOTION_DOT": -3.2e-07, "MEAN_MOTION_DDOT": 0}, "tle": {"line1": "1 43001U 17069A   26067.18539980 -.00000032  00000+0  00000+0 0  9999", "line2": "2 43001  56.6046  66.4092 0012446 309.5251  50.3787  1.86231322 56724"}}, "geometry": {"type": "Point", "coordinates": [111.15748101977455, 46.872405772349765]}}, {"type": "Feature", "properties": {"norad_id": 43002, "name": "BEIDOU-3 M2 (C20)", "group": "gnss", "lat": 54.66447156632484, "lon": 177.87491824616444, "alt_km": 21540.422459268855, "timestamp": "2026-03-08T19:31:04.056899+00:00", "meta": {"OBJECT_NAME": "BEIDOU-3 M2 (C20)", "OBJECT_ID": "2017-069B", "EPOCH": "2026-03-08T02:58:25.643424", "MEAN_MOTION": 1.86230773, "ECCENTRICITY": 0.0009804, "INCLINATION": 56.6034, "RA_OF_ASC_NODE": 66.4474, "ARG_OF_PERICENTER": 329.2778, "MEAN_ANOMALY": 30.6788, "EPHEMERIS_TYPE": 0, "CLASSIFICATION_TYPE": "U", "NORAD_CAT_ID": 43002, "ELEMENT_SET_NO": 999, "REV_AT_EPOCH": 5671, "BSTAR": 0, "MEAN_MOTION_DOT": -3.2e-07, "MEAN_MOTION_DDOT": 0}, "tle": {"line1": "1 43002U 17069B   26067.12390791 -.00000032  00000+0  00000+0 0  9999", "line2": "2 43002  56.6034  66.4474 0009804 329.2778  30.6788  1.86230773 56713"}}, "geometry": {"type": "Point", "coordinates": [177.87491824616444, 54.66447156632484]}}, {"type": "Feature", "properties": {"norad_id": 43055, "name": "GSAT0215 (GALILEO 19)", "group": "gnss", "lat": 47.12071035553149, "lon": -87.04675170103603, "alt_km": 23215.513860119736, "timestamp": "2026-03-08T19:31:04.056937+00:00", "meta": {"OBJECT_NAME": "GSAT0215 (GALILEO 19)", "OBJECT_ID": "2017-079A", "EPOCH": "2026-03-06T22:48:30.645216", "MEAN_MOTION": 1.70474573, "ECCENTRICITY": 5.848e-05, "INCLINATION": 55.1068, "RA_OF_ASC_NODE": 224.3167, "ARG_OF_PERICENTER": 8.2961, "MEAN_ANOMALY": 351.6476, "EPHEMERIS_TYPE": 0, "CLASSIFICATION_TYPE": "U", "NORAD_CAT_ID": 43055, "ELEMENT_SET_NO": 999, "REV_AT_EPOCH": 5124, "BSTAR": 0, "MEAN_MOTION_DOT": 2.4e-07, "MEAN_MOTION_DDOT": 0}, "tle": {"line1": "1 43055U 17079A   26065.95035469  .00000024  00000+0  00000+0 0  9995", "line2": "2 43055  55.1068 224.3167 0000584   8.2961 351.6476  1.70474573 51244"}}, "geometry": {"type": "Point", "coordinates": [-87.04675170103603, 47.12071035553149]}}, {"type": "Feature", "properties": {"norad_id": 43056, "name": "GSAT0216 (GALILEO 20)", "group": "gnss", "lat": -47.78949769231417, "lon": 94.52278301527492, "alt_km": 23225.971383316264, "timestamp": "2026-03-08T19:31:04.056949+00:00", "meta": {"OBJECT_NAME": "GSAT0216 (GALILEO 20)", "OBJECT_ID": "2017-079B", "EPOCH": "2026-03-08T09:57:14.112288", "MEAN_MOTION": 1.70474729, "ECCENTRICITY": 0.0001711, "INCLINATION": 55.1069, "RA_OF_ASC_NODE": 224.2766, "ARG_OF_PERICENTER": 317.1663, "MEAN_ANOMALY": 42.7699, "EPHEMERIS_TYPE": 0, "CLASSIFICATION_TYPE": "U", "NORAD_CAT_ID": 43056, "ELEMENT_SET_NO": 999, "REV_AT_EPOCH": 5128, "BSTAR": 0, "MEAN_MOTION_DOT": 3.1e-07, "MEAN_MOTION_DDOT": 0}, "tle": {"line1": "1 43056U 17079B   26067.41474667  .00000031  00000+0  00000+0 0  9994", "line2": "2 43056  55.1069 224.2766 0001711 317.1663  42.7699  1.70474729 51286"}}, "geometry": {"type": "Point", "coordinates": [94.52278301527492, -47.78949769231417]}}, {"type": "Feature", "properties": {"norad_id": 43057, "name": "GSAT0217 (GALILEO 21)", "group": "gnss", "lat": 50.792488361321844, "lon": -14.51650565077835, "alt_km": 23218.574835522417, "timestamp": "2026-03-08T19:31:04.056961+00:00", "meta": {"OBJECT_NAME": "GSAT0217 (GALILEO 21)", "OBJECT_ID": "2017-079C", "EPOCH": "2026-03-06T06:56:23.730720", "MEAN_MOTION": 1.70474591, "ECCENTRICITY": 0.00020747, "INCLINATION": 55.1073, "RA_OF_ASC_NODE": 224.3328, "ARG_OF_PERICENTER": 355.7864, "MEAN_ANOMALY": 4.152, "EPHEMERIS_TYPE": 0, "CLASSIFICATION_TYPE": "U", "NORAD_CAT_ID": 43057, "ELEMENT_SET_NO": 999, "REV_AT_EPOCH": 5123, "BSTAR": 0, "MEAN_MOTION_DOT": 2e-07, "MEAN_MOTION_DDOT": 0}, "tle": {"line1": "1 43057U 17079C   26065.28916355  .00000020  00000+0  00000+0 0  9991", "line2": "2 43057  55.1073 224.3328 0002074 355.7864   4.1520  1.70474591 51238"}}, "geometry": {"type": "Point", "coordinates": [-14.51650565077835, 50.792488361321844]}}, {"type": "Feature", "properties": {"norad_id": 43058, "name": "GSAT0218 (GALILEO 22)", "group": "gnss", "lat": -21.048425758464735, "lon": -151.32297842920602, "alt_km": 23220.10316745154, "timestamp": "2026-03-08T19:31:04.056972+00:00", "meta": {"OBJECT_NAME": "GSAT0218 (GALILEO 22)", "OBJECT_ID": "2017-079D", "EPOCH": "2026-03-07T16:22:37.700256", "MEAN_MOTION": 1.70474614, "ECCENTRICITY": 0.00019399, "INCLINATION": 55.1037, "RA_OF_ASC_NODE": 224.2923, "ARG_OF_PERICENTER": 301.8902, "MEAN_ANOMALY": 58.037, "EPHEMERIS_TYPE": 0, "CLASSIFICATION_TYPE": "U", "NORAD_CAT_ID": 43058, "ELEMENT_SET_NO": 999, "REV_AT_EPOCH": 5128, "BSTAR": 0, "MEAN_MOTION_DOT": 2.8e-07, "MEAN_MOTION_DDOT": 0}, "tle": {"line1": "1 43058U 17079D   26066.68238079  .00000028  00000+0  00000+0 0  9995", "line2": "2 43058  55.1037 224.2923 0001939 301.8902  58.0370  1.70474614 51285"}}, "geometry": {"type": "Point", "coordinates": [-151.32297842920602, -21.048425758464735]}}, {"type": "Feature", "properties": {"norad_id": 43107, "name": "BEIDOU-3 M7 (C27)", "group": "gnss", "lat": -54.0804919727146, "lon": -135.24240992994436, "alt_km": 21545.847572030838, "timestamp": "2026-03-08T19:31:04.056983+00:00", "meta": {"OBJECT_NAME": "BEIDOU-3 M7 (C27)", "OBJECT_ID": "2018-003A", "EPOCH": "2026-03-07T20:46:51.619008", "MEAN_MOTION": 1.86232449, "ECCENTRICITY": 0.0004763, "INCLINATION": 54.4177, "RA_OF_ASC_NODE": 305.8489, "ARG_OF_PERICENTER": 71.2175, "MEAN_ANOMALY": 288.8849, "EPHEMERIS_TYPE": 0, "CLASSIFICATION_TYPE": "U", "NORAD_CAT_ID": 43107, "ELEMENT_SET_NO": 999, "REV_AT_EPOCH": 5546, "BSTAR": 0, "MEAN_MOTION_DOT": -6.7e-07, "MEAN_MOTION_DDOT": 0}, "tle": {"line1": "1 43107U 18003A   26066.86587522 -.00000067  00000+0  00000+0 0  9992", "line2": "2 43107  54.4177 305.8489 0004763  71.2175 288.8849  1.86232449 55461"}}, "geometry": {"type": "Point", "coordinates": [-135.24240992994436, -54.0804919727146]}}, {"type": "Feature", "properties": {"norad_id": 43108, "name": "BEIDOU-3 M8 (C28)", "group": "gnss", "lat": -37.428819586612704, "lon": -87.40330633382229, "alt_km": 21524.732623769265, "timestamp": "2026-03-08T19:31:04.056998+00:00", "meta": {"OBJECT_NAME": "BEIDOU-3 M8 (C28)", "OBJECT_ID": "2018-003B", "EPOCH": "2026-03-07T19:28:30.529344", "MEAN_MOTION": 1.86230999, "ECCENTRICITY": 0.0002932, "INCLINATION": 54.4102, "RA_OF_ASC_NODE": 305.8332, "ARG_OF_PERICENTER": 295.2595, "MEAN_ANOMALY": 64.7609, "EPHEMERIS_TYPE": 0, "CLASSIFICATION_TYPE": "U", "NORAD_CAT_ID": 43108, "ELEMENT_SET_NO": 999, "REV_AT_EPOCH": 5547, "BSTAR": 0, "MEAN_MOTION_DOT": -6.7e-07, "MEAN_MOTION_DDOT": 0}, "tle": {"line1": "1 43108U 18003B   26066.81146446 -.00000067  00000+0  00000+0 0  9994", "line2": "2 43108  54.4102 305.8332 0002932 295.2595  64.7609  1.86230999 55471"}}, "geometry": {"type": "Point", "coordinates": [-87.40330633382229, -37.428819586612704]}}, {"type": "Feature", "properties": {"norad_id": 43207, "name": "BEIDOU-3 M4 (C22)", "group": "gnss", "lat": 12.624787196300481, "lon": 74.95683970768047, "alt_km": 21509.311373882465, "timestamp": "2026-03-08T19:31:04.057012+00:00", "meta": {"OBJECT_NAME": "BEIDOU-3 M4 (C22)", "OBJECT_ID": "2018-018A", "EPOCH": "2026-03-08T06:05:16.662912", "MEAN_MOTION": 1.8623124, "ECCENTRICITY": 0.0006889, "INCLINATION": 56.5636, "RA_OF_ASC_NODE": 66.4744, "ARG_OF_PERICENTER": 349.8988, "MEAN_ANOMALY": 10.1013, "EPHEMERIS_TYPE": 0, "CLASSIFICATION_TYPE": "U", "NORAD_CAT_ID": 43207, "ELEMENT_SET_NO": 999, "REV_AT_EPOCH": 5486, "BSTAR": 0, "MEAN_MOTION_DOT": -3.2e-07, "MEAN_MOTION_DDOT": 0}, "tle": {"line1": "1 43207U 18018A   26067.25366508 -.00000032  00000+0  00000+0 0  9994", "line2": "2 43207  56.5636  66.4744 0006889 349.8988  10.1013  1.86231240 54866"}}, "geometry": {"type": "Point", "coordinates": [74.95683970768047, 12.624787196300481]}}, {"type": "Feature", "properties": {"norad_id": 43208, "name": "BEIDOU-3 M3 (C21)", "group": "gnss", "lat": -24.201624596212756, "lon": 49.17105769459605, "alt_km": 21504.023797149774, "timestamp": "2026-03-08T19:31:04.057026+00:00", "meta": {"OBJECT_NAME": "BEIDOU-3 M3 (C21)", "OBJECT_ID": "2018-018B", "EPOCH": "2026-03-08T07:40:57.605088", "MEAN_MOTION": 1.86231344, "ECCENTRICITY": 0.0009945, "INCLINATION": 56.563, "RA_OF_ASC_NODE": 66.4763, "ARG_OF_PERICENTER": 319.3559, "MEAN_ANOMALY": 40.5838, "EPHEMERIS_TYPE": 0, "CLASSIFICATION_TYPE": "U", "NORAD_CAT_ID": 43208, "ELEMENT_SET_NO": 999, "REV_AT_EPOCH": 5486, "BSTAR": 0, "MEAN_MOTION_DOT": -3.1e-07, "MEAN_MOTION_DDOT": 0}, "tle": {"line1": "1 43208U 18018B   26067.32011117 -.00000031  00000+0  00000+0 0  9995", "line2": "2 43208  56.5630  66.4763 0009945 319.3559  40.5838  1.86231344 54861"}}, "geometry": {"type": "Point", "coordinates": [49.17105769459605, -24.201624596212756]}}, {"type": "Feature", "properties": {"norad_id": 43245, "name": "BEIDOU-3 M9 (C29)", "group": "gnss", "lat": -4.099928062656024, "lon": 126.43410505799456, "alt_km": 21531.760231190932, "timestamp": "2026-03-08T19:31:04.057038+00:00", "meta": {"OBJECT_NAME": "BEIDOU-3 M9 (C29)", "OBJECT_ID": "2018-029A", "EPOCH": "2026-03-08T00:00:30.526848", "MEAN_MOTION": 1.86228388, "ECCENTRICITY": 9.94e-05, "INCLINATION": 54.2848, "RA_OF_ASC_NODE": 303.4883, "ARG_OF_PERICENTER": 21.8133, "MEAN_ANOMALY": 338.2406, "EPHEMERIS_TYPE": 0, "CLASSIFICATION_TYPE": "U", "NORAD_CAT_ID": 43245, "ELEMENT_SET_NO": 999, "REV_AT_EPOCH": 5401, "BSTAR": 0, "MEAN_MOTION_DOT": -6.2e-07, "MEAN_MOTION_DDOT": 0}, "tle": {"line1": "1 43245U 18029A   26067.00035332 -.00000062  00000+0  00000+0 0  9992", "line2": "2 43245  54.2848 303.4883 0000994  21.8133 338.2406  1.86228388 54012"}}, "geometry": {"type": "Point", "coordinates": [126.43410505799456, -4.099928062656024]}}, {"type": "Feature", "properties": {"norad_id": 43246, "name": "BEIDOU-3 M10 (C30)", "group": "gnss", "lat": -37.58768555244517, "lon": 157.12415979227902, "alt_km": 21546.12905164955, "timestamp": "2026-03-08T19:31:04.057049+00:00", "meta": {"OBJECT_NAME": "BEIDOU-3 M10 (C30)", "OBJECT_ID": "2018-029B", "EPOCH": "2026-03-07T22:26:43.086624", "MEAN_MOTION": 1.86229102, "ECCENTRICITY": 0.0005197, "INCLINATION": 54.2823, "RA_OF_ASC_NODE": 303.5176, "ARG_OF_PERICENTER": 25.5203, "MEAN_ANOMALY": 334.5552, "EPHEMERIS_TYPE": 0, "CLASSIFICATION_TYPE": "U", "NORAD_CAT_ID": 43246, "ELEMENT_SET_NO": 999, "REV_AT_EPOCH": 5399, "BSTAR": 0, "MEAN_MOTION_DOT": -6.3e-07, "MEAN_MOTION_DDOT": 0}, "tle": {"line1": "1 43246U 18029B   26066.93522091 -.00000063  00000+0  00000+0 0  9998", "line2": "2 43246  54.2823 303.5176 0005197  25.5203 334.5552  1.86229102 53993"}}, "geometry": {"type": "Point", "coordinates": [157.12415979227902, -37.58768555244517]}}, {"type": "Feature", "properties": {"norad_id": 43286, "name": "IRNSS-1I", "group": "gnss", "lat": 28.281302035774495, "lon": 152.6602271673133, "alt_km": 35810.59613202926, "timestamp": "2026-03-08T19:31:04.057064+00:00", "meta": {"OBJECT_NAME": "IRNSS-1I", "OBJECT_ID": "2018-035A", "EPOCH": "2026-03-06T14:13:17.972832", "MEAN_MOTION": 1.0027858, "ECCENTRICITY": 0.00189634, "INCLINATION": 28.9346, "RA_OF_ASC_NODE": 75.7801, "ARG_OF_PERICENTER": 190.6828, "MEAN_ANOMALY": 166.3188, "EPHEMERIS_TYPE": 0, "CLASSIFICATION_TYPE": "U", "NORAD_CAT_ID": 43286, "ELEMENT_SET_NO": 999, "REV_AT_EPOCH": 2904, "BSTAR": 0, "MEAN_MOTION_DOT": 8.6e-07, "MEAN_MOTION_DDOT": 0}, "tle": {"line1": "1 43286U 18035A   26065.59256913  .00000086  00000+0  00000+0 0  9991", "line2": "2 43286  28.9346  75.7801 0018963 190.6828 166.3188  1.00278580 29045"}}, "geometry": {"type": "Point", "coordinates": [152.6602271673133, 28.281302035774495]}}, {"type": "Feature", "properties": {"norad_id": 43508, "name": "COSMOS 2527 (756)", "group": "gnss", "lat": 55.3322404557988, "lon": -143.97458587325778, "alt_km": 19139.52556870289, "timestamp": "2026-03-08T19:31:04.057080+00:00", "meta": {"OBJECT_NAME": "COSMOS 2527 (756)", "OBJECT_ID": "2018-053A", "EPOCH": "2026-03-08T04:38:35.203200", "MEAN_MOTION": 2.13102139, "ECCENTRICITY": 0.0009593, "INCLINATION": 65.5204, "RA_OF_ASC_NODE": 77.2749, "ARG_OF_PERICENTER": 245.5377, "MEAN_ANOMALY": 114.3936, "EPHEMERIS_TYPE": 0, "CLASSIFICATION_TYPE": "U", "NORAD_CAT_ID": 43508, "ELEMENT_SET_NO": 999, "REV_AT_EPOCH": 6012, "BSTAR": 0, "MEAN_MOTION_DOT": 4e-08, "MEAN_MOTION_DDOT": 0}, "tle": {"line1": "1 43508U 18053A   26067.19346300  .00000004  00000+0  00000+0 0  9996", "line2": "2 43508  65.5204  77.2749 0009593 245.5377 114.3936  2.13102139 60127"}}, "geometry": {"type": "Point", "coordinates": [-143.97458587325778, 55.3322404557988]}}, {"type": "Feature", "properties": {"norad_id": 43539, "name": "BEIDOU-2 IGSO-7 (C16)", "group": "gnss", "lat": 37.69134547389337, "lon": -163.62474517811668, "alt_km": 36198.09795324313, "timestamp": "2026-03-08T19:31:04.057092+00:00", "meta": {"OBJECT_NAME": "BEIDOU-2 IGSO-7 (C16)", "OBJECT_ID": "2018-057A", "EPOCH": "2026-03-07T16:10:32.080224", "MEAN_MOTION": 1.00282277, "ECCENTRICITY": 0.01004702, "INCLINATION": 55.1861, "RA_OF_ASC_NODE": 163.9475, "ARG_OF_PERICENTER": 236.7622, "MEAN_ANOMALY": 119.8698, "EPHEMERIS_TYPE": 0, "CLASSIFICATION_TYPE": "U", "NORAD_CAT_ID": 43539, "ELEMENT_SET_NO": 999, "REV_AT_EPOCH": 2810, "BSTAR": 0, "MEAN_MOTION_DOT": -1.52e-06, "MEAN_MOTION_DDOT": 0}, "tle": {"line1": "1 43539U 18057A   26066.67398241 -.00000152  00000+0  00000+0 0  9992", "line2": "2 43539  55.1861 163.9475 0100470 236.7622 119.8698  1.00282277 28109"}}, "geometry": {"type": "Point", "coordinates": [-163.62474517811668, 37.69134547389337]}}, {"type": "Feature", "properties": {"norad_id": 43564, "name": "GSAT0221 (GALILEO 25)", "group": "gnss", "lat": 27.526475407831608, "lon": 4.108328167517556, "alt_km": 23217.253171523407, "timestamp": "2026-03-08T19:31:04.057106+00:00", "meta": {"OBJECT_NAME": "GSAT0221 (GALILEO 25)", "OBJECT_ID": "2018-060A", "EPOCH": "2026-03-06T23:58:48.751968", "MEAN_MOTION": 1.70475614, "ECCENTRICITY": 0.0005694, "INCLINATION": 57.2026, "RA_OF_ASC_NODE": 344.543, "ARG_OF_PERICENTER": 308.1098, "MEAN_ANOMALY": 51.8621, "EPHEMERIS_TYPE": 0, "CLASSIFICATION_TYPE": "U", "NORAD_CAT_ID": 43564, "ELEMENT_SET_NO": 999, "REV_AT_EPOCH": 4742, "BSTAR": 0, "MEAN_MOTION_DOT": -1.03e-06, "MEAN_MOTION_DDOT": 0}, "tle": {"line1": "1 43564U 18060A   26065.99917537 -.00000103  00000+0  00000+0 0  9999", "line2": "2 43564  57.2026 344.5430 0005694 308.1098  51.8621  1.70475614 47427"}}, "geometry": {"type": "Point", "coordinates": [4.108328167517556, 27.526475407831608]}}, {"type": "Feature", "properties": {"norad_id": 43565, "name": "GSAT0222 (GALILEO 26)", "group": "gnss", "lat": -55.500344621519915, "lon": -125.9570776278808, "alt_km": 23217.509376923375, "timestamp": "2026-03-08T19:31:04.057118+00:00", "meta": {"OBJECT_NAME": "GSAT0222 (GALILEO 26)", "OBJECT_ID": "2018-060B", "EPOCH": "2026-03-06T01:05:30.417216", "MEAN_MOTION": 1.70475258, "ECCENTRICITY": 0.00040842, "INCLINATION": 57.206, "RA_OF_ASC_NODE": 344.5721, "ARG_OF_PERICENTER": 287.9587, "MEAN_ANOMALY": 72.0183, "EPHEMERIS_TYPE": 0, "CLASSIFICATION_TYPE": "U", "NORAD_CAT_ID": 43565, "ELEMENT_SET_NO": 999, "REV_AT_EPOCH": 4745, "BSTAR": 0, "MEAN_MOTION_DOT": -1.05e-06, "MEAN_MOTION_DDOT": 0}, "tle": {"line1": "1 43565U 18060B   26065.04549094 -.00000105  00000+0  00000+0 0  9997", "line2": "2 43565  57.2060 344.5721 0004084 287.9587  72.0183  1.70475258 47453"}}, "geometry": {"type": "Point", "coordinates": [-125.9570776278808, -55.500344621519915]}}, {"type": "Feature", "properties": {"norad_id": 43566, "name": "GSAT0219 (GALILEO 23)", "group": "gnss", "lat": 44.85650782413532, "lon": 124.65750897414352, "alt_km": 23226.397123266233, "timestamp": "2026-03-08T19:31:04.057129+00:00", "meta": {"OBJECT_NAME": "GSAT0219 (GALILEO 23)", "OBJECT_ID": "2018-060C", "EPOCH": "2026-03-08T00:37:58.247904", "MEAN_MOTION": 1.70474822, "ECCENTRICITY": 0.0004318, "INCLINATION": 57.205, "RA_OF_ASC_NODE": 344.5202, "ARG_OF_PERICENTER": 344.0327, "MEAN_ANOMALY": 15.9782, "EPHEMERIS_TYPE": 0, "CLASSIFICATION_TYPE": "U", "NORAD_CAT_ID": 43566, "ELEMENT_SET_NO": 999, "REV_AT_EPOCH": 4746, "BSTAR": 0, "MEAN_MOTION_DOT": -1.01e-06, "MEAN_MOTION_DDOT": 0}, "tle": {"line1": "1 43566U 18060C   26067.02636861 -.00000101  00000+0  00000+0 0  9993", "line2": "2 43566  57.2050 344.5202 0004318 344.0327  15.9782  1.70474822 47462"}}, "geometry": {"type": "Point", "coordinates": [124.65750897414352, 44.85650782413532]}}, {"type": "Feature", "properties": {"norad_id": 43567, "name": "GSAT0220 (GALILEO 24)", "group": "gnss", "lat": -10.60459866547907, "lon": -22.421968171025796, "alt_km": 23211.454022850612, "timestamp": "2026-03-08T19:31:04.057141+00:00", "meta": {"OBJECT_NAME": "GSAT0220 (GALILEO 24)", "OBJECT_ID": "2018-060D", "EPOCH": "2026-02-27T10:45:41.962176", "MEAN_MOTION": 1.70475159, "ECCENTRICITY": 0.0005301, "INCLINATION": 57.2075, "RA_OF_ASC_NODE": 344.7516, "ARG_OF_PERICENTER": 308.5821, "MEAN_ANOMALY": 51.3768, "EPHEMERIS_TYPE": 0, "CLASSIFICATION_TYPE": "U", "NORAD_CAT_ID": 43567, "ELEMENT_SET_NO": 999, "REV_AT_EPOCH": 4730, "BSTAR": 0, "MEAN_MOTION_DOT": -1.02e-06, "MEAN_MOTION_DDOT": 0}, "tle": {"line1": "1 43567U 18060D   26058.44840234 -.00000102  00000+0  00000+0 0  9992", "line2": "2 43567  57.2075 344.7516 0005301 308.5821  51.3768  1.70475159 47302"}}, "geometry": {"type": "Point", "coordinates": [-22.421968171025796, -10.60459866547907]}}, {"type": "Feature", "properties": {"norad_id": 43581, "name": "BEIDOU-3 M5 (C23)", "group": "gnss", "lat": 52.52411510924118, "lon": -103.58512202846116, "alt_km": 21526.297384530415, "timestamp": "2026-03-08T19:31:04.057152+00:00", "meta": {"OBJECT_NAME": "BEIDOU-3 M5 (C23)", "OBJECT_ID": "2018-062A", "EPOCH": "2026-03-06T00:16:36.365664", "MEAN_MOTION": 1.86228711, "ECCENTRICITY": 0.0002277, "INCLINATION": 54.0879, "RA_OF_ASC_NODE": 185.8116, "ARG_OF_PERICENTER": 307.0485, "MEAN_ANOMALY": 52.9036, "EPHEMERIS_TYPE": 0, "CLASSIFICATION_TYPE": "U", "NORAD_CAT_ID": 43581, "ELEMENT_SET_NO": 999, "REV_AT_EPOCH": 5171, "BSTAR": 0, "MEAN_MOTION_DOT": 1.1e-07, "MEAN_MOTION_DDOT": 0}, "tle": {"line1": "1 43581U 18062A   26065.01153201  .00000011  00000+0  00000+0 0  9990", "line2": "2 43581  54.0879 185.8116 0002277 307.0485  52.9036  1.86228711 51716"}}, "geometry": {"type": "Point", "coordinates": [-103.58512202846116, 52.52411510924118]}}, {"type": "Feature", "properties": {"norad_id": 43582, "name": "BEIDOU-3 M6 (C24)", "group": "gnss", "lat": 7.741012915060092, "lon": 0.054794943777911394, "alt_km": 21537.906749455524, "timestamp": "2026-03-08T19:31:04.057163+00:00", "meta": {"OBJECT_NAME": "BEIDOU-3 M6 (C24)", "OBJECT_ID": "2018-062B", "EPOCH": "2026-03-06T09:52:26.504832", "MEAN_MOTION": 1.86227738, "ECCENTRICITY": 0.00061787, "INCLINATION": 54.0875, "RA_OF_ASC_NODE": 185.7868, "ARG_OF_PERICENTER": 43.6988, "MEAN_ANOMALY": 316.3254, "EPHEMERIS_TYPE": 0, "CLASSIFICATION_TYPE": "U", "NORAD_CAT_ID": 43582, "ELEMENT_SET_NO": 999, "REV_AT_EPOCH": 5172, "BSTAR": 0, "MEAN_MOTION_DOT": 1.4e-07, "MEAN_MOTION_DDOT": 0}, "tle": {"line1": "1 43582U 18062B   26065.41141788  .00000014  00000+0  00000+0 0  9995", "line2": "2 43582  54.0875 185.7868 0006178  43.6988 316.3254  1.86227738 51729"}}, "geometry": {"type": "Point", "coordinates": [0.054794943777911394, 7.741012915060092]}}, {"type": "Feature", "properties": {"norad_id": 43602, "name": "BEIDOU-3 M12 (C26)", "group": "gnss", "lat": -25.21330392905539, "lon": 24.28618059722177, "alt_km": 21555.24232252166, "timestamp": "2026-03-08T19:31:04.057177+00:00", "meta": {"OBJECT_NAME": "BEIDOU-3 M12 (C26)", "OBJECT_ID": "2018-067A", "EPOCH": "2026-03-08T11:56:40.305408", "MEAN_MOTION": 1.8622784, "ECCENTRICITY": 0.0008531, "INCLINATION": 54.182, "RA_OF_ASC_NODE": 184.4543, "ARG_OF_PERICENTER": 39.5073, "MEAN_ANOMALY": 320.542, "EPHEMERIS_TYPE": 0, "CLASSIFICATION_TYPE": "U", "NORAD_CAT_ID": 43602, "ELEMENT_SET_NO": 999, "REV_AT_EPOCH": 5124, "BSTAR": 0, "MEAN_MOTION_DOT": 1.4e-07, "MEAN_MOTION_DDOT": 0}, "tle": {"line1": "1 43602U 18067A   26067.49768872  .00000014  00000+0  00000+0 0  9992", "line2": "2 43602  54.1820 184.4543 0008531  39.5073 320.5420  1.86227840 51246"}}, "geometry": {"type": "Point", "coordinates": [24.28618059722177, -25.21330392905539]}}, {"type": "Feature", "properties": {"norad_id": 43603, "name": "BEIDOU-3 M11 (C25)", "group": "gnss", "lat": 43.852388133634264, "lon": -39.450538317158355, "alt_km": 21522.72433792136, "timestamp": "2026-03-08T19:31:04.057191+00:00", "meta": {"OBJECT_NAME": "BEIDOU-3 M11 (C25)", "OBJECT_ID": "2018-067B", "EPOCH": "2026-03-06T11:37:49.096992", "MEAN_MOTION": 1.86227201, "ECCENTRICITY": 0.00049377, "INCLINATION": 54.1797, "RA_OF_ASC_NODE": 184.4865, "ARG_OF_PERICENTER": 32.988, "MEAN_ANOMALY": 327.0209, "EPHEMERIS_TYPE": 0, "CLASSIFICATION_TYPE": "U", "NORAD_CAT_ID": 43603, "ELEMENT_SET_NO": 999, "REV_AT_EPOCH": 5123, "BSTAR": 0, "MEAN_MOTION_DOT": 1.4e-07, "MEAN_MOTION_DDOT": 0}, "tle": {"line1": "1 43603U 18067B   26065.48459603  .00000014  00000+0  00000+0 0  9999", "line2": "2 43603  54.1797 184.4865 0004937  32.9880 327.0209  1.86227201 51233"}}, "geometry": {"type": "Point", "coordinates": [-39.450538317158355, 43.852388133634264]}}, {"type": "Feature", "properties": {"norad_id": 43622, "name": "BEIDOU-3 M13 (C32)", "group": "gnss", "lat": 24.02583067187342, "lon": -131.19055694086637, "alt_km": 21548.35080144327, "timestamp": "2026-03-08T19:31:04.057205+00:00", "meta": {"OBJECT_NAME": "BEIDOU-3 M13 (C32)", "OBJECT_ID": "2018-072A", "EPOCH": "2026-03-08T01:13:50.859840", "MEAN_MOTION": 1.86230999, "ECCENTRICITY": 0.000897, "INCLINATION": 56.5367, "RA_OF_ASC_NODE": 65.9952, "ARG_OF_PERICENTER": 308.3149, "MEAN_ANOMALY": 51.6178, "EPHEMERIS_TYPE": 0, "CLASSIFICATION_TYPE": "U", "NORAD_CAT_ID": 43622, "ELEMENT_SET_NO": 999, "REV_AT_EPOCH": 5077, "BSTAR": 0, "MEAN_MOTION_DOT": -3.3e-07, "MEAN_MOTION_DDOT": 0}, "tle": {"line1": "1 43622U 18072A   26067.05128310 -.00000033  00000+0  00000+0 0  9991", "line2": "2 43622  56.5367  65.9952 0008970 308.3149  51.6178  1.86230999 50773"}}, "geometry": {"type": "Point", "coordinates": [-131.19055694086637, 24.02583067187342]}}, {"type": "Feature", "properties": {"norad_id": 43623, "name": "BEIDOU-3 M14 (C33)", "group": "gnss", "lat": -46.829917478458086, "lon": -69.20803863395913, "alt_km": 21532.72972151171, "timestamp": "2026-03-08T19:31:04.057216+00:00", "meta": {"OBJECT_NAME": "BEIDOU-3 M14 (C33)", "OBJECT_ID": "2018-072B", "EPOCH": "2026-03-04T16:40:50.255904", "MEAN_MOTION": 1.86230841, "ECCENTRICITY": 0.0006376, "INCLINATION": 56.535, "RA_OF_ASC_NODE": 66.1003, "ARG_OF_PERICENTER": 328.815, "MEAN_ANOMALY": 31.1695, "EPHEMERIS_TYPE": 0, "CLASSIFICATION_TYPE": "U", "NORAD_CAT_ID": 43623, "ELEMENT_SET_NO": 999, "REV_AT_EPOCH": 5070, "BSTAR": 0, "MEAN_MOTION_DOT": -2.8e-07, "MEAN_MOTION_DDOT": 0}, "tle": {"line1": "1 43623U 18072B   26063.69502611 -.00000028  00000+0  00000+0 0  9992", "line2": "2 43623  56.5350  66.1003 0006376 328.8150  31.1695  1.86230841 50709"}}, "geometry": {"type": "Point", "coordinates": [-69.20803863395913, -46.829917478458086]}}, {"type": "Feature", "properties": {"norad_id": 43647, "name": "BEIDOU-3 M16 (C35)", "group": "gnss", "lat": 34.20257907388235, "lon": 94.14056123255736, "alt_km": 21529.575707584892, "timestamp": "2026-03-08T19:31:04.057227+00:00", "meta": {"OBJECT_NAME": "BEIDOU-3 M16 (C35)", "OBJECT_ID": "2018-078A", "EPOCH": "2026-03-08T01:45:56.180160", "MEAN_MOTION": 1.8623243, "ECCENTRICITY": 0.000847, "INCLINATION": 54.1812, "RA_OF_ASC_NODE": 303.5319, "ARG_OF_PERICENTER": 31.6743, "MEAN_ANOMALY": 328.4262, "EPHEMERIS_TYPE": 0, "CLASSIFICATION_TYPE": "U", "NORAD_CAT_ID": 43647, "ELEMENT_SET_NO": 999, "REV_AT_EPOCH": 5027, "BSTAR": 0, "MEAN_MOTION_DOT": -6.2e-07, "MEAN_MOTION_DDOT": 0}, "tle": {"line1": "1 43647U 18078A   26067.07356690 -.00000062  00000+0  00000+0 0  9992", "line2": "2 43647  54.1812 303.5319 0008470  31.6743 328.4262  1.86232430 50274"}}, "geometry": {"type": "Point", "coordinates": [94.14056123255736, 34.20257907388235]}}, {"type": "Feature", "properties": {"norad_id": 43648, "name": "BEIDOU-3 M15 (C34)", "group": "gnss", "lat": 37.91938068597766, "lon": -22.246212034879605, "alt_km": 21508.327290410216, "timestamp": "2026-03-08T19:31:04.057241+00:00", "meta": {"OBJECT_NAME": "BEIDOU-3 M15 (C34)", "OBJECT_ID": "2018-078B", "EPOCH": "2026-03-08T04:52:07.719168", "MEAN_MOTION": 1.86232271, "ECCENTRICITY": 0.000543, "INCLINATION": 54.1767, "RA_OF_ASC_NODE": 303.5277, "ARG_OF_PERICENTER": 39.4824, "MEAN_ANOMALY": 320.6065, "EPHEMERIS_TYPE": 0, "CLASSIFICATION_TYPE": "U", "NORAD_CAT_ID": 43648, "ELEMENT_SET_NO": 999, "REV_AT_EPOCH": 5029, "BSTAR": 0, "MEAN_MOTION_DOT": -6.2e-07, "MEAN_MOTION_DDOT": 0}, "tle": {"line1": "1 43648U 18078B   26067.20286712 -.00000062  00000+0  00000+0 0  9995", "line2": "2 43648  54.1767 303.5277 0005430  39.4824 320.6065  1.86232271 50296"}}, "geometry": {"type": "Point", "coordinates": [-22.246212034879605, 37.91938068597766]}}, {"type": "Feature", "properties": {"norad_id": 43683, "name": "BEIDOU-3 G1 (C59)", "group": "gnss", "lat": 1.869806624029672, "lon": -120.68585225023776, "alt_km": 35791.40878214456, "timestamp": "2026-03-08T19:31:04.057266+00:00", "meta": {"OBJECT_NAME": "BEIDOU-3 G1 (C59)", "OBJECT_ID": "2018-085A", "EPOCH": "2026-03-08T12:49:58.919808", "MEAN_MOTION": 1.00267504, "ECCENTRICITY": 0.0001721, "INCLINATION": 2.8208, "RA_OF_ASC_NODE": 100.2648, "ARG_OF_PERICENTER": 12.0263, "MEAN_ANOMALY": 26.4126, "EPHEMERIS_TYPE": 0, "CLASSIFICATION_TYPE": "U", "NORAD_CAT_ID": 43683, "ELEMENT_SET_NO": 999, "REV_AT_EPOCH": 2705, "BSTAR": 0, "MEAN_MOTION_DOT": -2.78e-06, "MEAN_MOTION_DDOT": 0}, "tle": {"line1": "1 43683U 18085A   26067.53470972 -.00000278  00000+0  00000+0 0  9990", "line2": "2 43683   2.8208 100.2648 0001721  12.0263  26.4126  1.00267504 27052"}}, "geometry": {"type": "Point", "coordinates": [-120.68585225023776, 1.869806624029672]}}, {"type": "Feature", "properties": {"norad_id": 43687, "name": "COSMOS 2529 (757)", "group": "gnss", "lat": 36.289860715932235, "lon": -143.3378450894947, "alt_km": 19143.553494320095, "timestamp": "2026-03-08T19:31:04.057279+00:00", "meta": {"OBJECT_NAME": "COSMOS 2529 (757)", "OBJECT_ID": "2018-086A", "EPOCH": "2026-03-06T21:10:59.841120", "MEAN_MOTION": 2.13102014, "ECCENTRICITY": 0.00082759, "INCLINATION": 64.2953, "RA_OF_ASC_NODE": 196.0459, "ARG_OF_PERICENTER": 253.2948, "MEAN_ANOMALY": 106.5898, "EPHEMERIS_TYPE": 0, "CLASSIFICATION_TYPE": "U", "NORAD_CAT_ID": 43687, "ELEMENT_SET_NO": 999, "REV_AT_EPOCH": 5710, "BSTAR": 0, "MEAN_MOTION_DOT": 2.8e-07, "MEAN_MOTION_DDOT": 0}, "tle": {"line1": "1 43687U 18086A   26065.88263705  .00000028  00000+0  00000+0 0  9997", "line2": "2 43687  64.2953 196.0459 0008275 253.2948 106.5898  2.13102014 57102"}}, "geometry": {"type": "Point", "coordinates": [-143.3378450894947, 36.289860715932235]}}, {"type": "Feature", "properties": {"norad_id": 43706, "name": "BEIDOU-3 M17 (C36)", "group": "gnss", "lat": -43.369984874920846, "lon": 142.7380085723057, "alt_km": 21513.4225331566, "timestamp": "2026-03-08T19:31:04.057290+00:00", "meta": {"OBJECT_NAME": "BEIDOU-3 M17 (C36)", "OBJECT_ID": "2018-093A", "EPOCH": "2026-03-08T09:47:33.330624", "MEAN_MOTION": 1.86228496, "ECCENTRICITY": 0.0007164, "INCLINATION": 54.1709, "RA_OF_ASC_NODE": 185.7152, "ARG_OF_PERICENTER": 296.4994, "MEAN_ANOMALY": 93.9329, "EPHEMERIS_TYPE": 0, "CLASSIFICATION_TYPE": "U", "NORAD_CAT_ID": 43706, "ELEMENT_SET_NO": 999, "REV_AT_EPOCH": 4966, "BSTAR": 0, "MEAN_MOTION_DOT": 1.5e-07, "MEAN_MOTION_DDOT": 0}, "tle": {"line1": "1 43706U 18093A   26067.40802466  .00000015  00000+0  00000+0 0  9996", "line2": "2 43706  54.1709 185.7152 0007164 296.4994  93.9329  1.86228496 49664"}}, "geometry": {"type": "Point", "coordinates": [142.7380085723057, -43.369984874920846]}}, {"type": "Feature", "properties": {"norad_id": 43707, "name": "BEIDOU-3 M18 (C37)", "group": "gnss", "lat": 27.341096655795013, "lon": -152.4131188398097, "alt_km": 21515.586903875555, "timestamp": "2026-03-08T19:31:04.057304+00:00", "meta": {"OBJECT_NAME": "BEIDOU-3 M18 (C37)", "OBJECT_ID": "2018-093B", "EPOCH": "2026-03-08T05:23:49.905024", "MEAN_MOTION": 1.8622671, "ECCENTRICITY": 0.0006109, "INCLINATION": 54.1722, "RA_OF_ASC_NODE": 185.7132, "ARG_OF_PERICENTER": 338.5417, "MEAN_ANOMALY": 21.4169, "EPHEMERIS_TYPE": 0, "CLASSIFICATION_TYPE": "U", "NORAD_CAT_ID": 43707, "ELEMENT_SET_NO": 999, "REV_AT_EPOCH": 4965, "BSTAR": 0, "MEAN_MOTION_DOT": 1.6e-07, "MEAN_MOTION_DDOT": 0}, "tle": {"line1": "1 43707U 18093B   26067.22488316  .00000016  00000+0  00000+0 0  9992", "line2": "2 43707  54.1722 185.7132 0006109 338.5417  21.4169  1.86226710 49658"}}, "geometry": {"type": "Point", "coordinates": [-152.4131188398097, 27.341096655795013]}}, {"type": "Feature", "properties": {"norad_id": 43873, "name": "GPS BIII-1  (PRN 04)", "group": "gnss", "lat": 8.428938068726435, "lon": 101.97260779973186, "alt_km": 20281.76356811612, "timestamp": "2026-03-08T19:31:04.057316+00:00", "meta": {"OBJECT_NAME": "GPS BIII-1  (PRN 04)", "OBJECT_ID": "2018-109A", "EPOCH": "2026-03-08T12:50:42.057600", "MEAN_MOTION": 2.00557122, "ECCENTRICITY": 0.0038, "INCLINATION": 55.6176, "RA_OF_ASC_NODE": 96.1562, "ARG_OF_PERICENTER": 198.4379, "MEAN_ANOMALY": 331.0408, "EPHEMERIS_TYPE": 0, "CLASSIFICATION_TYPE": "U", "NORAD_CAT_ID": 43873, "ELEMENT_SET_NO": 999, "REV_AT_EPOCH": 5305, "BSTAR": 0, "MEAN_MOTION_DOT": -1e-07, "MEAN_MOTION_DDOT": 0}, "tle": {"line1": "1 43873U 18109A   26067.53520900 -.00000010  00000+0  00000+0 0  9999", "line2": "2 43873  55.6176  96.1562 0038000 198.4379 331.0408  2.00557122 53054"}}, "geometry": {"type": "Point", "coordinates": [101.97260779973186, 8.428938068726435]}}, {"type": "Feature", "properties": {"norad_id": 44204, "name": "BEIDOU-3 IGSO-1 (C38)", "group": "gnss", "lat": 0.41369286061725935, "lon": -141.60523807187982, "alt_km": 35727.43030460966, "timestamp": "2026-03-08T19:31:04.057327+00:00", "meta": {"OBJECT_NAME": "BEIDOU-3 IGSO-1 (C38)", "OBJECT_ID": "2019-023A", "EPOCH": "2026-03-08T07:35:53.693088", "MEAN_MOTION": 1.00270073, "ECCENTRICITY": 0.0025932, "INCLINATION": 58.5594, "RA_OF_ASC_NODE": 38.6856, "ARG_OF_PERICENTER": 236.2634, "MEAN_ANOMALY": 124.1312, "EPHEMERIS_TYPE": 0, "CLASSIFICATION_TYPE": "U", "NORAD_CAT_ID": 44204, "ELEMENT_SET_NO": 999, "REV_AT_EPOCH": 620, "BSTAR": 0, "MEAN_MOTION_DOT": -2.02e-06, "MEAN_MOTION_DDOT": 0}, "tle": {"line1": "1 44204U 19023A   26067.31659367 -.00000202  00000+0  00000+0 0  9993", "line2": "2 44204  58.5594  38.6856 0025932 236.2634 124.1312  1.00270073  6207"}}, "geometry": {"type": "Point", "coordinates": [-141.60523807187982, 0.41369286061725935]}}, {"type": "Feature", "properties": {"norad_id": 44231, "name": "BEIDOU-2 G8 (C01)", "group": "gnss", "lat": 0.2792713570116134, "lon": -116.39195166543593, "alt_km": 35796.45585848139, "timestamp": "2026-03-08T19:31:04.057339+00:00", "meta": {"OBJECT_NAME": "BEIDOU-2 G8 (C01)", "OBJECT_ID": "2019-027A", "EPOCH": "2026-03-08T12:51:21.289248", "MEAN_MOTION": 1.00275399, "ECCENTRICITY": 0.0011577, "INCLINATION": 1.403, "RA_OF_ASC_NODE": 74.2615, "ARG_OF_PERICENTER": 272.8311, "MEAN_ANOMALY": 156.416, "EPHEMERIS_TYPE": 0, "CLASSIFICATION_TYPE": "U", "NORAD_CAT_ID": 44231, "ELEMENT_SET_NO": 999, "REV_AT_EPOCH": 2507, "BSTAR": 0, "MEAN_MOTION_DOT": -2.47e-06, "MEAN_MOTION_DDOT": 0}, "tle": {"line1": "1 44231U 19027A   26067.53566307 -.00000247  00000+0  00000+0 0  9991", "line2": "2 44231   1.4030  74.2615 0011577 272.8311 156.4160  1.00275399 25077"}}, "geometry": {"type": "Point", "coordinates": [-116.39195166543593, 0.2792713570116134]}}, {"type": "Feature", "properties": {"norad_id": 44299, "name": "COSMOS 2534 (758)", "group": "gnss", "lat": 4.122008043283498, "lon": 14.009301980445205, "alt_km": 19135.998660519897, "timestamp": "2026-03-08T19:31:04.057353+00:00", "meta": {"OBJECT_NAME": "COSMOS 2534 (758)", "OBJECT_ID": "2019-030A", "EPOCH": "2026-03-04T19:44:38.791680", "MEAN_MOTION": 2.13102294, "ECCENTRICITY": 0.00096079, "INCLINATION": 64.3687, "RA_OF_ASC_NODE": 196.1275, "ARG_OF_PERICENTER": 279.965, "MEAN_ANOMALY": 74.0554, "EPHEMERIS_TYPE": 0, "CLASSIFICATION_TYPE": "U", "NORAD_CAT_ID": 44299, "ELEMENT_SET_NO": 999, "REV_AT_EPOCH": 5269, "BSTAR": 0, "MEAN_MOTION_DOT": 8e-08, "MEAN_MOTION_DDOT": 0}, "tle": {"line1": "1 44299U 19030A   26063.82267120  .00000008  00000+0  00000+0 0  9992", "line2": "2 44299  64.3687 196.1275 0009607 279.9650  74.0554  2.13102294 52696"}}, "geometry": {"type": "Point", "coordinates": [14.009301980445205, 4.122008043283498]}}, {"type": "Feature", "properties": {"norad_id": 44337, "name": "BEIDOU-3 IGSO-2 (C39)", "group": "gnss", "lat": 41.56422102080859, "lon": -162.3377744889705, "alt_km": 35934.85744914528, "timestamp": "2026-03-08T19:31:04.057365+00:00", "meta": {"OBJECT_NAME": "BEIDOU-3 IGSO-2 (C39)", "OBJECT_ID": "2019-035A", "EPOCH": "2026-02-26T16:31:51.989952", "MEAN_MOTION": 1.00247364, "ECCENTRICITY": 0.00387345, "INCLINATION": 55.2338, "RA_OF_ASC_NODE": 159.8353, "ARG_OF_PERICENTER": 206.4752, "MEAN_ANOMALY": 153.7223, "EPHEMERIS_TYPE": 0, "CLASSIFICATION_TYPE": "U", "NORAD_CAT_ID": 44337, "ELEMENT_SET_NO": 999, "REV_AT_EPOCH": 2456, "BSTAR": 0, "MEAN_MOTION_DOT": -1.76e-06, "MEAN_MOTION_DDOT": 0}, "tle": {"line1": "1 44337U 19035A   26057.68879618 -.00000176  00000+0  00000+0 0  9995", "line2": "2 44337  55.2338 159.8353 0038734 206.4752 153.7223  1.00247364 24561"}}, "geometry": {"type": "Point", "coordinates": [-162.3377744889705, 41.56422102080859]}}, {"type": "Feature", "properties": {"norad_id": 44506, "name": "GPS BIII-2  (PRN 18)", "group": "gnss", "lat": -55.67128984071718, "lon": -112.5281981453387, "alt_km": 20142.407968440504, "timestamp": "2026-03-08T19:31:04.057381+00:00", "meta": {"OBJECT_NAME": "GPS BIII-2  (PRN 18)", "OBJECT_ID": "2019-056A", "EPOCH": "2026-03-08T05:08:13.615872", "MEAN_MOTION": 2.00568575, "ECCENTRICITY": 0.0058075, "INCLINATION": 55.6829, "RA_OF_ASC_NODE": 335.1582, "ARG_OF_PERICENTER": 198.0494, "MEAN_ANOMALY": 359.9793, "EPHEMERIS_TYPE": 0, "CLASSIFICATION_TYPE": "U", "NORAD_CAT_ID": 44506, "ELEMENT_SET_NO": 999, "REV_AT_EPOCH": 4804, "BSTAR": 0, "MEAN_MOTION_DOT": -1e-06, "MEAN_MOTION_DDOT": 0}, "tle": {"line1": "1 44506U 19056A   26067.21404648 -.00000100  00000+0  00000+0 0  9990", "line2": "2 44506  55.6829 335.1582 0058075 198.0494 359.9793  2.00568575 48042"}}, "geometry": {"type": "Point", "coordinates": [-112.5281981453387, -55.67128984071718]}}, {"type": "Feature", "properties": {"norad_id": 44542, "name": "BEIDOU-3 M24 (C46)", "group": "gnss", "lat": -10.093315669578105, "lon": 178.7910472743226, "alt_km": 21509.600058520184, "timestamp": "2026-03-08T19:31:04.057392+00:00", "meta": {"OBJECT_NAME": "BEIDOU-3 M24 (C46)", "OBJECT_ID": "2019-061A", "EPOCH": "2026-03-08T07:04:32.109312", "MEAN_MOTION": 1.86229077, "ECCENTRICITY": 0.0008591, "INCLINATION": 54.3988, "RA_OF_ASC_NODE": 186.1298, "ARG_OF_PERICENTER": 20.2771, "MEAN_ANOMALY": 339.7409, "EPHEMERIS_TYPE": 0, "CLASSIFICATION_TYPE": "U", "NORAD_CAT_ID": 44542, "ELEMENT_SET_NO": 999, "REV_AT_EPOCH": 4391, "BSTAR": 0, "MEAN_MOTION_DOT": 1.6e-07, "MEAN_MOTION_DDOT": 0}, "tle": {"line1": "1 44542U 19061A   26067.29481608  .00000016  00000+0  00000+0 0  9990", "line2": "2 44542  54.3988 186.1298 0008591  20.2771 339.7409  1.86229077 43919"}}, "geometry": {"type": "Point", "coordinates": [178.7910472743226, -10.093315669578105]}}, {"type": "Feature", "properties": {"norad_id": 44543, "name": "BEIDOU-3 M23 (C45)", "group": "gnss", "lat": -53.17530738638853, "lon": 78.90326904156335, "alt_km": 21539.200038196108, "timestamp": "2026-03-08T19:31:04.057406+00:00", "meta": {"OBJECT_NAME": "BEIDOU-3 M23 (C45)", "OBJECT_ID": "2019-061B", "EPOCH": "2026-03-08T10:56:39.112800", "MEAN_MOTION": 1.86227482, "ECCENTRICITY": 0.0005037, "INCLINATION": 54.3976, "RA_OF_ASC_NODE": 186.093, "ARG_OF_PERICENTER": 10.9512, "MEAN_ANOMALY": 9.3622, "EPHEMERIS_TYPE": 0, "CLASSIFICATION_TYPE": "U", "NORAD_CAT_ID": 44543, "ELEMENT_SET_NO": 999, "REV_AT_EPOCH": 4392, "BSTAR": 0, "MEAN_MOTION_DOT": 1.6e-07, "MEAN_MOTION_DDOT": 0}, "tle": {"line1": "1 44543U 19061B   26067.45600825  .00000016  00000+0  00000+0 0  9993", "line2": "2 44543  54.3976 186.0930 0005037  10.9512   9.3622  1.86227482 43926"}}, "geometry": {"type": "Point", "coordinates": [78.90326904156335, -53.17530738638853]}}, {"type": "Feature", "properties": {"norad_id": 44624, "name": "EUTELSAT 5 WEST B (EGNOS/PRN 121)", "group": "gnss", "lat": 0.03461727837919683, "lon": 94.31034814324819, "alt_km": 35786.63325351805, "timestamp": "2026-03-08T19:31:04.057418+00:00", "meta": {"OBJECT_NAME": "EUTELSAT 5 WEST B (EGNOS/PRN 121)", "OBJECT_ID": "2019-067A", "EPOCH": "2026-03-08T08:43:17.230368", "MEAN_MOTION": 1.00273404, "ECCENTRICITY": 0.000323, "INCLINATION": 0.088, "RA_OF_ASC_NODE": 314.8277, "ARG_OF_PERICENTER": 45.2861, "MEAN_ANOMALY": 291.7465, "EPHEMERIS_TYPE": 0, "CLASSIFICATION_TYPE": "U", "NORAD_CAT_ID": 44624, "ELEMENT_SET_NO": 999, "REV_AT_EPOCH": 2342, "BSTAR": 0, "MEAN_MOTION_DOT": -4.2e-07, "MEAN_MOTION_DDOT": 0}, "tle": {"line1": "1 44624U 19067A   26067.36339387 -.00000042  00000+0  00000+0 0  9991", "line2": "2 44624   0.0880 314.8277 0003230  45.2861 291.7465  1.00273404 23420"}}, "geometry": {"type": "Point", "coordinates": [94.31034814324819, 0.03461727837919683]}}, {"type": "Feature", "properties": {"norad_id": 44709, "name": "BEIDOU-3 IGSO-3 (C40)", "group": "gnss", "lat": -46.82571395200761, "lon": -126.41486372937909, "alt_km": 35845.03471934464, "timestamp": "2026-03-08T19:31:04.057430+00:00", "meta": {"OBJECT_NAME": "BEIDOU-3 IGSO-3 (C40)", "OBJECT_ID": "2019-073A", "EPOCH": "2026-03-04T23:59:28.160736", "MEAN_MOTION": 1.00269134, "ECCENTRICITY": 0.00405518, "INCLINATION": 54.9773, "RA_OF_ASC_NODE": 282.0232, "ARG_OF_PERICENTER": 188.9231, "MEAN_ANOMALY": 171.0493, "EPHEMERIS_TYPE": 0, "CLASSIFICATION_TYPE": "U", "NORAD_CAT_ID": 44709, "ELEMENT_SET_NO": 999, "REV_AT_EPOCH": 2341, "BSTAR": 0, "MEAN_MOTION_DOT": -1.62e-06, "MEAN_MOTION_DDOT": 0}, "tle": {"line1": "1 44709U 19073A   26063.99963149 -.00000162  00000+0  00000+0 0  9999", "line2": "2 44709  54.9773 282.0232 0040551 188.9231 171.0493  1.00269134 23418"}}, "geometry": {"type": "Point", "coordinates": [-126.41486372937909, -46.82571395200761]}}, {"type": "Feature", "properties": {"norad_id": 44793, "name": "BEIDOU-3 M22 (C44)", "group": "gnss", "lat": 53.65706837559332, "lon": 42.688989248881555, "alt_km": 21510.742097577422, "timestamp": "2026-03-08T19:31:04.057441+00:00", "meta": {"OBJECT_NAME": "BEIDOU-3 M22 (C44)", "OBJECT_ID": "2019-078A", "EPOCH": "2026-03-08T03:13:04.242432", "MEAN_MOTION": 1.86232103, "ECCENTRICITY": 0.0007399, "INCLINATION": 54.0269, "RA_OF_ASC_NODE": 303.384, "ARG_OF_PERICENTER": 37.3018, "MEAN_ANOMALY": 322.7988, "EPHEMERIS_TYPE": 0, "CLASSIFICATION_TYPE": "U", "NORAD_CAT_ID": 44793, "ELEMENT_SET_NO": 999, "REV_AT_EPOCH": 4276, "BSTAR": 0, "MEAN_MOTION_DOT": -6.2e-07, "MEAN_MOTION_DDOT": 0}, "tle": {"line1": "1 44793U 19078A   26067.13407688 -.00000062  00000+0  00000+0 0  9997", "line2": "2 44793  54.0269 303.3840 0007399  37.3018 322.7988  1.86232103 42760"}}, "geometry": {"type": "Point", "coordinates": [42.688989248881555, 53.65706837559332]}}, {"type": "Feature", "properties": {"norad_id": 44794, "name": "BEIDOU-3 M21 (C43)", "group": "gnss", "lat": 1.4019913378624391, "lon": -55.638228784052615, "alt_km": 21515.55551681386, "timestamp": "2026-03-08T19:31:04.057452+00:00", "meta": {"OBJECT_NAME": "BEIDOU-3 M21 (C43)", "OBJECT_ID": "2019-078B", "EPOCH": "2026-03-07T17:40:54.253056", "MEAN_MOTION": 1.86227737, "ECCENTRICITY": 0.0005299, "INCLINATION": 54.0009, "RA_OF_ASC_NODE": 303.3612, "ARG_OF_PERICENTER": 31.2786, "MEAN_ANOMALY": 328.8027, "EPHEMERIS_TYPE": 0, "CLASSIFICATION_TYPE": "U", "NORAD_CAT_ID": 44794, "ELEMENT_SET_NO": 999, "REV_AT_EPOCH": 4276, "BSTAR": 0, "MEAN_MOTION_DOT": -6.4e-07, "MEAN_MOTION_DDOT": 0}, "tle": {"line1": "1 44794U 19078B   26066.73673904 -.00000064  00000+0  00000+0 0  9991", "line2": "2 44794  54.0009 303.3612 0005299  31.2786 328.8027  1.86227737 42760"}}, "geometry": {"type": "Point", "coordinates": [-55.638228784052615, 1.4019913378624391]}}, {"type": "Feature", "properties": {"norad_id": 44850, "name": "COSMOS 2544 (759)", "group": "gnss", "lat": 20.24953141421151, "lon": -112.61233614434758, "alt_km": 19136.220779321888, "timestamp": "2026-03-08T19:31:04.057463+00:00", "meta": {"OBJECT_NAME": "COSMOS 2544 (759)", "OBJECT_ID": "2019-088A", "EPOCH": "2026-03-08T03:18:52.422336", "MEAN_MOTION": 2.13101888, "ECCENTRICITY": 0.001578, "INCLINATION": 65.5084, "RA_OF_ASC_NODE": 77.1019, "ARG_OF_PERICENTER": 259.7585, "MEAN_ANOMALY": 100.0946, "EPHEMERIS_TYPE": 0, "CLASSIFICATION_TYPE": "U", "NORAD_CAT_ID": 44850, "ELEMENT_SET_NO": 999, "REV_AT_EPOCH": 4856, "BSTAR": 0, "MEAN_MOTION_DOT": 3e-08, "MEAN_MOTION_DDOT": 0}, "tle": {"line1": "1 44850U 19088A   26067.13810674  .00000003  00000+0  00000+0 0  9999", "line2": "2 44850  65.5084  77.1019 0015780 259.7585 100.0946  2.13101888 48563"}}, "geometry": {"type": "Point", "coordinates": [-112.61233614434758, 20.24953141421151]}}, {"type": "Feature", "properties": {"norad_id": 44864, "name": "BEIDOU-3 M19 (C41)", "group": "gnss", "lat": -15.024154714215118, "lon": -103.6518871197025, "alt_km": 21533.50050768389, "timestamp": "2026-03-08T19:31:04.057477+00:00", "meta": {"OBJECT_NAME": "BEIDOU-3 M19 (C41)", "OBJECT_ID": "2019-090A", "EPOCH": "2026-03-05T13:26:52.334016", "MEAN_MOTION": 1.86231373, "ECCENTRICITY": 0.0020433, "INCLINATION": 56.4687, "RA_OF_ASC_NODE": 66.2141, "ARG_OF_PERICENTER": 291.4658, "MEAN_ANOMALY": 245.9437, "EPHEMERIS_TYPE": 0, "CLASSIFICATION_TYPE": "U", "NORAD_CAT_ID": 44864, "ELEMENT_SET_NO": 999, "REV_AT_EPOCH": 4230, "BSTAR": 0, "MEAN_MOTION_DOT": -3.3e-07, "MEAN_MOTION_DDOT": 0}, "tle": {"line1": "1 44864U 19090A   26064.56032794 -.00000033  00000+0  00000+0 0  9994", "line2": "2 44864  56.4687  66.2141 0020433 291.4658 245.9437  1.86231373 42308"}}, "geometry": {"type": "Point", "coordinates": [-103.6518871197025, -15.024154714215118]}}, {"type": "Feature", "properties": {"norad_id": 44865, "name": "BEIDOU-3 M20 (C42)", "group": "gnss", "lat": -52.48215613646665, "lon": 6.406060735484541, "alt_km": 21485.614996124452, "timestamp": "2026-03-08T19:31:04.057490+00:00", "meta": {"OBJECT_NAME": "BEIDOU-3 M20 (C42)", "OBJECT_ID": "2019-090B", "EPOCH": "2026-03-05T10:15:10.714176", "MEAN_MOTION": 1.86231388, "ECCENTRICITY": 0.0017835, "INCLINATION": 56.4702, "RA_OF_ASC_NODE": 66.2529, "ARG_OF_PERICENTER": 302.9017, "MEAN_ANOMALY": 234.8674, "EPHEMERIS_TYPE": 0, "CLASSIFICATION_TYPE": "U", "NORAD_CAT_ID": 44865, "ELEMENT_SET_NO": 999, "REV_AT_EPOCH": 4228, "BSTAR": 0, "MEAN_MOTION_DOT": -3.2e-07, "MEAN_MOTION_DDOT": 0}, "tle": {"line1": "1 44865U 19090B   26064.42720734 -.00000032  00000+0  00000+0 0  9997", "line2": "2 44865  56.4702  66.2529 0017835 302.9017 234.8674  1.86231388 42289"}}, "geometry": {"type": "Point", "coordinates": [6.406060735484541, -52.48215613646665]}}, {"type": "Feature", "properties": {"norad_id": 45344, "name": "BEIDOU-3 G2 (C60)", "group": "gnss", "lat": 1.9297794086419144, "lon": 179.35653094458064, "alt_km": 35797.09074281873, "timestamp": "2026-03-08T19:31:04.057508+00:00", "meta": {"OBJECT_NAME": "BEIDOU-3 G2 (C60)", "OBJECT_ID": "2020-017A", "EPOCH": "2026-03-08T12:32:53.060640", "MEAN_MOTION": 1.00272809, "ECCENTRICITY": 0.0002725, "INCLINATION": 2.6624, "RA_OF_ASC_NODE": 45.6597, "ARG_OF_PERICENTER": 314.6664, "MEAN_ANOMALY": 74.1465, "EPHEMERIS_TYPE": 0, "CLASSIFICATION_TYPE": "U", "NORAD_CAT_ID": 45344, "ELEMENT_SET_NO": 999, "REV_AT_EPOCH": 2225, "BSTAR": 0, "MEAN_MOTION_DOT": -1.39e-06, "MEAN_MOTION_DDOT": 0}, "tle": {"line1": "1 45344U 20017A   26067.52283635 -.00000139  00000+0  00000+0 0  9997", "line2": "2 45344   2.6624  45.6597 0002725 314.6664  74.1465  1.00272809 22251"}}, "geometry": {"type": "Point", "coordinates": [179.35653094458064, 1.9297794086419144]}}, {"type": "Feature", "properties": {"norad_id": 45358, "name": "COSMOS 2545 (760)", "group": "gnss", "lat": 7.117661552740635, "lon": -40.6110396635048, "alt_km": 19139.1010248999, "timestamp": "2026-03-08T19:31:04.057519+00:00", "meta": {"OBJECT_NAME": "COSMOS 2545 (760)", "OBJECT_ID": "2020-018A", "EPOCH": "2026-03-05T01:10:22.448352", "MEAN_MOTION": 2.13102426, "ECCENTRICITY": 0.0008063, "INCLINATION": 64.4172, "RA_OF_ASC_NODE": 316.0811, "ARG_OF_PERICENTER": 250.0323, "MEAN_ANOMALY": 109.9417, "EPHEMERIS_TYPE": 0, "CLASSIFICATION_TYPE": "U", "NORAD_CAT_ID": 45358, "ELEMENT_SET_NO": 999, "REV_AT_EPOCH": 4644, "BSTAR": 0, "MEAN_MOTION_DOT": -5.4e-07, "MEAN_MOTION_DDOT": 0}, "tle": {"line1": "1 45358U 20018A   26064.04887093 -.00000054  00000+0  00000+0 0  9991", "line2": "2 45358  64.4172 316.0811 0008063 250.0323 109.9417  2.13102426 46443"}}, "geometry": {"type": "Point", "coordinates": [-40.6110396635048, 7.117661552740635]}}, {"type": "Feature", "properties": {"norad_id": 45807, "name": "BEIDOU-3 G3 (C61)", "group": "gnss", "lat": 1.347634403475075, "lon": -150.17167905727146, "alt_km": 35805.04339130635, "timestamp": "2026-03-08T19:31:04.057530+00:00", "meta": {"OBJECT_NAME": "BEIDOU-3 G3 (C61)", "OBJECT_ID": "2020-040A", "EPOCH": "2026-03-08T12:41:37.221792", "MEAN_MOTION": 1.0027379, "ECCENTRICITY": 0.0004658, "INCLINATION": 2.1998, "RA_OF_ASC_NODE": 67.144, "ARG_OF_PERICENTER": 321.3691, "MEAN_ANOMALY": 78.6326, "EPHEMERIS_TYPE": 0, "CLASSIFICATION_TYPE": "U", "NORAD_CAT_ID": 45807, "ELEMENT_SET_NO": 999, "REV_AT_EPOCH": 2106, "BSTAR": 0, "MEAN_MOTION_DOT": -3.53e-06, "MEAN_MOTION_DDOT": 0}, "tle": {"line1": "1 45807U 20040A   26067.52890303 -.00000353  00000+0  00000+0 0  9991", "line2": "2 45807   2.1998  67.1440 0004658 321.3691  78.6326  1.00273790 21065"}}, "geometry": {"type": "Point", "coordinates": [-150.17167905727146, 1.347634403475075]}}, {"type": "Feature", "properties": {"norad_id": 45854, "name": "GPS BIII-3  (PRN 23)", "group": "gnss", "lat": -26.935272795640756, "lon": -127.60794304950726, "alt_km": 20024.40417060018, "timestamp": "2026-03-08T19:31:04.057544+00:00", "meta": {"OBJECT_NAME": "GPS BIII-3  (PRN 23)", "OBJECT_ID": "2020-041A", "EPOCH": "2026-03-08T06:00:43.135200", "MEAN_MOTION": 2.00560749, "ECCENTRICITY": 0.0061455, "INCLINATION": 56.6082, "RA_OF_ASC_NODE": 32.8597, "ARG_OF_PERICENTER": 205.218, "MEAN_ANOMALY": 321.1668, "EPHEMERIS_TYPE": 0, "CLASSIFICATION_TYPE": "U", "NORAD_CAT_ID": 45854, "ELEMENT_SET_NO": 999, "REV_AT_EPOCH": 4201, "BSTAR": 0, "MEAN_MOTION_DOT": -7.3e-07, "MEAN_MOTION_DDOT": 0}, "tle": {"line1": "1 45854U 20041A   26067.25049925 -.00000073  00000+0  00000+0 0  9999", "line2": "2 45854  56.6082  32.8597 0061455 205.2180 321.1668  2.00560749 42015"}}, "geometry": {"type": "Point", "coordinates": [-127.60794304950726, -26.935272795640756]}}, {"type": "Feature", "properties": {"norad_id": 46114, "name": "GALAXY 30 (WAAS/PRN 135)", "group": "gnss", "lat": 0.00031300335616208535, "lon": -25.719730533287155, "alt_km": 35777.63819868113, "timestamp": "2026-03-08T19:31:04.057558+00:00", "meta": {"OBJECT_NAME": "GALAXY 30 (WAAS/PRN 135)", "OBJECT_ID": "2020-056C", "EPOCH": "2026-03-08T11:34:28.661088", "MEAN_MOTION": 1.00273698, "ECCENTRICITY": 0.0002064, "INCLINATION": 0.0184, "RA_OF_ASC_NODE": 150.6818, "ARG_OF_PERICENTER": 209.1845, "MEAN_ANOMALY": 214.9266, "EPHEMERIS_TYPE": 0, "CLASSIFICATION_TYPE": "U", "NORAD_CAT_ID": 46114, "ELEMENT_SET_NO": 999, "REV_AT_EPOCH": 2028, "BSTAR": 0, "MEAN_MOTION_DOT": 3.7e-07, "MEAN_MOTION_DDOT": 0}, "tle": {"line1": "1 46114U 20056C   26067.48227617  .00000037  00000+0  00000+0 0  9995", "line2": "2 46114   0.0184 150.6818 0002064 209.1845 214.9266  1.00273698 20289"}}, "geometry": {"type": "Point", "coordinates": [-25.719730533287155, 0.00031300335616208535]}}, {"type": "Feature", "properties": {"norad_id": 46805, "name": "COSMOS 2547 (705K)", "group": "gnss", "lat": -38.22251906090996, "lon": 37.76377720647709, "alt_km": 19117.41380207366, "timestamp": "2026-03-08T19:31:04.057570+00:00", "meta": {"OBJECT_NAME": "COSMOS 2547 (705K)", "OBJECT_ID": "2020-075A", "EPOCH": "2026-03-08T01:16:17.306112", "MEAN_MOTION": 2.13100343, "ECCENTRICITY": 0.0006902, "INCLINATION": 64.5993, "RA_OF_ASC_NODE": 195.8476, "ARG_OF_PERICENTER": 230.4023, "MEAN_ANOMALY": 129.5178, "EPHEMERIS_TYPE": 0, "CLASSIFICATION_TYPE": "U", "NORAD_CAT_ID": 46805, "ELEMENT_SET_NO": 999, "REV_AT_EPOCH": 4175, "BSTAR": 0, "MEAN_MOTION_DOT": 3.2e-07, "MEAN_MOTION_DDOT": 0}, "tle": {"line1": "1 46805U 20075A   26067.05297808  .00000032  00000+0  00000+0 0  9990", "line2": "2 46805  64.5993 195.8476 0006902 230.4023 129.5178  2.13100343 41759"}}, "geometry": {"type": "Point", "coordinates": [37.76377720647709, -38.22251906090996]}}, {"type": "Feature", "properties": {"norad_id": 46826, "name": "GPS BIII-4  (PRN 14)", "group": "gnss", "lat": -4.773132645242999, "lon": 38.31411432611182, "alt_km": 20010.825622784374, "timestamp": "2026-03-08T19:31:04.057581+00:00", "meta": {"OBJECT_NAME": "GPS BIII-4  (PRN 14)", "OBJECT_ID": "2020-078A", "EPOCH": "2026-03-06T19:06:28.733760", "MEAN_MOTION": 2.00565568, "ECCENTRICITY": 0.0068325, "INCLINATION": 54.0012, "RA_OF_ASC_NODE": 214.9287, "ARG_OF_PERICENTER": 204.359, "MEAN_ANOMALY": 325.2473, "EPHEMERIS_TYPE": 0, "CLASSIFICATION_TYPE": "U", "NORAD_CAT_ID": 46826, "ELEMENT_SET_NO": 999, "REV_AT_EPOCH": 3945, "BSTAR": 0, "MEAN_MOTION_DOT": 2.2e-07, "MEAN_MOTION_DDOT": 0}, "tle": {"line1": "1 46826U 20078A   26065.79616590  .00000022  00000+0  00000+0 0  9997", "line2": "2 46826  54.0012 214.9287 0068325 204.3590 325.2473  2.00565568 39454"}}, "geometry": {"type": "Point", "coordinates": [38.31411432611182, -4.773132645242999]}}, {"type": "Feature", "properties": {"norad_id": 48859, "name": "GPS BIII-5  (PRN 11)", "group": "gnss", "lat": 8.677774961622767, "lon": -17.41333643963964, "alt_km": 20227.7418912028, "timestamp": "2026-03-08T19:31:04.057595+00:00", "meta": {"OBJECT_NAME": "GPS BIII-5  (PRN 11)", "OBJECT_ID": "2021-054A", "EPOCH": "2026-03-06T14:18:48.318048", "MEAN_MOTION": 2.00575573, "ECCENTRICITY": 0.0023791, "INCLINATION": 55.2202, "RA_OF_ASC_NODE": 336.5857, "ARG_OF_PERICENTER": 231.9403, "MEAN_ANOMALY": 337.7301, "EPHEMERIS_TYPE": 0, "CLASSIFICATION_TYPE": "U", "NORAD_CAT_ID": 48859, "ELEMENT_SET_NO": 999, "REV_AT_EPOCH": 3469, "BSTAR": 0, "MEAN_MOTION_DOT": -1.02e-06, "MEAN_MOTION_DDOT": 0}, "tle": {"line1": "1 48859U 21054A   26065.59639257 -.00000102  00000+0  00000+0 0  9993", "line2": "2 48859  55.2202 336.5857 0023791 231.9403 337.7301  2.00575573 34693"}}, "geometry": {"type": "Point", "coordinates": [-17.41333643963964, 8.677774961622767]}}, {"type": "Feature", "properties": {"norad_id": 49336, "name": "QZS-1R (QZSS/PRN 196)", "group": "gnss", "lat": 20.17148228322409, "lon": -127.83900774583184, "alt_km": 37408.286081480735, "timestamp": "2026-03-08T19:31:04.057606+00:00", "meta": {"OBJECT_NAME": "QZS-1R (QZSS/PRN 196)", "OBJECT_ID": "2021-096A", "EPOCH": "2026-03-06T19:46:38.510112", "MEAN_MOTION": 1.00290649, "ECCENTRICITY": 0.0747759, "INCLINATION": 37.2488, "RA_OF_ASC_NODE": 81.0937, "ARG_OF_PERICENTER": 269.7649, "MEAN_ANOMALY": 244.5984, "EPHEMERIS_TYPE": 0, "CLASSIFICATION_TYPE": "U", "NORAD_CAT_ID": 49336, "ELEMENT_SET_NO": 999, "REV_AT_EPOCH": 1598, "BSTAR": 0, "MEAN_MOTION_DOT": -2.65e-06, "MEAN_MOTION_DDOT": 0}, "tle": {"line1": "1 49336U 21096A   26065.82405683 -.00000265  00000+0  00000+0 0  9990", "line2": "2 49336  37.2488  81.0937 0747759 269.7649 244.5984  1.00290649 15989"}}, "geometry": {"type": "Point", "coordinates": [-127.83900774583184, 20.17148228322409]}}, {"type": "Feature", "properties": {"norad_id": 49809, "name": "GSAT0223 (GALILEO 27)", "group": "gnss", "lat": 55.3625830435185, "lon": 53.220573938525575, "alt_km": 23223.6001740794, "timestamp": "2026-03-08T19:31:04.057618+00:00", "meta": {"OBJECT_NAME": "GSAT0223 (GALILEO 27)", "OBJECT_ID": "2021-116A", "EPOCH": "2026-02-17T00:57:26.434656", "MEAN_MOTION": 1.70475508, "ECCENTRICITY": 0.00028659, "INCLINATION": 57.2005, "RA_OF_ASC_NODE": 344.9238, "ARG_OF_PERICENTER": 278.195, "MEAN_ANOMALY": 264.6358, "EPHEMERIS_TYPE": 0, "CLASSIFICATION_TYPE": "U", "NORAD_CAT_ID": 49809, "ELEMENT_SET_NO": 999, "REV_AT_EPOCH": 2613, "BSTAR": 0, "MEAN_MOTION_DOT": -7.8e-07, "MEAN_MOTION_DDOT": 0}, "tle": {"line1": "1 49809U 21116A   26048.03988929 -.00000078  00000+0  00000+0 0  9993", "line2": "2 49809  57.2005 344.9238 0002865 278.1950 264.6358  1.70475508 26130"}}, "geometry": {"type": "Point", "coordinates": [53.220573938525575, 55.3625830435185]}}, {"type": "Feature", "properties": {"norad_id": 49810, "name": "GSAT0224 (GALILEO 28)", "group": "gnss", "lat": -9.021478618688235, "lon": 170.26144151441216, "alt_km": 23224.902710142273, "timestamp": "2026-03-08T19:31:04.057629+00:00", "meta": {"OBJECT_NAME": "GSAT0224 (GALILEO 28)", "OBJECT_ID": "2021-116B", "EPOCH": "2026-03-05T06:58:38.412768", "MEAN_MOTION": 1.7047576, "ECCENTRICITY": 0.0001942, "INCLINATION": 57.1948, "RA_OF_ASC_NODE": 344.4822, "ARG_OF_PERICENTER": 295.2728, "MEAN_ANOMALY": 253.6293, "EPHEMERIS_TYPE": 0, "CLASSIFICATION_TYPE": "U", "NORAD_CAT_ID": 49810, "ELEMENT_SET_NO": 999, "REV_AT_EPOCH": 2643, "BSTAR": 0, "MEAN_MOTION_DOT": -1.05e-06, "MEAN_MOTION_DDOT": 0}, "tle": {"line1": "1 49810U 21116B   26064.29072237 -.00000105  00000+0  00000+0 0  9998", "line2": "2 49810  57.1948 344.4822 0001942 295.2728 253.6293  1.70475760 26438"}}, "geometry": {"type": "Point", "coordinates": [170.26144151441216, -9.021478618688235]}}, {"type": "Feature", "properties": {"norad_id": 52984, "name": "COSMOS 2557 (706K)", "group": "gnss", "lat": 63.59399587112923, "lon": 62.881348038726564, "alt_km": 19151.867579492173, "timestamp": "2026-03-08T19:31:04.057641+00:00", "meta": {"OBJECT_NAME": "COSMOS 2557 (706K)", "OBJECT_ID": "2022-075A", "EPOCH": "2026-03-08T05:13:58.402848", "MEAN_MOTION": 2.13101929, "ECCENTRICITY": 0.0011402, "INCLINATION": 64.3569, "RA_OF_ASC_NODE": 318.044, "ARG_OF_PERICENTER": 283.6499, "MEAN_ANOMALY": 76.2796, "EPHEMERIS_TYPE": 0, "CLASSIFICATION_TYPE": "U", "NORAD_CAT_ID": 52984, "ELEMENT_SET_NO": 999, "REV_AT_EPOCH": 2856, "BSTAR": 0, "MEAN_MOTION_DOT": -6.3e-07, "MEAN_MOTION_DDOT": 0}, "tle": {"line1": "1 52984U 22075A   26067.21803707 -.00000063  00000+0  00000+0 0  9991", "line2": "2 52984  64.3569 318.0440 0011402 283.6499  76.2796  2.13101929 28568"}}, "geometry": {"type": "Point", "coordinates": [62.881348038726564, 63.59399587112923]}}, {"type": "Feature", "properties": {"norad_id": 54031, "name": "COSMOS 2559 (707K)", "group": "gnss", "lat": -47.83702435804313, "lon": 170.17239887100396, "alt_km": 19119.70739293905, "timestamp": "2026-03-08T19:31:04.057652+00:00", "meta": {"OBJECT_NAME": "COSMOS 2559 (707K)", "OBJECT_ID": "2022-130A", "EPOCH": "2026-03-08T00:53:53.331648", "MEAN_MOTION": 2.13101349, "ECCENTRICITY": 0.0010613, "INCLINATION": 64.3297, "RA_OF_ASC_NODE": 318.1375, "ARG_OF_PERICENTER": 180.9658, "MEAN_ANOMALY": 179.0885, "EPHEMERIS_TYPE": 0, "CLASSIFICATION_TYPE": "U", "NORAD_CAT_ID": 54031, "ELEMENT_SET_NO": 999, "REV_AT_EPOCH": 2653, "BSTAR": 0, "MEAN_MOTION_DOT": -6.3e-07, "MEAN_MOTION_DDOT": 0}, "tle": {"line1": "1 54031U 22130A   26067.03742282 -.00000063  00000+0  00000+0 0  9998", "line2": "2 54031  64.3297 318.1375 0010613 180.9658 179.0885  2.13101349 26530"}}, "geometry": {"type": "Point", "coordinates": [170.17239887100396, -47.83702435804313]}}, {"type": "Feature", "properties": {"norad_id": 54377, "name": "COSMOS 2564 (761)", "group": "gnss", "lat": -4.306804011870405, "lon": -165.9977285241023, "alt_km": 19150.83967200264, "timestamp": "2026-03-08T19:31:04.057666+00:00", "meta": {"OBJECT_NAME": "COSMOS 2564 (761)", "OBJECT_ID": "2022-161A", "EPOCH": "2026-03-07T21:08:32.814240", "MEAN_MOTION": 2.13101968, "ECCENTRICITY": 0.0009524, "INCLINATION": 64.7414, "RA_OF_ASC_NODE": 196.0715, "ARG_OF_PERICENTER": 210.4963, "MEAN_ANOMALY": 149.4285, "EPHEMERIS_TYPE": 0, "CLASSIFICATION_TYPE": "U", "NORAD_CAT_ID": 54377, "ELEMENT_SET_NO": 999, "REV_AT_EPOCH": 2547, "BSTAR": 0, "MEAN_MOTION_DOT": 3.2e-07, "MEAN_MOTION_DDOT": 0}, "tle": {"line1": "1 54377U 22161A   26066.88093535  .00000032  00000+0  00000+0 0  9992", "line2": "2 54377  64.7414 196.0715 0009524 210.4963 149.4285  2.13101968 25470"}}, "geometry": {"type": "Point", "coordinates": [-165.9977285241023, -4.306804011870405]}}, {"type": "Feature", "properties": {"norad_id": 55268, "name": "GPS BIII-6  (PRN 28)", "group": "gnss", "lat": 38.43336142010573, "lon": -173.95807196097547, "alt_km": 20174.34436453518, "timestamp": "2026-03-08T19:31:04.057678+00:00", "meta": {"OBJECT_NAME": "GPS BIII-6  (PRN 28)", "OBJECT_ID": "2023-009A", "EPOCH": "2026-03-08T05:44:38.544000", "MEAN_MOTION": 2.00549136, "ECCENTRICITY": 0.0004459, "INCLINATION": 55.11, "RA_OF_ASC_NODE": 152.4873, "ARG_OF_PERICENTER": 341.3679, "MEAN_ANOMALY": 13.5149, "EPHEMERIS_TYPE": 0, "CLASSIFICATION_TYPE": "U", "NORAD_CAT_ID": 55268, "ELEMENT_SET_NO": 999, "REV_AT_EPOCH": 2321, "BSTAR": 0, "MEAN_MOTION_DOT": -3e-08, "MEAN_MOTION_DDOT": 0}, "tle": {"line1": "1 55268U 23009A   26067.23933500 -.00000003  00000+0  00000+0 0  9998", "line2": "2 55268  55.1100 152.4873 0004459 341.3679  13.5149  2.00549136 23216"}}, "geometry": {"type": "Point", "coordinates": [-173.95807196097547, 38.43336142010573]}}, {"type": "Feature", "properties": {"norad_id": 56564, "name": "BEIDOU-3 G4 (C62)", "group": "gnss", "lat": -0.4858767601633186, "lon": -100.65088644573943, "alt_km": 35794.96918692957, "timestamp": "2026-03-08T19:31:04.057692+00:00", "meta": {"OBJECT_NAME": "BEIDOU-3 G4 (C62)", "OBJECT_ID": "2023-066A", "EPOCH": "2026-03-08T12:31:38.608032", "MEAN_MOTION": 1.00272513, "ECCENTRICITY": 0.0002413, "INCLINATION": 0.6415, "RA_OF_ASC_NODE": 311.4828, "ARG_OF_PERICENTER": 154.9285, "MEAN_ANOMALY": 47.7568, "EPHEMERIS_TYPE": 0, "CLASSIFICATION_TYPE": "U", "NORAD_CAT_ID": 56564, "ELEMENT_SET_NO": 999, "REV_AT_EPOCH": 1038, "BSTAR": 0, "MEAN_MOTION_DOT": -1.11e-06, "MEAN_MOTION_DDOT": 0}, "tle": {"line1": "1 56564U 23066A   26067.52197463 -.00000111  00000+0  00000+0 0  9993", "line2": "2 56564   0.6415 311.4828 0002413 154.9285  47.7568  1.00272513 10385"}}, "geometry": {"type": "Point", "coordinates": [-100.65088644573943, -0.4858767601633186]}}, {"type": "Feature", "properties": {"norad_id": 56759, "name": "NVS-01 (IRNSS-1J)", "group": "gnss", "lat": -0.7926216952744439, "lon": -131.2367071862814, "alt_km": 35774.186700166705, "timestamp": "2026-03-08T19:31:04.057707+00:00", "meta": {"OBJECT_NAME": "NVS-01 (IRNSS-1J)", "OBJECT_ID": "2023-076A", "EPOCH": "2026-03-08T10:44:54.804192", "MEAN_MOTION": 1.00272311, "ECCENTRICITY": 0.0007087, "INCLINATION": 2.4092, "RA_OF_ASC_NODE": 248.4773, "ARG_OF_PERICENTER": 46.5725, "MEAN_ANOMALY": 161.8489, "EPHEMERIS_TYPE": 0, "CLASSIFICATION_TYPE": "U", "NORAD_CAT_ID": 56759, "ELEMENT_SET_NO": 999, "REV_AT_EPOCH": 1010, "BSTAR": 0, "MEAN_MOTION_DOT": -3.37e-06, "MEAN_MOTION_DDOT": 0}, "tle": {"line1": "1 56759U 23076A   26067.44785653 -.00000337  00000+0  00000+0 0  9995", "line2": "2 56759   2.4092 248.4773 0007087  46.5725 161.8489  1.00272311 10103"}}, "geometry": {"type": "Point", "coordinates": [-131.2367071862814, -0.7926216952744439]}}, {"type": "Feature", "properties": {"norad_id": 57517, "name": "COSMOS 2569 (703K)", "group": "gnss", "lat": -13.307451123674907, "lon": 69.72880319928458, "alt_km": 19112.311789700307, "timestamp": "2026-03-08T19:31:04.057718+00:00", "meta": {"OBJECT_NAME": "COSMOS 2569 (703K)", "OBJECT_ID": "2023-114A", "EPOCH": "2026-03-08T08:42:52.208928", "MEAN_MOTION": 2.13104033, "ECCENTRICITY": 0.0012931, "INCLINATION": 65.2444, "RA_OF_ASC_NODE": 76.0193, "ARG_OF_PERICENTER": 291.8285, "MEAN_ANOMALY": 68.0633, "EPHEMERIS_TYPE": 0, "CLASSIFICATION_TYPE": "U", "NORAD_CAT_ID": 57517, "ELEMENT_SET_NO": 999, "REV_AT_EPOCH": 2011, "BSTAR": 0, "MEAN_MOTION_DOT": 3e-08, "MEAN_MOTION_DDOT": 0}, "tle": {"line1": "1 57517U 23114A   26067.36310427  .00000003  00000+0  00000+0 0  9994", "line2": "2 57517  65.2444  76.0193 0012931 291.8285  68.0633  2.13104033 20116"}}, "geometry": {"type": "Point", "coordinates": [69.72880319928458, -13.307451123674907]}}, {"type": "Feature", "properties": {"norad_id": 58654, "name": "BEIDOU-3 M28 (C50)", "group": "gnss", "lat": -39.39207795707806, "lon": 31.52703209943454, "alt_km": 21519.115493618647, "timestamp": "2026-03-08T19:31:04.057730+00:00", "meta": {"OBJECT_NAME": "BEIDOU-3 M28 (C50)", "OBJECT_ID": "2023-207A", "EPOCH": "2026-03-08T08:25:41.251296", "MEAN_MOTION": 1.86229859, "ECCENTRICITY": 0.0004954, "INCLINATION": 55.6641, "RA_OF_ASC_NODE": 65.7033, "ARG_OF_PERICENTER": 303.867, "MEAN_ANOMALY": 56.0991, "EPHEMERIS_TYPE": 0, "CLASSIFICATION_TYPE": "U", "NORAD_CAT_ID": 58654, "ELEMENT_SET_NO": 999, "REV_AT_EPOCH": 1496, "BSTAR": 0, "MEAN_MOTION_DOT": -3.4e-07, "MEAN_MOTION_DDOT": 0}, "tle": {"line1": "1 58654U 23207A   26067.35117189 -.00000034  00000+0  00000+0 0  9994", "line2": "2 58654  55.6641  65.7033 0004954 303.8670  56.0991  1.86229859 14960"}}, "geometry": {"type": "Point", "coordinates": [31.52703209943454, -39.39207795707806]}}, {"type": "Feature", "properties": {"norad_id": 58655, "name": "BEIDOU-3 M26 (C48)", "group": "gnss", "lat": 55.39449507680097, "lon": 147.8259215681314, "alt_km": 21536.440636089887, "timestamp": "2026-03-08T19:31:04.057741+00:00", "meta": {"OBJECT_NAME": "BEIDOU-3 M26 (C48)", "OBJECT_ID": "2023-207B", "EPOCH": "2026-03-08T03:34:03.470592", "MEAN_MOTION": 1.86229778, "ECCENTRICITY": 0.0005736, "INCLINATION": 55.6659, "RA_OF_ASC_NODE": 65.6963, "ARG_OF_PERICENTER": 289.3764, "MEAN_ANOMALY": 70.5748, "EPHEMERIS_TYPE": 0, "CLASSIFICATION_TYPE": "U", "NORAD_CAT_ID": 58655, "ELEMENT_SET_NO": 999, "REV_AT_EPOCH": 1494, "BSTAR": 0, "MEAN_MOTION_DOT": -3.5e-07, "MEAN_MOTION_DDOT": 0}, "tle": {"line1": "1 58655U 23207B   26067.14865128 -.00000035  00000+0  00000+0 0  9996", "line2": "2 58655  55.6659  65.6963 0005736 289.3764  70.5748  1.86229778 14941"}}, "geometry": {"type": "Point", "coordinates": [147.8259215681314, 55.39449507680097]}}, {"type": "Feature", "properties": {"norad_id": 59598, "name": "GSAT0225 (GALILEO 29)", "group": "gnss", "lat": -3.0028680453533694, "lon": -74.00502405119309, "alt_km": 23220.612028536085, "timestamp": "2026-03-08T19:31:04.057752+00:00", "meta": {"OBJECT_NAME": "GSAT0225 (GALILEO 29)", "OBJECT_ID": "2024-079A", "EPOCH": "2026-03-05T13:55:38.500608", "MEAN_MOTION": 1.70474989, "ECCENTRICITY": 0.0002603, "INCLINATION": 55.0507, "RA_OF_ASC_NODE": 103.9743, "ARG_OF_PERICENTER": 257.7426, "MEAN_ANOMALY": 101.8321, "EPHEMERIS_TYPE": 0, "CLASSIFICATION_TYPE": "U", "NORAD_CAT_ID": 59598, "ELEMENT_SET_NO": 999, "REV_AT_EPOCH": 1154, "BSTAR": 0, "MEAN_MOTION_DOT": 7e-08, "MEAN_MOTION_DDOT": 0}, "tle": {"line1": "1 59598U 24079A   26064.58030672  .00000007  00000+0  00000+0 0  9992", "line2": "2 59598  55.0507 103.9743 0002603 257.7426 101.8321  1.70474989 11547"}}, "geometry": {"type": "Point", "coordinates": [-74.00502405119309, -3.0028680453533694]}}, {"type": "Feature", "properties": {"norad_id": 59600, "name": "GSAT0227 (GALILEO 30)", "group": "gnss", "lat": 50.837996481103715, "lon": 163.05226273103168, "alt_km": 23215.205785552367, "timestamp": "2026-03-08T19:31:04.057763+00:00", "meta": {"OBJECT_NAME": "GSAT0227 (GALILEO 30)", "OBJECT_ID": "2024-079C", "EPOCH": "2026-03-08T02:39:35.769888", "MEAN_MOTION": 1.70474901, "ECCENTRICITY": 3.36e-05, "INCLINATION": 55.0472, "RA_OF_ASC_NODE": 103.9024, "ARG_OF_PERICENTER": 44.4787, "MEAN_ANOMALY": 315.5934, "EPHEMERIS_TYPE": 0, "CLASSIFICATION_TYPE": "U", "NORAD_CAT_ID": 59600, "ELEMENT_SET_NO": 999, "REV_AT_EPOCH": 1164, "BSTAR": 0, "MEAN_MOTION_DOT": 5e-08, "MEAN_MOTION_DDOT": 0}, "tle": {"line1": "1 59600U 24079C   26067.11083067  .00000005  00000+0  00000+0 0  9992", "line2": "2 59600  55.0472 103.9024 0000336  44.4787 315.5934  1.70474901 11645"}}, "geometry": {"type": "Point", "coordinates": [163.05226273103168, 50.837996481103715]}}, {"type": "Feature", "properties": {"norad_id": 61182, "name": "GSAT0232 (GALILEO 32)", "group": "gnss", "lat": -52.62466516375975, "lon": 158.61788714682487, "alt_km": 23221.00350091135, "timestamp": "2026-03-08T19:31:04.057777+00:00", "meta": {"OBJECT_NAME": "GSAT0232 (GALILEO 32)", "OBJECT_ID": "2024-167A", "EPOCH": "2026-02-17T15:52:34.088160", "MEAN_MOTION": 1.70443939, "ECCENTRICITY": 0.00036004, "INCLINATION": 55.2225, "RA_OF_ASC_NODE": 224.5881, "ARG_OF_PERICENTER": 296.6314, "MEAN_ANOMALY": 116.1306, "EPHEMERIS_TYPE": 0, "CLASSIFICATION_TYPE": "U", "NORAD_CAT_ID": 61182, "ELEMENT_SET_NO": 999, "REV_AT_EPOCH": 826, "BSTAR": 0, "MEAN_MOTION_DOT": 6.9e-07, "MEAN_MOTION_DDOT": 0}, "tle": {"line1": "1 61182U 24167A   26048.66150565  .00000069  00000+0  00000+0 0  9995", "line2": "2 61182  55.2225 224.5881 0003600 296.6314 116.1306  1.70443939  8265"}}, "geometry": {"type": "Point", "coordinates": [158.61788714682487, -52.62466516375975]}}, {"type": "Feature", "properties": {"norad_id": 61183, "name": "GSAT0226 (GALILEO 31)", "group": "gnss", "lat": 14.764206218286246, "lon": -125.38910518966452, "alt_km": 23222.126030284893, "timestamp": "2026-03-08T19:31:04.057791+00:00", "meta": {"OBJECT_NAME": "GSAT0226 (GALILEO 31)", "OBJECT_ID": "2024-167B", "EPOCH": "2026-03-04T02:12:55.359360", "MEAN_MOTION": 1.70474186, "ECCENTRICITY": 0.00015885, "INCLINATION": 55.2176, "RA_OF_ASC_NODE": 224.2005, "ARG_OF_PERICENTER": 128.6581, "MEAN_ANOMALY": 232.0353, "EPHEMERIS_TYPE": 0, "CLASSIFICATION_TYPE": "U", "NORAD_CAT_ID": 61183, "ELEMENT_SET_NO": 999, "REV_AT_EPOCH": 906, "BSTAR": 0, "MEAN_MOTION_DOT": 1.1e-07, "MEAN_MOTION_DDOT": 0}, "tle": {"line1": "1 61183U 24167B   26063.09230740  .00000011  00000+0  00000+0 0  9991", "line2": "2 61183  55.2176 224.2005 0001588 128.6581 232.0353  1.70474186  9066"}}, "geometry": {"type": "Point", "coordinates": [-125.38910518966452, 14.764206218286246]}}, {"type": "Feature", "properties": {"norad_id": 61186, "name": "BEIDOU-3 M25 (C47)", "group": "gnss", "lat": -18.15936589598012, "lon": 139.25227554673538, "alt_km": 21536.006124759, "timestamp": "2026-03-08T19:31:04.057803+00:00", "meta": {"OBJECT_NAME": "BEIDOU-3 M25 (C47)", "OBJECT_ID": "2024-168B", "EPOCH": "2026-03-08T05:30:16.015392", "MEAN_MOTION": 1.8623034, "ECCENTRICITY": 0.000425, "INCLINATION": 54.5623, "RA_OF_ASC_NODE": 305.7518, "ARG_OF_PERICENTER": 319.3882, "MEAN_ANOMALY": 211.681, "EPHEMERIS_TYPE": 0, "CLASSIFICATION_TYPE": "U", "NORAD_CAT_ID": 61186, "ELEMENT_SET_NO": 999, "REV_AT_EPOCH": 990, "BSTAR": 0, "MEAN_MOTION_DOT": -6.5e-07, "MEAN_MOTION_DDOT": 0}, "tle": {"line1": "1 61186U 24168B   26067.22935203 -.00000065  00000+0  00000+0 0  9990", "line2": "2 61186  54.5623 305.7518 0004250 319.3882 211.6810  1.86230340  9907"}}, "geometry": {"type": "Point", "coordinates": [139.25227554673538, -18.15936589598012]}}, {"type": "Feature", "properties": {"norad_id": 61187, "name": "BEIDOU-3 M27 (C49)", "group": "gnss", "lat": -18.199511787208156, "lon": -67.80273222271865, "alt_km": 21524.552778483645, "timestamp": "2026-03-08T19:31:04.057814+00:00", "meta": {"OBJECT_NAME": "BEIDOU-3 M27 (C49)", "OBJECT_ID": "2024-168C", "EPOCH": "2026-03-05T07:36:19.714176", "MEAN_MOTION": 1.86230358, "ECCENTRICITY": 0.000298, "INCLINATION": 54.5604, "RA_OF_ASC_NODE": 305.8361, "ARG_OF_PERICENTER": 20.4343, "MEAN_ANOMALY": 132.974, "EPHEMERIS_TYPE": 0, "CLASSIFICATION_TYPE": "U", "NORAD_CAT_ID": 61187, "ELEMENT_SET_NO": 999, "REV_AT_EPOCH": 732, "BSTAR": 0, "MEAN_MOTION_DOT": -6.7e-07, "MEAN_MOTION_DDOT": 0}, "tle": {"line1": "1 61187U 24168C   26064.31689484 -.00000067  00000+0  00000+0 0  9997", "line2": "2 61187  54.5604 305.8361 0002980  20.4343 132.9740  1.86230358  7324"}}, "geometry": {"type": "Point", "coordinates": [-67.80273222271865, -18.199511787208156]}}, {"type": "Feature", "properties": {"norad_id": 62339, "name": "GPS BIII-7  (PRN 01)", "group": "gnss", "lat": 37.678745720112445, "lon": 125.38885107806793, "alt_km": 20206.63039279159, "timestamp": "2026-03-08T19:31:04.057828+00:00", "meta": {"OBJECT_NAME": "GPS BIII-7  (PRN 01)", "OBJECT_ID": "2024-242A", "EPOCH": "2026-03-06T15:28:29.759232", "MEAN_MOTION": 2.00569825, "ECCENTRICITY": 0.00158374, "INCLINATION": 54.891, "RA_OF_ASC_NODE": 338.3407, "ARG_OF_PERICENTER": 356.934, "MEAN_ANOMALY": 8.8099, "EPHEMERIS_TYPE": 0, "CLASSIFICATION_TYPE": "U", "NORAD_CAT_ID": 62339, "ELEMENT_SET_NO": 999, "REV_AT_EPOCH": 920, "BSTAR": 0, "MEAN_MOTION_DOT": -1.04e-06, "MEAN_MOTION_DDOT": 0}, "tle": {"line1": "1 62339U 24242A   26065.64478888 -.00000104  00000+0  00000+0 0  9993", "line2": "2 62339  54.8910 338.3407 0015837 356.9340   8.8099  2.00569825  9206"}}, "geometry": {"type": "Point", "coordinates": [125.38885107806793, 37.678745720112445]}}, {"type": "Feature", "properties": {"norad_id": 62850, "name": "NVS-02 (IRNSS-1K)", "group": "gnss", "lat": -20.065698481920474, "lon": -137.67919562072578, "alt_km": 29565.526544977776, "timestamp": "2026-03-08T19:31:04.057840+00:00", "meta": {"OBJECT_NAME": "NVS-02 (IRNSS-1K)", "OBJECT_ID": "2025-020A", "EPOCH": "2026-03-07T23:54:38.903904", "MEAN_MOTION": 2.17725949, "ECCENTRICITY": 0.735001, "INCLINATION": 20.8364, "RA_OF_ASC_NODE": 296.3945, "ARG_OF_PERICENTER": 82.1298, "MEAN_ANOMALY": 347.9636, "EPHEMERIS_TYPE": 0, "CLASSIFICATION_TYPE": "U", "NORAD_CAT_ID": 62850, "ELEMENT_SET_NO": 999, "REV_AT_EPOCH": 877, "BSTAR": 0.00077783, "MEAN_MOTION_DOT": 1.06e-05, "MEAN_MOTION_DDOT": 0}, "tle": {"line1": "1 62850U 25020A   26066.99628361  .00001060  00000+0  77783-3 0  9995", "line2": "2 62850  20.8364 296.3945 7350010  82.1298 347.9636  2.17725949  8776"}}, "geometry": {"type": "Point", "coordinates": [-137.67919562072578, -20.065698481920474]}}, {"type": "Feature", "properties": {"norad_id": 62876, "name": "QZS-6 (QZSS/PRN 200)", "group": "gnss", "lat": 0.011300021688317714, "lon": -170.23685619049425, "alt_km": 35794.64601276982, "timestamp": "2026-03-08T19:31:04.057874+00:00", "meta": {"OBJECT_NAME": "QZS-6 (QZSS/PRN 200)", "OBJECT_ID": "2025-023A", "EPOCH": "2026-03-08T12:35:52.771776", "MEAN_MOTION": 1.00266942, "ECCENTRICITY": 0.0001765, "INCLINATION": 0.0092, "RA_OF_ASC_NODE": 170.6345, "ARG_OF_PERICENTER": 183.0876, "MEAN_ANOMALY": 91.949, "EPHEMERIS_TYPE": 0, "CLASSIFICATION_TYPE": "U", "NORAD_CAT_ID": 62876, "ELEMENT_SET_NO": 999, "REV_AT_EPOCH": 394, "BSTAR": 0, "MEAN_MOTION_DOT": 0, "MEAN_MOTION_DDOT": 0}, "tle": {"line1": "1 62876U 25023A   26067.52491634  .00000000  00000+0  00000+0 0  9994", "line2": "2 62876   0.0092 170.6345 0001765 183.0876  91.9490  1.00266942  3948"}}, "geometry": {"type": "Point", "coordinates": [-170.23685619049425, 0.011300021688317714]}}, {"type": "Feature", "properties": {"norad_id": 63130, "name": "COSMOS 2584 (704K)", "group": "gnss", "lat": 59.56420527651386, "lon": 128.7202407314835, "alt_km": 19142.47037255208, "timestamp": "2026-03-08T19:31:04.057891+00:00", "meta": {"OBJECT_NAME": "COSMOS 2584 (704K)", "OBJECT_ID": "2025-042A", "EPOCH": "2026-02-28T17:48:18.452736", "MEAN_MOTION": 2.13103267, "ECCENTRICITY": 0.00078227, "INCLINATION": 65.0213, "RA_OF_ASC_NODE": 76.4877, "ARG_OF_PERICENTER": 236.244, "MEAN_ANOMALY": 123.7373, "EPHEMERIS_TYPE": 0, "CLASSIFICATION_TYPE": "U", "NORAD_CAT_ID": 63130, "ELEMENT_SET_NO": 999, "REV_AT_EPOCH": 773, "BSTAR": 0, "MEAN_MOTION_DOT": 3.9e-07, "MEAN_MOTION_DDOT": 0}, "tle": {"line1": "1 63130U 25042A   26059.74188024  .00000039  00000+0  00000+0 0  9992", "line2": "2 63130  65.0213  76.4877 0007822 236.2440 123.7373  2.13103267  7739"}}, "geometry": {"type": "Point", "coordinates": [128.7202407314835, 59.56420527651386]}}, {"type": "Feature", "properties": {"norad_id": 64202, "name": "GPS BIII-8  (PRN 21)", "group": "gnss", "lat": -34.09422907585226, "lon": 7.045176858391207, "alt_km": 20165.045157013927, "timestamp": "2026-03-08T19:31:04.057904+00:00", "meta": {"OBJECT_NAME": "GPS BIII-8  (PRN 21)", "OBJECT_ID": "2025-116A", "EPOCH": "2026-03-03T09:25:01.763328", "MEAN_MOTION": 2.00553198, "ECCENTRICITY": 0.0008474, "INCLINATION": 55.1633, "RA_OF_ASC_NODE": 35.3874, "ARG_OF_PERICENTER": 325.1064, "MEAN_ANOMALY": 37.8908, "EPHEMERIS_TYPE": 0, "CLASSIFICATION_TYPE": "U", "NORAD_CAT_ID": 64202, "ELEMENT_SET_NO": 999, "REV_AT_EPOCH": 575, "BSTAR": 0, "MEAN_MOTION_DOT": -7.7e-07, "MEAN_MOTION_DDOT": 0}, "tle": {"line1": "1 64202U 25116A   26062.39238152 -.00000077  00000+0  00000+0 0  9991", "line2": "2 64202  55.1633  35.3874 0008474 325.1064  37.8908  2.00553198  5758"}}, "geometry": {"type": "Point", "coordinates": [7.045176858391207, -34.09422907585226]}}, {"type": "Feature", "properties": {"norad_id": 65590, "name": "COSMOS 2596 (708K)", "group": "gnss", "lat": -8.552639894721334, "lon": 142.57149289208326, "alt_km": 19151.158771180442, "timestamp": "2026-03-08T19:31:04.057916+00:00", "meta": {"OBJECT_NAME": "COSMOS 2596 (708K)", "OBJECT_ID": "2025-206B", "EPOCH": "2026-03-08T08:14:04.132032", "MEAN_MOTION": 2.13100453, "ECCENTRICITY": 0.0012819, "INCLINATION": 64.692, "RA_OF_ASC_NODE": 318.4984, "ARG_OF_PERICENTER": 316.0797, "MEAN_ANOMALY": 232.8314, "EPHEMERIS_TYPE": 0, "CLASSIFICATION_TYPE": "U", "NORAD_CAT_ID": 65590, "ELEMENT_SET_NO": 999, "REV_AT_EPOCH": 376, "BSTAR": 0, "MEAN_MOTION_DOT": -6.3e-07, "MEAN_MOTION_DDOT": 0}, "tle": {"line1": "1 65590U 25206B   26067.34310338 -.00000063  00000+0  00000+0 0  9994", "line2": "2 65590  64.6920 318.4984 0012819 316.0797 232.8314  2.13100453  3763"}}, "geometry": {"type": "Point", "coordinates": [142.57149289208326, -8.552639894721334]}}, {"type": "Feature", "properties": {"norad_id": 67160, "name": "GSAT0233 (GALILEO 33)", "group": "gnss", "lat": 47.79066302813249, "lon": -127.48849012032115, "alt_km": 23216.939997958136, "timestamp": "2026-03-08T19:31:04.057927+00:00", "meta": {"OBJECT_NAME": "GSAT0233 (GALILEO 33)", "OBJECT_ID": "2025-302A", "EPOCH": "2026-02-13T12:00:00.000000", "MEAN_MOTION": 1.70474578, "ECCENTRICITY": 0.00030114, "INCLINATION": 54.3935, "RA_OF_ASC_NODE": 105.2952, "ARG_OF_PERICENTER": 207.0582, "MEAN_ANOMALY": 359.4109, "EPHEMERIS_TYPE": 0, "CLASSIFICATION_TYPE": "U", "NORAD_CAT_ID": 67160, "ELEMENT_SET_NO": 999, "REV_AT_EPOCH": 2, "BSTAR": 0, "MEAN_MOTION_DOT": -8e-08, "MEAN_MOTION_DDOT": 0}, "tle": {"line1": "1 67160U 25302A   26044.50000000 -.00000008  00000+0  00000+0 0  9990", "line2": "2 67160  54.3935 105.2952 0003011 207.0582 359.4109  1.70474578    20"}}, "geometry": {"type": "Point", "coordinates": [-127.48849012032115, 47.79066302813249]}}, {"type": "Feature", "properties": {"norad_id": 67162, "name": "GSAT0234 (GALILEO 34)", "group": "gnss", "lat": -47.70505556340791, "lon": 52.73909226880571, "alt_km": 23219.30309268827, "timestamp": "2026-03-08T19:31:04.057939+00:00", "meta": {"OBJECT_NAME": "GSAT0234 (GALILEO 34)", "OBJECT_ID": "2025-302C", "EPOCH": "2026-02-13T12:00:00.000000", "MEAN_MOTION": 1.70475065, "ECCENTRICITY": 0.00030814, "INCLINATION": 54.3967, "RA_OF_ASC_NODE": 105.2938, "ARG_OF_PERICENTER": 266.8423, "MEAN_ANOMALY": 119.7309, "EPHEMERIS_TYPE": 0, "CLASSIFICATION_TYPE": "U", "NORAD_CAT_ID": 67162, "ELEMENT_SET_NO": 999, "REV_AT_EPOCH": 12, "BSTAR": 0, "MEAN_MOTION_DOT": -8e-08, "MEAN_MOTION_DDOT": 0}, "tle": {"line1": "1 67162U 25302C   26044.50000000 -.00000008  00000+0  00000+0 0  9992", "line2": "2 67162  54.3967 105.2938 0003081 266.8423 119.7309  1.70475065   127"}}, "geometry": {"type": "Point", "coordinates": [52.73909226880571, -47.70505556340791]}}, {"type": "Feature", "properties": {"norad_id": 67588, "name": "GPS BIII-9  (PRN 20)", "group": "gnss", "lat": -43.17064844130881, "lon": -46.161809737385724, "alt_km": 20190.63049995351, "timestamp": "2026-03-08T19:31:04.057950+00:00", "meta": {"OBJECT_NAME": "GPS BIII-9  (PRN 20)", "OBJECT_ID": "2026-017A", "EPOCH": "2026-03-03T23:57:34.401312", "MEAN_MOTION": 2.00560918, "ECCENTRICITY": 0.00015162, "INCLINATION": 55.0184, "RA_OF_ASC_NODE": 92.9751, "ARG_OF_PERICENTER": 18.2827, "MEAN_ANOMALY": 341.7919, "EPHEMERIS_TYPE": 0, "CLASSIFICATION_TYPE": "U", "NORAD_CAT_ID": 67588, "ELEMENT_SET_NO": 999, "REV_AT_EPOCH": 42950, "BSTAR": 0, "MEAN_MOTION_DOT": 1.2e-07, "MEAN_MOTION_DDOT": 0}, "tle": {"line1": "1 67588U 26017A   26062.99831483  .00000012  00000+0  00000+0 0  9992", "line2": "2 67588  55.0184  92.9751 0001516  18.2827 341.7919  2.00560918429508"}}, "geometry": {"type": "Point", "coordinates": [-46.161809737385724, -43.17064844130881]}}]}