{"type": "FeatureCollection", "features": [{"type": "Feature", "properties": {"norad_id": 24946, "name": "IRIDIUM 33", "group": "iridium-33-debris", "lat": -24.956070782605238, "lon": 39.30935833544598, "alt_km": 776.1090750074663, "timestamp": "2026-02-15T13:09:26.105437+00:00", "meta": {"OBJECT_NAME": "IRIDIUM 33", "OBJECT_ID": "1997-051C", "EPOCH": "2026-02-15T01:33:33.701760", "MEAN_MOTION": 14.35086332, "ECCENTRICITY": 0.00084018, "INCLINATION": 86.384, "RA_OF_ASC_NODE": 41.1987, "ARG_OF_PERICENTER": 20.6032, "MEAN_ANOMALY": 339.5501, "EPHEMERIS_TYPE": 0, "CLASSIFICATION_TYPE": "U", "NORAD_CAT_ID": 24946, "ELEMENT_SET_NO": 999, "REV_AT_EPOCH": 48757, "BSTAR": 9.3241764e-05, "MEAN_MOTION_DOT": 2.86e-06, "MEAN_MOTION_DDOT": 0}, "tle": {"line1": "1 24946U 97051C   26046.06497340  .00000286  00000+0  93242-4 0  9997", "line2": "2 24946  86.3840  41.1987 0008401  20.6032 339.5501 14.35086332487574"}}, "geometry": {"type": "Point", "coordinates": [39.30935833544598, -24.956070782605238]}}, {"type": "Feature", "properties": {"norad_id": 33773, "name": "IRIDIUM 33 DEB", "group": "iridium-33-debris", "lat": 59.60368393439893, "lon": 39.26769614243068, "alt_km": 743.9715418394517, "timestamp": "2026-02-15T13:09:26.105479+00:00", "meta": {"OBJECT_NAME": "IRIDIUM 33 DEB", "OBJECT_ID": "1997-051L", "EPOCH": "2026-02-14T23:34:15.860928", "MEAN_MOTION": 14.43422116, "ECCENTRICITY": 0.0009359, "INCLINATION": 86.3995, "RA_OF_ASC_NODE": 33.3459, "ARG_OF_PERICENTER": 310.1666, "MEAN_ANOMALY": 49.8715, "EPHEMERIS_TYPE": 0, "CLASSIFICATION_TYPE": "U", "NORAD_CAT_ID": 33773, "ELEMENT_SET_NO": 999, "REV_AT_EPOCH": 89274, "BSTAR": 0.0003016, "MEAN_MOTION_DOT": 1.038e-05, "MEAN_MOTION_DDOT": 0}, "tle": {"line1": "1 33773U 97051L   26045.98212802  .00001038  00000+0  30160-3 0  9998", "line2": "2 33773  86.3995  33.3459 0009359 310.1666  49.8715 14.43422116892743"}}, "geometry": {"type": "Point", "coordinates": [39.26769614243068, 59.60368393439893]}}, {"type": "Feature", "properties": {"norad_id": 33775, "name": "IRIDIUM 33 DEB", "group": "iridium-33-debris", "lat": 86.33803933686893, "lon": 118.41508032214955, "alt_km": 751.2256886812302, "timestamp": "2026-02-15T13:09:26.105496+00:00", "meta": {"OBJECT_NAME": "IRIDIUM 33 DEB", "OBJECT_ID": "1997-051N", "EPOCH": "2026-02-14T21:53:51.948384", "MEAN_MOTION": 14.41677395, "ECCENTRICITY": 0.00119837, "INCLINATION": 86.3642, "RA_OF_ASC_NODE": 22.1413, "ARG_OF_PERICENTER": 320.2209, "MEAN_ANOMALY": 72.3021, "EPHEMERIS_TYPE": 0, "CLASSIFICATION_TYPE": "U", "NORAD_CAT_ID": 33775, "ELEMENT_SET_NO": 999, "REV_AT_EPOCH": 89065, "BSTAR": 0.00045017257, "MEAN_MOTION_DOT": 1.487e-05, "MEAN_MOTION_DDOT": 0}, "tle": {"line1": "1 33775U 97051N   26045.91240681  .00001487  00000+0  45017-3 0  9994", "line2": "2 33775  86.3642  22.1413 0011983 320.2209  72.3021 14.41677395890659"}}, "geometry": {"type": "Point", "coordinates": [118.41508032214955, 86.33803933686893]}}, {"type": "Feature", "properties": {"norad_id": 33776, "name": "IRIDIUM 33 DEB", "group": "iridium-33-debris", "lat": -80.14509012170456, "lon": 32.28487648335609, "alt_km": 768.7647730096305, "timestamp": "2026-02-15T13:09:26.105510+00:00", "meta": {"OBJECT_NAME": "IRIDIUM 33 DEB", "OBJECT_ID": "1997-051P", "EPOCH": "2026-02-15T00:27:39.173760", "MEAN_MOTION": 14.38362587, "ECCENTRICITY": 0.00142439, "INCLINATION": 86.3995, "RA_OF_ASC_NODE": 53.7582, "ARG_OF_PERICENTER": 356.2731, "MEAN_ANOMALY": 65.5243, "EPHEMERIS_TYPE": 0, "CLASSIFICATION_TYPE": "U", "NORAD_CAT_ID": 33776, "ELEMENT_SET_NO": 999, "REV_AT_EPOCH": 89006, "BSTAR": 0.00025526911, "MEAN_MOTION_DOT": 7.98e-06, "MEAN_MOTION_DDOT": 0}, "tle": {"line1": "1 33776U 97051P   26046.01920340  .00000798  00000+0  25527-3 0  9992", "line2": "2 33776  86.3995  53.7582 0014243 356.2731  65.5243 14.38362587890064"}}, "geometry": {"type": "Point", "coordinates": [32.28487648335609, -80.14509012170456]}}, {"type": "Feature", "properties": {"norad_id": 33777, "name": "IRIDIUM 33 DEB", "group": "iridium-33-debris", "lat": -25.123385575780844, "lon": -171.30663847405162, "alt_km": 716.993840349096, "timestamp": "2026-02-15T13:09:26.105532+00:00", "meta": {"OBJECT_NAME": "IRIDIUM 33 DEB", "OBJECT_ID": "1997-051Q", "EPOCH": "2026-02-15T05:37:19.585344", "MEAN_MOTION": 14.56175944, "ECCENTRICITY": 0.0009052, "INCLINATION": 86.3805, "RA_OF_ASC_NODE": 7.129, "ARG_OF_PERICENTER": 52.3161, "MEAN_ANOMALY": 307.8866, "EPHEMERIS_TYPE": 0, "CLASSIFICATION_TYPE": "U", "NORAD_CAT_ID": 33777, "ELEMENT_SET_NO": 999, "REV_AT_EPOCH": 89472, "BSTAR": 0.00089408991, "MEAN_MOTION_DOT": 3.97e-05, "MEAN_MOTION_DDOT": 0}, "tle": {"line1": "1 33777U 97051Q   26046.23425446  .00003970  00000+0  89409-3 0  9998", "line2": "2 33777  86.3805   7.1290 0009052  52.3161 307.8866 14.56175944894726"}}, "geometry": {"type": "Point", "coordinates": [-171.30663847405162, -25.123385575780844]}}, {"type": "Feature", "properties": {"norad_id": 33850, "name": "IRIDIUM 33 DEB", "group": "iridium-33-debris", "lat": -54.47451313505644, "lon": -172.5565435229422, "alt_km": 758.2633443362965, "timestamp": "2026-02-15T13:09:26.105545+00:00", "meta": {"OBJECT_NAME": "IRIDIUM 33 DEB", "OBJECT_ID": "1997-051T", "EPOCH": "2026-02-15T07:38:13.939296", "MEAN_MOTION": 14.42405583, "ECCENTRICITY": 0.00102091, "INCLINATION": 86.345, "RA_OF_ASC_NODE": 2.4058, "ARG_OF_PERICENTER": 330.0714, "MEAN_ANOMALY": 151.0463, "EPHEMERIS_TYPE": 0, "CLASSIFICATION_TYPE": "U", "NORAD_CAT_ID": 33850, "ELEMENT_SET_NO": 999, "REV_AT_EPOCH": 89083, "BSTAR": 0.00075541139, "MEAN_MOTION_DOT": 2.518e-05, "MEAN_MOTION_DDOT": 0}, "tle": {"line1": "1 33850U 97051T   26046.31821689  .00002518  00000+0  75541-3 0  9997", "line2": "2 33850  86.3450   2.4058 0010209 330.0714 151.0463 14.42405583890830"}}, "geometry": {"type": "Point", "coordinates": [-172.5565435229422, -54.47451313505644]}}, {"type": "Feature", "properties": {"norad_id": 33853, "name": "IRIDIUM 33 DEB", "group": "iridium-33-debris", "lat": -46.54244596008729, "lon": -42.834588557440775, "alt_km": 883.221866004913, "timestamp": "2026-02-15T13:09:26.105559+00:00", "meta": {"OBJECT_NAME": "IRIDIUM 33 DEB", "OBJECT_ID": "1997-051W", "EPOCH": "2026-02-15T05:30:16.419744", "MEAN_MOTION": 13.9946261, "ECCENTRICITY": 0.02117421, "INCLINATION": 86.0019, "RA_OF_ASC_NODE": 321.5379, "ARG_OF_PERICENTER": 38.3967, "MEAN_ANOMALY": 111.9381, "EPHEMERIS_TYPE": 0, "CLASSIFICATION_TYPE": "U", "NORAD_CAT_ID": 33853, "ELEMENT_SET_NO": 999, "REV_AT_EPOCH": 86247, "BSTAR": 0.0021674904, "MEAN_MOTION_DOT": 3.847e-05, "MEAN_MOTION_DDOT": 0}, "tle": {"line1": "1 33853U 97051W   26046.22935671  .00003847  00000+0  21675-2 0  9991", "line2": "2 33853  86.0019 321.5379 0211742  38.3967 111.9381 13.99462610862473"}}, "geometry": {"type": "Point", "coordinates": [-42.834588557440775, -46.54244596008729]}}, {"type": "Feature", "properties": {"norad_id": 33860, "name": "IRIDIUM 33 DEB", "group": "iridium-33-debris", "lat": 28.896047279985254, "lon": 0.5229814085966455, "alt_km": 662.2899750134602, "timestamp": "2026-02-15T13:09:26.105571+00:00", "meta": {"OBJECT_NAME": "IRIDIUM 33 DEB", "OBJECT_ID": "1997-051AD", "EPOCH": "2026-02-14T20:54:56.964096", "MEAN_MOTION": 14.68611728, "ECCENTRICITY": 0.00111991, "INCLINATION": 86.3856, "RA_OF_ASC_NODE": 358.8235, "ARG_OF_PERICENTER": 107.24, "MEAN_ANOMALY": 306.4131, "EPHEMERIS_TYPE": 0, "CLASSIFICATION_TYPE": "U", "NORAD_CAT_ID": 33860, "ELEMENT_SET_NO": 999, "REV_AT_EPOCH": 89663, "BSTAR": 0.0012647903, "MEAN_MOTION_DOT": 7.378e-05, "MEAN_MOTION_DDOT": 0}, "tle": {"line1": "1 33860U 97051AD  26045.87149264  .00007378  00000+0  12648-2 0  9997", "line2": "2 33860  86.3856 358.8235 0011199 107.2400 306.4131 14.68611728896631"}}, "geometry": {"type": "Point", "coordinates": [0.5229814085966455, 28.896047279985254]}}, {"type": "Feature", "properties": {"norad_id": 33862, "name": "IRIDIUM 33 DEB", "group": "iridium-33-debris", "lat": -72.7866968606645, "lon": -159.40016716382027, "alt_km": 644.2226199318111, "timestamp": "2026-02-15T13:09:26.105583+00:00", "meta": {"OBJECT_NAME": "IRIDIUM 33 DEB", "OBJECT_ID": "1997-051AF", "EPOCH": "2026-02-14T21:26:43.728288", "MEAN_MOTION": 14.7125317, "ECCENTRICITY": 0.00473854, "INCLINATION": 86.4102, "RA_OF_ASC_NODE": 9.198, "ARG_OF_PERICENTER": 202.4823, "MEAN_ANOMALY": 185.0562, "EPHEMERIS_TYPE": 0, "CLASSIFICATION_TYPE": "U", "NORAD_CAT_ID": 33862, "ELEMENT_SET_NO": 999, "REV_AT_EPOCH": 89766, "BSTAR": 0.0014184769, "MEAN_MOTION_DOT": 8.932e-05, "MEAN_MOTION_DDOT": 0}, "tle": {"line1": "1 33862U 97051AF  26045.89356167  .00008932  00000+0  14185-2 0  9998", "line2": "2 33862  86.4102   9.1980 0047385 202.4823 185.0562 14.71253170897664"}}, "geometry": {"type": "Point", "coordinates": [-159.40016716382027, -72.7866968606645]}}, {"type": "Feature", "properties": {"norad_id": 33866, "name": "IRIDIUM 33 DEB", "group": "iridium-33-debris", "lat": -56.377756451075314, "lon": 60.008739591453285, "alt_km": 734.6842891391989, "timestamp": "2026-02-15T13:09:26.105594+00:00", "meta": {"OBJECT_NAME": "IRIDIUM 33 DEB", "OBJECT_ID": "1997-051AK", "EPOCH": "2026-02-15T07:35:21.000192", "MEAN_MOTION": 14.25593778, "ECCENTRICITY": 0.01119286, "INCLINATION": 86.2968, "RA_OF_ASC_NODE": 65.6963, "ARG_OF_PERICENTER": 315.3734, "MEAN_ANOMALY": 238.4559, "EPHEMERIS_TYPE": 0, "CLASSIFICATION_TYPE": "U", "NORAD_CAT_ID": 33866, "ELEMENT_SET_NO": 999, "REV_AT_EPOCH": 87730, "BSTAR": 0.0012786012, "MEAN_MOTION_DOT": 3.248e-05, "MEAN_MOTION_DDOT": 0}, "tle": {"line1": "1 33866U 97051AK  26046.31621528  .00003248  00000+0  12786-2 0  9996", "line2": "2 33866  86.2968  65.6963 0111928 315.3734 238.4559 14.25593778877302"}}, "geometry": {"type": "Point", "coordinates": [60.008739591453285, -56.377756451075314]}}, {"type": "Feature", "properties": {"norad_id": 33870, "name": "IRIDIUM 33 DEB", "group": "iridium-33-debris", "lat": 12.076125657786783, "lon": -150.31935766186135, "alt_km": 753.0324022717514, "timestamp": "2026-02-15T13:09:26.105608+00:00", "meta": {"OBJECT_NAME": "IRIDIUM 33 DEB", "OBJECT_ID": "1997-051AP", "EPOCH": "2026-02-14T23:12:15.094368", "MEAN_MOTION": 14.46253611, "ECCENTRICITY": 0.00198478, "INCLINATION": 86.3737, "RA_OF_ASC_NODE": 30.7074, "ARG_OF_PERICENTER": 336.7369, "MEAN_ANOMALY": 46.0803, "EPHEMERIS_TYPE": 0, "CLASSIFICATION_TYPE": "U", "NORAD_CAT_ID": 33870, "ELEMENT_SET_NO": 999, "REV_AT_EPOCH": 89065, "BSTAR": 0.00070970373, "MEAN_MOTION_DOT": 2.565e-05, "MEAN_MOTION_DDOT": 0}, "tle": {"line1": "1 33870U 97051AP  26045.96684137  .00002565  00000+0  70970-3 0  9997", "line2": "2 33870  86.3737  30.7074 0019847 336.7369  46.0803 14.46253611890656"}}, "geometry": {"type": "Point", "coordinates": [-150.31935766186135, 12.076125657786783]}}, {"type": "Feature", "properties": {"norad_id": 33881, "name": "IRIDIUM 33 DEB", "group": "iridium-33-debris", "lat": 25.474058179070337, "lon": -103.19653013375458, "alt_km": 735.5643976318815, "timestamp": "2026-02-15T13:09:26.105620+00:00", "meta": {"OBJECT_NAME": "IRIDIUM 33 DEB", "OBJECT_ID": "1997-051BA", "EPOCH": "2026-02-14T01:59:40.124256", "MEAN_MOTION": 14.58256552, "ECCENTRICITY": 0.00549159, "INCLINATION": 86.3821, "RA_OF_ASC_NODE": 79.17, "ARG_OF_PERICENTER": 324.6958, "MEAN_ANOMALY": 63.2505, "EPHEMERIS_TYPE": 0, "CLASSIFICATION_TYPE": "U", "NORAD_CAT_ID": 33881, "ELEMENT_SET_NO": 999, "REV_AT_EPOCH": 88423, "BSTAR": 0.0027106223, "MEAN_MOTION_DOT": 0.00012815, "MEAN_MOTION_DDOT": 0}, "tle": {"line1": "1 33881U 97051BA  26045.08310329  .00012815  00000+0  27106-2 0  9992", "line2": "2 33881  86.3821  79.1700 0054915 324.6958  63.2505 14.58256552884237"}}, "geometry": {"type": "Point", "coordinates": [-103.19653013375458, 25.474058179070337]}}, {"type": "Feature", "properties": {"norad_id": 33884, "name": "IRIDIUM 33 DEB", "group": "iridium-33-debris", "lat": -46.48895104412933, "lon": -23.30259604131867, "alt_km": 643.6039164448057, "timestamp": "2026-02-15T13:09:26.105631+00:00", "meta": {"OBJECT_NAME": "IRIDIUM 33 DEB", "OBJECT_ID": "1997-051BD", "EPOCH": "2026-02-15T07:35:29.687712", "MEAN_MOTION": 14.79513869, "ECCENTRICITY": 0.00141248, "INCLINATION": 86.3722, "RA_OF_ASC_NODE": 340.6343, "ARG_OF_PERICENTER": 80.7935, "MEAN_ANOMALY": 78.4529, "EPHEMERIS_TYPE": 0, "CLASSIFICATION_TYPE": "U", "NORAD_CAT_ID": 33884, "ELEMENT_SET_NO": 999, "REV_AT_EPOCH": 89801, "BSTAR": 0.0026660986, "MEAN_MOTION_DOT": 0.00020025, "MEAN_MOTION_DDOT": 0}, "tle": {"line1": "1 33884U 97051BD  26046.31631583  .00020025  00000+0  26661-2 0  9997", "line2": "2 33884  86.3722 340.6343 0014124  80.7935  78.4529 14.79513869898017"}}, "geometry": {"type": "Point", "coordinates": [-23.30259604131867, -46.48895104412933]}}, {"type": "Feature", "properties": {"norad_id": 33886, "name": "IRIDIUM 33 DEB", "group": "iridium-33-debris", "lat": 68.64899961506494, "lon": -149.39037580843598, "alt_km": 760.8226686176622, "timestamp": "2026-02-15T13:09:26.105642+00:00", "meta": {"OBJECT_NAME": "IRIDIUM 33 DEB", "OBJECT_ID": "1997-051BF", "EPOCH": "2026-02-15T01:15:15.918048", "MEAN_MOTION": 14.36138055, "ECCENTRICITY": 0.00155804, "INCLINATION": 86.3804, "RA_OF_ASC_NODE": 40.1373, "ARG_OF_PERICENTER": 42.9382, "MEAN_ANOMALY": 25.4179, "EPHEMERIS_TYPE": 0, "CLASSIFICATION_TYPE": "U", "NORAD_CAT_ID": 33886, "ELEMENT_SET_NO": 999, "REV_AT_EPOCH": 88975, "BSTAR": 0.00018375118, "MEAN_MOTION_DOT": 5.55e-06, "MEAN_MOTION_DDOT": 0}, "tle": {"line1": "1 33886U 97051BF  26046.05226757  .00000555  00000+0  18375-3 0  9993", "line2": "2 33886  86.3804  40.1373 0015580  42.9382  25.4179 14.36138055889755"}}, "geometry": {"type": "Point", "coordinates": [-149.39037580843598, 68.64899961506494]}}, {"type": "Feature", "properties": {"norad_id": 33887, "name": "IRIDIUM 33 DEB", "group": "iridium-33-debris", "lat": -41.36604183399178, "lon": -27.78130098897568, "alt_km": 773.5204140673741, "timestamp": "2026-02-15T13:09:26.105652+00:00", "meta": {"OBJECT_NAME": "IRIDIUM 33 DEB", "OBJECT_ID": "1997-051BG", "EPOCH": "2026-02-15T07:12:12.426048", "MEAN_MOTION": 14.37302541, "ECCENTRICITY": 0.00076615, "INCLINATION": 86.3093, "RA_OF_ASC_NODE": 335.5837, "ARG_OF_PERICENTER": 43.6137, "MEAN_ANOMALY": 72.2993, "EPHEMERIS_TYPE": 0, "CLASSIFICATION_TYPE": "U", "NORAD_CAT_ID": 33887, "ELEMENT_SET_NO": 999, "REV_AT_EPOCH": 89092, "BSTAR": 0.00018897932, "MEAN_MOTION_DOT": 5.83e-06, "MEAN_MOTION_DDOT": 0}, "tle": {"line1": "1 33887U 97051BG  26046.30014382  .00000583  00000+0  18898-3 0  9992", "line2": "2 33887  86.3093 335.5837 0007661  43.6137  72.2993 14.37302541890928"}}, "geometry": {"type": "Point", "coordinates": [-27.78130098897568, -41.36604183399178]}}, {"type": "Feature", "properties": {"norad_id": 33953, "name": "IRIDIUM 33 DEB", "group": "iridium-33-debris", "lat": 28.42145666810407, "lon": -156.33904094744224, "alt_km": 703.8967409898623, "timestamp": "2026-02-15T13:09:26.105663+00:00", "meta": {"OBJECT_NAME": "IRIDIUM 33 DEB", "OBJECT_ID": "1997-051BN", "EPOCH": "2026-02-14T21:45:13.156128", "MEAN_MOTION": 14.56128876, "ECCENTRICITY": 0.00132956, "INCLINATION": 86.3839, "RA_OF_ASC_NODE": 25.9011, "ARG_OF_PERICENTER": 239.9778, "MEAN_ANOMALY": 149.3096, "EPHEMERIS_TYPE": 0, "CLASSIFICATION_TYPE": "U", "NORAD_CAT_ID": 33953, "ELEMENT_SET_NO": 999, "REV_AT_EPOCH": 89237, "BSTAR": 0.00098301789, "MEAN_MOTION_DOT": 4.361e-05, "MEAN_MOTION_DDOT": 0}, "tle": {"line1": "1 33953U 97051BN  26045.90640227  .00004361  00000+0  98302-3 0  9990", "line2": "2 33953  86.3839  25.9011 0013295 239.9778 149.3096 14.56128876892374"}}, "geometry": {"type": "Point", "coordinates": [-156.33904094744224, 28.42145666810407]}}, {"type": "Feature", "properties": {"norad_id": 33960, "name": "IRIDIUM 33 DEB", "group": "iridium-33-debris", "lat": 86.246295776337, "lon": -13.090070439851663, "alt_km": 592.958961347802, "timestamp": "2026-02-15T13:09:26.105675+00:00", "meta": {"OBJECT_NAME": "IRIDIUM 33 DEB", "OBJECT_ID": "1997-051BV", "EPOCH": "2026-02-15T02:11:22.626240", "MEAN_MOTION": 14.89123195, "ECCENTRICITY": 8.708e-05, "INCLINATION": 86.251, "RA_OF_ASC_NODE": 259.0764, "ARG_OF_PERICENTER": 163.5441, "MEAN_ANOMALY": 358.1264, "EPHEMERIS_TYPE": 0, "CLASSIFICATION_TYPE": "U", "NORAD_CAT_ID": 33960, "ELEMENT_SET_NO": 999, "REV_AT_EPOCH": 89823, "BSTAR": 0.0018672553, "MEAN_MOTION_DOT": 0.00017663, "MEAN_MOTION_DDOT": 0}, "tle": {"line1": "1 33960U 97051BV  26046.09123410  .00017663  00000+0  18673-2 0  9990", "line2": "2 33960  86.2510 259.0764 0000870 163.5441 358.1264 14.89123195898239"}}, "geometry": {"type": "Point", "coordinates": [-13.090070439851663, 86.246295776337]}}, {"type": "Feature", "properties": {"norad_id": 33966, "name": "IRIDIUM 33 DEB", "group": "iridium-33-debris", "lat": -29.912407518924976, "lon": 16.118179596923053, "alt_km": 727.4766724453202, "timestamp": "2026-02-15T13:09:26.105688+00:00", "meta": {"OBJECT_NAME": "IRIDIUM 33 DEB", "OBJECT_ID": "1997-051CB", "EPOCH": "2026-02-14T22:29:06.216000", "MEAN_MOTION": 14.49926619, "ECCENTRICITY": 0.00077898, "INCLINATION": 86.3934, "RA_OF_ASC_NODE": 18.46, "ARG_OF_PERICENTER": 8.8842, "MEAN_ANOMALY": 12.3043, "EPHEMERIS_TYPE": 0, "CLASSIFICATION_TYPE": "U", "NORAD_CAT_ID": 33966, "ELEMENT_SET_NO": 999, "REV_AT_EPOCH": 89372, "BSTAR": 0.00052276528, "MEAN_MOTION_DOT": 2.041e-05, "MEAN_MOTION_DDOT": 0}, "tle": {"line1": "1 33966U 97051CB  26045.93687750  .00002041  00000+0  52277-3 0  9993", "line2": "2 33966  86.3934  18.4600 0007789   8.8842  12.3043 14.49926619893725"}}, "geometry": {"type": "Point", "coordinates": [16.118179596923053, -29.912407518924976]}}, {"type": "Feature", "properties": {"norad_id": 34071, "name": "IRIDIUM 33 DEB", "group": "iridium-33-debris", "lat": 15.644251324395901, "lon": -9.319808877795731, "alt_km": 728.7978241154806, "timestamp": "2026-02-15T13:09:26.105699+00:00", "meta": {"OBJECT_NAME": "IRIDIUM 33 DEB", "OBJECT_ID": "1997-051CE", "EPOCH": "2026-02-15T06:27:34.784640", "MEAN_MOTION": 14.49883654, "ECCENTRICITY": 0.00050545, "INCLINATION": 86.3495, "RA_OF_ASC_NODE": 349.777, "ARG_OF_PERICENTER": 253.9087, "MEAN_ANOMALY": 106.1561, "EPHEMERIS_TYPE": 0, "CLASSIFICATION_TYPE": "U", "NORAD_CAT_ID": 34071, "ELEMENT_SET_NO": 999, "REV_AT_EPOCH": 89269, "BSTAR": 0.00080671472, "MEAN_MOTION_DOT": 3.135e-05, "MEAN_MOTION_DDOT": 0}, "tle": {"line1": "1 34071U 97051CE  26046.26915260  .00003135  00000+0  80671-3 0  9992", "line2": "2 34071  86.3495 349.7770 0005054 253.9087 106.1561 14.49883654892693"}}, "geometry": {"type": "Point", "coordinates": [-9.319808877795731, 15.644251324395901]}}, {"type": "Feature", "properties": {"norad_id": 34077, "name": "IRIDIUM 33 DEB", "group": "iridium-33-debris", "lat": -59.98756188192444, "lon": 16.6369861241858, "alt_km": 686.7901839249025, "timestamp": "2026-02-15T13:09:26.105709+00:00", "meta": {"OBJECT_NAME": "IRIDIUM 33 DEB", "OBJECT_ID": "1997-051CL", "EPOCH": "2026-02-14T22:59:05.114976", "MEAN_MOTION": 14.66154119, "ECCENTRICITY": 0.00099214, "INCLINATION": 86.3853, "RA_OF_ASC_NODE": 23.1804, "ARG_OF_PERICENTER": 149.3766, "MEAN_ANOMALY": 275.6098, "EPHEMERIS_TYPE": 0, "CLASSIFICATION_TYPE": "U", "NORAD_CAT_ID": 34077, "ELEMENT_SET_NO": 999, "REV_AT_EPOCH": 89273, "BSTAR": 0.0013451654, "MEAN_MOTION_DOT": 7.423e-05, "MEAN_MOTION_DDOT": 0}, "tle": {"line1": "1 34077U 97051CL  26045.95769809  .00007423  00000+0  13452-2 0  9995", "line2": "2 34077  86.3853  23.1804 0009921 149.3766 275.6098 14.66154119892735"}}, "geometry": {"type": "Point", "coordinates": [16.6369861241858, -59.98756188192444]}}, {"type": "Feature", "properties": {"norad_id": 34079, "name": "IRIDIUM 33 DEB", "group": "iridium-33-debris", "lat": 64.09602407372478, "lon": 151.6429654891488, "alt_km": 596.8593283902846, "timestamp": "2026-02-15T13:09:26.105720+00:00", "meta": {"OBJECT_NAME": "IRIDIUM 33 DEB", "OBJECT_ID": "1997-051CN", "EPOCH": "2026-02-15T06:53:42.414144", "MEAN_MOTION": 14.86249207, "ECCENTRICITY": 0.00098774, "INCLINATION": 86.38, "RA_OF_ASC_NODE": 339.2521, "ARG_OF_PERICENTER": 100.0624, "MEAN_ANOMALY": 60.3798, "EPHEMERIS_TYPE": 0, "CLASSIFICATION_TYPE": "U", "NORAD_CAT_ID": 34079, "ELEMENT_SET_NO": 999, "REV_AT_EPOCH": 89935, "BSTAR": 0.0024359887, "MEAN_MOTION_DOT": 0.00021497, "MEAN_MOTION_DDOT": 0}, "tle": {"line1": "1 34079U 97051CN  26046.28729646  .00021497  00000+0  24360-2 0  9996", "line2": "2 34079  86.3800 339.2521 0009877 100.0624  60.3798 14.86249207899359"}}, "geometry": {"type": "Point", "coordinates": [151.6429654891488, 64.09602407372478]}}, {"type": "Feature", "properties": {"norad_id": 34088, "name": "IRIDIUM 33 DEB", "group": "iridium-33-debris", "lat": 71.3905369514819, "lon": 11.662253771352418, "alt_km": 568.4643840514073, "timestamp": "2026-02-15T13:09:26.105731+00:00", "meta": {"OBJECT_NAME": "IRIDIUM 33 DEB", "OBJECT_ID": "1997-051CX", "EPOCH": "2026-02-15T07:07:37.369920", "MEAN_MOTION": 14.96160035, "ECCENTRICITY": 0.00055488, "INCLINATION": 86.3851, "RA_OF_ASC_NODE": 0.9571, "ARG_OF_PERICENTER": 45.554, "MEAN_ANOMALY": 113.7557, "EPHEMERIS_TYPE": 0, "CLASSIFICATION_TYPE": "U", "NORAD_CAT_ID": 34088, "ELEMENT_SET_NO": 999, "REV_AT_EPOCH": 89705, "BSTAR": 0.0044738551, "MEAN_MOTION_DOT": 0.00050707, "MEAN_MOTION_DDOT": 0}, "tle": {"line1": "1 34088U 97051CX  26046.29696030  .00050707  00000+0  44739-2 0  9995", "line2": "2 34088  86.3851   0.9571 0005548  45.5540 113.7557 14.96160035897056"}}, "geometry": {"type": "Point", "coordinates": [11.662253771352418, 71.3905369514819]}}, {"type": "Feature", "properties": {"norad_id": 34091, "name": "IRIDIUM 33 DEB", "group": "iridium-33-debris", "lat": 4.9587159841601025, "lon": 37.33477446422139, "alt_km": 596.9722804940693, "timestamp": "2026-02-15T13:09:26.105742+00:00", "meta": {"OBJECT_NAME": "IRIDIUM 33 DEB", "OBJECT_ID": "1997-051DA", "EPOCH": "2026-02-14T22:36:19.946592", "MEAN_MOTION": 14.875975, "ECCENTRICITY": 0.00366579, "INCLINATION": 86.3418, "RA_OF_ASC_NODE": 37.2969, "ARG_OF_PERICENTER": 72.4336, "MEAN_ANOMALY": 288.0888, "EPHEMERIS_TYPE": 0, "CLASSIFICATION_TYPE": "U", "NORAD_CAT_ID": 34091, "ELEMENT_SET_NO": 999, "REV_AT_EPOCH": 88819, "BSTAR": 0.0031458239, "MEAN_MOTION_DOT": 0.00029044, "MEAN_MOTION_DDOT": 0}, "tle": {"line1": "1 34091U 97051DA  26045.94189753  .00029044  00000+0  31458-2 0  9993", "line2": "2 34091  86.3418  37.2969 0036657  72.4336 288.0888 14.87597500888199"}}, "geometry": {"type": "Point", "coordinates": [37.33477446422139, 4.9587159841601025]}}, {"type": "Feature", "properties": {"norad_id": 34097, "name": "IRIDIUM 33 DEB", "group": "iridium-33-debris", "lat": -44.06806408164071, "lon": 156.4821821940247, "alt_km": 766.4933504561413, "timestamp": "2026-02-15T13:09:26.105752+00:00", "meta": {"OBJECT_NAME": "IRIDIUM 33 DEB", "OBJECT_ID": "1997-051DG", "EPOCH": "2026-02-15T05:25:50.071008", "MEAN_MOTION": 14.35391846, "ECCENTRICITY": 0.00819722, "INCLINATION": 86.203, "RA_OF_ASC_NODE": 332.9385, "ARG_OF_PERICENTER": 148.5367, "MEAN_ANOMALY": 212.077, "EPHEMERIS_TYPE": 0, "CLASSIFICATION_TYPE": "U", "NORAD_CAT_ID": 34097, "ELEMENT_SET_NO": 999, "REV_AT_EPOCH": 88044, "BSTAR": 0.0011824499, "MEAN_MOTION_DOT": 3.544e-05, "MEAN_MOTION_DDOT": 0}, "tle": {"line1": "1 34097U 97051DG  26046.22627397  .00003544  00000+0  11824-2 0  9994", "line2": "2 34097  86.2030 332.9385 0081972 148.5367 212.0770 14.35391846880445"}}, "geometry": {"type": "Point", "coordinates": [156.4821821940247, -44.06806408164071]}}, {"type": "Feature", "properties": {"norad_id": 34145, "name": "IRIDIUM 33 DEB", "group": "iridium-33-debris", "lat": 84.85064651215579, "lon": -9.024687823167763, "alt_km": 773.3978517571504, "timestamp": "2026-02-15T13:09:26.105763+00:00", "meta": {"OBJECT_NAME": "IRIDIUM 33 DEB", "OBJECT_ID": "1997-051DY", "EPOCH": "2026-02-14T21:46:31.857024", "MEAN_MOTION": 14.42957828, "ECCENTRICITY": 0.00503449, "INCLINATION": 86.2124, "RA_OF_ASC_NODE": 303.9439, "ARG_OF_PERICENTER": 242.2651, "MEAN_ANOMALY": 117.3439, "EPHEMERIS_TYPE": 0, "CLASSIFICATION_TYPE": "U", "NORAD_CAT_ID": 34145, "ELEMENT_SET_NO": 999, "REV_AT_EPOCH": 88563, "BSTAR": 0.00073659924, "MEAN_MOTION_DOT": 2.52e-05, "MEAN_MOTION_DDOT": 0}, "tle": {"line1": "1 34145U 97051DY  26045.90731316  .00002520  00000+0  73660-3 0  9999", "line2": "2 34145  86.2124 303.9439 0050344 242.2651 117.3439 14.42957828885639"}}, "geometry": {"type": "Point", "coordinates": [-9.024687823167763, 84.85064651215579]}}, {"type": "Feature", "properties": {"norad_id": 34146, "name": "IRIDIUM 33 DEB", "group": "iridium-33-debris", "lat": -22.579399964711246, "lon": 142.72040571845747, "alt_km": 752.3053236974447, "timestamp": "2026-02-15T13:09:26.105776+00:00", "meta": {"OBJECT_NAME": "IRIDIUM 33 DEB", "OBJECT_ID": "1997-051DZ", "EPOCH": "2026-02-15T06:09:59.195232", "MEAN_MOTION": 14.49610063, "ECCENTRICITY": 0.002831, "INCLINATION": 86.2861, "RA_OF_ASC_NODE": 321.3013, "ARG_OF_PERICENTER": 15.0898, "MEAN_ANOMALY": 108.352, "EPHEMERIS_TYPE": 0, "CLASSIFICATION_TYPE": "U", "NORAD_CAT_ID": 34146, "ELEMENT_SET_NO": 999, "REV_AT_EPOCH": 89041, "BSTAR": 0.0009863075, "MEAN_MOTION_DOT": 3.826e-05, "MEAN_MOTION_DDOT": 0}, "tle": {"line1": "1 34146U 97051DZ  26046.25693513  .00003826  00000+0  98631-3 0  9990", "line2": "2 34146  86.2861 321.3013 0028310  15.0898 108.3520 14.49610063890414"}}, "geometry": {"type": "Point", "coordinates": [142.72040571845747, -22.579399964711246]}}, {"type": "Feature", "properties": {"norad_id": 34159, "name": "IRIDIUM 33 DEB", "group": "iridium-33-debris", "lat": -63.69142993907928, "lon": 13.17968828215207, "alt_km": 786.471045308389, "timestamp": "2026-02-15T13:09:26.105786+00:00", "meta": {"OBJECT_NAME": "IRIDIUM 33 DEB", "OBJECT_ID": "1997-051EN", "EPOCH": "2026-02-14T22:25:52.310208", "MEAN_MOTION": 14.38680815, "ECCENTRICITY": 0.00303465, "INCLINATION": 86.3516, "RA_OF_ASC_NODE": 20.8559, "ARG_OF_PERICENTER": 77.1196, "MEAN_ANOMALY": 283.3389, "EPHEMERIS_TYPE": 0, "CLASSIFICATION_TYPE": "U", "NORAD_CAT_ID": 34159, "ELEMENT_SET_NO": 999, "REV_AT_EPOCH": 88882, "BSTAR": 0.000392881, "MEAN_MOTION_DOT": 1.23e-05, "MEAN_MOTION_DDOT": 0}, "tle": {"line1": "1 34159U 97051EN  26045.93463322  .00001230  00000+0  39288-3 0  9991", "line2": "2 34159  86.3516  20.8559 0030346  77.1196 283.3389 14.38680815888823"}}, "geometry": {"type": "Point", "coordinates": [13.17968828215207, -63.69142993907928]}}, {"type": "Feature", "properties": {"norad_id": 34350, "name": "IRIDIUM 33 DEB", "group": "iridium-33-debris", "lat": 43.68347331655381, "lon": 151.18096313639393, "alt_km": 748.2304143904576, "timestamp": "2026-02-15T13:09:26.105805+00:00", "meta": {"OBJECT_NAME": "IRIDIUM 33 DEB", "OBJECT_ID": "1997-051ES", "EPOCH": "2026-02-15T06:26:51.997632", "MEAN_MOTION": 14.45632174, "ECCENTRICITY": 0.00189941, "INCLINATION": 86.332, "RA_OF_ASC_NODE": 334.8146, "ARG_OF_PERICENTER": 288.3674, "MEAN_ANOMALY": 193.874, "EPHEMERIS_TYPE": 0, "CLASSIFICATION_TYPE": "U", "NORAD_CAT_ID": 34350, "ELEMENT_SET_NO": 999, "REV_AT_EPOCH": 89225, "BSTAR": 0.00048516201, "MEAN_MOTION_DOT": 1.737e-05, "MEAN_MOTION_DDOT": 0}, "tle": {"line1": "1 34350U 97051ES  26046.26865738  .00001737  00000+0  48516-3 0  9994", "line2": "2 34350  86.3320 334.8146 0018994 288.3674 193.8740 14.45632174892252"}}, "geometry": {"type": "Point", "coordinates": [151.18096313639393, 43.68347331655381]}}, {"type": "Feature", "properties": {"norad_id": 34366, "name": "IRIDIUM 33 DEB", "group": "iridium-33-debris", "lat": 11.838114237308485, "lon": 21.862436477932533, "alt_km": 710.1403729666763, "timestamp": "2026-02-15T13:09:26.105826+00:00", "meta": {"OBJECT_NAME": "IRIDIUM 33 DEB", "OBJECT_ID": "1997-051FJ", "EPOCH": "2026-02-14T09:38:01.199328", "MEAN_MOTION": 14.54750623, "ECCENTRICITY": 0.00178589, "INCLINATION": 86.3689, "RA_OF_ASC_NODE": 21.5991, "ARG_OF_PERICENTER": 292.1261, "MEAN_ANOMALY": 197.4969, "EPHEMERIS_TYPE": 0, "CLASSIFICATION_TYPE": "U", "NORAD_CAT_ID": 34366, "ELEMENT_SET_NO": 999, "REV_AT_EPOCH": 89107, "BSTAR": 0.0012767434, "MEAN_MOTION_DOT": 5.499e-05, "MEAN_MOTION_DDOT": 0}, "tle": {"line1": "1 34366U 97051FJ  26045.40140277  .00005499  00000+0  12767-2 0  9997", "line2": "2 34366  86.3689  21.5991 0017858 292.1261 197.4969 14.54750623891070"}}, "geometry": {"type": "Point", "coordinates": [21.862436477932533, 11.838114237308485]}}, {"type": "Feature", "properties": {"norad_id": 34375, "name": "IRIDIUM 33 DEB", "group": "iridium-33-debris", "lat": 73.30789523032519, "lon": -35.39801594925167, "alt_km": 896.5220553717791, "timestamp": "2026-02-15T13:09:26.105841+00:00", "meta": {"OBJECT_NAME": "IRIDIUM 33 DEB", "OBJECT_ID": "1997-051FT", "EPOCH": "2026-02-15T06:00:24.689664", "MEAN_MOTION": 14.18132023, "ECCENTRICITY": 0.00999602, "INCLINATION": 86.4365, "RA_OF_ASC_NODE": 156.716, "ARG_OF_PERICENTER": 282.0513, "MEAN_ANOMALY": 104.2574, "EPHEMERIS_TYPE": 0, "CLASSIFICATION_TYPE": "U", "NORAD_CAT_ID": 34375, "ELEMENT_SET_NO": 999, "REV_AT_EPOCH": 87626, "BSTAR": 0.00049995551, "MEAN_MOTION_DOT": 1.095e-05, "MEAN_MOTION_DDOT": 0}, "tle": {"line1": "1 34375U 97051FT  26046.25028576  .00001095  00000+0  49996-3 0  9991", "line2": "2 34375  86.4365 156.7160 0099960 282.0513 104.2574 14.18132023876263"}}, "geometry": {"type": "Point", "coordinates": [-35.39801594925167, 73.30789523032519]}}, {"type": "Feature", "properties": {"norad_id": 34376, "name": "IRIDIUM 33 DEB", "group": "iridium-33-debris", "lat": -27.764556259992695, "lon": 159.32906588000372, "alt_km": 691.7521765003012, "timestamp": "2026-02-15T13:09:26.105852+00:00", "meta": {"OBJECT_NAME": "IRIDIUM 33 DEB", "OBJECT_ID": "1997-051FU", "EPOCH": "2026-02-15T05:38:53.642976", "MEAN_MOTION": 14.64101476, "ECCENTRICITY": 0.00239093, "INCLINATION": 86.301, "RA_OF_ASC_NODE": 337.5182, "ARG_OF_PERICENTER": 319.4276, "MEAN_ANOMALY": 40.5153, "EPHEMERIS_TYPE": 0, "CLASSIFICATION_TYPE": "U", "NORAD_CAT_ID": 34376, "ELEMENT_SET_NO": 999, "REV_AT_EPOCH": 88950, "BSTAR": 0.0024155158, "MEAN_MOTION_DOT": 0.00012769, "MEAN_MOTION_DDOT": 0}, "tle": {"line1": "1 34376U 97051FU  26046.23534309  .00012769  00000+0  24155-2 0  9995", "line2": "2 34376  86.3010 337.5182 0023909 319.4276  40.5153 14.64101476889509"}}, "geometry": {"type": "Point", "coordinates": [159.32906588000372, -27.764556259992695]}}, {"type": "Feature", "properties": {"norad_id": 34486, "name": "IRIDIUM 33 DEB", "group": "iridium-33-debris", "lat": -48.19282120249518, "lon": 166.05094300157532, "alt_km": 568.6799279906672, "timestamp": "2026-02-15T13:09:26.105863+00:00", "meta": {"OBJECT_NAME": "IRIDIUM 33 DEB", "OBJECT_ID": "1997-051GB", "EPOCH": "2026-02-15T06:25:05.713536", "MEAN_MOTION": 15.00559017, "ECCENTRICITY": 0.00048687, "INCLINATION": 86.396, "RA_OF_ASC_NODE": 342.1401, "ARG_OF_PERICENTER": 228.7281, "MEAN_ANOMALY": 283.6692, "EPHEMERIS_TYPE": 0, "CLASSIFICATION_TYPE": "U", "NORAD_CAT_ID": 34486, "ELEMENT_SET_NO": 999, "REV_AT_EPOCH": 89952, "BSTAR": 0.0034774979, "MEAN_MOTION_DOT": 0.00044117, "MEAN_MOTION_DDOT": 0}, "tle": {"line1": "1 34486U 97051GB  26046.26742724  .00044117  00000+0  34775-2 0  9993", "line2": "2 34486  86.3960 342.1401 0004868 228.7281 283.6692 15.00559017899522"}}, "geometry": {"type": "Point", "coordinates": [166.05094300157532, -48.19282120249518]}}, {"type": "Feature", "properties": {"norad_id": 34487, "name": "IRIDIUM 33 DEB", "group": "iridium-33-debris", "lat": 74.20872090041264, "lon": 151.4305098695187, "alt_km": 760.738577605779, "timestamp": "2026-02-15T13:09:26.105874+00:00", "meta": {"OBJECT_NAME": "IRIDIUM 33 DEB", "OBJECT_ID": "1997-051GC", "EPOCH": "2026-02-15T06:43:34.209984", "MEAN_MOTION": 14.4334696, "ECCENTRICITY": 0.00287128, "INCLINATION": 86.3482, "RA_OF_ASC_NODE": 344.5969, "ARG_OF_PERICENTER": 278.4107, "MEAN_ANOMALY": 235.523, "EPHEMERIS_TYPE": 0, "CLASSIFICATION_TYPE": "U", "NORAD_CAT_ID": 34487, "ELEMENT_SET_NO": 999, "REV_AT_EPOCH": 89179, "BSTAR": 0.0002783648, "MEAN_MOTION_DOT": 9.62e-06, "MEAN_MOTION_DDOT": 0}, "tle": {"line1": "1 34487U 97051GC  26046.28025706  .00000962  00000+0  27836-3 0  9991", "line2": "2 34487  86.3482 344.5969 0028712 278.4107 235.5230 14.43346960891792"}}, "geometry": {"type": "Point", "coordinates": [151.4305098695187, 74.20872090041264]}}, {"type": "Feature", "properties": {"norad_id": 34488, "name": "IRIDIUM 33 DEB", "group": "iridium-33-debris", "lat": -31.378814822462957, "lon": -89.26304316394476, "alt_km": 377.2376611609752, "timestamp": "2026-02-15T13:09:26.105890+00:00", "meta": {"OBJECT_NAME": "IRIDIUM 33 DEB", "OBJECT_ID": "1997-051GD", "EPOCH": "2026-02-15T02:33:34.692192", "MEAN_MOTION": 15.66335074, "ECCENTRICITY": 0.00082834, "INCLINATION": 86.3113, "RA_OF_ASC_NODE": 273.2241, "ARG_OF_PERICENTER": 92.295, "MEAN_ANOMALY": 267.9267, "EPHEMERIS_TYPE": 0, "CLASSIFICATION_TYPE": "U", "NORAD_CAT_ID": 34488, "ELEMENT_SET_NO": 999, "REV_AT_EPOCH": 90232, "BSTAR": 0.0051835532, "MEAN_MOTION_DOT": 0.00573173, "MEAN_MOTION_DDOT": 0}, "tle": {"line1": "1 34488U 97051GD  26046.10665153  .00573173  00000+0  51836-2 0  9994", "line2": "2 34488  86.3113 273.2241 0008283  92.2950 267.9267 15.66335074902325"}}, "geometry": {"type": "Point", "coordinates": [-89.26304316394476, -31.378814822462957]}}, {"type": "Feature", "properties": {"norad_id": 34492, "name": "IRIDIUM 33 DEB", "group": "iridium-33-debris", "lat": -42.438076926128325, "lon": 131.64305341964584, "alt_km": 941.0159398520882, "timestamp": "2026-02-15T13:09:26.105901+00:00", "meta": {"OBJECT_NAME": "IRIDIUM 33 DEB", "OBJECT_ID": "1997-051GH", "EPOCH": "2026-02-15T04:24:18.762336", "MEAN_MOTION": 14.27176584, "ECCENTRICITY": 0.01899069, "INCLINATION": 86.4713, "RA_OF_ASC_NODE": 308.5564, "ARG_OF_PERICENTER": 31.404, "MEAN_ANOMALY": 119.0755, "EPHEMERIS_TYPE": 0, "CLASSIFICATION_TYPE": "U", "NORAD_CAT_ID": 34492, "ELEMENT_SET_NO": 999, "REV_AT_EPOCH": 85977, "BSTAR": 0.0030718198, "MEAN_MOTION_DOT": 9.105e-05, "MEAN_MOTION_DDOT": 0}, "tle": {"line1": "1 34492U 97051GH  26046.18355049  .00009105  00000+0  30718-2 0  9992", "line2": "2 34492  86.4713 308.5564 0189906  31.4040 119.0755 14.27176584859778"}}, "geometry": {"type": "Point", "coordinates": [131.64305341964584, -42.438076926128325]}}, {"type": "Feature", "properties": {"norad_id": 34497, "name": "IRIDIUM 33 DEB", "group": "iridium-33-debris", "lat": 14.379537297288953, "lon": 25.652857636745523, "alt_km": 823.5281644442875, "timestamp": "2026-02-15T13:09:26.105924+00:00", "meta": {"OBJECT_NAME": "IRIDIUM 33 DEB", "OBJECT_ID": "1997-051GN", "EPOCH": "2026-02-14T09:12:30.149856", "MEAN_MOTION": 14.27691923, "ECCENTRICITY": 0.00812979, "INCLINATION": 86.2778, "RA_OF_ASC_NODE": 25.1941, "ARG_OF_PERICENTER": 132.0095, "MEAN_ANOMALY": 21.7579, "EPHEMERIS_TYPE": 0, "CLASSIFICATION_TYPE": "U", "NORAD_CAT_ID": 34497, "ELEMENT_SET_NO": 999, "REV_AT_EPOCH": 87791, "BSTAR": 0.00063631872, "MEAN_MOTION_DOT": 1.644e-05, "MEAN_MOTION_DDOT": 0}, "tle": {"line1": "1 34497U 97051GN  26045.38368229  .00001644  00000+0  63632-3 0  9994", "line2": "2 34497  86.2778  25.1941 0081297 132.0095  21.7579 14.27691923877913"}}, "geometry": {"type": "Point", "coordinates": [25.652857636745523, 14.379537297288953]}}, {"type": "Feature", "properties": {"norad_id": 34508, "name": "IRIDIUM 33 DEB", "group": "iridium-33-debris", "lat": -65.8448413902557, "lon": -96.7094179137329, "alt_km": 758.6225303418869, "timestamp": "2026-02-15T13:09:26.105947+00:00", "meta": {"OBJECT_NAME": "IRIDIUM 33 DEB", "OBJECT_ID": "1997-051GZ", "EPOCH": "2026-02-15T01:59:54.242880", "MEAN_MOTION": 14.38960657, "ECCENTRICITY": 0.00625127, "INCLINATION": 86.3657, "RA_OF_ASC_NODE": 75.3409, "ARG_OF_PERICENTER": 324.1556, "MEAN_ANOMALY": 35.5455, "EPHEMERIS_TYPE": 0, "CLASSIFICATION_TYPE": "U", "NORAD_CAT_ID": 34508, "ELEMENT_SET_NO": 999, "REV_AT_EPOCH": 88234, "BSTAR": 0.00083395292, "MEAN_MOTION_DOT": 2.648e-05, "MEAN_MOTION_DDOT": 0}, "tle": {"line1": "1 34508U 97051GZ  26046.08326670  .00002648  00000+0  83395-3 0  9992", "line2": "2 34508  86.3657  75.3409 0062512 324.1556  35.5455 14.38960657882348"}}, "geometry": {"type": "Point", "coordinates": [-96.7094179137329, -65.8448413902557]}}, {"type": "Feature", "properties": {"norad_id": 34521, "name": "IRIDIUM 33 DEB", "group": "iridium-33-debris", "lat": 34.34197364206964, "lon": 179.515700269435, "alt_km": 677.3933026286741, "timestamp": "2026-02-15T13:09:26.105965+00:00", "meta": {"OBJECT_NAME": "IRIDIUM 33 DEB", "OBJECT_ID": "1997-051HN", "EPOCH": "2026-02-14T20:05:41.576064", "MEAN_MOTION": 14.64295201, "ECCENTRICITY": 0.00065015, "INCLINATION": 86.3808, "RA_OF_ASC_NODE": 2.3074, "ARG_OF_PERICENTER": 55.3751, "MEAN_ANOMALY": 304.8073, "EPHEMERIS_TYPE": 0, "CLASSIFICATION_TYPE": "U", "NORAD_CAT_ID": 34521, "ELEMENT_SET_NO": 999, "REV_AT_EPOCH": 89410, "BSTAR": 0.0011943331, "MEAN_MOTION_DOT": 6.322e-05, "MEAN_MOTION_DDOT": 0}, "tle": {"line1": "1 34521U 97051HN  26045.83728676  .00006322  00000+0  11943-2 0  9993", "line2": "2 34521  86.3808   2.3074 0006501  55.3751 304.8073 14.64295201894105"}}, "geometry": {"type": "Point", "coordinates": [179.515700269435, 34.34197364206964]}}, {"type": "Feature", "properties": {"norad_id": 34525, "name": "IRIDIUM 33 DEB", "group": "iridium-33-debris", "lat": 15.581477891044969, "lon": -161.84623453412195, "alt_km": 748.0325550854932, "timestamp": "2026-02-15T13:09:26.105986+00:00", "meta": {"OBJECT_NAME": "IRIDIUM 33 DEB", "OBJECT_ID": "1997-051HS", "EPOCH": "2026-02-14T21:34:04.096128", "MEAN_MOTION": 14.43105778, "ECCENTRICITY": 0.00024323, "INCLINATION": 86.3738, "RA_OF_ASC_NODE": 19.4442, "ARG_OF_PERICENTER": 219.2057, "MEAN_ANOMALY": 172.6553, "EPHEMERIS_TYPE": 0, "CLASSIFICATION_TYPE": "U", "NORAD_CAT_ID": 34525, "ELEMENT_SET_NO": 999, "REV_AT_EPOCH": 89013, "BSTAR": 0.00036665955, "MEAN_MOTION_DOT": 1.249e-05, "MEAN_MOTION_DDOT": 0}, "tle": {"line1": "1 34525U 97051HS  26045.89865852  .00001249  00000+0  36666-3 0  9994", "line2": "2 34525  86.3738  19.4442 0002432 219.2057 172.6553 14.43105778890137"}}, "geometry": {"type": "Point", "coordinates": [-161.84623453412195, 15.581477891044969]}}, {"type": "Feature", "properties": {"norad_id": 34529, "name": "IRIDIUM 33 DEB", "group": "iridium-33-debris", "lat": -52.32462846661132, "lon": -167.50189713143246, "alt_km": 766.2597962398077, "timestamp": "2026-02-15T13:09:26.106003+00:00", "meta": {"OBJECT_NAME": "IRIDIUM 33 DEB", "OBJECT_ID": "1997-051HW", "EPOCH": "2026-02-15T07:04:51.278880", "MEAN_MOTION": 14.40705177, "ECCENTRICITY": 0.00054178, "INCLINATION": 86.3667, "RA_OF_ASC_NODE": 7.8861, "ARG_OF_PERICENTER": 15.0716, "MEAN_ANOMALY": 345.0643, "EPHEMERIS_TYPE": 0, "CLASSIFICATION_TYPE": "U", "NORAD_CAT_ID": 34529, "ELEMENT_SET_NO": 999, "REV_AT_EPOCH": 89071, "BSTAR": 0.00025938948, "MEAN_MOTION_DOT": 8.48e-06, "MEAN_MOTION_DDOT": 0}, "tle": {"line1": "1 34529U 97051HW  26046.29503795  .00000848  00000+0  25939-3 0  9993", "line2": "2 34529  86.3667   7.8861 0005417  15.0716 345.0643 14.40705177890714"}}, "geometry": {"type": "Point", "coordinates": [-167.50189713143246, -52.32462846661132]}}, {"type": "Feature", "properties": {"norad_id": 34538, "name": "IRIDIUM 33 DEB", "group": "iridium-33-debris", "lat": -51.067316786697525, "lon": 161.7876303498289, "alt_km": 769.1710614772264, "timestamp": "2026-02-15T13:09:26.106022+00:00", "meta": {"OBJECT_NAME": "IRIDIUM 33 DEB", "OBJECT_ID": "1997-051JF", "EPOCH": "2026-02-15T06:08:13.672320", "MEAN_MOTION": 14.43144292, "ECCENTRICITY": 0.00360047, "INCLINATION": 86.2808, "RA_OF_ASC_NODE": 337.2973, "ARG_OF_PERICENTER": 108.7835, "MEAN_ANOMALY": 43.3165, "EPHEMERIS_TYPE": 0, "CLASSIFICATION_TYPE": "U", "NORAD_CAT_ID": 34538, "ELEMENT_SET_NO": 999, "REV_AT_EPOCH": 88686, "BSTAR": 0.0010627638, "MEAN_MOTION_DOT": 3.615e-05, "MEAN_MOTION_DDOT": 0}, "tle": {"line1": "1 34538U 97051JF  26046.25571380  .00003615  00000+0  10628-2 0  9997", "line2": "2 34538  86.2808 337.2973 0036004 108.7835  43.3165 14.43144292886868"}}, "geometry": {"type": "Point", "coordinates": [161.7876303498289, -51.067316786697525]}}, {"type": "Feature", "properties": {"norad_id": 34540, "name": "IRIDIUM 33 DEB", "group": "iridium-33-debris", "lat": 62.95164419272007, "lon": 90.67706634286976, "alt_km": 643.2691052427081, "timestamp": "2026-02-15T13:09:26.106039+00:00", "meta": {"OBJECT_NAME": "IRIDIUM 33 DEB", "OBJECT_ID": "1997-051JH", "EPOCH": "2026-02-14T15:46:45.317280", "MEAN_MOTION": 14.76954678, "ECCENTRICITY": 0.0015279, "INCLINATION": 86.3086, "RA_OF_ASC_NODE": 278.3495, "ARG_OF_PERICENTER": 314.0633, "MEAN_ANOMALY": 109.5965, "EPHEMERIS_TYPE": 0, "CLASSIFICATION_TYPE": "U", "NORAD_CAT_ID": 34540, "ELEMENT_SET_NO": 999, "REV_AT_EPOCH": 89964, "BSTAR": 0.0010459, "MEAN_MOTION_DOT": 7.401e-05, "MEAN_MOTION_DDOT": 0}, "tle": {"line1": "1 34540U 97051JH  26045.65746895  .00007401  00000+0  10459-2 0  9997", "line2": "2 34540  86.3086 278.3495 0015279 314.0633 109.5965 14.76954678899649"}}, "geometry": {"type": "Point", "coordinates": [90.67706634286976, 62.95164419272007]}}, {"type": "Feature", "properties": {"norad_id": 34648, "name": "IRIDIUM 33 DEB", "group": "iridium-33-debris", "lat": 16.227625247609833, "lon": 74.69572908749778, "alt_km": 806.1043506506685, "timestamp": "2026-02-15T13:09:26.106056+00:00", "meta": {"OBJECT_NAME": "IRIDIUM 33 DEB", "OBJECT_ID": "1997-051JZ", "EPOCH": "2026-02-14T14:18:37.635552", "MEAN_MOTION": 14.13050272, "ECCENTRICITY": 0.01772757, "INCLINATION": 86.3863, "RA_OF_ASC_NODE": 256.1353, "ARG_OF_PERICENTER": 95.515, "MEAN_ANOMALY": 266.6282, "EPHEMERIS_TYPE": 0, "CLASSIFICATION_TYPE": "U", "NORAD_CAT_ID": 34648, "ELEMENT_SET_NO": 999, "REV_AT_EPOCH": 85862, "BSTAR": 0.0032079415, "MEAN_MOTION_DOT": 6.972e-05, "MEAN_MOTION_DDOT": 0}, "tle": {"line1": "1 34648U 97051JZ  26045.59626893  .00006972  00000+0  32079-2 0  9998", "line2": "2 34648  86.3863 256.1353 0177275  95.5150 266.6282 14.13050272858626"}}, "geometry": {"type": "Point", "coordinates": [74.69572908749778, 16.227625247609833]}}, {"type": "Feature", "properties": {"norad_id": 34651, "name": "IRIDIUM 33 DEB", "group": "iridium-33-debris", "lat": -79.64955794891137, "lon": -46.16240600802745, "alt_km": 817.9333720578916, "timestamp": "2026-02-15T13:09:26.106072+00:00", "meta": {"OBJECT_NAME": "IRIDIUM 33 DEB", "OBJECT_ID": "1997-051KC", "EPOCH": "2026-02-15T03:31:07.742496", "MEAN_MOTION": 14.26970512, "ECCENTRICITY": 0.01326034, "INCLINATION": 86.2803, "RA_OF_ASC_NODE": 113.1427, "ARG_OF_PERICENTER": 357.5633, "MEAN_ANOMALY": 2.4895, "EPHEMERIS_TYPE": 0, "CLASSIFICATION_TYPE": "U", "NORAD_CAT_ID": 34651, "ELEMENT_SET_NO": 999, "REV_AT_EPOCH": 86814, "BSTAR": 0.0017234708, "MEAN_MOTION_DOT": 4.617e-05, "MEAN_MOTION_DDOT": 0}, "tle": {"line1": "1 34651U 97051KC  26046.14661739  .00004617  00000+0  17235-2 0  9993", "line2": "2 34651  86.2803 113.1427 0132603 357.5633   2.4895 14.26970512868146"}}, "geometry": {"type": "Point", "coordinates": [-46.16240600802745, -79.64955794891137]}}, {"type": "Feature", "properties": {"norad_id": 34652, "name": "IRIDIUM 33 DEB", "group": "iridium-33-debris", "lat": 53.24006657520102, "lon": -43.93147611399845, "alt_km": 659.2622007197742, "timestamp": "2026-02-15T13:09:26.106088+00:00", "meta": {"OBJECT_NAME": "IRIDIUM 33 DEB", "OBJECT_ID": "1997-051KD", "EPOCH": "2026-02-12T05:09:29.630592", "MEAN_MOTION": 14.62757, "ECCENTRICITY": 0.0030188, "INCLINATION": 86.3323, "RA_OF_ASC_NODE": 312.6274, "ARG_OF_PERICENTER": 85.036, "MEAN_ANOMALY": 66.862, "EPHEMERIS_TYPE": 0, "CLASSIFICATION_TYPE": "U", "NORAD_CAT_ID": 34652, "ELEMENT_SET_NO": 999, "REV_AT_EPOCH": 89382, "BSTAR": 0.00096037, "MEAN_MOTION_DOT": 4.949e-05, "MEAN_MOTION_DDOT": 0}, "tle": {"line1": "1 34652U 97051KD  26043.21492628  .00004949  00000+0  96037-3 0  9994", "line2": "2 34652  86.3323 312.6274 0030188  85.0360  66.8620 14.62757000893824"}}, "geometry": {"type": "Point", "coordinates": [-43.93147611399845, 53.24006657520102]}}, {"type": "Feature", "properties": {"norad_id": 34690, "name": "IRIDIUM 33 DEB", "group": "iridium-33-debris", "lat": 43.63352622119402, "lon": 12.273831320476923, "alt_km": 706.1523457492813, "timestamp": "2026-02-15T13:09:26.106104+00:00", "meta": {"OBJECT_NAME": "IRIDIUM 33 DEB", "OBJECT_ID": "1997-051KM", "EPOCH": "2026-02-14T20:35:20.844096", "MEAN_MOTION": 14.55377948, "ECCENTRICITY": 0.0010822, "INCLINATION": 86.3798, "RA_OF_ASC_NODE": 9.1133, "ARG_OF_PERICENTER": 148.1011, "MEAN_ANOMALY": 241.2389, "EPHEMERIS_TYPE": 0, "CLASSIFICATION_TYPE": "U", "NORAD_CAT_ID": 34690, "ELEMENT_SET_NO": 999, "REV_AT_EPOCH": 89027, "BSTAR": 0.00034057052, "MEAN_MOTION_DOT": 1.5e-05, "MEAN_MOTION_DDOT": 0}, "tle": {"line1": "1 34690U 97051KM  26045.85788014  .00001500  00000+0  34057-3 0  9999", "line2": "2 34690  86.3798   9.1133 0010822 148.1011 241.2389 14.55377948890279"}}, "geometry": {"type": "Point", "coordinates": [12.273831320476923, 43.63352622119402]}}, {"type": "Feature", "properties": {"norad_id": 34693, "name": "IRIDIUM 33 DEB", "group": "iridium-33-debris", "lat": -37.59959729110087, "lon": -91.92938091624097, "alt_km": 389.5891441749427, "timestamp": "2026-02-15T13:09:26.106126+00:00", "meta": {"OBJECT_NAME": "IRIDIUM 33 DEB", "OBJECT_ID": "1997-051KQ", "EPOCH": "2026-02-15T02:33:34.724160", "MEAN_MOTION": 15.62412428, "ECCENTRICITY": 0.00081199, "INCLINATION": 86.2913, "RA_OF_ASC_NODE": 271.1659, "ARG_OF_PERICENTER": 94.7883, "MEAN_ANOMALY": 265.4311, "EPHEMERIS_TYPE": 0, "CLASSIFICATION_TYPE": "U", "NORAD_CAT_ID": 34693, "ELEMENT_SET_NO": 999, "REV_AT_EPOCH": 89906, "BSTAR": 0.0055856331, "MEAN_MOTION_DOT": 0.00526721, "MEAN_MOTION_DDOT": 0}, "tle": {"line1": "1 34693U 97051KQ  26046.10665190  .00526721  00000+0  55856-2 0  9996", "line2": "2 34693  86.2913 271.1659 0008119  94.7883 265.4311 15.62412428899064"}}, "geometry": {"type": "Point", "coordinates": [-91.92938091624097, -37.59959729110087]}}, {"type": "Feature", "properties": {"norad_id": 34696, "name": "IRIDIUM 33 DEB", "group": "iridium-33-debris", "lat": 47.21086825700739, "lon": 173.12493160590594, "alt_km": 699.9256232893576, "timestamp": "2026-02-15T13:09:26.106143+00:00", "meta": {"OBJECT_NAME": "IRIDIUM 33 DEB", "OBJECT_ID": "1997-051KT", "EPOCH": "2026-02-14T20:30:24.570720", "MEAN_MOTION": 14.70464655, "ECCENTRICITY": 0.00633148, "INCLINATION": 86.1843, "RA_OF_ASC_NODE": 357.585, "ARG_OF_PERICENTER": 314.8877, "MEAN_ANOMALY": 107.4492, "EPHEMERIS_TYPE": 0, "CLASSIFICATION_TYPE": "U", "NORAD_CAT_ID": 34696, "ELEMENT_SET_NO": 999, "REV_AT_EPOCH": 87613, "BSTAR": 0.0049976241, "MEAN_MOTION_DOT": 0.00031361, "MEAN_MOTION_DDOT": 0}, "tle": {"line1": "1 34696U 97051KT  26045.85445105  .00031361  00000+0  49976-2 0  9999", "line2": "2 34696  86.1843 357.5850 0063314 314.8877 107.4492 14.70464655876132"}}, "geometry": {"type": "Point", "coordinates": [173.12493160590594, 47.21086825700739]}}, {"type": "Feature", "properties": {"norad_id": 34765, "name": "IRIDIUM 33 DEB", "group": "iridium-33-debris", "lat": -74.10205805427137, "lon": -162.0775076685628, "alt_km": 769.4369543758057, "timestamp": "2026-02-15T13:09:26.106162+00:00", "meta": {"OBJECT_NAME": "IRIDIUM 33 DEB", "OBJECT_ID": "1997-051LJ", "EPOCH": "2026-02-15T03:55:08.154048", "MEAN_MOTION": 14.40682132, "ECCENTRICITY": 0.00172006, "INCLINATION": 86.3425, "RA_OF_ASC_NODE": 5.1095, "ARG_OF_PERICENTER": 13.9712, "MEAN_ANOMALY": 45.5313, "EPHEMERIS_TYPE": 0, "CLASSIFICATION_TYPE": "U", "NORAD_CAT_ID": 34765, "ELEMENT_SET_NO": 999, "REV_AT_EPOCH": 88541, "BSTAR": 0.00042850165, "MEAN_MOTION_DOT": 1.389e-05, "MEAN_MOTION_DDOT": 0}, "tle": {"line1": "1 34765U 97051LJ  26046.16328882  .00001389  00000+0  42850-3 0  9995", "line2": "2 34765  86.3425   5.1095 0017200  13.9712  45.5313 14.40682132885416"}}, "geometry": {"type": "Point", "coordinates": [-162.0775076685628, -74.10205805427137]}}, {"type": "Feature", "properties": {"norad_id": 34833, "name": "IRIDIUM 33 DEB", "group": "iridium-33-debris", "lat": -73.6947444784356, "lon": 10.58915552941173, "alt_km": 715.7824732346271, "timestamp": "2026-02-15T13:09:26.106179+00:00", "meta": {"OBJECT_NAME": "IRIDIUM 33 DEB", "OBJECT_ID": "1997-051MH", "EPOCH": "2026-02-15T04:10:27.443136", "MEAN_MOTION": 14.52881202, "ECCENTRICITY": 0.00170324, "INCLINATION": 86.3933, "RA_OF_ASC_NODE": 23.2025, "ARG_OF_PERICENTER": 237.7486, "MEAN_ANOMALY": 251.6312, "EPHEMERIS_TYPE": 0, "CLASSIFICATION_TYPE": "U", "NORAD_CAT_ID": 34833, "ELEMENT_SET_NO": 999, "REV_AT_EPOCH": 88650, "BSTAR": 0.001002788, "MEAN_MOTION_DOT": 4.153e-05, "MEAN_MOTION_DDOT": 0}, "tle": {"line1": "1 34833U 97051MH  26046.17392874  .00004153  00000+0  10028-2 0  9997", "line2": "2 34833  86.3933  23.2025 0017032 237.7486 251.6312 14.52881202886509"}}, "geometry": {"type": "Point", "coordinates": [10.58915552941173, -73.6947444784356]}}, {"type": "Feature", "properties": {"norad_id": 34870, "name": "IRIDIUM 33 DEB", "group": "iridium-33-debris", "lat": -50.970268736181524, "lon": 108.93625130233684, "alt_km": 645.3103287300364, "timestamp": "2026-02-15T13:09:26.106202+00:00", "meta": {"OBJECT_NAME": "IRIDIUM 33 DEB", "OBJECT_ID": "1997-051MQ", "EPOCH": "2026-02-14T23:24:14.156640", "MEAN_MOTION": 14.78009332, "ECCENTRICITY": 0.00166024, "INCLINATION": 86.3094, "RA_OF_ASC_NODE": 284.6325, "ARG_OF_PERICENTER": 336.4566, "MEAN_ANOMALY": 87.6296, "EPHEMERIS_TYPE": 0, "CLASSIFICATION_TYPE": "U", "NORAD_CAT_ID": 34870, "ELEMENT_SET_NO": 999, "REV_AT_EPOCH": 89859, "BSTAR": 0.00086745806, "MEAN_MOTION_DOT": 6.297e-05, "MEAN_MOTION_DDOT": 0}, "tle": {"line1": "1 34870U 97051MQ  26045.97516385  .00006297  00000+0  86746-3 0  9992", "line2": "2 34870  86.3094 284.6325 0016602 336.4566  87.6296 14.78009332898596"}}, "geometry": {"type": "Point", "coordinates": [108.93625130233684, -50.970268736181524]}}, {"type": "Feature", "properties": {"norad_id": 34896, "name": "IRIDIUM 33 DEB", "group": "iridium-33-debris", "lat": 44.824564566244405, "lon": 113.95384042837601, "alt_km": 679.6741577415087, "timestamp": "2026-02-15T13:09:26.106216+00:00", "meta": {"OBJECT_NAME": "IRIDIUM 33 DEB", "OBJECT_ID": "1997-051MY", "EPOCH": "2026-02-13T11:58:28.156800", "MEAN_MOTION": 14.67066961, "ECCENTRICITY": 0.00266738, "INCLINATION": 86.3293, "RA_OF_ASC_NODE": 298.5319, "ARG_OF_PERICENTER": 8.1149, "MEAN_ANOMALY": 110.4582, "EPHEMERIS_TYPE": 0, "CLASSIFICATION_TYPE": "U", "NORAD_CAT_ID": 34896, "ELEMENT_SET_NO": 999, "REV_AT_EPOCH": 88539, "BSTAR": 0.00080458241, "MEAN_MOTION_DOT": 4.56e-05, "MEAN_MOTION_DDOT": 0}, "tle": {"line1": "1 34896U 97051MY  26044.49893700  .00004560  00000+0  80458-3 0  9990", "line2": "2 34896  86.3293 298.5319 0026673   8.1149 110.4582 14.67066961885397"}}, "geometry": {"type": "Point", "coordinates": [113.95384042837601, 44.824564566244405]}}, {"type": "Feature", "properties": {"norad_id": 34926, "name": "IRIDIUM 33 DEB", "group": "iridium-33-debris", "lat": -72.4146693513486, "lon": -34.175053946000126, "alt_km": 753.413069786392, "timestamp": "2026-02-15T13:09:26.106227+00:00", "meta": {"OBJECT_NAME": "IRIDIUM 33 DEB", "OBJECT_ID": "1997-051NF", "EPOCH": "2026-02-15T05:59:29.906016", "MEAN_MOTION": 14.57893506, "ECCENTRICITY": 0.0080304, "INCLINATION": 86.1339, "RA_OF_ASC_NODE": 338.2837, "ARG_OF_PERICENTER": 72.6754, "MEAN_ANOMALY": 89.0628, "EPHEMERIS_TYPE": 0, "CLASSIFICATION_TYPE": "U", "NORAD_CAT_ID": 34926, "ELEMENT_SET_NO": 999, "REV_AT_EPOCH": 87395, "BSTAR": 0.0069254621, "MEAN_MOTION_DOT": 0.00033321, "MEAN_MOTION_DDOT": 0}, "tle": {"line1": "1 34926U 97051NF  26046.24965169  .00033321  00000+0  69255-2 0  9996", "line2": "2 34926  86.1339 338.2837 0080304  72.6754  89.0628 14.57893506873959"}}, "geometry": {"type": "Point", "coordinates": [-34.175053946000126, -72.4146693513486]}}, {"type": "Feature", "properties": {"norad_id": 34985, "name": "IRIDIUM 33 DEB", "group": "iridium-33-debris", "lat": 37.57584729413433, "lon": 32.01185545008794, "alt_km": 733.0947093517525, "timestamp": "2026-02-15T13:09:26.106237+00:00", "meta": {"OBJECT_NAME": "IRIDIUM 33 DEB", "OBJECT_ID": "1997-051NR", "EPOCH": "2026-02-14T10:56:15.019296", "MEAN_MOTION": 14.42340837, "ECCENTRICITY": 0.00224652, "INCLINATION": 86.369, "RA_OF_ASC_NODE": 29.6776, "ARG_OF_PERICENTER": 20.9264, "MEAN_ANOMALY": 107.6658, "EPHEMERIS_TYPE": 0, "CLASSIFICATION_TYPE": "U", "NORAD_CAT_ID": 34985, "ELEMENT_SET_NO": 999, "REV_AT_EPOCH": 88093, "BSTAR": 0.00079977802, "MEAN_MOTION_DOT": 2.668e-05, "MEAN_MOTION_DDOT": 0}, "tle": {"line1": "1 34985U 97051NR  26045.45572939  .00002668  00000+0  79978-3 0  9996", "line2": "2 34985  86.3690  29.6776 0022465  20.9264 107.6658 14.42340837880939"}}, "geometry": {"type": "Point", "coordinates": [32.01185545008794, 37.57584729413433]}}, {"type": "Feature", "properties": {"norad_id": 35051, "name": "IRIDIUM 33 DEB", "group": "iridium-33-debris", "lat": -20.35060119318248, "lon": 161.9796608721195, "alt_km": 733.6048292058358, "timestamp": "2026-02-15T13:09:26.106248+00:00", "meta": {"OBJECT_NAME": "IRIDIUM 33 DEB", "OBJECT_ID": "1997-051NX", "EPOCH": "2026-02-15T05:36:02.467296", "MEAN_MOTION": 14.47999952, "ECCENTRICITY": 0.00060385, "INCLINATION": 86.3283, "RA_OF_ASC_NODE": 340.752, "ARG_OF_PERICENTER": 226.8544, "MEAN_ANOMALY": 133.2155, "EPHEMERIS_TYPE": 0, "CLASSIFICATION_TYPE": "U", "NORAD_CAT_ID": 35051, "ELEMENT_SET_NO": 999, "REV_AT_EPOCH": 87929, "BSTAR": 0.00077158226, "MEAN_MOTION_DOT": 2.884e-05, "MEAN_MOTION_DDOT": 0}, "tle": {"line1": "1 35051U 97051NX  26046.23336189  .00002884  00000+0  77158-3 0  9991", "line2": "2 35051  86.3283 340.7520 0006038 226.8544 133.2155 14.47999952879299"}}, "geometry": {"type": "Point", "coordinates": [161.9796608721195, -20.35060119318248]}}, {"type": "Feature", "properties": {"norad_id": 35052, "name": "IRIDIUM 33 DEB", "group": "iridium-33-debris", "lat": -5.14168934199527, "lon": -7.636317016097702, "alt_km": 771.399038246489, "timestamp": "2026-02-15T13:09:26.106261+00:00", "meta": {"OBJECT_NAME": "IRIDIUM 33 DEB", "OBJECT_ID": "1997-051NY", "EPOCH": "2026-02-15T06:30:13.576608", "MEAN_MOTION": 14.38598367, "ECCENTRICITY": 0.00096795, "INCLINATION": 86.3352, "RA_OF_ASC_NODE": 352.8128, "ARG_OF_PERICENTER": 224.512, "MEAN_ANOMALY": 135.5302, "EPHEMERIS_TYPE": 0, "CLASSIFICATION_TYPE": "U", "NORAD_CAT_ID": 35052, "ELEMENT_SET_NO": 999, "REV_AT_EPOCH": 88203, "BSTAR": 0.00025132489, "MEAN_MOTION_DOT": 7.89e-06, "MEAN_MOTION_DDOT": 0}, "tle": {"line1": "1 35052U 97051NY  26046.27099047  .00000789  00000+0  25132-3 0  9992", "line2": "2 35052  86.3352 352.8128 0009679 224.5120 135.5302 14.38598367882034"}}, "geometry": {"type": "Point", "coordinates": [-7.636317016097702, -5.14168934199527]}}, {"type": "Feature", "properties": {"norad_id": 35080, "name": "IRIDIUM 33 DEB", "group": "iridium-33-debris", "lat": -28.947354780755287, "lon": -156.73138605117035, "alt_km": 584.087110484239, "timestamp": "2026-02-15T13:09:26.106272+00:00", "meta": {"OBJECT_NAME": "IRIDIUM 33 DEB", "OBJECT_ID": "1997-051PF", "EPOCH": "2026-02-14T08:58:50.747808", "MEAN_MOTION": 14.98425715, "ECCENTRICITY": 0.00363817, "INCLINATION": 86.2081, "RA_OF_ASC_NODE": 21.7383, "ARG_OF_PERICENTER": 320.025, "MEAN_ANOMALY": 39.8303, "EPHEMERIS_TYPE": 0, "CLASSIFICATION_TYPE": "U", "NORAD_CAT_ID": 35080, "ELEMENT_SET_NO": 999, "REV_AT_EPOCH": 70636, "BSTAR": 0.010395671, "MEAN_MOTION_DOT": 0.00127825, "MEAN_MOTION_DDOT": 0}, "tle": {"line1": "1 35080U 97051PF  26045.37419847  .00127825  00000+0  10396-1 0  9992", "line2": "2 35080  86.2081  21.7383 0036381 320.0250  39.8303 14.98425715706364"}}, "geometry": {"type": "Point", "coordinates": [-156.73138605117035, -28.947354780755287]}}, {"type": "Feature", "properties": {"norad_id": 35297, "name": "IRIDIUM 33 DEB", "group": "iridium-33-debris", "lat": 41.57828144516885, "lon": 38.29372654608508, "alt_km": 739.7635982246384, "timestamp": "2026-02-15T13:09:26.106282+00:00", "meta": {"OBJECT_NAME": "IRIDIUM 33 DEB", "OBJECT_ID": "1997-051PM", "EPOCH": "2026-02-10T18:19:44.710752", "MEAN_MOTION": 14.45481963, "ECCENTRICITY": 0.00142227, "INCLINATION": 86.385, "RA_OF_ASC_NODE": 37.1218, "ARG_OF_PERICENTER": 312.3857, "MEAN_ANOMALY": 47.614, "EPHEMERIS_TYPE": 0, "CLASSIFICATION_TYPE": "U", "NORAD_CAT_ID": 35297, "ELEMENT_SET_NO": 999, "REV_AT_EPOCH": 71293, "BSTAR": 0.00068293184, "MEAN_MOTION_DOT": 2.427e-05, "MEAN_MOTION_DDOT": 0}, "tle": {"line1": "1 35297U 97051PM  26041.76371193  .00002427  00000+0  68293-3 0  9993", "line2": "2 35297  86.3850  37.1218 0014222 312.3857  47.6140 14.45481963712939"}}, "geometry": {"type": "Point", "coordinates": [38.29372654608508, 41.57828144516885]}}, {"type": "Feature", "properties": {"norad_id": 35299, "name": "IRIDIUM 33 DEB", "group": "iridium-33-debris", "lat": 76.56566193622335, "lon": 20.717410832149795, "alt_km": 784.0140763679547, "timestamp": "2026-02-15T13:09:26.106293+00:00", "meta": {"OBJECT_NAME": "IRIDIUM 33 DEB", "OBJECT_ID": "1997-051PP", "EPOCH": "2026-02-15T04:46:32.157120", "MEAN_MOTION": 14.41477226, "ECCENTRICITY": 0.00531306, "INCLINATION": 86.2905, "RA_OF_ASC_NODE": 5.1101, "ARG_OF_PERICENTER": 250.349, "MEAN_ANOMALY": 175.6947, "EPHEMERIS_TYPE": 0, "CLASSIFICATION_TYPE": "U", "NORAD_CAT_ID": 35299, "ELEMENT_SET_NO": 999, "REV_AT_EPOCH": 87259, "BSTAR": 0.0011038935, "MEAN_MOTION_DOT": 3.661e-05, "MEAN_MOTION_DDOT": 0}, "tle": {"line1": "1 35299U 97051PP  26046.19898330  .00003661  00000+0  11039-2 0  9990", "line2": "2 35299  86.2905   5.1101 0053130 250.3490 175.6947 14.41477226872591"}}, "geometry": {"type": "Point", "coordinates": [20.717410832149795, 76.56566193622335]}}, {"type": "Feature", "properties": {"norad_id": 35480, "name": "IRIDIUM 33 DEB", "group": "iridium-33-debris", "lat": 72.22987507705703, "lon": 8.266393586198676, "alt_km": 726.1224818718838, "timestamp": "2026-02-15T13:09:26.106306+00:00", "meta": {"OBJECT_NAME": "IRIDIUM 33 DEB", "OBJECT_ID": "1997-051QA", "EPOCH": "2026-02-12T20:14:13.790688", "MEAN_MOTION": 14.50154675, "ECCENTRICITY": 0.00111251, "INCLINATION": 86.3596, "RA_OF_ASC_NODE": 357.9806, "ARG_OF_PERICENTER": 257.5813, "MEAN_ANOMALY": 102.4146, "EPHEMERIS_TYPE": 0, "CLASSIFICATION_TYPE": "U", "NORAD_CAT_ID": 35480, "ELEMENT_SET_NO": 999, "REV_AT_EPOCH": 87931, "BSTAR": 0.00067909456, "MEAN_MOTION_DOT": 2.659e-05, "MEAN_MOTION_DDOT": 0}, "tle": {"line1": "1 35480U 97051QA  26043.84321517  .00002659  00000+0  67909-3 0  9993", "line2": "2 35480  86.3596 357.9806 0011125 257.5813 102.4146 14.50154675879312"}}, "geometry": {"type": "Point", "coordinates": [8.266393586198676, 72.22987507705703]}}, {"type": "Feature", "properties": {"norad_id": 35484, "name": "IRIDIUM 33 DEB", "group": "iridium-33-debris", "lat": 51.945818604457145, "lon": -33.050654469480016, "alt_km": 553.6602512607451, "timestamp": "2026-02-15T13:09:26.106316+00:00", "meta": {"OBJECT_NAME": "IRIDIUM 33 DEB", "OBJECT_ID": "1997-051QE", "EPOCH": "2026-02-01T02:31:41.988576", "MEAN_MOTION": 15.0385169, "ECCENTRICITY": 0.00145797, "INCLINATION": 86.3639, "RA_OF_ASC_NODE": 329.0998, "ARG_OF_PERICENTER": 329.4701, "MEAN_ANOMALY": 30.5683, "EPHEMERIS_TYPE": 0, "CLASSIFICATION_TYPE": "U", "NORAD_CAT_ID": 35484, "ELEMENT_SET_NO": 999, "REV_AT_EPOCH": 62771, "BSTAR": 0.0031414507, "MEAN_MOTION_DOT": 0.00043548, "MEAN_MOTION_DDOT": 0}, "tle": {"line1": "1 35484U 97051QE  26032.10534709  .00043548  00000+0  31415-2 0  9997", "line2": "2 35484  86.3639 329.0998 0014579 329.4701  30.5683 15.03851690627719"}}, "geometry": {"type": "Point", "coordinates": [-33.050654469480016, 51.945818604457145]}}, {"type": "Feature", "properties": {"norad_id": 35488, "name": "IRIDIUM 33 DEB", "group": "iridium-33-debris", "lat": -1.7780067786984108, "lon": -89.1585264947668, "alt_km": 634.881598385794, "timestamp": "2026-02-15T13:09:26.106326+00:00", "meta": {"OBJECT_NAME": "IRIDIUM 33 DEB", "OBJECT_ID": "1997-051QJ", "EPOCH": "2026-02-14T01:34:54.921216", "MEAN_MOTION": 14.84812857, "ECCENTRICITY": 0.00256087, "INCLINATION": 86.3216, "RA_OF_ASC_NODE": 271.6416, "ARG_OF_PERICENTER": 170.4943, "MEAN_ANOMALY": 189.6771, "EPHEMERIS_TYPE": 0, "CLASSIFICATION_TYPE": "U", "NORAD_CAT_ID": 35488, "ELEMENT_SET_NO": 999, "REV_AT_EPOCH": 89205, "BSTAR": 0.0010397922, "MEAN_MOTION_DOT": 8.906e-05, "MEAN_MOTION_DDOT": 0}, "tle": {"line1": "1 35488U 97051QJ  26045.06591344  .00008906  00000+0  10398-2 0  9994", "line2": "2 35488  86.3216 271.6416 0025608 170.4943 189.6771 14.84812857892053"}}, "geometry": {"type": "Point", "coordinates": [-89.1585264947668, -1.7780067786984108]}}, {"type": "Feature", "properties": {"norad_id": 35616, "name": "IRIDIUM 33 DEB", "group": "iridium-33-debris", "lat": -84.89727758422195, "lon": -178.31740761430228, "alt_km": 620.9874941345624, "timestamp": "2026-02-15T13:09:26.106336+00:00", "meta": {"OBJECT_NAME": "IRIDIUM 33 DEB", "OBJECT_ID": "1997-051QN", "EPOCH": "2026-02-12T04:40:02.183808", "MEAN_MOTION": 14.84042503, "ECCENTRICITY": 0.0009133, "INCLINATION": 86.3556, "RA_OF_ASC_NODE": 317.6761, "ARG_OF_PERICENTER": 343.3536, "MEAN_ANOMALY": 16.7386, "EPHEMERIS_TYPE": 0, "CLASSIFICATION_TYPE": "U", "NORAD_CAT_ID": 35616, "ELEMENT_SET_NO": 999, "REV_AT_EPOCH": 88485, "BSTAR": 0.0020335, "MEAN_MOTION_DOT": 0.00017001, "MEAN_MOTION_DDOT": 0}, "tle": {"line1": "1 35616U 97051QN  26043.19446972  .00017001  00000+0  20335-2 0  9993", "line2": "2 35616  86.3556 317.6761 0009133 343.3536  16.7386 14.84042503884855"}}, "geometry": {"type": "Point", "coordinates": [-178.31740761430228, -84.89727758422195]}}, {"type": "Feature", "properties": {"norad_id": 35618, "name": "IRIDIUM 33 DEB", "group": "iridium-33-debris", "lat": 39.63512356478745, "lon": 142.12866882892916, "alt_km": 694.50686066053, "timestamp": "2026-02-15T13:09:26.106349+00:00", "meta": {"OBJECT_NAME": "IRIDIUM 33 DEB", "OBJECT_ID": "1997-051QQ", "EPOCH": "2026-02-11T12:37:37.672608", "MEAN_MOTION": 14.52636647, "ECCENTRICITY": 0.00284747, "INCLINATION": 86.3433, "RA_OF_ASC_NODE": 326.9226, "ARG_OF_PERICENTER": 168.5165, "MEAN_ANOMALY": 191.6697, "EPHEMERIS_TYPE": 0, "CLASSIFICATION_TYPE": "U", "NORAD_CAT_ID": 35618, "ELEMENT_SET_NO": 999, "REV_AT_EPOCH": 66276, "BSTAR": 0.00047286692, "MEAN_MOTION_DOT": 1.966e-05, "MEAN_MOTION_DDOT": 0}, "tle": {"line1": "1 35618U 97051QQ  26042.52613047  .00001966  00000+0  47287-3 0  9999", "line2": "2 35618  86.3433 326.9226 0028474 168.5165 191.6697 14.52636647662769"}}, "geometry": {"type": "Point", "coordinates": [142.12866882892916, 39.63512356478745]}}, {"type": "Feature", "properties": {"norad_id": 35620, "name": "IRIDIUM 33 DEB", "group": "iridium-33-debris", "lat": -83.80102784155397, "lon": 45.630082034426735, "alt_km": 837.0175544164513, "timestamp": "2026-02-15T13:09:26.106359+00:00", "meta": {"OBJECT_NAME": "IRIDIUM 33 DEB", "OBJECT_ID": "1997-051QS", "EPOCH": "2026-02-12T08:53:44.351808", "MEAN_MOTION": 14.40181642, "ECCENTRICITY": 0.01335757, "INCLINATION": 86.39, "RA_OF_ASC_NODE": 191.4373, "ARG_OF_PERICENTER": 54.9499, "MEAN_ANOMALY": 306.4145, "EPHEMERIS_TYPE": 0, "CLASSIFICATION_TYPE": "U", "NORAD_CAT_ID": 35620, "ELEMENT_SET_NO": 999, "REV_AT_EPOCH": 60852, "BSTAR": 0.0037056668, "MEAN_MOTION_DOT": 0.00013047, "MEAN_MOTION_DDOT": 0}, "tle": {"line1": "1 35620U 97051QS  26043.37065222  .00013047  00000+0  37057-2 0  9998", "line2": "2 35620  86.3900 191.4373 0133575  54.9499 306.4145 14.40181642608521"}}, "geometry": {"type": "Point", "coordinates": [45.630082034426735, -83.80102784155397]}}, {"type": "Feature", "properties": {"norad_id": 35622, "name": "IRIDIUM 33 DEB", "group": "iridium-33-debris", "lat": -40.763255425541935, "lon": -131.84463708294518, "alt_km": 534.1331836998534, "timestamp": "2026-02-15T13:09:26.106370+00:00", "meta": {"OBJECT_NAME": "IRIDIUM 33 DEB", "OBJECT_ID": "1997-051QU", "EPOCH": "2026-02-11T06:39:15.151680", "MEAN_MOTION": 15.11824191, "ECCENTRICITY": 0.00064718, "INCLINATION": 86.1975, "RA_OF_ASC_NODE": 233.5729, "ARG_OF_PERICENTER": 42.955, "MEAN_ANOMALY": 83.3743, "EPHEMERIS_TYPE": 0, "CLASSIFICATION_TYPE": "U", "NORAD_CAT_ID": 35622, "ELEMENT_SET_NO": 999, "REV_AT_EPOCH": 88272, "BSTAR": 0.0032913546, "MEAN_MOTION_DOT": 0.00056624, "MEAN_MOTION_DDOT": 0}, "tle": {"line1": "1 35622U 97051QU  26042.27725870  .00056624  00000+0  32914-2 0  9995", "line2": "2 35622  86.1975 233.5729 0006471  42.9550  83.3743 15.11824191882728"}}, "geometry": {"type": "Point", "coordinates": [-131.84463708294518, -40.763255425541935]}}, {"type": "Feature", "properties": {"norad_id": 35628, "name": "IRIDIUM 33 DEB", "group": "iridium-33-debris", "lat": 79.9143902426499, "lon": 139.17772776655733, "alt_km": 648.0164669103551, "timestamp": "2026-02-15T13:09:26.106394+00:00", "meta": {"OBJECT_NAME": "IRIDIUM 33 DEB", "OBJECT_ID": "1997-051RA", "EPOCH": "2026-02-09T03:00:48.017664", "MEAN_MOTION": 14.68754939, "ECCENTRICITY": 0.00133082, "INCLINATION": 86.3595, "RA_OF_ASC_NODE": 343.0188, "ARG_OF_PERICENTER": 119.4759, "MEAN_ANOMALY": 240.7785, "EPHEMERIS_TYPE": 0, "CLASSIFICATION_TYPE": "U", "NORAD_CAT_ID": 35628, "ELEMENT_SET_NO": 999, "REV_AT_EPOCH": 87303, "BSTAR": 0.0015392252, "MEAN_MOTION_DOT": 9.009e-05, "MEAN_MOTION_DDOT": 0}, "tle": {"line1": "1 35628U 97051RA  26040.12555576  .00009009  00000+0  15392-2 0  9993", "line2": "2 35628  86.3595 343.0188 0013308 119.4759 240.7785 14.68754939873030"}}, "geometry": {"type": "Point", "coordinates": [139.17772776655733, 79.9143902426499]}}, {"type": "Feature", "properties": {"norad_id": 35631, "name": "IRIDIUM 33 DEB", "group": "iridium-33-debris", "lat": -17.905457624126715, "lon": 174.24270962635055, "alt_km": 734.9808696029195, "timestamp": "2026-02-15T13:09:26.106406+00:00", "meta": {"OBJECT_NAME": "IRIDIUM 33 DEB", "OBJECT_ID": "1997-051RD", "EPOCH": "2026-02-14T19:47:20.847840", "MEAN_MOTION": 14.47562627, "ECCENTRICITY": 0.00145115, "INCLINATION": 86.3708, "RA_OF_ASC_NODE": 353.379, "ARG_OF_PERICENTER": 269.2474, "MEAN_ANOMALY": 119.924, "EPHEMERIS_TYPE": 0, "CLASSIFICATION_TYPE": "U", "NORAD_CAT_ID": 35631, "ELEMENT_SET_NO": 999, "REV_AT_EPOCH": 88124, "BSTAR": 0.00041553369, "MEAN_MOTION_DOT": 1.55e-05, "MEAN_MOTION_DDOT": 0}, "tle": {"line1": "1 35631U 97051RD  26045.82454685  .00001550  00000+0  41553-3 0  9990", "line2": "2 35631  86.3708 353.3790 0014511 269.2474 119.9240 14.47562627881241"}}, "geometry": {"type": "Point", "coordinates": [174.24270962635055, -17.905457624126715]}}, {"type": "Feature", "properties": {"norad_id": 35680, "name": "IRIDIUM 33 DEB", "group": "iridium-33-debris", "lat": -58.13910049016821, "lon": 179.10225756329248, "alt_km": 933.4289492283369, "timestamp": "2026-02-15T13:09:26.106417+00:00", "meta": {"OBJECT_NAME": "IRIDIUM 33 DEB", "OBJECT_ID": "1997-051RJ", "EPOCH": "2026-02-07T03:07:06.752928", "MEAN_MOTION": 14.21837022, "ECCENTRICITY": 0.01540145, "INCLINATION": 86.1049, "RA_OF_ASC_NODE": 356.5378, "ARG_OF_PERICENTER": 98.7521, "MEAN_ANOMALY": 274.1156, "EPHEMERIS_TYPE": 0, "CLASSIFICATION_TYPE": "U", "NORAD_CAT_ID": 35680, "ELEMENT_SET_NO": 999, "REV_AT_EPOCH": 61502, "BSTAR": 0.0030328487, "MEAN_MOTION_DOT": 7.558e-05, "MEAN_MOTION_DDOT": 0}, "tle": {"line1": "1 35680U 97051RJ  26038.12993927  .00007558  00000+0  30328-2 0  9997", "line2": "2 35680  86.1049 356.5378 0154014  98.7521 274.1156 14.21837022615026"}}, "geometry": {"type": "Point", "coordinates": [179.10225756329248, -58.13910049016821]}}, {"type": "Feature", "properties": {"norad_id": 35744, "name": "IRIDIUM 33 DEB", "group": "iridium-33-debris", "lat": 57.96397488911075, "lon": -57.97529626118419, "alt_km": 645.359029292702, "timestamp": "2026-02-15T13:09:26.106428+00:00", "meta": {"OBJECT_NAME": "IRIDIUM 33 DEB", "OBJECT_ID": "1997-051RX", "EPOCH": "2026-02-15T03:06:23.458752", "MEAN_MOTION": 14.72113863, "ECCENTRICITY": 0.00209983, "INCLINATION": 86.3289, "RA_OF_ASC_NODE": 296.3251, "ARG_OF_PERICENTER": 343.1377, "MEAN_ANOMALY": 16.9139, "EPHEMERIS_TYPE": 0, "CLASSIFICATION_TYPE": "U", "NORAD_CAT_ID": 35744, "ELEMENT_SET_NO": 999, "REV_AT_EPOCH": 88278, "BSTAR": 0.0007772382, "MEAN_MOTION_DOT": 4.93e-05, "MEAN_MOTION_DDOT": 0}, "tle": {"line1": "1 35744U 97051RX  26046.12943818  .00004930  00000+0  77724-3 0  9994", "line2": "2 35744  86.3289 296.3251 0020998 343.1377  16.9139 14.72113863882783"}}, "geometry": {"type": "Point", "coordinates": [-57.97529626118419, 57.96397488911075]}}, {"type": "Feature", "properties": {"norad_id": 35797, "name": "IRIDIUM 33 DEB", "group": "iridium-33-debris", "lat": 34.94514974591888, "lon": 117.58461103460546, "alt_km": 617.7883083800489, "timestamp": "2026-02-15T13:09:26.106441+00:00", "meta": {"OBJECT_NAME": "IRIDIUM 33 DEB", "OBJECT_ID": "1997-051SF", "EPOCH": "2026-02-14T23:34:09.945984", "MEAN_MOTION": 14.85093263, "ECCENTRICITY": 0.0010183, "INCLINATION": 86.3359, "RA_OF_ASC_NODE": 300.4121, "ARG_OF_PERICENTER": 307.7343, "MEAN_ANOMALY": 52.2958, "EPHEMERIS_TYPE": 0, "CLASSIFICATION_TYPE": "U", "NORAD_CAT_ID": 35797, "ELEMENT_SET_NO": 999, "REV_AT_EPOCH": 88293, "BSTAR": 0.0012103, "MEAN_MOTION_DOT": 0.00010383, "MEAN_MOTION_DDOT": 0}, "tle": {"line1": "1 35797U 97051SF  26045.98205956  .00010383  00000+0  12103-2 0  9997", "line2": "2 35797  86.3359 300.4121 0010183 307.7343  52.2958 14.85093263882930"}}, "geometry": {"type": "Point", "coordinates": [117.58461103460546, 34.94514974591888]}}, {"type": "Feature", "properties": {"norad_id": 35806, "name": "IRIDIUM 33 DEB", "group": "iridium-33-debris", "lat": 59.305112334744244, "lon": 165.89964513055554, "alt_km": 692.2649498694173, "timestamp": "2026-02-15T13:09:26.106456+00:00", "meta": {"OBJECT_NAME": "IRIDIUM 33 DEB", "OBJECT_ID": "1997-051SQ", "EPOCH": "2026-02-13T14:29:32.417088", "MEAN_MOTION": 14.58203335, "ECCENTRICITY": 0.00114141, "INCLINATION": 86.347, "RA_OF_ASC_NODE": 352.934, "ARG_OF_PERICENTER": 209.9166, "MEAN_ANOMALY": 150.1392, "EPHEMERIS_TYPE": 0, "CLASSIFICATION_TYPE": "U", "NORAD_CAT_ID": 35806, "ELEMENT_SET_NO": 999, "REV_AT_EPOCH": 87240, "BSTAR": 0.0010711028, "MEAN_MOTION_DOT": 4.966e-05, "MEAN_MOTION_DDOT": 0}, "tle": {"line1": "1 35806U 97051SQ  26044.60384742  .00004966  00000+0  10711-2 0  9990", "line2": "2 35806  86.3470 352.9340 0011414 209.9166 150.1392 14.58203335872408"}}, "geometry": {"type": "Point", "coordinates": [165.89964513055554, 59.305112334744244]}}, {"type": "Feature", "properties": {"norad_id": 35809, "name": "IRIDIUM 33 DEB", "group": "iridium-33-debris", "lat": -6.818932791068424, "lon": 126.24339391706695, "alt_km": 650.9827142006052, "timestamp": "2026-02-15T13:09:26.106466+00:00", "meta": {"OBJECT_NAME": "IRIDIUM 33 DEB", "OBJECT_ID": "1997-051ST", "EPOCH": "2026-02-09T00:15:54.650880", "MEAN_MOTION": 14.77342112, "ECCENTRICITY": 0.00147867, "INCLINATION": 86.3274, "RA_OF_ASC_NODE": 308.7876, "ARG_OF_PERICENTER": 49.1328, "MEAN_ANOMALY": 311.1171, "EPHEMERIS_TYPE": 0, "CLASSIFICATION_TYPE": "U", "NORAD_CAT_ID": 35809, "ELEMENT_SET_NO": 999, "REV_AT_EPOCH": 87667, "BSTAR": 0.0016029246, "MEAN_MOTION_DOT": 0.00011437, "MEAN_MOTION_DDOT": 0}, "tle": {"line1": "1 35809U 97051ST  26040.01104920  .00011437  00000+0  16029-2 0  9991", "line2": "2 35809  86.3274 308.7876 0014786  49.1328 311.1171 14.77342112876670"}}, "geometry": {"type": "Point", "coordinates": [126.24339391706695, -6.818932791068424]}}, {"type": "Feature", "properties": {"norad_id": 35846, "name": "IRIDIUM 33 DEB", "group": "iridium-33-debris", "lat": 44.042009852967475, "lon": -152.3528136005446, "alt_km": 755.1723572053133, "timestamp": "2026-02-15T13:09:26.106476+00:00", "meta": {"OBJECT_NAME": "IRIDIUM 33 DEB", "OBJECT_ID": "1997-051SW", "EPOCH": "2026-02-13T22:15:50.578272", "MEAN_MOTION": 14.43445159, "ECCENTRICITY": 0.00168542, "INCLINATION": 86.3738, "RA_OF_ASC_NODE": 31.8552, "ARG_OF_PERICENTER": 334.4699, "MEAN_ANOMALY": 25.5667, "EPHEMERIS_TYPE": 0, "CLASSIFICATION_TYPE": "U", "NORAD_CAT_ID": 35846, "ELEMENT_SET_NO": 999, "REV_AT_EPOCH": 72240, "BSTAR": 0.00066768828, "MEAN_MOTION_DOT": 2.278e-05, "MEAN_MOTION_DDOT": 0}, "tle": {"line1": "1 35846U 97051SW  26044.92766873  .00002278  00000+0  66769-3 0  9997", "line2": "2 35846  86.3738  31.8552 0016854 334.4699  25.5667 14.43445159722405"}}, "geometry": {"type": "Point", "coordinates": [-152.3528136005446, 44.042009852967475]}}, {"type": "Feature", "properties": {"norad_id": 35848, "name": "IRIDIUM 33 DEB", "group": "iridium-33-debris", "lat": 65.94705940100722, "lon": 158.81166192956462, "alt_km": 623.2919028882234, "timestamp": "2026-02-15T13:09:26.106487+00:00", "meta": {"OBJECT_NAME": "IRIDIUM 33 DEB", "OBJECT_ID": "1997-051SY", "EPOCH": "2026-02-12T03:32:32.669376", "MEAN_MOTION": 14.80519579, "ECCENTRICITY": 0.00090876, "INCLINATION": 86.3918, "RA_OF_ASC_NODE": 348.4719, "ARG_OF_PERICENTER": 15.0546, "MEAN_ANOMALY": 345.0944, "EPHEMERIS_TYPE": 0, "CLASSIFICATION_TYPE": "U", "NORAD_CAT_ID": 35848, "ELEMENT_SET_NO": 999, "REV_AT_EPOCH": 67598, "BSTAR": 0.0018790834, "MEAN_MOTION_DOT": 0.00014436, "MEAN_MOTION_DDOT": 0}, "tle": {"line1": "1 35848U 97051SY  26043.14760034  .00014436  00000+0  18791-2 0  9995", "line2": "2 35848  86.3918 348.4719 0009087  15.0546 345.0944 14.80519579675989"}}, "geometry": {"type": "Point", "coordinates": [158.81166192956462, 65.94705940100722]}}, {"type": "Feature", "properties": {"norad_id": 35850, "name": "IRIDIUM 33 DEB", "group": "iridium-33-debris", "lat": 48.94477390624994, "lon": 130.52355516588324, "alt_km": 627.5559294907589, "timestamp": "2026-02-15T13:09:26.106497+00:00", "meta": {"OBJECT_NAME": "IRIDIUM 33 DEB", "OBJECT_ID": "1997-051TA", "EPOCH": "2026-02-14T00:53:18.646368", "MEAN_MOTION": 14.8077438, "ECCENTRICITY": 0.00098069, "INCLINATION": 86.3497, "RA_OF_ASC_NODE": 315.4162, "ARG_OF_PERICENTER": 358.3513, "MEAN_ANOMALY": 1.7674, "EPHEMERIS_TYPE": 0, "CLASSIFICATION_TYPE": "U", "NORAD_CAT_ID": 35850, "ELEMENT_SET_NO": 999, "REV_AT_EPOCH": 72293, "BSTAR": 0.0014288139, "MEAN_MOTION_DOT": 0.00011046, "MEAN_MOTION_DDOT": 0}, "tle": {"line1": "1 35850U 97051TA  26045.03702137  .00011046  00000+0  14288-2 0  9999", "line2": "2 35850  86.3497 315.4162 0009806 358.3513   1.7674 14.80774380722933"}}, "geometry": {"type": "Point", "coordinates": [130.52355516588324, 48.94477390624994]}}, {"type": "Feature", "properties": {"norad_id": 35915, "name": "IRIDIUM 33 DEB", "group": "iridium-33-debris", "lat": -8.119778096879209, "lon": 133.82375296928998, "alt_km": 631.6669481484469, "timestamp": "2026-02-15T13:09:26.106507+00:00", "meta": {"OBJECT_NAME": "IRIDIUM 33 DEB", "OBJECT_ID": "1997-051TY", "EPOCH": "2026-02-14T00:41:04.153920", "MEAN_MOTION": 14.82970209, "ECCENTRICITY": 0.00116752, "INCLINATION": 86.3457, "RA_OF_ASC_NODE": 313.9977, "ARG_OF_PERICENTER": 354.0375, "MEAN_ANOMALY": 6.0707, "EPHEMERIS_TYPE": 0, "CLASSIFICATION_TYPE": "U", "NORAD_CAT_ID": 35915, "ELEMENT_SET_NO": 999, "REV_AT_EPOCH": 9023, "BSTAR": 0.0015479441, "MEAN_MOTION_DOT": 0.00012616, "MEAN_MOTION_DDOT": 0}, "tle": {"line1": "1 35915U 97051TY  26045.02852030  .00012616  00000+0  15479-2 0  9995", "line2": "2 35915  86.3457 313.9977 0011675 354.0375   6.0707 14.82970209 90230"}}, "geometry": {"type": "Point", "coordinates": [133.82375296928998, -8.119778096879209]}}, {"type": "Feature", "properties": {"norad_id": 35918, "name": "IRIDIUM 33 DEB", "group": "iridium-33-debris", "lat": 48.47774841684001, "lon": -136.10812579787984, "alt_km": 732.8951095449638, "timestamp": "2026-02-15T13:09:26.106518+00:00", "meta": {"OBJECT_NAME": "IRIDIUM 33 DEB", "OBJECT_ID": "1997-051UB", "EPOCH": "2026-02-12T18:56:33.255456", "MEAN_MOTION": 14.51855409, "ECCENTRICITY": 0.00251387, "INCLINATION": 86.3986, "RA_OF_ASC_NODE": 49.1567, "ARG_OF_PERICENTER": 329.3155, "MEAN_ANOMALY": 150.9899, "EPHEMERIS_TYPE": 0, "CLASSIFICATION_TYPE": "U", "NORAD_CAT_ID": 35918, "ELEMENT_SET_NO": 999, "REV_AT_EPOCH": 86107, "BSTAR": 0.0010255584, "MEAN_MOTION_DOT": 4.165e-05, "MEAN_MOTION_DDOT": 0}, "tle": {"line1": "1 35918U 97051UB  26043.78927379  .00004165  00000+0  10256-2 0  9996", "line2": "2 35918  86.3986  49.1567 0025138 329.3155 150.9899 14.51855409861072"}}, "geometry": {"type": "Point", "coordinates": [-136.10812579787984, 48.47774841684001]}}, {"type": "Feature", "properties": {"norad_id": 35929, "name": "IRIDIUM 33 DEB", "group": "iridium-33-debris", "lat": 45.17184625355751, "lon": 98.09130975960011, "alt_km": 529.2992955482578, "timestamp": "2026-02-15T13:09:26.106528+00:00", "meta": {"OBJECT_NAME": "IRIDIUM 33 DEB", "OBJECT_ID": "1997-051UN", "EPOCH": "2026-02-07T22:58:53.468256", "MEAN_MOTION": 15.07506173, "ECCENTRICITY": 0.0013118, "INCLINATION": 86.3362, "RA_OF_ASC_NODE": 285.4121, "ARG_OF_PERICENTER": 165.5635, "MEAN_ANOMALY": 194.5978, "EPHEMERIS_TYPE": 0, "CLASSIFICATION_TYPE": "U", "NORAD_CAT_ID": 35929, "ELEMENT_SET_NO": 999, "REV_AT_EPOCH": 88640, "BSTAR": 0.002409, "MEAN_MOTION_DOT": 0.0003679, "MEAN_MOTION_DDOT": 0}, "tle": {"line1": "1 35929U 97051UN  26038.95756329  .00036790  00000+0  24090-2 0  9996", "line2": "2 35929  86.3362 285.4121 0013118 165.5635 194.5978 15.07506173886400"}}, "geometry": {"type": "Point", "coordinates": [98.09130975960011, 45.17184625355751]}}, {"type": "Feature", "properties": {"norad_id": 36011, "name": "IRIDIUM 33 DEB", "group": "iridium-33-debris", "lat": -12.552331915631003, "lon": 6.766016483718691, "alt_km": 745.344518081225, "timestamp": "2026-02-15T13:09:26.106541+00:00", "meta": {"OBJECT_NAME": "IRIDIUM 33 DEB", "OBJECT_ID": "1997-051US", "EPOCH": "2026-02-13T04:50:38.080032", "MEAN_MOTION": 14.41581534, "ECCENTRICITY": 0.001963, "INCLINATION": 86.3436, "RA_OF_ASC_NODE": 8.5889, "ARG_OF_PERICENTER": 22.6123, "MEAN_ANOMALY": 35.6972, "EPHEMERIS_TYPE": 0, "CLASSIFICATION_TYPE": "U", "NORAD_CAT_ID": 36011, "ELEMENT_SET_NO": 999, "REV_AT_EPOCH": 65440, "BSTAR": 0.00059551875, "MEAN_MOTION_DOT": 1.96e-05, "MEAN_MOTION_DDOT": 0}, "tle": {"line1": "1 36011U 97051US  26044.20182963  .00001960  00000+0  59552-3 0  9994", "line2": "2 36011  86.3436   8.5889 0019630  22.6123  35.6972 14.41581534654403"}}, "geometry": {"type": "Point", "coordinates": [6.766016483718691, -12.552331915631003]}}, {"type": "Feature", "properties": {"norad_id": 36012, "name": "IRIDIUM 33 DEB", "group": "iridium-33-debris", "lat": -68.988536891306, "lon": 110.69767958884341, "alt_km": 982.245175951909, "timestamp": "2026-02-15T13:09:26.106553+00:00", "meta": {"OBJECT_NAME": "IRIDIUM 33 DEB", "OBJECT_ID": "1997-051UT", "EPOCH": "2026-02-12T14:40:22.145952", "MEAN_MOTION": 14.20327984, "ECCENTRICITY": 0.0216617, "INCLINATION": 86.4412, "RA_OF_ASC_NODE": 282.5596, "ARG_OF_PERICENTER": 64.1228, "MEAN_ANOMALY": 298.2118, "EPHEMERIS_TYPE": 0, "CLASSIFICATION_TYPE": "U", "NORAD_CAT_ID": 36012, "ELEMENT_SET_NO": 999, "REV_AT_EPOCH": 66362, "BSTAR": 0.0030812, "MEAN_MOTION_DOT": 8.374e-05, "MEAN_MOTION_DDOT": 0}, "tle": {"line1": "1 36012U 97051UT  26043.61136743  .00008374  00000+0  30812-2 0  9997", "line2": "2 36012  86.4412 282.5596 0216617  64.1228 298.2118 14.20327984663626"}}, "geometry": {"type": "Point", "coordinates": [110.69767958884341, -68.988536891306]}}, {"type": "Feature", "properties": {"norad_id": 36028, "name": "IRIDIUM 33 DEB", "group": "iridium-33-debris", "lat": 34.68843060161367, "lon": -81.31916294664448, "alt_km": 574.2448688913282, "timestamp": "2026-02-15T13:09:26.106564+00:00", "meta": {"OBJECT_NAME": "IRIDIUM 33 DEB", "OBJECT_ID": "1997-051VK", "EPOCH": "2026-02-10T09:38:35.701440", "MEAN_MOTION": 14.9896006, "ECCENTRICITY": 0.00149823, "INCLINATION": 86.3195, "RA_OF_ASC_NODE": 278.563, "ARG_OF_PERICENTER": 185.5045, "MEAN_ANOMALY": 174.6025, "EPHEMERIS_TYPE": 0, "CLASSIFICATION_TYPE": "U", "NORAD_CAT_ID": 36028, "ELEMENT_SET_NO": 999, "REV_AT_EPOCH": 88017, "BSTAR": 0.0018164496, "MEAN_MOTION_DOT": 0.00022098, "MEAN_MOTION_DDOT": 0}, "tle": {"line1": "1 36028U 97051VK  26041.40180210  .00022098  00000+0  18164-2 0  9992", "line2": "2 36028  86.3195 278.5630 0014982 185.5045 174.6025 14.98960060880178"}}, "geometry": {"type": "Point", "coordinates": [-81.31916294664448, 34.68843060161367]}}, {"type": "Feature", "properties": {"norad_id": 36080, "name": "IRIDIUM 33 DEB", "group": "iridium-33-debris", "lat": 15.098265347653417, "lon": -19.244470581402847, "alt_km": 730.7579608937385, "timestamp": "2026-02-15T13:09:26.106574+00:00", "meta": {"OBJECT_NAME": "IRIDIUM 33 DEB", "OBJECT_ID": "1997-051VM", "EPOCH": "2026-02-08T13:27:24.578496", "MEAN_MOTION": 14.46938544, "ECCENTRICITY": 0.00161671, "INCLINATION": 86.3256, "RA_OF_ASC_NODE": 342.8023, "ARG_OF_PERICENTER": 338.1126, "MEAN_ANOMALY": 21.9384, "EPHEMERIS_TYPE": 0, "CLASSIFICATION_TYPE": "U", "NORAD_CAT_ID": 36080, "ELEMENT_SET_NO": 999, "REV_AT_EPOCH": 48250, "BSTAR": 0.00071623839, "MEAN_MOTION_DOT": 2.624e-05, "MEAN_MOTION_DDOT": 0}, "tle": {"line1": "1 36080U 97051VM  26039.56070114  .00002624  00000+0  71624-3 0  9999", "line2": "2 36080  86.3256 342.8023 0016167 338.1126  21.9384 14.46938544482500"}}, "geometry": {"type": "Point", "coordinates": [-19.244470581402847, 15.098265347653417]}}, {"type": "Feature", "properties": {"norad_id": 36083, "name": "IRIDIUM 33 DEB", "group": "iridium-33-debris", "lat": 27.234884535504253, "lon": 8.128458657878843, "alt_km": 726.6850366233411, "timestamp": "2026-02-15T13:09:26.106587+00:00", "meta": {"OBJECT_NAME": "IRIDIUM 33 DEB", "OBJECT_ID": "1997-051VQ", "EPOCH": "2026-02-14T03:45:30.502656", "MEAN_MOTION": 14.43505232, "ECCENTRICITY": 0.00274204, "INCLINATION": 86.346, "RA_OF_ASC_NODE": 6.8424, "ARG_OF_PERICENTER": 21.7245, "MEAN_ANOMALY": 338.5112, "EPHEMERIS_TYPE": 0, "CLASSIFICATION_TYPE": "U", "NORAD_CAT_ID": 36083, "ELEMENT_SET_NO": 999, "REV_AT_EPOCH": 86364, "BSTAR": 0.00066765961, "MEAN_MOTION_DOT": 2.287e-05, "MEAN_MOTION_DDOT": 0}, "tle": {"line1": "1 36083U 97051VQ  26045.15660304  .00002287  00000+0  66766-3 0  9996", "line2": "2 36083  86.3460   6.8424 0027420  21.7245 338.5112 14.43505232863648"}}, "geometry": {"type": "Point", "coordinates": [8.128458657878843, 27.234884535504253]}}, {"type": "Feature", "properties": {"norad_id": 36390, "name": "IRIDIUM 33 DEB", "group": "iridium-33-debris", "lat": -5.537741919659368, "lon": 90.00649785818231, "alt_km": 661.3467597123408, "timestamp": "2026-02-15T13:09:26.106600+00:00", "meta": {"OBJECT_NAME": "IRIDIUM 33 DEB", "OBJECT_ID": "1997-051VU", "EPOCH": "2026-01-23T23:36:36.057888", "MEAN_MOTION": 14.74315028, "ECCENTRICITY": 0.0031976, "INCLINATION": 86.2866, "RA_OF_ASC_NODE": 280.0146, "ARG_OF_PERICENTER": 26.3583, "MEAN_ANOMALY": 333.9253, "EPHEMERIS_TYPE": 0, "CLASSIFICATION_TYPE": "U", "NORAD_CAT_ID": 36390, "ELEMENT_SET_NO": 999, "REV_AT_EPOCH": 66884, "BSTAR": 0.0018086, "MEAN_MOTION_DOT": 0.00012103, "MEAN_MOTION_DDOT": 0}, "tle": {"line1": "1 36390U 97051VU  26023.98375067  .00012103  00000+0  18086-2 0  9992", "line2": "2 36390  86.2866 280.0146 0031976  26.3583 333.9253 14.74315028668848"}}, "geometry": {"type": "Point", "coordinates": [90.00649785818231, -5.537741919659368]}}, {"type": "Feature", "properties": {"norad_id": 36483, "name": "IRIDIUM 33 DEB", "group": "iridium-33-debris", "lat": 75.38985254277735, "lon": 38.787450873042594, "alt_km": 735.7490241781616, "timestamp": "2026-02-15T13:09:26.106610+00:00", "meta": {"OBJECT_NAME": "IRIDIUM 33 DEB", "OBJECT_ID": "1997-051VZ", "EPOCH": "2026-02-14T05:15:15.176160", "MEAN_MOTION": 14.46088449, "ECCENTRICITY": 0.0006825, "INCLINATION": 86.3795, "RA_OF_ASC_NODE": 25.2991, "ARG_OF_PERICENTER": 285.9146, "MEAN_ANOMALY": 74.1304, "EPHEMERIS_TYPE": 0, "CLASSIFICATION_TYPE": "U", "NORAD_CAT_ID": 36483, "ELEMENT_SET_NO": 999, "REV_AT_EPOCH": 66063, "BSTAR": 0.00059682, "MEAN_MOTION_DOT": 2.149e-05, "MEAN_MOTION_DDOT": 0}, "tle": {"line1": "1 36483U 97051VZ  26045.21892565  .00002149  00000+0  59682-3 0  9999", "line2": "2 36483  86.3795  25.2991 0006825 285.9146  74.1304 14.46088449660636"}}, "geometry": {"type": "Point", "coordinates": [38.787450873042594, 75.38985254277735]}}, {"type": "Feature", "properties": {"norad_id": 36490, "name": "IRIDIUM 33 DEB", "group": "iridium-33-debris", "lat": 39.17657756123242, "lon": -15.839652368028014, "alt_km": 631.7810639469853, "timestamp": "2026-02-15T13:09:26.106623+00:00", "meta": {"OBJECT_NAME": "IRIDIUM 33 DEB", "OBJECT_ID": "1997-051WG", "EPOCH": "2026-02-13T18:44:19.047264", "MEAN_MOTION": 14.78170721, "ECCENTRICITY": 0.00025922, "INCLINATION": 86.3674, "RA_OF_ASC_NODE": 341.9919, "ARG_OF_PERICENTER": 125.1135, "MEAN_ANOMALY": 235.0328, "EPHEMERIS_TYPE": 0, "CLASSIFICATION_TYPE": "U", "NORAD_CAT_ID": 36490, "ELEMENT_SET_NO": 999, "REV_AT_EPOCH": 87415, "BSTAR": 0.0016230041, "MEAN_MOTION_DOT": 0.00011787, "MEAN_MOTION_DDOT": 0}, "tle": {"line1": "1 36490U 97051WG  26044.78077601  .00011787  00000+0  16230-2 0  9993", "line2": "2 36490  86.3674 341.9919 0002592 125.1135 235.0328 14.78170721874156"}}, "geometry": {"type": "Point", "coordinates": [-15.839652368028014, 39.17657756123242]}}, {"type": "Feature", "properties": {"norad_id": 36493, "name": "IRIDIUM 33 DEB", "group": "iridium-33-debris", "lat": -16.454315533247932, "lon": 163.94606297593342, "alt_km": 676.5262737475077, "timestamp": "2026-02-15T13:09:26.106633+00:00", "meta": {"OBJECT_NAME": "IRIDIUM 33 DEB", "OBJECT_ID": "1997-051WK", "EPOCH": "2026-02-09T13:46:35.010912", "MEAN_MOTION": 14.66284267, "ECCENTRICITY": 0.0011559, "INCLINATION": 86.3598, "RA_OF_ASC_NODE": 345.5249, "ARG_OF_PERICENTER": 134.5545, "MEAN_ANOMALY": 225.6614, "EPHEMERIS_TYPE": 0, "CLASSIFICATION_TYPE": "U", "NORAD_CAT_ID": 36493, "ELEMENT_SET_NO": 999, "REV_AT_EPOCH": 75380, "BSTAR": 0.0013758, "MEAN_MOTION_DOT": 7.616e-05, "MEAN_MOTION_DDOT": 0}, "tle": {"line1": "1 36493U 97051WK  26040.57401633  .00007616  00000+0  13758-2 0  9993", "line2": "2 36493  86.3598 345.5249 0011559 134.5545 225.6614 14.66284267753801"}}, "geometry": {"type": "Point", "coordinates": [163.94606297593342, -16.454315533247932]}}, {"type": "Feature", "properties": {"norad_id": 37548, "name": "IRIDIUM 33 DEB", "group": "iridium-33-debris", "lat": -42.09120501764672, "lon": 11.84059319061389, "alt_km": 709.0806561397994, "timestamp": "2026-02-15T13:09:26.106645+00:00", "meta": {"OBJECT_NAME": "IRIDIUM 33 DEB", "OBJECT_ID": "1997-051XH", "EPOCH": "2026-02-03T05:15:56.546208", "MEAN_MOTION": 14.51800482, "ECCENTRICITY": 0.0026097, "INCLINATION": 86.3516, "RA_OF_ASC_NODE": 20.513, "ARG_OF_PERICENTER": 22.826, "MEAN_ANOMALY": 337.41, "EPHEMERIS_TYPE": 0, "CLASSIFICATION_TYPE": "U", "NORAD_CAT_ID": 37548, "ELEMENT_SET_NO": 999, "REV_AT_EPOCH": 66293, "BSTAR": 0.0012804, "MEAN_MOTION_DOT": 5.192e-05, "MEAN_MOTION_DDOT": 0}, "tle": {"line1": "1 37548U 97051XH  26034.21940447  .00005192  00000+0  12804-2 0  9998", "line2": "2 37548  86.3516  20.5130 0026097  22.8260 337.4100 14.51800482662930"}}, "geometry": {"type": "Point", "coordinates": [11.84059319061389, -42.09120501764672]}}, {"type": "Feature", "properties": {"norad_id": 37550, "name": "IRIDIUM 33 DEB", "group": "iridium-33-debris", "lat": 13.231330703575278, "lon": 174.27296987785968, "alt_km": 667.3223303756722, "timestamp": "2026-02-15T13:09:26.106656+00:00", "meta": {"OBJECT_NAME": "IRIDIUM 33 DEB", "OBJECT_ID": "1997-051XK", "EPOCH": "2026-02-14T15:08:23.050176", "MEAN_MOTION": 14.68420589, "ECCENTRICITY": 3.54e-06, "INCLINATION": 86.3798, "RA_OF_ASC_NODE": 355.5329, "ARG_OF_PERICENTER": 5.2612, "MEAN_ANOMALY": 354.8603, "EPHEMERIS_TYPE": 0, "CLASSIFICATION_TYPE": "U", "NORAD_CAT_ID": 37550, "ELEMENT_SET_NO": 999, "REV_AT_EPOCH": 87270, "BSTAR": 0.0011947832, "MEAN_MOTION_DOT": 6.934e-05, "MEAN_MOTION_DDOT": 0}, "tle": {"line1": "1 37550U 97051XK  26045.63082234  .00006934  00000+0  11948-2 0  9993", "line2": "2 37550  86.3798 355.5329 0000035   5.2612 354.8603 14.68420589872709"}}, "geometry": {"type": "Point", "coordinates": [174.27296987785968, 13.231330703575278]}}, {"type": "Feature", "properties": {"norad_id": 37562, "name": "IRIDIUM 33 DEB", "group": "iridium-33-debris", "lat": -12.914127714065852, "lon": 14.485712471549494, "alt_km": 709.191163545066, "timestamp": "2026-02-15T13:09:26.106666+00:00", "meta": {"OBJECT_NAME": "IRIDIUM 33 DEB", "OBJECT_ID": "1997-051XX", "EPOCH": "2026-02-15T05:16:28.081344", "MEAN_MOTION": 14.57269436, "ECCENTRICITY": 0.0021414, "INCLINATION": 86.3758, "RA_OF_ASC_NODE": 15.4617, "ARG_OF_PERICENTER": 248.2975, "MEAN_ANOMALY": 176.6493, "EPHEMERIS_TYPE": 0, "CLASSIFICATION_TYPE": "U", "NORAD_CAT_ID": 37562, "ELEMENT_SET_NO": 999, "REV_AT_EPOCH": 87267, "BSTAR": 0.001399693, "MEAN_MOTION_DOT": 6.368e-05, "MEAN_MOTION_DDOT": 0}, "tle": {"line1": "1 37562U 97051XX  26046.21976946  .00006368  00000+0  13997-2 0  9990", "line2": "2 37562  86.3758  15.4617 0021414 248.2975 176.6493 14.57269436872678"}}, "geometry": {"type": "Point", "coordinates": [14.485712471549494, -12.914127714065852]}}, {"type": "Feature", "properties": {"norad_id": 37565, "name": "IRIDIUM 33 DEB", "group": "iridium-33-debris", "lat": 10.102355929322766, "lon": -18.003042336065857, "alt_km": 727.8187100907116, "timestamp": "2026-02-15T13:09:26.106676+00:00", "meta": {"OBJECT_NAME": "IRIDIUM 33 DEB", "OBJECT_ID": "1997-051YA", "EPOCH": "2026-02-14T02:22:31.593792", "MEAN_MOTION": 14.51906796, "ECCENTRICITY": 0.00107544, "INCLINATION": 86.353, "RA_OF_ASC_NODE": 341.9767, "ARG_OF_PERICENTER": 223.001, "MEAN_ANOMALY": 137.0356, "EPHEMERIS_TYPE": 0, "CLASSIFICATION_TYPE": "U", "NORAD_CAT_ID": 37565, "ELEMENT_SET_NO": 999, "REV_AT_EPOCH": 66756, "BSTAR": 0.00057179825, "MEAN_MOTION_DOT": 2.326e-05, "MEAN_MOTION_DDOT": 0}, "tle": {"line1": "1 37565U 97051YA  26045.09897678  .00002326  00000+0  57180-3 0  9995", "line2": "2 37565  86.3530 341.9767 0010754 223.0010 137.0356 14.51906796667568"}}, "geometry": {"type": "Point", "coordinates": [-18.003042336065857, 10.102355929322766]}}, {"type": "Feature", "properties": {"norad_id": 38017, "name": "IRIDIUM 33 DEB", "group": "iridium-33-debris", "lat": 66.47482399433802, "lon": -50.463134059787635, "alt_km": 756.5089975472902, "timestamp": "2026-02-15T13:09:26.106687+00:00", "meta": {"OBJECT_NAME": "IRIDIUM 33 DEB", "OBJECT_ID": "1997-051YD", "EPOCH": "2026-02-14T05:11:29.609088", "MEAN_MOTION": 14.51388927, "ECCENTRICITY": 0.00888683, "INCLINATION": 86.3379, "RA_OF_ASC_NODE": 138.5785, "ARG_OF_PERICENTER": 249.6546, "MEAN_ANOMALY": 109.5095, "EPHEMERIS_TYPE": 0, "CLASSIFICATION_TYPE": "U", "NORAD_CAT_ID": 38017, "ELEMENT_SET_NO": 999, "REV_AT_EPOCH": 62322, "BSTAR": 0.0028197592, "MEAN_MOTION_DOT": 0.00011863, "MEAN_MOTION_DDOT": 0}, "tle": {"line1": "1 38017U 97051YD  26045.21631492  .00011863  00000+0  28198-2 0  9994", "line2": "2 38017  86.3379 138.5785 0088868 249.6546 109.5095 14.51388927623220"}}, "geometry": {"type": "Point", "coordinates": [-50.463134059787635, 66.47482399433802]}}, {"type": "Feature", "properties": {"norad_id": 38022, "name": "IRIDIUM 33 DEB", "group": "iridium-33-debris", "lat": 38.48189019671712, "lon": -8.978985870061528, "alt_km": 776.5335386063143, "timestamp": "2026-02-15T13:09:26.106697+00:00", "meta": {"OBJECT_NAME": "IRIDIUM 33 DEB", "OBJECT_ID": "1997-051YJ", "EPOCH": "2026-02-14T13:39:36.326880", "MEAN_MOTION": 14.41908879, "ECCENTRICITY": 0.00429368, "INCLINATION": 86.2729, "RA_OF_ASC_NODE": 348.4794, "ARG_OF_PERICENTER": 194.4492, "MEAN_ANOMALY": 165.5484, "EPHEMERIS_TYPE": 0, "CLASSIFICATION_TYPE": "U", "NORAD_CAT_ID": 38022, "ELEMENT_SET_NO": 999, "REV_AT_EPOCH": 70113, "BSTAR": 0.0010269898, "MEAN_MOTION_DOT": 3.418e-05, "MEAN_MOTION_DDOT": 0}, "tle": {"line1": "1 38022U 97051YJ  26045.56917045  .00003418  00000+0  10270-2 0  9998", "line2": "2 38022  86.2729 348.4794 0042936 194.4492 165.5484 14.41908879701133"}}, "geometry": {"type": "Point", "coordinates": [-8.978985870061528, 38.48189019671712]}}, {"type": "Feature", "properties": {"norad_id": 38028, "name": "IRIDIUM 33 DEB", "group": "iridium-33-debris", "lat": -24.94426518509415, "lon": 153.8155654425136, "alt_km": 735.2179806137228, "timestamp": "2026-02-15T13:09:26.106709+00:00", "meta": {"OBJECT_NAME": "IRIDIUM 33 DEB", "OBJECT_ID": "1997-051YQ", "EPOCH": "2026-02-10T02:42:23.899968", "MEAN_MOTION": 14.46433758, "ECCENTRICITY": 0.00260039, "INCLINATION": 86.3297, "RA_OF_ASC_NODE": 334.465, "ARG_OF_PERICENTER": 288.4359, "MEAN_ANOMALY": 71.4017, "EPHEMERIS_TYPE": 0, "CLASSIFICATION_TYPE": "U", "NORAD_CAT_ID": 38028, "ELEMENT_SET_NO": 999, "REV_AT_EPOCH": 66353, "BSTAR": 0.0004455472, "MEAN_MOTION_DOT": 1.627e-05, "MEAN_MOTION_DDOT": 0}, "tle": {"line1": "1 38028U 97051YQ  26041.11277662  .00001627  00000+0  44555-3 0  9999", "line2": "2 38028  86.3297 334.4650 0026003 288.4359  71.4017 14.46433758663531"}}, "geometry": {"type": "Point", "coordinates": [153.8155654425136, -24.94426518509415]}}, {"type": "Feature", "properties": {"norad_id": 38228, "name": "IRIDIUM 33 DEB", "group": "iridium-33-debris", "lat": 41.238500020595794, "lon": 24.164192854297514, "alt_km": 772.0850722549076, "timestamp": "2026-02-15T13:09:26.106720+00:00", "meta": {"OBJECT_NAME": "IRIDIUM 33 DEB", "OBJECT_ID": "1997-051ZC", "EPOCH": "2026-02-13T05:44:17.155680", "MEAN_MOTION": 14.27406551, "ECCENTRICITY": 0.0064185, "INCLINATION": 86.2966, "RA_OF_ASC_NODE": 21.8904, "ARG_OF_PERICENTER": 351.5458, "MEAN_ANOMALY": 70.8401, "EPHEMERIS_TYPE": 0, "CLASSIFICATION_TYPE": "U", "NORAD_CAT_ID": 38228, "ELEMENT_SET_NO": 999, "REV_AT_EPOCH": 85673, "BSTAR": 0.00039059, "MEAN_MOTION_DOT": 9.97e-06, "MEAN_MOTION_DDOT": 0}, "tle": {"line1": "1 38228U 97051ZC  26044.23908745  .00000997  00000+0  39059-3 0  9992", "line2": "2 38228  86.2966  21.8904 0064185 351.5458  70.8401 14.27406551856735"}}, "geometry": {"type": "Point", "coordinates": [24.164192854297514, 41.238500020595794]}}, {"type": "Feature", "properties": {"norad_id": 38241, "name": "IRIDIUM 33 DEB", "group": "iridium-33-debris", "lat": -41.063633827578926, "lon": -41.198766598240454, "alt_km": 715.5295625501303, "timestamp": "2026-02-15T13:09:26.106732+00:00", "meta": {"OBJECT_NAME": "IRIDIUM 33 DEB", "OBJECT_ID": "1997-051ZR", "EPOCH": "2026-02-06T13:11:00.694176", "MEAN_MOTION": 14.55357557, "ECCENTRICITY": 0.0001391, "INCLINATION": 86.3259, "RA_OF_ASC_NODE": 325.9788, "ARG_OF_PERICENTER": 189.0948, "MEAN_ANOMALY": 171.0234, "EPHEMERIS_TYPE": 0, "CLASSIFICATION_TYPE": "U", "NORAD_CAT_ID": 38241, "ELEMENT_SET_NO": 999, "REV_AT_EPOCH": 61012, "BSTAR": 0.0010426, "MEAN_MOTION_DOT": 4.543e-05, "MEAN_MOTION_DDOT": 0}, "tle": {"line1": "1 38241U 97051ZR  26037.54931359  .00004543  00000+0  10426-2 0  9997", "line2": "2 38241  86.3259 325.9788 0001391 189.0948 171.0234 14.55357557610123"}}, "geometry": {"type": "Point", "coordinates": [-41.198766598240454, -41.063633827578926]}}, {"type": "Feature", "properties": {"norad_id": 38474, "name": "IRIDIUM 33 DEB", "group": "iridium-33-debris", "lat": 0.17577358317109174, "lon": 161.8098026967878, "alt_km": 714.53531567359, "timestamp": "2026-02-15T13:09:26.106745+00:00", "meta": {"OBJECT_NAME": "IRIDIUM 33 DEB", "OBJECT_ID": "1997-051AAB", "EPOCH": "2026-02-09T13:59:59.756928", "MEAN_MOTION": 14.51068145, "ECCENTRICITY": 0.0023085, "INCLINATION": 86.3461, "RA_OF_ASC_NODE": 344.419, "ARG_OF_PERICENTER": 249.6478, "MEAN_ANOMALY": 110.2247, "EPHEMERIS_TYPE": 0, "CLASSIFICATION_TYPE": "U", "NORAD_CAT_ID": 38474, "ELEMENT_SET_NO": 999, "REV_AT_EPOCH": 66171, "BSTAR": 0.00072799, "MEAN_MOTION_DOT": 2.912e-05, "MEAN_MOTION_DDOT": 0}, "tle": {"line1": "1 38474U 97051AAB 26040.58333052  .00002912  00000+0  72799-3 0  9999", "line2": "2 38474  86.3461 344.4190 0023085 249.6478 110.2247 14.51068145661712"}}, "geometry": {"type": "Point", "coordinates": [161.8098026967878, 0.17577358317109174]}}, {"type": "Feature", "properties": {"norad_id": 39777, "name": "IRIDIUM 33 DEB", "group": "iridium-33-debris", "lat": -58.36690507505614, "lon": 136.97634158580408, "alt_km": 670.0095476403612, "timestamp": "2026-02-15T13:09:26.106756+00:00", "meta": {"OBJECT_NAME": "IRIDIUM 33 DEB", "OBJECT_ID": "1997-051AAJ", "EPOCH": "2026-02-13T16:57:34.556544", "MEAN_MOTION": 14.5829908, "ECCENTRICITY": 0.00559348, "INCLINATION": 85.9637, "RA_OF_ASC_NODE": 144.4547, "ARG_OF_PERICENTER": 333.2518, "MEAN_ANOMALY": 26.5807, "EPHEMERIS_TYPE": 0, "CLASSIFICATION_TYPE": "U", "NORAD_CAT_ID": 39777, "ELEMENT_SET_NO": 999, "REV_AT_EPOCH": 61102, "BSTAR": 0.0020622751, "MEAN_MOTION_DOT": 9.768e-05, "MEAN_MOTION_DDOT": 0}, "tle": {"line1": "1 39777U 97051AAJ 26044.70664996  .00009768  00000+0  20623-2 0  9992", "line2": "2 39777  85.9637 144.4547 0055934 333.2518  26.5807 14.58299080611027"}}, "geometry": {"type": "Point", "coordinates": [136.97634158580408, -58.36690507505614]}}, {"type": "Feature", "properties": {"norad_id": 39778, "name": "IRIDIUM 33 DEB", "group": "iridium-33-debris", "lat": -19.24387030374176, "lon": -163.66267488981487, "alt_km": 711.5211655535113, "timestamp": "2026-02-15T13:09:26.106766+00:00", "meta": {"OBJECT_NAME": "IRIDIUM 33 DEB", "OBJECT_ID": "1997-051AAK", "EPOCH": "2026-02-14T21:23:20.950944", "MEAN_MOTION": 14.54894738, "ECCENTRICITY": 0.00078184, "INCLINATION": 86.3792, "RA_OF_ASC_NODE": 15.356, "ARG_OF_PERICENTER": 148.9137, "MEAN_ANOMALY": 211.2535, "EPHEMERIS_TYPE": 0, "CLASSIFICATION_TYPE": "U", "NORAD_CAT_ID": 39778, "ELEMENT_SET_NO": 999, "REV_AT_EPOCH": 61625, "BSTAR": 0.00082459803, "MEAN_MOTION_DOT": 3.563e-05, "MEAN_MOTION_DDOT": 0}, "tle": {"line1": "1 39778U 97051AAK 26045.89121471  .00003563  00000+0  82460-3 0  9995", "line2": "2 39778  86.3792  15.3560 0007818 148.9137 211.2535 14.54894738616250"}}, "geometry": {"type": "Point", "coordinates": [-163.66267488981487, -19.24387030374176]}}, {"type": "Feature", "properties": {"norad_id": 39781, "name": "IRIDIUM 33 DEB", "group": "iridium-33-debris", "lat": -0.36360867024172777, "lon": 51.273954784102116, "alt_km": 871.9599091735436, "timestamp": "2026-02-15T13:09:26.106777+00:00", "meta": {"OBJECT_NAME": "IRIDIUM 33 DEB", "OBJECT_ID": "1997-051AAN", "EPOCH": "2026-02-01T08:04:01.703712", "MEAN_MOTION": 14.22082273, "ECCENTRICITY": 0.01712939, "INCLINATION": 86.3718, "RA_OF_ASC_NODE": 237.1194, "ARG_OF_PERICENTER": 110.1022, "MEAN_ANOMALY": 68.5667, "EPHEMERIS_TYPE": 0, "CLASSIFICATION_TYPE": "U", "NORAD_CAT_ID": 39781, "ELEMENT_SET_NO": 999, "REV_AT_EPOCH": 8825, "BSTAR": 0.0035030149, "MEAN_MOTION_DOT": 9.026e-05, "MEAN_MOTION_DDOT": 0}, "tle": {"line1": "1 39781U 97051AAN 26032.33613083  .00009026  00000+0  35030-2 0  9999", "line2": "2 39781  86.3718 237.1194 0171293 110.1022  68.5667 14.22082273 88252"}}, "geometry": {"type": "Point", "coordinates": [51.273954784102116, -0.36360867024172777]}}, {"type": "Feature", "properties": {"norad_id": 40996, "name": "IRIDIUM 33 DEB", "group": "iridium-33-debris", "lat": 70.93507236527645, "lon": -18.371026371076148, "alt_km": 550.1093547915125, "timestamp": "2026-02-15T13:09:26.106787+00:00", "meta": {"OBJECT_NAME": "IRIDIUM 33 DEB", "OBJECT_ID": "1997-051ABJ", "EPOCH": "2026-02-13T13:26:05.079264", "MEAN_MOTION": 15.02351922, "ECCENTRICITY": 0.00073339, "INCLINATION": 86.3529, "RA_OF_ASC_NODE": 331.9308, "ARG_OF_PERICENTER": 141.6917, "MEAN_ANOMALY": 341.9569, "EPHEMERIS_TYPE": 0, "CLASSIFICATION_TYPE": "U", "NORAD_CAT_ID": 40996, "ELEMENT_SET_NO": 999, "REV_AT_EPOCH": 63429, "BSTAR": 0.0029944644, "MEAN_MOTION_DOT": 0.0003981, "MEAN_MOTION_DDOT": 0}, "tle": {"line1": "1 40996U 97051ABJ 26044.55978101  .00039810  00000+0  29945-2 0  9993", "line2": "2 40996  86.3529 331.9308 0007333 141.6917 341.9569 15.02351922634296"}}, "geometry": {"type": "Point", "coordinates": [-18.371026371076148, 70.93507236527645]}}, {"type": "Feature", "properties": {"norad_id": 40998, "name": "IRIDIUM 33 DEB", "group": "iridium-33-debris", "lat": -24.28196247772854, "lon": -152.41114699004265, "alt_km": 742.5048739322947, "timestamp": "2026-02-15T13:09:26.106800+00:00", "meta": {"OBJECT_NAME": "IRIDIUM 33 DEB", "OBJECT_ID": "1997-051ABL", "EPOCH": "2026-02-12T04:45:01.272096", "MEAN_MOTION": 14.4535885, "ECCENTRICITY": 0.00055485, "INCLINATION": 86.3821, "RA_OF_ASC_NODE": 27.3848, "ARG_OF_PERICENTER": 222.8016, "MEAN_ANOMALY": 199.9469, "EPHEMERIS_TYPE": 0, "CLASSIFICATION_TYPE": "U", "NORAD_CAT_ID": 40998, "ELEMENT_SET_NO": 999, "REV_AT_EPOCH": 7569, "BSTAR": 0.00060423171, "MEAN_MOTION_DOT": 2.142e-05, "MEAN_MOTION_DDOT": 0}, "tle": {"line1": "1 40998U 97051ABL 26043.19793139  .00002142  00000+0  60423-3 0  9995", "line2": "2 40998  86.3821  27.3848 0005548 222.8016 199.9469 14.45358850 75692"}}, "geometry": {"type": "Point", "coordinates": [-152.41114699004265, -24.28196247772854]}}, {"type": "Feature", "properties": {"norad_id": 46435, "name": "IRIDIUM 33 DEB", "group": "iridium-33-debris", "lat": 59.42010947170764, "lon": -20.358230240556832, "alt_km": 681.7931553510443, "timestamp": "2026-02-15T13:09:26.106810+00:00", "meta": {"OBJECT_NAME": "IRIDIUM 33 DEB", "OBJECT_ID": "1997-051ABN", "EPOCH": "2026-02-04T03:14:59.029152", "MEAN_MOTION": 14.36167469, "ECCENTRICITY": 0.01982718, "INCLINATION": 86.2792, "RA_OF_ASC_NODE": 170.9115, "ARG_OF_PERICENTER": 102.1484, "MEAN_ANOMALY": 74.9261, "EPHEMERIS_TYPE": 0, "CLASSIFICATION_TYPE": "U", "NORAD_CAT_ID": 46435, "ELEMENT_SET_NO": 999, "REV_AT_EPOCH": 8681, "BSTAR": 0.0070927706, "MEAN_MOTION_DOT": 0.00025972, "MEAN_MOTION_DDOT": 0}, "tle": {"line1": "1 46435U 97051ABN 26035.13540543  .00025972  00000+0  70928-2 0  9997", "line2": "2 46435  86.2792 170.9115 0198271 102.1484  74.9261 14.36167469 86819"}}, "geometry": {"type": "Point", "coordinates": [-20.358230240556832, 59.42010947170764]}}, {"type": "Feature", "properties": {"norad_id": 46734, "name": "IRIDIUM 33 DEB", "group": "iridium-33-debris", "lat": -85.04952749309656, "lon": -156.66219877104774, "alt_km": 782.7827602896323, "timestamp": "2026-02-15T13:09:26.106820+00:00", "meta": {"OBJECT_NAME": "IRIDIUM 33 DEB", "OBJECT_ID": "1997-051ABR", "EPOCH": "2026-02-01T03:32:19.354272", "MEAN_MOTION": 14.42316373, "ECCENTRICITY": 0.0039381, "INCLINATION": 86.2663, "RA_OF_ASC_NODE": 340.7289, "ARG_OF_PERICENTER": 162.3242, "MEAN_ANOMALY": 255.962, "EPHEMERIS_TYPE": 0, "CLASSIFICATION_TYPE": "U", "NORAD_CAT_ID": 46734, "ELEMENT_SET_NO": 999, "REV_AT_EPOCH": 63737, "BSTAR": 0.0008427836, "MEAN_MOTION_DOT": 2.827e-05, "MEAN_MOTION_DDOT": 0}, "tle": {"line1": "1 46734U 97051ABR 26032.14744623  .00002827  00000+0  84278-3 0  9990", "line2": "2 46734  86.2663 340.7289 0039381 162.3242 255.9620 14.42316373637373"}}, "geometry": {"type": "Point", "coordinates": [-156.66219877104774, -85.04952749309656]}}, {"type": "Feature", "properties": {"norad_id": 46965, "name": "IRIDIUM 33 DEB", "group": "iridium-33-debris", "lat": 22.8401889176269, "lon": -46.49973650013501, "alt_km": 686.8647831463968, "timestamp": "2026-02-15T13:09:26.106831+00:00", "meta": {"OBJECT_NAME": "IRIDIUM 33 DEB", "OBJECT_ID": "1997-051ABX", "EPOCH": "2026-02-12T05:11:43.789920", "MEAN_MOTION": 14.60887317, "ECCENTRICITY": 0.0021106, "INCLINATION": 86.337, "RA_OF_ASC_NODE": 313.4319, "ARG_OF_PERICENTER": 112.5051, "MEAN_ANOMALY": 39.6667, "EPHEMERIS_TYPE": 0, "CLASSIFICATION_TYPE": "U", "NORAD_CAT_ID": 46965, "ELEMENT_SET_NO": 999, "REV_AT_EPOCH": 63165, "BSTAR": 0.00069680628, "MEAN_MOTION_DOT": 3.44e-05, "MEAN_MOTION_DDOT": 0}, "tle": {"line1": "1 46965U 97051ABX 26043.21647905  .00003440  00000+0  69681-3 0  9994", "line2": "2 46965  86.3370 313.4319 0021106 112.5051  39.6667 14.60887317631651"}}, "geometry": {"type": "Point", "coordinates": [-46.49973650013501, 22.8401889176269]}}, {"type": "Feature", "properties": {"norad_id": 46971, "name": "IRIDIUM 33 DEB", "group": "iridium-33-debris", "lat": 31.10945645994733, "lon": -55.27188081835251, "alt_km": 548.8806921407104, "timestamp": "2026-02-15T13:09:26.106841+00:00", "meta": {"OBJECT_NAME": "IRIDIUM 33 DEB", "OBJECT_ID": "1997-051ACD", "EPOCH": "2026-01-31T00:37:58.382688", "MEAN_MOTION": 15.02008942, "ECCENTRICITY": 0.0011237, "INCLINATION": 86.3353, "RA_OF_ASC_NODE": 309.8644, "ARG_OF_PERICENTER": 100.793, "MEAN_ANOMALY": 272.6201, "EPHEMERIS_TYPE": 0, "CLASSIFICATION_TYPE": "U", "NORAD_CAT_ID": 46971, "ELEMENT_SET_NO": 999, "REV_AT_EPOCH": 64969, "BSTAR": 0.0020982623, "MEAN_MOTION_DOT": 0.00027629, "MEAN_MOTION_DDOT": 0}, "tle": {"line1": "1 46971U 97051ACD 26031.02637017  .00027629  00000+0  20983-2 0  9996", "line2": "2 46971  86.3353 309.8644 0011237 100.7930 272.6201 15.02008942649690"}}, "geometry": {"type": "Point", "coordinates": [-55.27188081835251, 31.10945645994733]}}, {"type": "Feature", "properties": {"norad_id": 46972, "name": "IRIDIUM 33 DEB", "group": "iridium-33-debris", "lat": 32.30731270268104, "lon": -170.7933874895686, "alt_km": 722.3062095076948, "timestamp": "2026-02-15T13:09:26.106852+00:00", "meta": {"OBJECT_NAME": "IRIDIUM 33 DEB", "OBJECT_ID": "1997-051ACE", "EPOCH": "2026-02-04T05:19:03.178848", "MEAN_MOTION": 14.50973059, "ECCENTRICITY": 0.0007168, "INCLINATION": 86.3887, "RA_OF_ASC_NODE": 16.3705, "ARG_OF_PERICENTER": 296.9315, "MEAN_ANOMALY": 122.4772, "EPHEMERIS_TYPE": 0, "CLASSIFICATION_TYPE": "U", "NORAD_CAT_ID": 46972, "ELEMENT_SET_NO": 999, "REV_AT_EPOCH": 62348, "BSTAR": 0.00074102, "MEAN_MOTION_DOT": 2.948e-05, "MEAN_MOTION_DDOT": 0}, "tle": {"line1": "1 46972U 97051ACE 26035.22156457  .00002948  00000+0  74102-3 0  9997", "line2": "2 46972  86.3887  16.3705 0007168 296.9315 122.4772 14.50973059623480"}}, "geometry": {"type": "Point", "coordinates": [-170.7933874895686, 32.30731270268104]}}, {"type": "Feature", "properties": {"norad_id": 46974, "name": "IRIDIUM 33 DEB", "group": "iridium-33-debris", "lat": 54.80404178412331, "lon": -108.33135342517232, "alt_km": 788.8929057702135, "timestamp": "2026-02-15T13:09:26.106862+00:00", "meta": {"OBJECT_NAME": "IRIDIUM 33 DEB", "OBJECT_ID": "1997-051ACG", "EPOCH": "2026-02-06T20:58:40.805760", "MEAN_MOTION": 14.45868378, "ECCENTRICITY": 0.0089098, "INCLINATION": 86.2965, "RA_OF_ASC_NODE": 80.736, "ARG_OF_PERICENTER": 2.3023, "MEAN_ANOMALY": 357.857, "EPHEMERIS_TYPE": 0, "CLASSIFICATION_TYPE": "U", "NORAD_CAT_ID": 46974, "ELEMENT_SET_NO": 999, "REV_AT_EPOCH": 58319, "BSTAR": 0.0031263, "MEAN_MOTION_DOT": 0.00011692, "MEAN_MOTION_DDOT": 0}, "tle": {"line1": "1 46974U 97051ACG 26037.87408340  .00011692  00000+0  31263-2 0  9999", "line2": "2 46974  86.2965  80.7360 0089098   2.3023 357.8570 14.45868378583191"}}, "geometry": {"type": "Point", "coordinates": [-108.33135342517232, 54.80404178412331]}}, {"type": "Feature", "properties": {"norad_id": 46979, "name": "IRIDIUM 33 DEB", "group": "iridium-33-debris", "lat": 8.443016780916246, "lon": 18.83655200366311, "alt_km": 558.9915420991892, "timestamp": "2026-02-15T13:09:26.106875+00:00", "meta": {"OBJECT_NAME": "IRIDIUM 33 DEB", "OBJECT_ID": "1997-051ACM", "EPOCH": "2026-01-24T17:29:42.747936", "MEAN_MOTION": 14.93512669, "ECCENTRICITY": 0.0029146, "INCLINATION": 86.3324, "RA_OF_ASC_NODE": 28.5188, "ARG_OF_PERICENTER": 75.5025, "MEAN_ANOMALY": 284.9433, "EPHEMERIS_TYPE": 0, "CLASSIFICATION_TYPE": "U", "NORAD_CAT_ID": 46979, "ELEMENT_SET_NO": 999, "REV_AT_EPOCH": 36069, "BSTAR": 0.0070538, "MEAN_MOTION_DOT": 0.00075585, "MEAN_MOTION_DDOT": 0}, "tle": {"line1": "1 46979U 97051ACM 26024.72896699  .00075585  00000+0  70538-2 0  9991", "line2": "2 46979  86.3324  28.5188 0029146  75.5025 284.9433 14.93512669360694"}}, "geometry": {"type": "Point", "coordinates": [18.83655200366311, 8.443016780916246]}}]}