{"type": "FeatureCollection", "features": [{"type": "Feature", "properties": {"norad_id": 67304, "name": "CSG-3", "group": "last-30-days", "lat": 56.39920109215083, "lon": -153.34092376917624, "alt_km": 616.299033064065, "timestamp": "2026-02-02T02:54:29.437674+00:00", "meta": {"OBJECT_NAME": "CSG-3", "OBJECT_ID": "2026-001A", "EPOCH": "2026-02-01T12:04:07.105728", "MEAN_MOTION": 14.82157418, "ECCENTRICITY": 0.0001296, "INCLINATION": 97.8719, "RA_OF_ASC_NODE": 218.0699, "ARG_OF_PERICENTER": 78.5937, "MEAN_ANOMALY": 281.5421, "EPHEMERIS_TYPE": 0, "CLASSIFICATION_TYPE": "U", "NORAD_CAT_ID": 67304, "ELEMENT_SET_NO": 999, "REV_AT_EPOCH": 436, "BSTAR": -0.00056779, "MEAN_MOTION_DOT": -4.569e-05, "MEAN_MOTION_DDOT": 0}, "tle": {"line1": "1 67304U 26001A   26032.50286002 -.00004569  00000+0 -56779-3 0  9997", "line2": "2 67304  97.8719 218.0699 0001296  78.5937 281.5421 14.82157418  4362"}}, "geometry": {"type": "Point", "coordinates": [-153.34092376917624, 56.39920109215083]}}, {"type": "Feature", "properties": {"norad_id": 67305, "name": "STARLINK-36490", "group": "last-30-days", "lat": 11.76989139535257, "lon": -25.829171052679577, "alt_km": 412.7509249739569, "timestamp": "2026-02-02T02:54:29.437724+00:00", "meta": {"OBJECT_NAME": "STARLINK-36490", "OBJECT_ID": "2026-002A", "EPOCH": "2026-02-01T09:12:22.880160", "MEAN_MOTION": 15.50632189, "ECCENTRICITY": 9.96e-05, "INCLINATION": 42.9964, "RA_OF_ASC_NODE": 171.4094, "ARG_OF_PERICENTER": 256.501, "MEAN_ANOMALY": 103.5739, "EPHEMERIS_TYPE": 0, "CLASSIFICATION_TYPE": "U", "NORAD_CAT_ID": 67305, "ELEMENT_SET_NO": 999, "REV_AT_EPOCH": 557, "BSTAR": 0.0013566, "MEAN_MOTION_DOT": 0.00080212, "MEAN_MOTION_DDOT": 0}, "tle": {"line1": "1 67305U 26002A   26032.38359815  .00080212  00000+0  13566-2 0  9991", "line2": "2 67305  42.9964 171.4094 0000996 256.5010 103.5739 15.50632189  5571"}}, "geometry": {"type": "Point", "coordinates": [-25.829171052679577, 11.76989139535257]}}, {"type": "Feature", "properties": {"norad_id": 67306, "name": "STARLINK-36488", "group": "last-30-days", "lat": 10.696769235731548, "lon": -24.60314290671615, "alt_km": 413.46819707078794, "timestamp": "2026-02-02T02:54:29.437743+00:00", "meta": {"OBJECT_NAME": "STARLINK-36488", "OBJECT_ID": "2026-002B", "EPOCH": "2026-02-01T09:11:55.137984", "MEAN_MOTION": 15.5057763, "ECCENTRICITY": 0.0001159, "INCLINATION": 43, "RA_OF_ASC_NODE": 171.4097, "ARG_OF_PERICENTER": 282.26, "MEAN_ANOMALY": 77.813, "EPHEMERIS_TYPE": 0, "CLASSIFICATION_TYPE": "U", "NORAD_CAT_ID": 67306, "ELEMENT_SET_NO": 999, "REV_AT_EPOCH": 551, "BSTAR": 0.0010554, "MEAN_MOTION_DOT": 0.0006206, "MEAN_MOTION_DDOT": 0}, "tle": {"line1": "1 67306U 26002B   26032.38327706  .00062060  00000+0  10554-2 0  9991", "line2": "2 67306  43.0000 171.4097 0001159 282.2600  77.8130 15.50577630  5512"}}, "geometry": {"type": "Point", "coordinates": [-24.60314290671615, 10.696769235731548]}}, {"type": "Feature", "properties": {"norad_id": 67307, "name": "STARLINK-36481", "group": "last-30-days", "lat": 7.944888527584534, "lon": -21.54000485128194, "alt_km": 412.7060842533565, "timestamp": "2026-02-02T02:54:29.437759+00:00", "meta": {"OBJECT_NAME": "STARLINK-36481", "OBJECT_ID": "2026-002C", "EPOCH": "2026-02-01T10:43:39.031392", "MEAN_MOTION": 15.50632105, "ECCENTRICITY": 0.0001427, "INCLINATION": 42.9947, "RA_OF_ASC_NODE": 171.0204, "ARG_OF_PERICENTER": 214.3494, "MEAN_ANOMALY": 145.7273, "EPHEMERIS_TYPE": 0, "CLASSIFICATION_TYPE": "U", "NORAD_CAT_ID": 67307, "ELEMENT_SET_NO": 999, "REV_AT_EPOCH": 552, "BSTAR": 0.0010617, "MEAN_MOTION_DOT": 0.00062564, "MEAN_MOTION_DDOT": 0}, "tle": {"line1": "1 67307U 26002C   26032.44697953  .00062564  00000+0  10617-2 0  9992", "line2": "2 67307  42.9947 171.0204 0001427 214.3494 145.7273 15.50632105  5525"}}, "geometry": {"type": "Point", "coordinates": [-21.54000485128194, 7.944888527584534]}}, {"type": "Feature", "properties": {"norad_id": 67308, "name": "STARLINK-36449", "group": "last-30-days", "lat": 6.637625532505537, "lon": -20.097686399914654, "alt_km": 414.2705910246241, "timestamp": "2026-02-02T02:54:29.437771+00:00", "meta": {"OBJECT_NAME": "STARLINK-36449", "OBJECT_ID": "2026-002D", "EPOCH": "2026-02-01T09:10:24.189024", "MEAN_MOTION": 15.5063111, "ECCENTRICITY": 0.0002078, "INCLINATION": 42.999, "RA_OF_ASC_NODE": 171.4005, "ARG_OF_PERICENTER": 292.5438, "MEAN_ANOMALY": 67.5202, "EPHEMERIS_TYPE": 0, "CLASSIFICATION_TYPE": "U", "NORAD_CAT_ID": 67308, "ELEMENT_SET_NO": 999, "REV_AT_EPOCH": 557, "BSTAR": 0.0012679, "MEAN_MOTION_DOT": 0.00074899, "MEAN_MOTION_DDOT": 0}, "tle": {"line1": "1 67308U 26002D   26032.38222441  .00074899  00000+0  12679-2 0  9996", "line2": "2 67308  42.9990 171.4005 0002078 292.5438  67.5202 15.50631110  5579"}}, "geometry": {"type": "Point", "coordinates": [-20.097686399914654, 6.637625532505537]}}, {"type": "Feature", "properties": {"norad_id": 67309, "name": "STARLINK-36482", "group": "last-30-days", "lat": 0.16673567653308174, "lon": -13.12764336022149, "alt_km": 414.5894748165947, "timestamp": "2026-02-02T02:54:29.437784+00:00", "meta": {"OBJECT_NAME": "STARLINK-36482", "OBJECT_ID": "2026-002E", "EPOCH": "2026-02-01T10:40:41.367936", "MEAN_MOTION": 15.50622997, "ECCENTRICITY": 0.0002006, "INCLINATION": 43.0015, "RA_OF_ASC_NODE": 171.0082, "ARG_OF_PERICENTER": 273.3777, "MEAN_ANOMALY": 86.6853, "EPHEMERIS_TYPE": 0, "CLASSIFICATION_TYPE": "U", "NORAD_CAT_ID": 67309, "ELEMENT_SET_NO": 999, "REV_AT_EPOCH": 552, "BSTAR": 0.0011199, "MEAN_MOTION_DOT": 0.00066021, "MEAN_MOTION_DDOT": 0}, "tle": {"line1": "1 67309U 26002E   26032.44492324  .00066021  00000+0  11199-2 0  9997", "line2": "2 67309  43.0015 171.0082 0002006 273.3777  86.6853 15.50622997  5527"}}, "geometry": {"type": "Point", "coordinates": [-13.12764336022149, 0.16673567653308174]}}, {"type": "Feature", "properties": {"norad_id": 67310, "name": "STARLINK-36491", "group": "last-30-days", "lat": 9.194750811314803, "lon": -22.91631232301486, "alt_km": 413.54323042259693, "timestamp": "2026-02-02T02:54:29.437796+00:00", "meta": {"OBJECT_NAME": "STARLINK-36491", "OBJECT_ID": "2026-002F", "EPOCH": "2026-02-01T09:11:23.465472", "MEAN_MOTION": 15.50637957, "ECCENTRICITY": 0.0001432, "INCLINATION": 42.9984, "RA_OF_ASC_NODE": 171.408, "ARG_OF_PERICENTER": 285.4232, "MEAN_ANOMALY": 74.6469, "EPHEMERIS_TYPE": 0, "CLASSIFICATION_TYPE": "U", "NORAD_CAT_ID": 67310, "ELEMENT_SET_NO": 999, "REV_AT_EPOCH": 551, "BSTAR": 0.0013743, "MEAN_MOTION_DOT": 0.00081296, "MEAN_MOTION_DDOT": 0}, "tle": {"line1": "1 67310U 26002F   26032.38291048  .00081296  00000+0  13743-2 0  9990", "line2": "2 67310  42.9984 171.4080 0001432 285.4232  74.6469 15.50637957  5517"}}, "geometry": {"type": "Point", "coordinates": [-22.91631232301486, 9.194750811314803]}}, {"type": "Feature", "properties": {"norad_id": 67311, "name": "STARLINK-36495", "group": "last-30-days", "lat": 5.561815993797015, "lon": -18.924895461781336, "alt_km": 414.79244261752774, "timestamp": "2026-02-02T02:54:29.437807+00:00", "meta": {"OBJECT_NAME": "STARLINK-36495", "OBJECT_ID": "2026-002G", "EPOCH": "2026-02-01T09:09:56.510784", "MEAN_MOTION": 15.50568181, "ECCENTRICITY": 0.0002209, "INCLINATION": 42.9988, "RA_OF_ASC_NODE": 171.3992, "ARG_OF_PERICENTER": 296.8991, "MEAN_ANOMALY": 63.1643, "EPHEMERIS_TYPE": 0, "CLASSIFICATION_TYPE": "U", "NORAD_CAT_ID": 67311, "ELEMENT_SET_NO": 999, "REV_AT_EPOCH": 567, "BSTAR": 0.00098085, "MEAN_MOTION_DOT": 0.00057604, "MEAN_MOTION_DDOT": 0}, "tle": {"line1": "1 67311U 26002G   26032.38190406  .00057604  00000+0  98085-3 0  9996", "line2": "2 67311  42.9988 171.3992 0002209 296.8991  63.1643 15.50568181  5670"}}, "geometry": {"type": "Point", "coordinates": [-18.924895461781336, 5.561815993797015]}}, {"type": "Feature", "properties": {"norad_id": 67312, "name": "STARLINK-36485", "group": "last-30-days", "lat": 3.9348397753302846, "lon": -17.16653688637169, "alt_km": 414.40357334487635, "timestamp": "2026-02-02T02:54:29.437818+00:00", "meta": {"OBJECT_NAME": "STARLINK-36485", "OBJECT_ID": "2026-002H", "EPOCH": "2026-02-01T09:09:24.147936", "MEAN_MOTION": 15.5065935, "ECCENTRICITY": 0.0002087, "INCLINATION": 42.9987, "RA_OF_ASC_NODE": 171.3952, "ARG_OF_PERICENTER": 291.1083, "MEAN_ANOMALY": 68.9554, "EPHEMERIS_TYPE": 0, "CLASSIFICATION_TYPE": "U", "NORAD_CAT_ID": 67312, "ELEMENT_SET_NO": 999, "REV_AT_EPOCH": 551, "BSTAR": 0.0014856, "MEAN_MOTION_DOT": 0.00088051, "MEAN_MOTION_DDOT": 0}, "tle": {"line1": "1 67312U 26002H   26032.38152949  .00088051  00000+0  14856-2 0  9990", "line2": "2 67312  42.9987 171.3952 0002087 291.1083  68.9554 15.50659350  5516"}}, "geometry": {"type": "Point", "coordinates": [-17.16653688637169, 3.9348397753302846]}}, {"type": "Feature", "properties": {"norad_id": 67313, "name": "STARLINK-36445", "group": "last-30-days", "lat": 2.707952415444474, "lon": -15.850357477154825, "alt_km": 413.7246465717308, "timestamp": "2026-02-02T02:54:29.437829+00:00", "meta": {"OBJECT_NAME": "STARLINK-36445", "OBJECT_ID": "2026-002J", "EPOCH": "2026-02-01T09:08:55.120128", "MEAN_MOTION": 15.50632484, "ECCENTRICITY": 4.72e-05, "INCLINATION": 42.9964, "RA_OF_ASC_NODE": 171.3897, "ARG_OF_PERICENTER": 197.7794, "MEAN_ANOMALY": 162.305, "EPHEMERIS_TYPE": 0, "CLASSIFICATION_TYPE": "U", "NORAD_CAT_ID": 67313, "ELEMENT_SET_NO": 999, "REV_AT_EPOCH": 567, "BSTAR": 0.0011205, "MEAN_MOTION_DOT": 0.00066076, "MEAN_MOTION_DDOT": 0}, "tle": {"line1": "1 67313U 26002J   26032.38119352  .00066076  00000+0  11205-2 0  9990", "line2": "2 67313  42.9964 171.3897 0000472 197.7794 162.3050 15.50632484  5672"}}, "geometry": {"type": "Point", "coordinates": [-15.850357477154825, 2.707952415444474]}}, {"type": "Feature", "properties": {"norad_id": 67314, "name": "STARLINK-36476", "group": "last-30-days", "lat": 1.4386238981979282, "lon": -14.48645228764504, "alt_km": 414.8756817357744, "timestamp": "2026-02-02T02:54:29.437842+00:00", "meta": {"OBJECT_NAME": "STARLINK-36476", "OBJECT_ID": "2026-002K", "EPOCH": "2026-02-01T09:08:25.697472", "MEAN_MOTION": 15.50626206, "ECCENTRICITY": 0.0001991, "INCLINATION": 42.9984, "RA_OF_ASC_NODE": 171.3901, "ARG_OF_PERICENTER": 295.0422, "MEAN_ANOMALY": 65.0231, "EPHEMERIS_TYPE": 0, "CLASSIFICATION_TYPE": "U", "NORAD_CAT_ID": 67314, "ELEMENT_SET_NO": 999, "REV_AT_EPOCH": 550, "BSTAR": 0.0012333, "MEAN_MOTION_DOT": 0.00072812, "MEAN_MOTION_DDOT": 0}, "tle": {"line1": "1 67314U 26002K   26032.38085298  .00072812  00000+0  12333-2 0  9990", "line2": "2 67314  42.9984 171.3901 0001991 295.0422  65.0231 15.50626206  5505"}}, "geometry": {"type": "Point", "coordinates": [-14.48645228764504, 1.4386238981979282]}}, {"type": "Feature", "properties": {"norad_id": 67315, "name": "STARLINK-36463", "group": "last-30-days", "lat": -3.7792776822621374, "lon": -8.895764245967703, "alt_km": 409.82081720878523, "timestamp": "2026-02-02T02:54:29.437855+00:00", "meta": {"OBJECT_NAME": "STARLINK-36463", "OBJECT_ID": "2026-002L", "EPOCH": "2026-02-01T09:06:56.706336", "MEAN_MOTION": 15.5125599, "ECCENTRICITY": 0.000523, "INCLINATION": 42.9977, "RA_OF_ASC_NODE": 171.3815, "ARG_OF_PERICENTER": 146.664, "MEAN_ANOMALY": 213.455, "EPHEMERIS_TYPE": 0, "CLASSIFICATION_TYPE": "U", "NORAD_CAT_ID": 67315, "ELEMENT_SET_NO": 999, "REV_AT_EPOCH": 557, "BSTAR": 0.0021259, "MEAN_MOTION_DOT": 0.00129602, "MEAN_MOTION_DDOT": 0}, "tle": {"line1": "1 67315U 26002L   26032.37982299  .00129602  00000+0  21259-2 0  9994", "line2": "2 67315  42.9977 171.3815 0005230 146.6640 213.4550 15.51255990  5574"}}, "geometry": {"type": "Point", "coordinates": [-8.895764245967703, -3.7792776822621374]}}, {"type": "Feature", "properties": {"norad_id": 67316, "name": "STARLINK-36461", "group": "last-30-days", "lat": -2.395051445595701, "lon": -10.38651085657749, "alt_km": 417.3500147321247, "timestamp": "2026-02-02T02:54:29.437866+00:00", "meta": {"OBJECT_NAME": "STARLINK-36461", "OBJECT_ID": "2026-002M", "EPOCH": "2026-02-01T10:39:42.417216", "MEAN_MOTION": 15.5064026, "ECCENTRICITY": 0.0006697, "INCLINATION": 43.0006, "RA_OF_ASC_NODE": 171.002, "ARG_OF_PERICENTER": 304.4784, "MEAN_ANOMALY": 55.5443, "EPHEMERIS_TYPE": 0, "CLASSIFICATION_TYPE": "U", "NORAD_CAT_ID": 67316, "ELEMENT_SET_NO": 999, "REV_AT_EPOCH": 568, "BSTAR": 0.00094034, "MEAN_MOTION_DOT": 0.00055378, "MEAN_MOTION_DDOT": 0}, "tle": {"line1": "1 67316U 26002M   26032.44424094  .00055378  00000+0  94034-3 0  9997", "line2": "2 67316  43.0006 171.0020 0006697 304.4784  55.5443 15.50640260  5681"}}, "geometry": {"type": "Point", "coordinates": [-10.38651085657749, -2.395051445595701]}}, {"type": "Feature", "properties": {"norad_id": 67317, "name": "STARLINK-36450", "group": "last-30-days", "lat": -3.67932854122605, "lon": -9.004930935694983, "alt_km": 415.7340629576802, "timestamp": "2026-02-02T02:54:29.437876+00:00", "meta": {"OBJECT_NAME": "STARLINK-36450", "OBJECT_ID": "2026-002N", "EPOCH": "2026-02-01T10:39:12.500352", "MEAN_MOTION": 15.50587857, "ECCENTRICITY": 0.0003025, "INCLINATION": 42.9987, "RA_OF_ASC_NODE": 171.0008, "ARG_OF_PERICENTER": 292.3921, "MEAN_ANOMALY": 67.6618, "EPHEMERIS_TYPE": 0, "CLASSIFICATION_TYPE": "U", "NORAD_CAT_ID": 67317, "ELEMENT_SET_NO": 999, "REV_AT_EPOCH": 568, "BSTAR": 0.0011283, "MEAN_MOTION_DOT": 0.00066439, "MEAN_MOTION_DDOT": 0}, "tle": {"line1": "1 67317U 26002N   26032.44389468  .00066439  00000+0  11283-2 0  9997", "line2": "2 67317  42.9987 171.0008 0003025 292.3921  67.6618 15.50587857  5684"}}, "geometry": {"type": "Point", "coordinates": [-9.004930935694983, -3.67932854122605]}}, {"type": "Feature", "properties": {"norad_id": 67318, "name": "STARLINK-36498", "group": "last-30-days", "lat": -6.251168561726355, "lon": -6.223340484272159, "alt_km": 415.4917777231258, "timestamp": "2026-02-02T02:54:29.437892+00:00", "meta": {"OBJECT_NAME": "STARLINK-36498", "OBJECT_ID": "2026-002P", "EPOCH": "2026-02-01T00:00:02.999808", "MEAN_MOTION": 15.50537355, "ECCENTRICITY": 0.00019689, "INCLINATION": 42.9999, "RA_OF_ASC_NODE": 173.5854, "ARG_OF_PERICENTER": 275.3897, "MEAN_ANOMALY": 127.903, "EPHEMERIS_TYPE": 0, "CLASSIFICATION_TYPE": "U", "NORAD_CAT_ID": 67318, "ELEMENT_SET_NO": 999, "REV_AT_EPOCH": 558, "BSTAR": 0.00078136872, "MEAN_MOTION_DOT": 0.00045698, "MEAN_MOTION_DDOT": 0}, "tle": {"line1": "1 67318U 26002P   26032.00003472  .00045698  00000+0  78137-3 0  9994", "line2": "2 67318  42.9999 173.5854 0001968 275.3897 127.9030 15.50537355  5586"}}, "geometry": {"type": "Point", "coordinates": [-6.223340484272159, -6.251168561726355]}}, {"type": "Feature", "properties": {"norad_id": 67319, "name": "STARLINK-36470", "group": "last-30-days", "lat": -5.100527546972128, "lon": -7.46966170657637, "alt_km": 415.19965314114415, "timestamp": "2026-02-02T02:54:29.437903+00:00", "meta": {"OBJECT_NAME": "STARLINK-36470", "OBJECT_ID": "2026-002Q", "EPOCH": "2026-02-01T09:05:57.456672", "MEAN_MOTION": 15.50627343, "ECCENTRICITY": 0.0001164, "INCLINATION": 42.9985, "RA_OF_ASC_NODE": 171.3757, "ARG_OF_PERICENTER": 287.63, "MEAN_ANOMALY": 72.4433, "EPHEMERIS_TYPE": 0, "CLASSIFICATION_TYPE": "U", "NORAD_CAT_ID": 67319, "ELEMENT_SET_NO": 999, "REV_AT_EPOCH": 557, "BSTAR": 0.0012001, "MEAN_MOTION_DOT": 0.00070823, "MEAN_MOTION_DDOT": 0}, "tle": {"line1": "1 67319U 26002Q   26032.37913723  .00070823  00000+0  12001-2 0  9999", "line2": "2 67319  42.9985 171.3757 0001164 287.6300  72.4433 15.50627343  5570"}}, "geometry": {"type": "Point", "coordinates": [-7.46966170657637, -5.100527546972128]}}, {"type": "Feature", "properties": {"norad_id": 67320, "name": "STARLINK-36500", "group": "last-30-days", "lat": -7.3735649203633535, "lon": -4.993902233201619, "alt_km": 416.12738526663543, "timestamp": "2026-02-02T02:54:29.437931+00:00", "meta": {"OBJECT_NAME": "STARLINK-36500", "OBJECT_ID": "2026-002R", "EPOCH": "2026-02-01T00:00:02.999808", "MEAN_MOTION": 15.50611255, "ECCENTRICITY": 0.00016268, "INCLINATION": 42.9995, "RA_OF_ASC_NODE": 173.5823, "ARG_OF_PERICENTER": 275.6438, "MEAN_ANOMALY": 129.534, "EPHEMERIS_TYPE": 0, "CLASSIFICATION_TYPE": "U", "NORAD_CAT_ID": 67320, "ELEMENT_SET_NO": 999, "REV_AT_EPOCH": 558, "BSTAR": -0.0012018685, "MEAN_MOTION_DOT": -0.00070301, "MEAN_MOTION_DDOT": 0}, "tle": {"line1": "1 67320U 26002R   26032.00003472 -.00070301  00000+0 -12019-2 0  9994", "line2": "2 67320  42.9995 173.5823 0001626 275.6438 129.5340 15.50611255  5580"}}, "geometry": {"type": "Point", "coordinates": [-4.993902233201619, -7.3735649203633535]}}, {"type": "Feature", "properties": {"norad_id": 67321, "name": "STARLINK-36462", "group": "last-30-days", "lat": -10.177096754508751, "lon": -1.8797618805920888, "alt_km": 415.77074887183153, "timestamp": "2026-02-02T02:54:29.437970+00:00", "meta": {"OBJECT_NAME": "STARLINK-36462", "OBJECT_ID": "2026-002S", "EPOCH": "2026-02-01T00:00:02.999808", "MEAN_MOTION": 15.50537955, "ECCENTRICITY": 0.00016442, "INCLINATION": 42.9995, "RA_OF_ASC_NODE": 173.5726, "ARG_OF_PERICENTER": 280.1311, "MEAN_ANOMALY": 128.8995, "EPHEMERIS_TYPE": 0, "CLASSIFICATION_TYPE": "U", "NORAD_CAT_ID": 67321, "ELEMENT_SET_NO": 999, "REV_AT_EPOCH": 552, "BSTAR": 0.0011107794, "MEAN_MOTION_DOT": 0.00065272, "MEAN_MOTION_DDOT": 0}, "tle": {"line1": "1 67321U 26002S   26032.00003472  .00065272  00000+0  11108-2 0  9992", "line2": "2 67321  42.9995 173.5726 0001644 280.1311 128.8995 15.50537955  5520"}}, "geometry": {"type": "Point", "coordinates": [-1.8797618805920888, -10.177096754508751]}}, {"type": "Feature", "properties": {"norad_id": 67322, "name": "STARLINK-36434", "group": "last-30-days", "lat": -8.98322085688696, "lon": -3.2143401971178047, "alt_km": 415.918581318846, "timestamp": "2026-02-02T02:54:29.437981+00:00", "meta": {"OBJECT_NAME": "STARLINK-36434", "OBJECT_ID": "2026-002T", "EPOCH": "2026-02-01T09:04:28.487136", "MEAN_MOTION": 15.50642068, "ECCENTRICITY": 0.0004757, "INCLINATION": 42.9983, "RA_OF_ASC_NODE": 171.3662, "ARG_OF_PERICENTER": 288.8064, "MEAN_ANOMALY": 71.228, "EPHEMERIS_TYPE": 0, "CLASSIFICATION_TYPE": "U", "NORAD_CAT_ID": 67322, "ELEMENT_SET_NO": 999, "REV_AT_EPOCH": 551, "BSTAR": 0.0014797, "MEAN_MOTION_DOT": 0.00087672, "MEAN_MOTION_DDOT": 0}, "tle": {"line1": "1 67322U 26002T   26032.37810749  .00087672  00000+0  14797-2 0  9991", "line2": "2 67322  42.9983 171.3662 0004757 288.8064  71.2280 15.50642068  5510"}}, "geometry": {"type": "Point", "coordinates": [-3.2143401971178047, -8.98322085688696]}}, {"type": "Feature", "properties": {"norad_id": 67323, "name": "STARLINK-36497", "group": "last-30-days", "lat": -10.155966399792305, "lon": -1.9030588364915482, "alt_km": 414.8131674135984, "timestamp": "2026-02-02T02:54:29.437995+00:00", "meta": {"OBJECT_NAME": "STARLINK-36497", "OBJECT_ID": "2026-002U", "EPOCH": "2026-02-01T10:36:44.229312", "MEAN_MOTION": 15.50504189, "ECCENTRICITY": 0.0001279, "INCLINATION": 43.0033, "RA_OF_ASC_NODE": 170.9874, "ARG_OF_PERICENTER": 180.6818, "MEAN_ANOMALY": 179.404, "EPHEMERIS_TYPE": 0, "CLASSIFICATION_TYPE": "U", "NORAD_CAT_ID": 67323, "ELEMENT_SET_NO": 999, "REV_AT_EPOCH": 558, "BSTAR": 0.0025404, "MEAN_MOTION_DOT": 0.00151203, "MEAN_MOTION_DDOT": 0}, "tle": {"line1": "1 67323U 26002U   26032.44217858  .00151203  00000+0  25404-2 0  9991", "line2": "2 67323  43.0033 170.9874 0001279 180.6818 179.4040 15.50504189  5584"}}, "geometry": {"type": "Point", "coordinates": [-1.9030588364915482, -10.155966399792305]}}, {"type": "Feature", "properties": {"norad_id": 67324, "name": "STARLINK-36471", "group": "last-30-days", "lat": -14.113364033351708, "lon": 2.6530350361461186, "alt_km": 415.485026764145, "timestamp": "2026-02-02T02:54:29.438006+00:00", "meta": {"OBJECT_NAME": "STARLINK-36471", "OBJECT_ID": "2026-002V", "EPOCH": "2026-02-01T10:35:15.265824", "MEAN_MOTION": 15.50647559, "ECCENTRICITY": 0.000211, "INCLINATION": 42.998, "RA_OF_ASC_NODE": 170.9779, "ARG_OF_PERICENTER": 271.3861, "MEAN_ANOMALY": 88.6757, "EPHEMERIS_TYPE": 0, "CLASSIFICATION_TYPE": "U", "NORAD_CAT_ID": 67324, "ELEMENT_SET_NO": 999, "REV_AT_EPOCH": 552, "BSTAR": 0.0016414, "MEAN_MOTION_DOT": 0.00097395, "MEAN_MOTION_DDOT": 0}, "tle": {"line1": "1 67324U 26002V   26032.44114891  .00097395  00000+0  16414-2 0  9997", "line2": "2 67324  42.9980 170.9779 0002110 271.3861  88.6757 15.50647559  5528"}}, "geometry": {"type": "Point", "coordinates": [2.6530350361461186, -14.113364033351708]}}, {"type": "Feature", "properties": {"norad_id": 67325, "name": "STARLINK-36473", "group": "last-30-days", "lat": -12.692462242334116, "lon": 0.9897355613101494, "alt_km": 416.072274322667, "timestamp": "2026-02-02T02:54:29.438017+00:00", "meta": {"OBJECT_NAME": "STARLINK-36473", "OBJECT_ID": "2026-002W", "EPOCH": "2026-02-01T00:00:02.999808", "MEAN_MOTION": 15.50535647, "ECCENTRICITY": 0.00020435, "INCLINATION": 42.9996, "RA_OF_ASC_NODE": 173.5626, "ARG_OF_PERICENTER": 281.2938, "MEAN_ANOMALY": 131.5864, "EPHEMERIS_TYPE": 0, "CLASSIFICATION_TYPE": "U", "NORAD_CAT_ID": 67325, "ELEMENT_SET_NO": 999, "REV_AT_EPOCH": 567, "BSTAR": 0.00090802448, "MEAN_MOTION_DOT": 0.0005321, "MEAN_MOTION_DDOT": 0}, "tle": {"line1": "1 67325U 26002W   26032.00003472  .00053210  00000+0  90802-3 0  9994", "line2": "2 67325  42.9996 173.5626 0002043 281.2938 131.5864 15.50535647  5673"}}, "geometry": {"type": "Point", "coordinates": [0.9897355613101494, -12.692462242334116]}}, {"type": "Feature", "properties": {"norad_id": 67326, "name": "STARLINK-36430", "group": "last-30-days", "lat": -16.629888222187564, "lon": 5.683069703064433, "alt_km": 415.40641702063385, "timestamp": "2026-02-02T02:54:29.438027+00:00", "meta": {"OBJECT_NAME": "STARLINK-36430", "OBJECT_ID": "2026-002X", "EPOCH": "2026-02-01T10:34:15.819168", "MEAN_MOTION": 15.50652011, "ECCENTRICITY": 0.0001654, "INCLINATION": 42.9971, "RA_OF_ASC_NODE": 170.97, "ARG_OF_PERICENTER": 251.7532, "MEAN_ANOMALY": 108.3148, "EPHEMERIS_TYPE": 0, "CLASSIFICATION_TYPE": "U", "NORAD_CAT_ID": 67326, "ELEMENT_SET_NO": 999, "REV_AT_EPOCH": 568, "BSTAR": 0.0015898, "MEAN_MOTION_DOT": 0.00094299, "MEAN_MOTION_DDOT": 0}, "tle": {"line1": "1 67326U 26002X   26032.44046087  .00094299  00000+0  15898-2 0  9995", "line2": "2 67326  42.9971 170.9700 0001654 251.7532 108.3148 15.50652011  5683"}}, "geometry": {"type": "Point", "coordinates": [5.683069703064433, -16.629888222187564]}}, {"type": "Feature", "properties": {"norad_id": 67327, "name": "STARLINK-36501", "group": "last-30-days", "lat": -15.329553998436992, "lon": 4.103344070828269, "alt_km": 416.2596788034434, "timestamp": "2026-02-02T02:54:29.438038+00:00", "meta": {"OBJECT_NAME": "STARLINK-36501", "OBJECT_ID": "2026-002Y", "EPOCH": "2026-02-01T09:02:00.331008", "MEAN_MOTION": 15.50627855, "ECCENTRICITY": 0.0001918, "INCLINATION": 42.9975, "RA_OF_ASC_NODE": 171.3522, "ARG_OF_PERICENTER": 295.1519, "MEAN_ANOMALY": 64.9142, "EPHEMERIS_TYPE": 0, "CLASSIFICATION_TYPE": "U", "NORAD_CAT_ID": 67327, "ELEMENT_SET_NO": 999, "REV_AT_EPOCH": 551, "BSTAR": 0.0012325, "MEAN_MOTION_DOT": 0.00072769, "MEAN_MOTION_DDOT": 0}, "tle": {"line1": "1 67327U 26002Y   26032.37639272  .00072769  00000+0  12325-2 0  9992", "line2": "2 67327  42.9975 171.3522 0001918 295.1519  64.9142 15.50627855  5516"}}, "geometry": {"type": "Point", "coordinates": [4.103344070828269, -15.329553998436992]}}, {"type": "Feature", "properties": {"norad_id": 67328, "name": "STARLINK-36489", "group": "last-30-days", "lat": -17.725725888238014, "lon": 7.044534873266023, "alt_km": 416.2476358274589, "timestamp": "2026-02-02T02:54:29.438049+00:00", "meta": {"OBJECT_NAME": "STARLINK-36489", "OBJECT_ID": "2026-002Z", "EPOCH": "2026-02-01T00:00:02.999808", "MEAN_MOTION": 15.50535614, "ECCENTRICITY": 0.00016481, "INCLINATION": 42.9995, "RA_OF_ASC_NODE": 173.5434, "ARG_OF_PERICENTER": 277.7697, "MEAN_ANOMALY": 142.7645, "EPHEMERIS_TYPE": 0, "CLASSIFICATION_TYPE": "U", "NORAD_CAT_ID": 67328, "ELEMENT_SET_NO": 999, "REV_AT_EPOCH": 567, "BSTAR": 0.0011671899, "MEAN_MOTION_DOT": 0.00068629, "MEAN_MOTION_DDOT": 0}, "tle": {"line1": "1 67328U 26002Z   26032.00003472  .00068629  00000+0  11672-2 0  9994", "line2": "2 67328  42.9995 173.5434 0001648 277.7697 142.7645 15.50535614  5679"}}, "geometry": {"type": "Point", "coordinates": [7.044534873266023, -17.725725888238014]}}, {"type": "Feature", "properties": {"norad_id": 67329, "name": "STARLINK-36496", "group": "last-30-days", "lat": -20.214977246425278, "lon": 10.249660440209613, "alt_km": 415.94729347295197, "timestamp": "2026-02-02T02:54:29.438060+00:00", "meta": {"OBJECT_NAME": "STARLINK-36496", "OBJECT_ID": "2026-002AA", "EPOCH": "2026-02-01T10:32:47.022432", "MEAN_MOTION": 15.50628423, "ECCENTRICITY": 0.0001894, "INCLINATION": 42.9983, "RA_OF_ASC_NODE": 170.9618, "ARG_OF_PERICENTER": 265.7968, "MEAN_ANOMALY": 94.2675, "EPHEMERIS_TYPE": 0, "CLASSIFICATION_TYPE": "U", "NORAD_CAT_ID": 67329, "ELEMENT_SET_NO": 999, "REV_AT_EPOCH": 550, "BSTAR": 0.0011642, "MEAN_MOTION_DOT": 0.00068679, "MEAN_MOTION_DDOT": 0}, "tle": {"line1": "1 67329U 26002AA  26032.43943313  .00068679  00000+0  11642-2 0  9991", "line2": "2 67329  42.9983 170.9618 0001894 265.7968  94.2675 15.50628423  5500"}}, "geometry": {"type": "Point", "coordinates": [10.249660440209613, -20.214977246425278]}}, {"type": "Feature", "properties": {"norad_id": 67330, "name": "STARLINK-36483", "group": "last-30-days", "lat": -22.64573332365707, "lon": 13.562640142552583, "alt_km": 416.56903037971097, "timestamp": "2026-02-02T02:54:29.438071+00:00", "meta": {"OBJECT_NAME": "STARLINK-36483", "OBJECT_ID": "2026-002AB", "EPOCH": "2026-02-01T08:59:02.424768", "MEAN_MOTION": 15.50639233, "ECCENTRICITY": 8.42e-05, "INCLINATION": 42.9975, "RA_OF_ASC_NODE": 171.3338, "ARG_OF_PERICENTER": 288.1056, "MEAN_ANOMALY": 71.9713, "EPHEMERIS_TYPE": 0, "CLASSIFICATION_TYPE": "U", "NORAD_CAT_ID": 67330, "ELEMENT_SET_NO": 999, "REV_AT_EPOCH": 567, "BSTAR": 0.001363, "MEAN_MOTION_DOT": 0.00080622, "MEAN_MOTION_DDOT": 0}, "tle": {"line1": "1 67330U 26002AB  26032.37433362  .00080622  00000+0  13630-2 0  9995", "line2": "2 67330  42.9975 171.3338 0000842 288.1056  71.9713 15.50639233  5670"}}, "geometry": {"type": "Point", "coordinates": [13.562640142552583, -22.64573332365707]}}, {"type": "Feature", "properties": {"norad_id": 67331, "name": "STARLINK-36494", "group": "last-30-days", "lat": -18.53222766874561, "lon": 8.063414089111617, "alt_km": 417.48654858368445, "timestamp": "2026-02-02T02:54:29.438082+00:00", "meta": {"OBJECT_NAME": "STARLINK-36494", "OBJECT_ID": "2026-002AC", "EPOCH": "2026-02-01T00:00:02.999808", "MEAN_MOTION": 15.50676798, "ECCENTRICITY": 0.00021418, "INCLINATION": 42.9998, "RA_OF_ASC_NODE": 173.5374, "ARG_OF_PERICENTER": 277.2911, "MEAN_ANOMALY": 145.121, "EPHEMERIS_TYPE": 0, "CLASSIFICATION_TYPE": "U", "NORAD_CAT_ID": 67331, "ELEMENT_SET_NO": 999, "REV_AT_EPOCH": 567, "BSTAR": -0.003267601, "MEAN_MOTION_DOT": -0.00188175, "MEAN_MOTION_DDOT": 0}, "tle": {"line1": "1 67331U 26002AC  26032.00003472 -.00188175  00000+0 -32676-2 0  9996", "line2": "2 67331  42.9998 173.5374 0002141 277.2911 145.1210 15.50676798  5676"}}, "geometry": {"type": "Point", "coordinates": [8.063414089111617, -18.53222766874561]}}, {"type": "Feature", "properties": {"norad_id": 67332, "name": "STARLINK-36492", "group": "last-30-days", "lat": -21.406065485546545, "lon": 11.847277807028455, "alt_km": 416.527626338966, "timestamp": "2026-02-02T02:54:29.438092+00:00", "meta": {"OBJECT_NAME": "STARLINK-36492", "OBJECT_ID": "2026-002AD", "EPOCH": "2026-02-01T08:59:32.129952", "MEAN_MOTION": 15.5061903, "ECCENTRICITY": 8.64e-05, "INCLINATION": 42.9988, "RA_OF_ASC_NODE": 171.3362, "ARG_OF_PERICENTER": 276.6103, "MEAN_ANOMALY": 83.4659, "EPHEMERIS_TYPE": 0, "CLASSIFICATION_TYPE": "U", "NORAD_CAT_ID": 67332, "ELEMENT_SET_NO": 999, "REV_AT_EPOCH": 567, "BSTAR": 0.00098998, "MEAN_MOTION_DOT": 0.00058252, "MEAN_MOTION_DDOT": 0}, "tle": {"line1": "1 67332U 26002AD  26032.37467743  .00058252  00000+0  98998-3 0  9992", "line2": "2 67332  42.9988 171.3362 0000864 276.6103  83.4659 15.50619030  5672"}}, "geometry": {"type": "Point", "coordinates": [11.847277807028455, -21.406065485546545]}}, {"type": "Feature", "properties": {"norad_id": 67333, "name": "STARLINK-36427", "group": "last-30-days", "lat": 39.620558569741945, "lon": -130.02868856699885, "alt_km": 438.6385413561038, "timestamp": "2026-02-02T02:54:29.438103+00:00", "meta": {"OBJECT_NAME": "STARLINK-36427", "OBJECT_ID": "2026-002AE", "EPOCH": "2026-02-01T12:00:01.999296", "MEAN_MOTION": 15.4068394, "ECCENTRICITY": 0.0001457, "INCLINATION": 43.0008, "RA_OF_ASC_NODE": 170.8794, "ARG_OF_PERICENTER": 269.5694, "MEAN_ANOMALY": 310.44, "EPHEMERIS_TYPE": 0, "CLASSIFICATION_TYPE": "U", "NORAD_CAT_ID": 67333, "ELEMENT_SET_NO": 999, "REV_AT_EPOCH": 566, "BSTAR": 0.00032521, "MEAN_MOTION_DOT": 0.00013298, "MEAN_MOTION_DDOT": 0}, "tle": {"line1": "1 67333U 26002AE  26032.50002314  .00013298  00000+0  32521-3 0  9998", "line2": "2 67333  43.0008 170.8794 0001457 269.5694 310.4400 15.40683940  5662"}}, "geometry": {"type": "Point", "coordinates": [-130.02868856699885, 39.620558569741945]}}, {"type": "Feature", "properties": {"norad_id": 67334, "name": "STARLINK-35343", "group": "last-30-days", "lat": 36.97983534212014, "lon": 123.48402936741013, "alt_km": 409.9190270910467, "timestamp": "2026-02-02T02:54:29.438114+00:00", "meta": {"OBJECT_NAME": "STARLINK-35343", "OBJECT_ID": "2026-003A", "EPOCH": "2026-02-01T12:00:01.999296", "MEAN_MOTION": 15.50477527, "ECCENTRICITY": 0.0001605, "INCLINATION": 42.9999, "RA_OF_ASC_NODE": 73.2095, "ARG_OF_PERICENTER": 272.9702, "MEAN_ANOMALY": 277.5912, "EPHEMERIS_TYPE": 0, "CLASSIFICATION_TYPE": "U", "NORAD_CAT_ID": 67334, "ELEMENT_SET_NO": 999, "REV_AT_EPOCH": 479, "BSTAR": 0.0018289, "MEAN_MOTION_DOT": 0.00108051, "MEAN_MOTION_DDOT": 0}, "tle": {"line1": "1 67334U 26003A   26032.50002314  .00108051  00000+0  18289-2 0  9996", "line2": "2 67334  42.9999  73.2095 0001605 272.9702 277.5912 15.50477527  4790"}}, "geometry": {"type": "Point", "coordinates": [123.48402936741013, 36.97983534212014]}}, {"type": "Feature", "properties": {"norad_id": 67335, "name": "STARLINK-36486", "group": "last-30-days", "lat": 37.73465770431245, "lon": 125.71682209531076, "alt_km": 409.8008370220532, "timestamp": "2026-02-02T02:54:29.438125+00:00", "meta": {"OBJECT_NAME": "STARLINK-36486", "OBJECT_ID": "2026-003B", "EPOCH": "2026-02-01T12:00:01.999296", "MEAN_MOTION": 15.50481498, "ECCENTRICITY": 0.0001628, "INCLINATION": 42.9997, "RA_OF_ASC_NODE": 73.2048, "ARG_OF_PERICENTER": 272.2408, "MEAN_ANOMALY": 280.2316, "EPHEMERIS_TYPE": 0, "CLASSIFICATION_TYPE": "U", "NORAD_CAT_ID": 67335, "ELEMENT_SET_NO": 999, "REV_AT_EPOCH": 485, "BSTAR": 0.0019536, "MEAN_MOTION_DOT": 0.00115572, "MEAN_MOTION_DDOT": 0}, "tle": {"line1": "1 67335U 26003B   26032.50002314  .00115572  00000+0  19536-2 0  9999", "line2": "2 67335  42.9997  73.2048 0001628 272.2408 280.2316 15.50481498  4856"}}, "geometry": {"type": "Point", "coordinates": [125.71682209531076, 37.73465770431245]}}, {"type": "Feature", "properties": {"norad_id": 67336, "name": "STARLINK-36480", "group": "last-30-days", "lat": 38.44881908018862, "lon": 128.0026957457175, "alt_km": 409.75394548694476, "timestamp": "2026-02-02T02:54:29.438138+00:00", "meta": {"OBJECT_NAME": "STARLINK-36480", "OBJECT_ID": "2026-003C", "EPOCH": "2026-02-01T12:00:01.999296", "MEAN_MOTION": 15.5048642, "ECCENTRICITY": 0.0001771, "INCLINATION": 42.9996, "RA_OF_ASC_NODE": 73.2004, "ARG_OF_PERICENTER": 274.4291, "MEAN_ANOMALY": 279.9679, "EPHEMERIS_TYPE": 0, "CLASSIFICATION_TYPE": "U", "NORAD_CAT_ID": 67336, "ELEMENT_SET_NO": 999, "REV_AT_EPOCH": 485, "BSTAR": 0.0019492, "MEAN_MOTION_DOT": 0.00115328, "MEAN_MOTION_DDOT": 0}, "tle": {"line1": "1 67336U 26003C   26032.50002314  .00115328  00000+0  19492-2 0  9990", "line2": "2 67336  42.9996  73.2004 0001771 274.4291 279.9679 15.50486420  4858"}}, "geometry": {"type": "Point", "coordinates": [128.0026957457175, 38.44881908018862]}}, {"type": "Feature", "properties": {"norad_id": 67337, "name": "STARLINK-36410", "group": "last-30-days", "lat": 39.11001411046427, "lon": 130.30444774065998, "alt_km": 409.6215952039347, "timestamp": "2026-02-02T02:54:29.438149+00:00", "meta": {"OBJECT_NAME": "STARLINK-36410", "OBJECT_ID": "2026-003D", "EPOCH": "2026-02-01T12:00:01.999296", "MEAN_MOTION": 15.50487278, "ECCENTRICITY": 0.0001644, "INCLINATION": 42.9996, "RA_OF_ASC_NODE": 73.1953, "ARG_OF_PERICENTER": 272.2217, "MEAN_ANOMALY": 284.091, "EPHEMERIS_TYPE": 0, "CLASSIFICATION_TYPE": "U", "NORAD_CAT_ID": 67337, "ELEMENT_SET_NO": 999, "REV_AT_EPOCH": 485, "BSTAR": 0.0019218, "MEAN_MOTION_DOT": 0.00113679, "MEAN_MOTION_DDOT": 0}, "tle": {"line1": "1 67337U 26003D   26032.50002314  .00113679  00000+0  19218-2 0  9994", "line2": "2 67337  42.9996  73.1953 0001644 272.2217 284.0910 15.50487278  4851"}}, "geometry": {"type": "Point", "coordinates": [130.30444774065998, 39.11001411046427]}}, {"type": "Feature", "properties": {"norad_id": 67338, "name": "STARLINK-36413", "group": "last-30-days", "lat": 39.709716894336296, "lon": 132.58695988852102, "alt_km": 409.6059059293766, "timestamp": "2026-02-02T02:54:29.438159+00:00", "meta": {"OBJECT_NAME": "STARLINK-36413", "OBJECT_ID": "2026-003E", "EPOCH": "2026-02-01T12:00:01.999296", "MEAN_MOTION": 15.5046988, "ECCENTRICITY": 0.0001616, "INCLINATION": 42.9998, "RA_OF_ASC_NODE": 73.1903, "ARG_OF_PERICENTER": 272.1632, "MEAN_ANOMALY": 286.0628, "EPHEMERIS_TYPE": 0, "CLASSIFICATION_TYPE": "U", "NORAD_CAT_ID": 67338, "ELEMENT_SET_NO": 999, "REV_AT_EPOCH": 485, "BSTAR": 0.0018026, "MEAN_MOTION_DOT": 0.00106445, "MEAN_MOTION_DDOT": 0}, "tle": {"line1": "1 67338U 26003E   26032.50002314  .00106445  00000+0  18026-2 0  9994", "line2": "2 67338  42.9998  73.1903 0001616 272.1632 286.0628 15.50469880  4855"}}, "geometry": {"type": "Point", "coordinates": [132.58695988852102, 39.709716894336296]}}, {"type": "Feature", "properties": {"norad_id": 67339, "name": "STARLINK-36451", "group": "last-30-days", "lat": 40.291951332341675, "lon": 135.03379474096673, "alt_km": 409.56947345952085, "timestamp": "2026-02-02T02:54:29.438170+00:00", "meta": {"OBJECT_NAME": "STARLINK-36451", "OBJECT_ID": "2026-003F", "EPOCH": "2026-02-01T12:00:01.999296", "MEAN_MOTION": 15.50485323, "ECCENTRICITY": 0.0001783, "INCLINATION": 42.9997, "RA_OF_ASC_NODE": 73.1851, "ARG_OF_PERICENTER": 271.1488, "MEAN_ANOMALY": 288.9963, "EPHEMERIS_TYPE": 0, "CLASSIFICATION_TYPE": "U", "NORAD_CAT_ID": 67339, "ELEMENT_SET_NO": 999, "REV_AT_EPOCH": 485, "BSTAR": 0.0019272, "MEAN_MOTION_DOT": 0.00113998, "MEAN_MOTION_DDOT": 0}, "tle": {"line1": "1 67339U 26003F   26032.50002314  .00113998  00000+0  19272-2 0  9990", "line2": "2 67339  42.9997  73.1851 0001783 271.1488 288.9963 15.50485323  4853"}}, "geometry": {"type": "Point", "coordinates": [135.03379474096673, 40.291951332341675]}}, {"type": "Feature", "properties": {"norad_id": 67340, "name": "STARLINK-36339", "group": "last-30-days", "lat": 40.801252944784004, "lon": 137.42044791293748, "alt_km": 409.4586833552585, "timestamp": "2026-02-02T02:54:29.438180+00:00", "meta": {"OBJECT_NAME": "STARLINK-36339", "OBJECT_ID": "2026-003G", "EPOCH": "2026-02-01T12:00:01.999296", "MEAN_MOTION": 15.50476082, "ECCENTRICITY": 0.0001622, "INCLINATION": 42.9998, "RA_OF_ASC_NODE": 73.181, "ARG_OF_PERICENTER": 271.4738, "MEAN_ANOMALY": 290.588, "EPHEMERIS_TYPE": 0, "CLASSIFICATION_TYPE": "U", "NORAD_CAT_ID": 67340, "ELEMENT_SET_NO": 999, "REV_AT_EPOCH": 485, "BSTAR": 0.0017966, "MEAN_MOTION_DOT": 0.00106105, "MEAN_MOTION_DDOT": 0}, "tle": {"line1": "1 67340U 26003G   26032.50002314  .00106105  00000+0  17966-2 0  9992", "line2": "2 67340  42.9998  73.1810 0001622 271.4738 290.5880 15.50476082  4853"}}, "geometry": {"type": "Point", "coordinates": [137.42044791293748, 40.801252944784004]}}, {"type": "Feature", "properties": {"norad_id": 67341, "name": "STARLINK-36453", "group": "last-30-days", "lat": 41.27168792214023, "lon": 139.9053389230024, "alt_km": 409.3822656412067, "timestamp": "2026-02-02T02:54:29.438190+00:00", "meta": {"OBJECT_NAME": "STARLINK-36453", "OBJECT_ID": "2026-003H", "EPOCH": "2026-02-01T12:00:01.999296", "MEAN_MOTION": 15.50476949, "ECCENTRICITY": 0.0001682, "INCLINATION": 42.9996, "RA_OF_ASC_NODE": 73.1752, "ARG_OF_PERICENTER": 273.3468, "MEAN_ANOMALY": 290.6325, "EPHEMERIS_TYPE": 0, "CLASSIFICATION_TYPE": "U", "NORAD_CAT_ID": 67341, "ELEMENT_SET_NO": 999, "REV_AT_EPOCH": 485, "BSTAR": 0.0019724, "MEAN_MOTION_DOT": 0.00116684, "MEAN_MOTION_DDOT": 0}, "tle": {"line1": "1 67341U 26003H   26032.50002314  .00116684  00000+0  19724-2 0  9990", "line2": "2 67341  42.9996  73.1752 0001682 273.3468 290.6325 15.50476949  4851"}}, "geometry": {"type": "Point", "coordinates": [139.9053389230024, 41.27168792214023]}}, {"type": "Feature", "properties": {"norad_id": 67342, "name": "STARLINK-36432", "group": "last-30-days", "lat": 41.70065933479666, "lon": 142.5092168457014, "alt_km": 408.7675253599482, "timestamp": "2026-02-02T02:54:29.438201+00:00", "meta": {"OBJECT_NAME": "STARLINK-36432", "OBJECT_ID": "2026-003J", "EPOCH": "2026-02-01T12:00:01.999296", "MEAN_MOTION": 15.50503249, "ECCENTRICITY": 0.0001294, "INCLINATION": 42.9998, "RA_OF_ASC_NODE": 73.172, "ARG_OF_PERICENTER": 302.7814, "MEAN_ANOMALY": 263.1345, "EPHEMERIS_TYPE": 0, "CLASSIFICATION_TYPE": "U", "NORAD_CAT_ID": 67342, "ELEMENT_SET_NO": 999, "REV_AT_EPOCH": 484, "BSTAR": 0.0019393, "MEAN_MOTION_DOT": 0.00114802, "MEAN_MOTION_DDOT": 0}, "tle": {"line1": "1 67342U 26003J   26032.50002314  .00114802  00000+0  19393-2 0  9993", "line2": "2 67342  42.9998  73.1720 0001294 302.7814 263.1345 15.50503249  4840"}}, "geometry": {"type": "Point", "coordinates": [142.5092168457014, 41.70065933479666]}}, {"type": "Feature", "properties": {"norad_id": 67343, "name": "STARLINK-36458", "group": "last-30-days", "lat": 42.03933768187276, "lon": 144.9076395980516, "alt_km": 409.2718333334624, "timestamp": "2026-02-02T02:54:29.438212+00:00", "meta": {"OBJECT_NAME": "STARLINK-36458", "OBJECT_ID": "2026-003K", "EPOCH": "2026-02-01T12:00:01.999296", "MEAN_MOTION": 15.50474463, "ECCENTRICITY": 0.0001612, "INCLINATION": 42.9997, "RA_OF_ASC_NODE": 73.1661, "ARG_OF_PERICENTER": 272.6802, "MEAN_ANOMALY": 295.1283, "EPHEMERIS_TYPE": 0, "CLASSIFICATION_TYPE": "U", "NORAD_CAT_ID": 67343, "ELEMENT_SET_NO": 999, "REV_AT_EPOCH": 485, "BSTAR": 0.0019034, "MEAN_MOTION_DOT": 0.00112518, "MEAN_MOTION_DDOT": 0}, "tle": {"line1": "1 67343U 26003K   26032.50002314  .00112518  00000+0  19034-2 0  9998", "line2": "2 67343  42.9997  73.1661 0001612 272.6802 295.1283 15.50474463  4852"}}, "geometry": {"type": "Point", "coordinates": [144.9076395980516, 42.03933768187276]}}, {"type": "Feature", "properties": {"norad_id": 67344, "name": "STARLINK-36422", "group": "last-30-days", "lat": 42.35515547686217, "lon": 147.58988711159589, "alt_km": 408.758819468153, "timestamp": "2026-02-02T02:54:29.438222+00:00", "meta": {"OBJECT_NAME": "STARLINK-36422", "OBJECT_ID": "2026-003L", "EPOCH": "2026-02-01T12:00:01.999296", "MEAN_MOTION": 15.50505205, "ECCENTRICITY": 0.0001282, "INCLINATION": 42.9997, "RA_OF_ASC_NODE": 73.16, "ARG_OF_PERICENTER": 302.0304, "MEAN_ANOMALY": 267.7347, "EPHEMERIS_TYPE": 0, "CLASSIFICATION_TYPE": "U", "NORAD_CAT_ID": 67344, "ELEMENT_SET_NO": 999, "REV_AT_EPOCH": 484, "BSTAR": 0.0017, "MEAN_MOTION_DOT": 0.00100415, "MEAN_MOTION_DDOT": 0}, "tle": {"line1": "1 67344U 26003L   26032.50002314  .00100415  00000+0  17000-2 0  9993", "line2": "2 67344  42.9997  73.1600 0001282 302.0304 267.7347 15.50505205  4848"}}, "geometry": {"type": "Point", "coordinates": [147.58988711159589, 42.35515547686217]}}, {"type": "Feature", "properties": {"norad_id": 67345, "name": "STARLINK-35676", "group": "last-30-days", "lat": 42.584434485195025, "lon": 150.01745609208626, "alt_km": 409.36430986523646, "timestamp": "2026-02-02T02:54:29.438233+00:00", "meta": {"OBJECT_NAME": "STARLINK-35676", "OBJECT_ID": "2026-003M", "EPOCH": "2026-02-01T12:00:01.999296", "MEAN_MOTION": 15.50469791, "ECCENTRICITY": 0.0001807, "INCLINATION": 42.9997, "RA_OF_ASC_NODE": 73.1562, "ARG_OF_PERICENTER": 268.386, "MEAN_ANOMALY": 303.2528, "EPHEMERIS_TYPE": 0, "CLASSIFICATION_TYPE": "U", "NORAD_CAT_ID": 67345, "ELEMENT_SET_NO": 999, "REV_AT_EPOCH": 484, "BSTAR": 0.0019212, "MEAN_MOTION_DOT": 0.0011357, "MEAN_MOTION_DDOT": 0}, "tle": {"line1": "1 67345U 26003M   26032.50002314  .00113570  00000+0  19212-2 0  9997", "line2": "2 67345  42.9997  73.1562 0001807 268.3860 303.2528 15.50469791  4846"}}, "geometry": {"type": "Point", "coordinates": [150.01745609208626, 42.584434485195025]}}, {"type": "Feature", "properties": {"norad_id": 67346, "name": "STARLINK-36472", "group": "last-30-days", "lat": 42.76970632215128, "lon": 152.58968977581875, "alt_km": 409.22985612789853, "timestamp": "2026-02-02T02:54:29.438243+00:00", "meta": {"OBJECT_NAME": "STARLINK-36472", "OBJECT_ID": "2026-003N", "EPOCH": "2026-02-01T12:00:01.999296", "MEAN_MOTION": 15.50463324, "ECCENTRICITY": 0.0001638, "INCLINATION": 42.9995, "RA_OF_ASC_NODE": 73.1514, "ARG_OF_PERICENTER": 271.7566, "MEAN_ANOMALY": 301.7948, "EPHEMERIS_TYPE": 0, "CLASSIFICATION_TYPE": "U", "NORAD_CAT_ID": 67346, "ELEMENT_SET_NO": 999, "REV_AT_EPOCH": 484, "BSTAR": 0.001954, "MEAN_MOTION_DOT": 0.00115518, "MEAN_MOTION_DDOT": 0}, "tle": {"line1": "1 67346U 26003N   26032.50002314  .00115518  00000+0  19540-2 0  9996", "line2": "2 67346  42.9995  73.1514 0001638 271.7566 301.7948 15.50463324  4840"}}, "geometry": {"type": "Point", "coordinates": [152.58968977581875, 42.76970632215128]}}, {"type": "Feature", "properties": {"norad_id": 67347, "name": "STARLINK-36420", "group": "last-30-days", "lat": 42.96698814656226, "lon": 157.82873512927472, "alt_km": 409.2603362820537, "timestamp": "2026-02-02T02:54:29.438253+00:00", "meta": {"OBJECT_NAME": "STARLINK-36420", "OBJECT_ID": "2026-003P", "EPOCH": "2026-02-01T12:00:01.999296", "MEAN_MOTION": 15.50470424, "ECCENTRICITY": 0.0001722, "INCLINATION": 42.9997, "RA_OF_ASC_NODE": 73.1414, "ARG_OF_PERICENTER": 270.9993, "MEAN_ANOMALY": 306.3879, "EPHEMERIS_TYPE": 0, "CLASSIFICATION_TYPE": "U", "NORAD_CAT_ID": 67347, "ELEMENT_SET_NO": 999, "REV_AT_EPOCH": 485, "BSTAR": 0.0019032, "MEAN_MOTION_DOT": 0.00112492, "MEAN_MOTION_DDOT": 0}, "tle": {"line1": "1 67347U 26003P   26032.50002314  .00112492  00000+0  19032-2 0  9991", "line2": "2 67347  42.9997  73.1414 0001722 270.9993 306.3879 15.50470424  4855"}}, "geometry": {"type": "Point", "coordinates": [157.82873512927472, 42.96698814656226]}}, {"type": "Feature", "properties": {"norad_id": 67348, "name": "STARLINK-36467", "group": "last-30-days", "lat": 42.899217190706835, "lon": 155.22924951495224, "alt_km": 409.3189480199744, "timestamp": "2026-02-02T02:54:29.438264+00:00", "meta": {"OBJECT_NAME": "STARLINK-36467", "OBJECT_ID": "2026-003Q", "EPOCH": "2026-02-01T12:00:01.999296", "MEAN_MOTION": 15.50473881, "ECCENTRICITY": 0.0001811, "INCLINATION": 42.9996, "RA_OF_ASC_NODE": 73.147, "ARG_OF_PERICENTER": 268.8758, "MEAN_ANOMALY": 306.5971, "EPHEMERIS_TYPE": 0, "CLASSIFICATION_TYPE": "U", "NORAD_CAT_ID": 67348, "ELEMENT_SET_NO": 999, "REV_AT_EPOCH": 485, "BSTAR": 0.0019117, "MEAN_MOTION_DOT": 0.00113018, "MEAN_MOTION_DDOT": 0}, "tle": {"line1": "1 67348U 26003Q   26032.50002314  .00113018  00000+0  19117-2 0  9991", "line2": "2 67348  42.9996  73.1470 0001811 268.8758 306.5971 15.50473881  4856"}}, "geometry": {"type": "Point", "coordinates": [155.22924951495224, 42.899217190706835]}}, {"type": "Feature", "properties": {"norad_id": 67349, "name": "STARLINK-36457", "group": "last-30-days", "lat": 42.97449112387664, "lon": 160.5380004948657, "alt_km": 409.435963479219, "timestamp": "2026-02-02T02:54:29.438274+00:00", "meta": {"OBJECT_NAME": "STARLINK-36457", "OBJECT_ID": "2026-003R", "EPOCH": "2026-02-01T12:00:01.999296", "MEAN_MOTION": 15.50591509, "ECCENTRICITY": 0.0001604, "INCLINATION": 42.9996, "RA_OF_ASC_NODE": 73.1367, "ARG_OF_PERICENTER": 264.4421, "MEAN_ANOMALY": 314.8788, "EPHEMERIS_TYPE": 0, "CLASSIFICATION_TYPE": "U", "NORAD_CAT_ID": 67349, "ELEMENT_SET_NO": 999, "REV_AT_EPOCH": 485, "BSTAR": -0.00078901, "MEAN_MOTION_DOT": -0.00046377, "MEAN_MOTION_DDOT": 0}, "tle": {"line1": "1 67349U 26003R   26032.50002314 -.00046377  00000+0 -78901-3 0  9994", "line2": "2 67349  42.9996  73.1367 0001604 264.4421 314.8788 15.50591509  4857"}}, "geometry": {"type": "Point", "coordinates": [160.5380004948657, 42.97449112387664]}}, {"type": "Feature", "properties": {"norad_id": 67350, "name": "STARLINK-36475", "group": "last-30-days", "lat": 42.924410968911495, "lon": 163.04311628026156, "alt_km": 409.3039011493129, "timestamp": "2026-02-02T02:54:29.438284+00:00", "meta": {"OBJECT_NAME": "STARLINK-36475", "OBJECT_ID": "2026-003S", "EPOCH": "2026-02-01T12:00:01.999296", "MEAN_MOTION": 15.50462644, "ECCENTRICITY": 0.0001757, "INCLINATION": 42.9996, "RA_OF_ASC_NODE": 73.1315, "ARG_OF_PERICENTER": 271.2034, "MEAN_ANOMALY": 310.0154, "EPHEMERIS_TYPE": 0, "CLASSIFICATION_TYPE": "U", "NORAD_CAT_ID": 67350, "ELEMENT_SET_NO": 999, "REV_AT_EPOCH": 484, "BSTAR": 0.0019711, "MEAN_MOTION_DOT": 0.00116546, "MEAN_MOTION_DDOT": 0}, "tle": {"line1": "1 67350U 26003S   26032.50002314  .00116546  00000+0  19711-2 0  9993", "line2": "2 67350  42.9996  73.1315 0001757 271.2034 310.0154 15.50462644  4848"}}, "geometry": {"type": "Point", "coordinates": [163.04311628026156, 42.924410968911495]}}, {"type": "Feature", "properties": {"norad_id": 67351, "name": "STARLINK-36478", "group": "last-30-days", "lat": 42.80408051362395, "lon": 165.8290088436933, "alt_km": 408.7512957802128, "timestamp": "2026-02-02T02:54:29.438294+00:00", "meta": {"OBJECT_NAME": "STARLINK-36478", "OBJECT_ID": "2026-003T", "EPOCH": "2026-02-01T12:00:01.999296", "MEAN_MOTION": 15.50505474, "ECCENTRICITY": 0.0001245, "INCLINATION": 42.9996, "RA_OF_ASC_NODE": 73.1266, "ARG_OF_PERICENTER": 307.5095, "MEAN_ANOMALY": 275.6755, "EPHEMERIS_TYPE": 0, "CLASSIFICATION_TYPE": "U", "NORAD_CAT_ID": 67351, "ELEMENT_SET_NO": 999, "REV_AT_EPOCH": 484, "BSTAR": 0.0016819, "MEAN_MOTION_DOT": 0.00099326, "MEAN_MOTION_DDOT": 0}, "tle": {"line1": "1 67351U 26003T   26032.50002314  .00099326  00000+0  16819-2 0  9996", "line2": "2 67351  42.9996  73.1266 0001245 307.5095 275.6755 15.50505474  4848"}}, "geometry": {"type": "Point", "coordinates": [165.8290088436933, 42.80408051362395]}}, {"type": "Feature", "properties": {"norad_id": 67352, "name": "STARLINK-36479", "group": "last-30-days", "lat": 42.62916452132085, "lon": 168.43938470248744, "alt_km": 408.9010247754868, "timestamp": "2026-02-02T02:54:29.438307+00:00", "meta": {"OBJECT_NAME": "STARLINK-36479", "OBJECT_ID": "2026-003U", "EPOCH": "2026-02-01T12:00:01.999296", "MEAN_MOTION": 15.50499179, "ECCENTRICITY": 0.0001477, "INCLINATION": 42.9996, "RA_OF_ASC_NODE": 73.1225, "ARG_OF_PERICENTER": 301.8941, "MEAN_ANOMALY": 283.198, "EPHEMERIS_TYPE": 0, "CLASSIFICATION_TYPE": "U", "NORAD_CAT_ID": 67352, "ELEMENT_SET_NO": 999, "REV_AT_EPOCH": 485, "BSTAR": 0.0020918, "MEAN_MOTION_DOT": 0.00123983, "MEAN_MOTION_DDOT": 0}, "tle": {"line1": "1 67352U 26003U   26032.50002314  .00123983  00000+0  20918-2 0  9999", "line2": "2 67352  42.9996  73.1225 0001477 301.8941 283.1980 15.50499179  4857"}}, "geometry": {"type": "Point", "coordinates": [168.43938470248744, 42.62916452132085]}}, {"type": "Feature", "properties": {"norad_id": 67353, "name": "STARLINK-36474", "group": "last-30-days", "lat": 42.415445247247405, "lon": 170.8299613388949, "alt_km": 409.36860127413365, "timestamp": "2026-02-02T02:54:29.438318+00:00", "meta": {"OBJECT_NAME": "STARLINK-36474", "OBJECT_ID": "2026-003V", "EPOCH": "2026-02-01T12:00:01.999296", "MEAN_MOTION": 15.50463816, "ECCENTRICITY": 0.0001748, "INCLINATION": 42.9995, "RA_OF_ASC_NODE": 73.1175, "ARG_OF_PERICENTER": 268.6136, "MEAN_ANOMALY": 318.3539, "EPHEMERIS_TYPE": 0, "CLASSIFICATION_TYPE": "U", "NORAD_CAT_ID": 67353, "ELEMENT_SET_NO": 999, "REV_AT_EPOCH": 485, "BSTAR": 0.0019677, "MEAN_MOTION_DOT": 0.00116345, "MEAN_MOTION_DDOT": 0}, "tle": {"line1": "1 67353U 26003V   26032.50002314  .00116345  00000+0  19677-2 0  9994", "line2": "2 67353  42.9995  73.1175 0001748 268.6136 318.3539 15.50463816  4858"}}, "geometry": {"type": "Point", "coordinates": [170.8299613388949, 42.415445247247405]}}, {"type": "Feature", "properties": {"norad_id": 67354, "name": "STARLINK-36448", "group": "last-30-days", "lat": 41.389407156373515, "lon": 178.42532539730595, "alt_km": 409.5577318567357, "timestamp": "2026-02-02T02:54:29.438329+00:00", "meta": {"OBJECT_NAME": "STARLINK-36448", "OBJECT_ID": "2026-003W", "EPOCH": "2026-02-01T12:00:01.999296", "MEAN_MOTION": 15.50463787, "ECCENTRICITY": 0.0001869, "INCLINATION": 42.9994, "RA_OF_ASC_NODE": 73.1025, "ARG_OF_PERICENTER": 263.0113, "MEAN_ANOMALY": 329.7062, "EPHEMERIS_TYPE": 0, "CLASSIFICATION_TYPE": "U", "NORAD_CAT_ID": 67354, "ELEMENT_SET_NO": 999, "REV_AT_EPOCH": 485, "BSTAR": 0.0019769, "MEAN_MOTION_DOT": 0.00116901, "MEAN_MOTION_DDOT": 0}, "tle": {"line1": "1 67354U 26003W   26032.50002314  .00116901  00000+0  19769-2 0  9995", "line2": "2 67354  42.9994  73.1025 0001869 263.0113 329.7062 15.50463787  4854"}}, "geometry": {"type": "Point", "coordinates": [178.42532539730595, 41.389407156373515]}}, {"type": "Feature", "properties": {"norad_id": 67355, "name": "STARLINK-36477", "group": "last-30-days", "lat": 42.12886375391426, "lon": 173.39398295779796, "alt_km": 409.4237888048656, "timestamp": "2026-02-02T02:54:29.438339+00:00", "meta": {"OBJECT_NAME": "STARLINK-36477", "OBJECT_ID": "2026-003X", "EPOCH": "2026-02-01T12:00:01.999296", "MEAN_MOTION": 15.50465925, "ECCENTRICITY": 0.0001743, "INCLINATION": 42.9995, "RA_OF_ASC_NODE": 73.1126, "ARG_OF_PERICENTER": 271.9144, "MEAN_ANOMALY": 316.9743, "EPHEMERIS_TYPE": 0, "CLASSIFICATION_TYPE": "U", "NORAD_CAT_ID": 67355, "ELEMENT_SET_NO": 999, "REV_AT_EPOCH": 484, "BSTAR": 0.0018848, "MEAN_MOTION_DOT": 0.00111369, "MEAN_MOTION_DDOT": 0}, "tle": {"line1": "1 67355U 26003X   26032.50002314  .00111369  00000+0  18848-2 0  9996", "line2": "2 67355  42.9995  73.1126 0001743 271.9144 316.9743 15.50465925  4840"}}, "geometry": {"type": "Point", "coordinates": [173.39398295779796, 42.12886375391426]}}, {"type": "Feature", "properties": {"norad_id": 67356, "name": "STARLINK-36429", "group": "last-30-days", "lat": 41.78655335899577, "lon": 175.92395266196962, "alt_km": 409.3981711683955, "timestamp": "2026-02-02T02:54:29.438349+00:00", "meta": {"OBJECT_NAME": "STARLINK-36429", "OBJECT_ID": "2026-003Y", "EPOCH": "2026-02-01T12:00:01.999296", "MEAN_MOTION": 15.50463264, "ECCENTRICITY": 0.0001663, "INCLINATION": 42.9993, "RA_OF_ASC_NODE": 73.1074, "ARG_OF_PERICENTER": 269.6941, "MEAN_ANOMALY": 321.1068, "EPHEMERIS_TYPE": 0, "CLASSIFICATION_TYPE": "U", "NORAD_CAT_ID": 67356, "ELEMENT_SET_NO": 999, "REV_AT_EPOCH": 484, "BSTAR": 0.0019878, "MEAN_MOTION_DOT": 0.00117557, "MEAN_MOTION_DDOT": 0}, "tle": {"line1": "1 67356U 26003Y   26032.50002314  .00117557  00000+0  19878-2 0  9996", "line2": "2 67356  42.9993  73.1074 0001663 269.6941 321.1068 15.50463264  4843"}}, "geometry": {"type": "Point", "coordinates": [175.92395266196962, 41.78655335899577]}}, {"type": "Feature", "properties": {"norad_id": 67357, "name": "STARLINK-36456", "group": "last-30-days", "lat": 40.93698460955191, "lon": -179.09800598230694, "alt_km": 409.5607357256422, "timestamp": "2026-02-02T02:54:29.438360+00:00", "meta": {"OBJECT_NAME": "STARLINK-36456", "OBJECT_ID": "2026-003Z", "EPOCH": "2026-02-01T12:00:01.999296", "MEAN_MOTION": 15.50464025, "ECCENTRICITY": 0.0001722, "INCLINATION": 42.9995, "RA_OF_ASC_NODE": 73.0972, "ARG_OF_PERICENTER": 268.7029, "MEAN_ANOMALY": 325.9358, "EPHEMERIS_TYPE": 0, "CLASSIFICATION_TYPE": "U", "NORAD_CAT_ID": 67357, "ELEMENT_SET_NO": 999, "REV_AT_EPOCH": 485, "BSTAR": 0.0019328, "MEAN_MOTION_DOT": 0.00114249, "MEAN_MOTION_DDOT": 0}, "tle": {"line1": "1 67357U 26003Z   26032.50002314  .00114249  00000+0  19328-2 0  9992", "line2": "2 67357  42.9995  73.0972 0001722 268.7029 325.9358 15.50464025  4856"}}, "geometry": {"type": "Point", "coordinates": [-179.09800598230694, 40.93698460955191]}}, {"type": "Feature", "properties": {"norad_id": 67358, "name": "STARLINK-36466", "group": "last-30-days", "lat": 40.433476894931005, "lon": -176.66277105320606, "alt_km": 409.61852531669047, "timestamp": "2026-02-02T02:54:29.438370+00:00", "meta": {"OBJECT_NAME": "STARLINK-36466", "OBJECT_ID": "2026-003AA", "EPOCH": "2026-02-01T12:00:01.999296", "MEAN_MOTION": 15.50461417, "ECCENTRICITY": 0.0001721, "INCLINATION": 42.9996, "RA_OF_ASC_NODE": 73.0925, "ARG_OF_PERICENTER": 269.7717, "MEAN_ANOMALY": 326.7796, "EPHEMERIS_TYPE": 0, "CLASSIFICATION_TYPE": "U", "NORAD_CAT_ID": 67358, "ELEMENT_SET_NO": 999, "REV_AT_EPOCH": 485, "BSTAR": 0.0020359, "MEAN_MOTION_DOT": 0.00120443, "MEAN_MOTION_DDOT": 0}, "tle": {"line1": "1 67358U 26003AA  26032.50002314  .00120443  00000+0  20359-2 0  9992", "line2": "2 67358  42.9996  73.0925 0001721 269.7717 326.7796 15.50461417  4857"}}, "geometry": {"type": "Point", "coordinates": [-176.66277105320606, 40.433476894931005]}}, {"type": "Feature", "properties": {"norad_id": 67359, "name": "STARLINK-36499", "group": "last-30-days", "lat": 39.87851446066459, "lon": -174.26374500697938, "alt_km": 409.7560965017974, "timestamp": "2026-02-02T02:54:29.438380+00:00", "meta": {"OBJECT_NAME": "STARLINK-36499", "OBJECT_ID": "2026-003AB", "EPOCH": "2026-02-01T12:00:01.999296", "MEAN_MOTION": 15.50463468, "ECCENTRICITY": 0.0001807, "INCLINATION": 42.9993, "RA_OF_ASC_NODE": 73.0874, "ARG_OF_PERICENTER": 270.499, "MEAN_ANOMALY": 327.9677, "EPHEMERIS_TYPE": 0, "CLASSIFICATION_TYPE": "U", "NORAD_CAT_ID": 67359, "ELEMENT_SET_NO": 999, "REV_AT_EPOCH": 485, "BSTAR": 0.0020039, "MEAN_MOTION_DOT": 0.00118528, "MEAN_MOTION_DDOT": 0}, "tle": {"line1": "1 67359U 26003AB  26032.50002314  .00118528  00000+0  20039-2 0  9999", "line2": "2 67359  42.9993  73.0874 0001807 270.4990 327.9677 15.50463468  4854"}}, "geometry": {"type": "Point", "coordinates": [-174.26374500697938, 39.87851446066459]}}, {"type": "Feature", "properties": {"norad_id": 67360, "name": "STARLINK-36469", "group": "last-30-days", "lat": 39.27198932820057, "lon": -171.8931185313328, "alt_km": 409.8504024197082, "timestamp": "2026-02-02T02:54:29.438390+00:00", "meta": {"OBJECT_NAME": "STARLINK-36469", "OBJECT_ID": "2026-003AC", "EPOCH": "2026-02-01T12:00:01.999296", "MEAN_MOTION": 15.50471742, "ECCENTRICITY": 0.0001804, "INCLINATION": 42.9994, "RA_OF_ASC_NODE": 73.0824, "ARG_OF_PERICENTER": 270.934, "MEAN_ANOMALY": 329.4535, "EPHEMERIS_TYPE": 0, "CLASSIFICATION_TYPE": "U", "NORAD_CAT_ID": 67360, "ELEMENT_SET_NO": 999, "REV_AT_EPOCH": 485, "BSTAR": 0.0018501, "MEAN_MOTION_DOT": 0.00109303, "MEAN_MOTION_DDOT": 0}, "tle": {"line1": "1 67360U 26003AC  26032.50002314  .00109303  00000+0  18501-2 0  9993", "line2": "2 67360  42.9994  73.0824 0001804 270.9340 329.4535 15.50471742  4857"}}, "geometry": {"type": "Point", "coordinates": [-171.8931185313328, 39.27198932820057]}}, {"type": "Feature", "properties": {"norad_id": 67361, "name": "STARLINK-35306", "group": "last-30-days", "lat": 38.62556169215018, "lon": -169.59010330705888, "alt_km": 409.9457110282883, "timestamp": "2026-02-02T02:54:29.438402+00:00", "meta": {"OBJECT_NAME": "STARLINK-35306", "OBJECT_ID": "2026-003AD", "EPOCH": "2026-02-01T12:00:01.999296", "MEAN_MOTION": 15.50464915, "ECCENTRICITY": 0.0001867, "INCLINATION": 42.9997, "RA_OF_ASC_NODE": 73.0771, "ARG_OF_PERICENTER": 266.9835, "MEAN_ANOMALY": 335.3182, "EPHEMERIS_TYPE": 0, "CLASSIFICATION_TYPE": "U", "NORAD_CAT_ID": 67361, "ELEMENT_SET_NO": 999, "REV_AT_EPOCH": 479, "BSTAR": 0.001959, "MEAN_MOTION_DOT": 0.0011583, "MEAN_MOTION_DDOT": 0}, "tle": {"line1": "1 67361U 26003AD  26032.50002314  .00115830  00000+0  19590-2 0  9995", "line2": "2 67361  42.9997  73.0771 0001867 266.9835 335.3182 15.50464915  4796"}}, "geometry": {"type": "Point", "coordinates": [-169.59010330705888, 38.62556169215018]}}, {"type": "Feature", "properties": {"norad_id": 67362, "name": "STARLINK-36428", "group": "last-30-days", "lat": 37.92982788451292, "lon": -167.31565274111236, "alt_km": 410.01874455339384, "timestamp": "2026-02-02T02:54:29.438413+00:00", "meta": {"OBJECT_NAME": "STARLINK-36428", "OBJECT_ID": "2026-003AE", "EPOCH": "2026-02-01T12:00:01.999296", "MEAN_MOTION": 15.50464469, "ECCENTRICITY": 0.0001793, "INCLINATION": 42.9997, "RA_OF_ASC_NODE": 73.0718, "ARG_OF_PERICENTER": 270.7414, "MEAN_ANOMALY": 333.476, "EPHEMERIS_TYPE": 0, "CLASSIFICATION_TYPE": "U", "NORAD_CAT_ID": 67362, "ELEMENT_SET_NO": 999, "REV_AT_EPOCH": 485, "BSTAR": 0.001983, "MEAN_MOTION_DOT": 0.00117272, "MEAN_MOTION_DDOT": 0}, "tle": {"line1": "1 67362U 26003AE  26032.50002314  .00117272  00000+0  19830-2 0  9995", "line2": "2 67362  42.9997  73.0718 0001793 270.7414 333.4760 15.50464469  4854"}}, "geometry": {"type": "Point", "coordinates": [-167.31565274111236, 37.92982788451292]}}, {"type": "Feature", "properties": {"norad_id": 67363, "name": "TWILIGHT A", "group": "last-30-days", "lat": -36.8715491771921, "lon": -152.00140274045762, "alt_km": 608.2786266513276, "timestamp": "2026-02-02T02:54:29.438423+00:00", "meta": {"OBJECT_NAME": "TWILIGHT A", "OBJECT_ID": "2026-004A", "EPOCH": "2026-02-01T11:23:57.777792", "MEAN_MOTION": 14.86993601, "ECCENTRICITY": 0.0007768, "INCLINATION": 97.7988, "RA_OF_ASC_NODE": 33.2644, "ARG_OF_PERICENTER": 218.5333, "MEAN_ANOMALY": 141.5329, "EPHEMERIS_TYPE": 0, "CLASSIFICATION_TYPE": "U", "NORAD_CAT_ID": 67363, "ELEMENT_SET_NO": 999, "REV_AT_EPOCH": 310, "BSTAR": 0.00056887, "MEAN_MOTION_DOT": 5.044e-05, "MEAN_MOTION_DDOT": 0}, "tle": {"line1": "1 67363U 26004A   26032.47497428  .00005044  00000+0  56887-3 0  9994", "line2": "2 67363  97.7988  33.2644 0007768 218.5333 141.5329 14.86993601  3106"}}, "geometry": {"type": "Point", "coordinates": [-152.00140274045762, -36.8715491771921]}}, {"type": "Feature", "properties": {"norad_id": 67364, "name": "TWILIGHT B", "group": "last-30-days", "lat": -44.010157725949966, "lon": -153.70626777119043, "alt_km": 608.4093901372689, "timestamp": "2026-02-02T02:54:29.438434+00:00", "meta": {"OBJECT_NAME": "TWILIGHT B", "OBJECT_ID": "2026-004B", "EPOCH": "2026-02-01T11:22:05.431872", "MEAN_MOTION": 14.87115435, "ECCENTRICITY": 0.0007694, "INCLINATION": 97.799, "RA_OF_ASC_NODE": 33.2663, "ARG_OF_PERICENTER": 213.5794, "MEAN_ANOMALY": 146.4936, "EPHEMERIS_TYPE": 0, "CLASSIFICATION_TYPE": "U", "NORAD_CAT_ID": 67364, "ELEMENT_SET_NO": 999, "REV_AT_EPOCH": 311, "BSTAR": 0.00055786, "MEAN_MOTION_DOT": 4.96e-05, "MEAN_MOTION_DDOT": 0}, "tle": {"line1": "1 67364U 26004B   26032.47367398  .00004960  00000+0  55786-3 0  9990", "line2": "2 67364  97.7990  33.2663 0007694 213.5794 146.4936 14.87115435  3116"}}, "geometry": {"type": "Point", "coordinates": [-153.70626777119043, -44.010157725949966]}}, {"type": "Feature", "properties": {"norad_id": 67365, "name": "TWILIGHT C", "group": "last-30-days", "lat": -45.58933959991033, "lon": -154.14025354703597, "alt_km": 608.6131228275744, "timestamp": "2026-02-02T02:54:29.438448+00:00", "meta": {"OBJECT_NAME": "TWILIGHT C", "OBJECT_ID": "2026-004C", "EPOCH": "2026-02-01T11:21:39.940416", "MEAN_MOTION": 14.87133938, "ECCENTRICITY": 0.0007294, "INCLINATION": 97.7967, "RA_OF_ASC_NODE": 33.2638, "ARG_OF_PERICENTER": 219.2764, "MEAN_ANOMALY": 140.7924, "EPHEMERIS_TYPE": 0, "CLASSIFICATION_TYPE": "U", "NORAD_CAT_ID": 67365, "ELEMENT_SET_NO": 999, "REV_AT_EPOCH": 311, "BSTAR": 0.00060007, "MEAN_MOTION_DOT": 5.342e-05, "MEAN_MOTION_DDOT": 0}, "tle": {"line1": "1 67365U 26004C   26032.47337894  .00005342  00000+0  60007-3 0  9996", "line2": "2 67365  97.7967  33.2638 0007294 219.2764 140.7924 14.87133938  3111"}}, "geometry": {"type": "Point", "coordinates": [-154.14025354703597, -45.58933959991033]}}, {"type": "Feature", "properties": {"norad_id": 67366, "name": "TWILIGHT D", "group": "last-30-days", "lat": -47.294336631720185, "lon": -154.63598248019161, "alt_km": 608.6861662756119, "timestamp": "2026-02-02T02:54:29.438460+00:00", "meta": {"OBJECT_NAME": "TWILIGHT D", "OBJECT_ID": "2026-004D", "EPOCH": "2026-02-01T11:21:11.651328", "MEAN_MOTION": 14.87116121, "ECCENTRICITY": 0.0007898, "INCLINATION": 97.8023, "RA_OF_ASC_NODE": 33.2709, "ARG_OF_PERICENTER": 206.998, "MEAN_ANOMALY": 153.0826, "EPHEMERIS_TYPE": 0, "CLASSIFICATION_TYPE": "U", "NORAD_CAT_ID": 67366, "ELEMENT_SET_NO": 999, "REV_AT_EPOCH": 311, "BSTAR": 0.00044754, "MEAN_MOTION_DOT": 3.968e-05, "MEAN_MOTION_DDOT": 0}, "tle": {"line1": "1 67366U 26004D   26032.47305152  .00003968  00000+0  44754-3 0  9992", "line2": "2 67366  97.8023  33.2709 0007898 206.9980 153.0826 14.87116121  3111"}}, "geometry": {"type": "Point", "coordinates": [-154.63598248019161, -47.294336631720185]}}, {"type": "Feature", "properties": {"norad_id": 67367, "name": "TWILIGHT E", "group": "last-30-days", "lat": -54.17033433175233, "lon": -157.03562399683702, "alt_km": 608.9821148364908, "timestamp": "2026-02-02T02:54:29.438469+00:00", "meta": {"OBJECT_NAME": "TWILIGHT E", "OBJECT_ID": "2026-004E", "EPOCH": "2026-02-01T11:19:22.757952", "MEAN_MOTION": 14.87257876, "ECCENTRICITY": 0.0006753, "INCLINATION": 97.7954, "RA_OF_ASC_NODE": 33.2644, "ARG_OF_PERICENTER": 221.0578, "MEAN_ANOMALY": 139.013, "EPHEMERIS_TYPE": 0, "CLASSIFICATION_TYPE": "U", "NORAD_CAT_ID": 67367, "ELEMENT_SET_NO": 999, "REV_AT_EPOCH": 311, "BSTAR": 0.00058671, "MEAN_MOTION_DOT": 5.237e-05, "MEAN_MOTION_DDOT": 0}, "tle": {"line1": "1 67367U 26004E   26032.47179118  .00005237  00000+0  58671-3 0  9998", "line2": "2 67367  97.7954  33.2644 0006753 221.0578 139.0130 14.87257876  3117"}}, "geometry": {"type": "Point", "coordinates": [-157.03562399683702, -54.17033433175233]}}, {"type": "Feature", "properties": {"norad_id": 67368, "name": "TWILIGHT F", "group": "last-30-days", "lat": -57.05317894400075, "lon": -158.30156623796302, "alt_km": 609.1794353767782, "timestamp": "2026-02-02T02:54:29.438483+00:00", "meta": {"OBJECT_NAME": "TWILIGHT F", "OBJECT_ID": "2026-004F", "EPOCH": "2026-02-01T11:18:36.273024", "MEAN_MOTION": 14.87285691, "ECCENTRICITY": 0.000724, "INCLINATION": 97.8014, "RA_OF_ASC_NODE": 33.2728, "ARG_OF_PERICENTER": 208.5734, "MEAN_ANOMALY": 151.5086, "EPHEMERIS_TYPE": 0, "CLASSIFICATION_TYPE": "U", "NORAD_CAT_ID": 67368, "ELEMENT_SET_NO": 999, "REV_AT_EPOCH": 311, "BSTAR": 0.00054889, "MEAN_MOTION_DOT": 4.899e-05, "MEAN_MOTION_DDOT": 0}, "tle": {"line1": "1 67368U 26004F   26032.47125316  .00004899  00000+0  54889-3 0  9990", "line2": "2 67368  97.8014  33.2728 0007240 208.5734 151.5086 14.87285691  3110"}}, "geometry": {"type": "Point", "coordinates": [-158.30156623796302, -57.05317894400075]}}, {"type": "Feature", "properties": {"norad_id": 67369, "name": "TWILIGHT G", "group": "last-30-days", "lat": -60.42335113241359, "lon": -160.06282394952012, "alt_km": 609.5885097051432, "timestamp": "2026-02-02T02:54:29.438494+00:00", "meta": {"OBJECT_NAME": "TWILIGHT G", "OBJECT_ID": "2026-004G", "EPOCH": "2026-02-01T11:17:38.534496", "MEAN_MOTION": 14.87265121, "ECCENTRICITY": 0.0006181, "INCLINATION": 97.7947, "RA_OF_ASC_NODE": 33.2653, "ARG_OF_PERICENTER": 223.0242, "MEAN_ANOMALY": 137.0491, "EPHEMERIS_TYPE": 0, "CLASSIFICATION_TYPE": "U", "NORAD_CAT_ID": 67369, "ELEMENT_SET_NO": 999, "REV_AT_EPOCH": 311, "BSTAR": 0.00033912, "MEAN_MOTION_DOT": 3.004e-05, "MEAN_MOTION_DDOT": 0}, "tle": {"line1": "1 67369U 26004G   26032.47058489  .00003004  00000+0  33912-3 0  9998", "line2": "2 67369  97.7947  33.2653 0006181 223.0242 137.0491 14.87265121  3116"}}, "geometry": {"type": "Point", "coordinates": [-160.06282394952012, -60.42335113241359]}}, {"type": "Feature", "properties": {"norad_id": 67370, "name": "TWILIGHT H", "group": "last-30-days", "lat": -65.29843619343809, "lon": -163.41897078268545, "alt_km": 609.6263355505926, "timestamp": "2026-02-02T02:54:29.438505+00:00", "meta": {"OBJECT_NAME": "TWILIGHT H", "OBJECT_ID": "2026-004H", "EPOCH": "2026-02-01T11:16:20.883360", "MEAN_MOTION": 14.87392689, "ECCENTRICITY": 0.000585, "INCLINATION": 97.7943, "RA_OF_ASC_NODE": 33.2658, "ARG_OF_PERICENTER": 222.5911, "MEAN_ANOMALY": 137.4852, "EPHEMERIS_TYPE": 0, "CLASSIFICATION_TYPE": "U", "NORAD_CAT_ID": 67370, "ELEMENT_SET_NO": 999, "REV_AT_EPOCH": 311, "BSTAR": 0.00057301, "MEAN_MOTION_DOT": 5.13e-05, "MEAN_MOTION_DDOT": 0}, "tle": {"line1": "1 67370U 26004H   26032.46968615  .00005130  00000+0  57301-3 0  9990", "line2": "2 67370  97.7943  33.2658 0005850 222.5911 137.4852 14.87392689  3113"}}, "geometry": {"type": "Point", "coordinates": [-163.41897078268545, -65.29843619343809]}}, {"type": "Feature", "properties": {"norad_id": 67371, "name": "TWILIGHT J", "group": "last-30-days", "lat": -81.44470522610364, "lon": 99.56323237638885, "alt_km": 610.9726842360533, "timestamp": "2026-02-02T02:54:29.438514+00:00", "meta": {"OBJECT_NAME": "TWILIGHT J", "OBJECT_ID": "2026-004J", "EPOCH": "2026-02-01T11:09:19.611648", "MEAN_MOTION": 14.87795389, "ECCENTRICITY": 0.0005162, "INCLINATION": 97.7983, "RA_OF_ASC_NODE": 33.2771, "ARG_OF_PERICENTER": 204.855, "MEAN_ANOMALY": 155.2418, "EPHEMERIS_TYPE": 0, "CLASSIFICATION_TYPE": "U", "NORAD_CAT_ID": 67371, "ELEMENT_SET_NO": 999, "REV_AT_EPOCH": 311, "BSTAR": 0.00064623, "MEAN_MOTION_DOT": 5.851e-05, "MEAN_MOTION_DDOT": 0}, "tle": {"line1": "1 67371U 26004J   26032.46481032  .00005851  00000+0  64623-3 0  9999", "line2": "2 67371  97.7983  33.2771 0005162 204.8550 155.2418 14.87795389  3112"}}, "geometry": {"type": "Point", "coordinates": [99.56323237638885, -81.44470522610364]}}, {"type": "Feature", "properties": {"norad_id": 67372, "name": "TWILIGHT K", "group": "last-30-days", "lat": -63.54443892446293, "lon": 49.91009973557355, "alt_km": 611.9068452282208, "timestamp": "2026-02-02T02:54:29.438525+00:00", "meta": {"OBJECT_NAME": "TWILIGHT K", "OBJECT_ID": "2026-004K", "EPOCH": "2026-02-01T11:03:32.465088", "MEAN_MOTION": 14.87960504, "ECCENTRICITY": 0.0003504, "INCLINATION": 97.7964, "RA_OF_ASC_NODE": 33.2788, "ARG_OF_PERICENTER": 198.2467, "MEAN_ANOMALY": 161.8624, "EPHEMERIS_TYPE": 0, "CLASSIFICATION_TYPE": "U", "NORAD_CAT_ID": 67372, "ELEMENT_SET_NO": 999, "REV_AT_EPOCH": 311, "BSTAR": 0.00028189, "MEAN_MOTION_DOT": 2.531e-05, "MEAN_MOTION_DDOT": 0}, "tle": {"line1": "1 67372U 26004K   26032.46079242  .00002531  00000+0  28189-3 0  9995", "line2": "2 67372  97.7964  33.2788 0003504 198.2467 161.8624 14.87960504  3116"}}, "geometry": {"type": "Point", "coordinates": [49.91009973557355, -63.54443892446293]}}, {"type": "Feature", "properties": {"norad_id": 67373, "name": "TWILIGHT L", "group": "last-30-days", "lat": -80.74599881547256, "lon": 156.66465197925757, "alt_km": 610.9137664034515, "timestamp": "2026-02-02T02:54:29.438535+00:00", "meta": {"OBJECT_NAME": "TWILIGHT L", "OBJECT_ID": "2026-004L", "EPOCH": "2026-02-01T11:11:28.242240", "MEAN_MOTION": 14.87565474, "ECCENTRICITY": 0.0005059, "INCLINATION": 97.7978, "RA_OF_ASC_NODE": 33.2741, "ARG_OF_PERICENTER": 211.1028, "MEAN_ANOMALY": 148.9889, "EPHEMERIS_TYPE": 0, "CLASSIFICATION_TYPE": "U", "NORAD_CAT_ID": 67373, "ELEMENT_SET_NO": 999, "REV_AT_EPOCH": 311, "BSTAR": 0.00030995, "MEAN_MOTION_DOT": 2.761e-05, "MEAN_MOTION_DDOT": 0}, "tle": {"line1": "1 67373U 26004L   26032.46629910  .00002761  00000+0  30995-3 0  9992", "line2": "2 67373  97.7978  33.2741 0005059 211.1028 148.9889 14.87565474  3112"}}, "geometry": {"type": "Point", "coordinates": [156.66465197925757, -80.74599881547256]}}, {"type": "Feature", "properties": {"norad_id": 67374, "name": "TWILIGHT M", "group": "last-30-days", "lat": -68.16821417838496, "lon": 53.92324072261911, "alt_km": 611.8529121532711, "timestamp": "2026-02-02T02:54:29.438545+00:00", "meta": {"OBJECT_NAME": "TWILIGHT M", "OBJECT_ID": "2026-004M", "EPOCH": "2026-02-01T11:04:50.307168", "MEAN_MOTION": 14.87920563, "ECCENTRICITY": 0.0003794, "INCLINATION": 97.7963, "RA_OF_ASC_NODE": 33.2763, "ARG_OF_PERICENTER": 199.1356, "MEAN_ANOMALY": 160.9718, "EPHEMERIS_TYPE": 0, "CLASSIFICATION_TYPE": "U", "NORAD_CAT_ID": 67374, "ELEMENT_SET_NO": 999, "REV_AT_EPOCH": 311, "BSTAR": 0.0003445, "MEAN_MOTION_DOT": 3.102e-05, "MEAN_MOTION_DDOT": 0}, "tle": {"line1": "1 67374U 26004M   26032.46169337  .00003102  00000+0  34450-3 0  9995", "line2": "2 67374  97.7963  33.2763 0003794 199.1356 160.9718 14.87920563  3113"}}, "geometry": {"type": "Point", "coordinates": [53.92324072261911, -68.16821417838496]}}, {"type": "Feature", "properties": {"norad_id": 67375, "name": "TWILIGHT N", "group": "last-30-days", "lat": -66.23029717757308, "lon": 52.06716900260962, "alt_km": 612.1376970796155, "timestamp": "2026-02-02T02:54:29.438555+00:00", "meta": {"OBJECT_NAME": "TWILIGHT N", "OBJECT_ID": "2026-004N", "EPOCH": "2026-02-01T09:27:27.666144", "MEAN_MOTION": 14.87944814, "ECCENTRICITY": 0.0004373, "INCLINATION": 97.7999, "RA_OF_ASC_NODE": 33.2185, "ARG_OF_PERICENTER": 194.6954, "MEAN_ANOMALY": 165.4136, "EPHEMERIS_TYPE": 0, "CLASSIFICATION_TYPE": "U", "NORAD_CAT_ID": 67375, "ELEMENT_SET_NO": 999, "REV_AT_EPOCH": 310, "BSTAR": 0.0002679, "MEAN_MOTION_DOT": 2.401e-05, "MEAN_MOTION_DDOT": 0}, "tle": {"line1": "1 67375U 26004N   26032.39407021  .00002401  00000+0  26790-3 0  9992", "line2": "2 67375  97.7999  33.2185 0004373 194.6954 165.4136 14.87944814  3107"}}, "geometry": {"type": "Point", "coordinates": [52.06716900260962, -66.23029717757308]}}, {"type": "Feature", "properties": {"norad_id": 67376, "name": "TWILIGHT P", "group": "last-30-days", "lat": -76.4399484470151, "lon": 68.55989526617304, "alt_km": 611.7348512842609, "timestamp": "2026-02-02T02:54:29.438567+00:00", "meta": {"OBJECT_NAME": "TWILIGHT P", "OBJECT_ID": "2026-004P", "EPOCH": "2026-02-01T11:07:16.266144", "MEAN_MOTION": 14.87788329, "ECCENTRICITY": 0.0004706, "INCLINATION": 97.7996, "RA_OF_ASC_NODE": 33.2809, "ARG_OF_PERICENTER": 200.9395, "MEAN_ANOMALY": 159.163, "EPHEMERIS_TYPE": 0, "CLASSIFICATION_TYPE": "U", "NORAD_CAT_ID": 67376, "ELEMENT_SET_NO": 999, "REV_AT_EPOCH": 311, "BSTAR": 0.00028073, "MEAN_MOTION_DOT": 2.509e-05, "MEAN_MOTION_DDOT": 0}, "tle": {"line1": "1 67376U 26004P   26032.46338271  .00002509  00000+0  28073-3 0  9996", "line2": "2 67376  97.7996  33.2809 0004706 200.9395 159.1630 14.87788329  3115"}}, "geometry": {"type": "Point", "coordinates": [68.55989526617304, -76.4399484470151]}}, {"type": "Feature", "properties": {"norad_id": 67377, "name": "TWILIGHT Q", "group": "last-30-days", "lat": -58.348297413297296, "lon": 46.78456197795396, "alt_km": 608.8684141103313, "timestamp": "2026-02-02T02:54:29.438578+00:00", "meta": {"OBJECT_NAME": "TWILIGHT Q", "OBJECT_ID": "2026-004Q", "EPOCH": "2026-01-30T12:15:35.151264", "MEAN_MOTION": 14.88280196, "ECCENTRICITY": 0.00066529, "INCLINATION": 97.7999, "RA_OF_ASC_NODE": 31.3669, "ARG_OF_PERICENTER": 209.02, "MEAN_ANOMALY": 151.0648, "EPHEMERIS_TYPE": 0, "CLASSIFICATION_TYPE": "U", "NORAD_CAT_ID": 67377, "ELEMENT_SET_NO": 999, "REV_AT_EPOCH": 281, "BSTAR": 0.015452251, "MEAN_MOTION_DOT": 0.0014578, "MEAN_MOTION_DDOT": 0}, "tle": {"line1": "1 67377U 26004Q   26030.51082351  .00145780  00000+0  15452-1 0  9990", "line2": "2 67377  97.7999  31.3669 0006652 209.0200 151.0648 14.88280196  2815"}}, "geometry": {"type": "Point", "coordinates": [46.78456197795396, -58.348297413297296]}}, {"type": "Feature", "properties": {"norad_id": 67378, "name": "TWILIGHT R", "group": "last-30-days", "lat": -80.50445269813332, "lon": 88.92508897579769, "alt_km": 611.3169417549007, "timestamp": "2026-02-02T02:54:29.438588+00:00", "meta": {"OBJECT_NAME": "TWILIGHT R", "OBJECT_ID": "2026-004R", "EPOCH": "2026-02-01T11:08:45.586464", "MEAN_MOTION": 14.87720763, "ECCENTRICITY": 0.0004079, "INCLINATION": 97.797, "RA_OF_ASC_NODE": 33.2744, "ARG_OF_PERICENTER": 209.9707, "MEAN_ANOMALY": 150.1276, "EPHEMERIS_TYPE": 0, "CLASSIFICATION_TYPE": "U", "NORAD_CAT_ID": 67378, "ELEMENT_SET_NO": 999, "REV_AT_EPOCH": 310, "BSTAR": 0.00029661, "MEAN_MOTION_DOT": 2.65e-05, "MEAN_MOTION_DDOT": 0}, "tle": {"line1": "1 67378U 26004R   26032.46441651  .00002650  00000+0  29661-3 0  9996", "line2": "2 67378  97.7970  33.2744 0004079 209.9707 150.1276 14.87720763  3100"}}, "geometry": {"type": "Point", "coordinates": [88.92508897579769, -80.50445269813332]}}, {"type": "Feature", "properties": {"norad_id": 67379, "name": "TWILIGHT S", "group": "last-30-days", "lat": -79.98007225368521, "lon": 84.77735571540669, "alt_km": 611.3730306810812, "timestamp": "2026-02-02T02:54:29.438598+00:00", "meta": {"OBJECT_NAME": "TWILIGHT S", "OBJECT_ID": "2026-004S", "EPOCH": "2026-02-01T11:08:31.815168", "MEAN_MOTION": 14.87728963, "ECCENTRICITY": 0.0004604, "INCLINATION": 97.7974, "RA_OF_ASC_NODE": 33.2763, "ARG_OF_PERICENTER": 206.6141, "MEAN_ANOMALY": 153.484, "EPHEMERIS_TYPE": 0, "CLASSIFICATION_TYPE": "U", "NORAD_CAT_ID": 67379, "ELEMENT_SET_NO": 999, "REV_AT_EPOCH": 310, "BSTAR": 0.00028074, "MEAN_MOTION_DOT": 2.506e-05, "MEAN_MOTION_DDOT": 0}, "tle": {"line1": "1 67379U 26004S   26032.46425712  .00002506  00000+0  28074-3 0  9994", "line2": "2 67379  97.7974  33.2763 0004604 206.6141 153.4840 14.87728963  3109"}}, "geometry": {"type": "Point", "coordinates": [84.77735571540669, -79.98007225368521]}}, {"type": "Feature", "properties": {"norad_id": 67380, "name": "TWILIGHT T", "group": "last-30-days", "lat": -74.59263091552803, "lon": 63.73730984610946, "alt_km": 611.5460036522845, "timestamp": "2026-02-02T02:54:29.438610+00:00", "meta": {"OBJECT_NAME": "TWILIGHT T", "OBJECT_ID": "2026-004T", "EPOCH": "2026-02-01T11:06:42.074208", "MEAN_MOTION": 14.87829934, "ECCENTRICITY": 0.0004127, "INCLINATION": 97.7967, "RA_OF_ASC_NODE": 33.2763, "ARG_OF_PERICENTER": 205.1765, "MEAN_ANOMALY": 154.9251, "EPHEMERIS_TYPE": 0, "CLASSIFICATION_TYPE": "U", "NORAD_CAT_ID": 67380, "ELEMENT_SET_NO": 999, "REV_AT_EPOCH": 310, "BSTAR": 0.00030064, "MEAN_MOTION_DOT": 2.694e-05, "MEAN_MOTION_DDOT": 0}, "tle": {"line1": "1 67380U 26004T   26032.46298697  .00002694  00000+0  30064-3 0  9996", "line2": "2 67380  97.7967  33.2763 0004127 205.1765 154.9251 14.87829934  3101"}}, "geometry": {"type": "Point", "coordinates": [63.73730984610946, -74.59263091552803]}}, {"type": "Feature", "properties": {"norad_id": 67381, "name": "TWILIGHT U", "group": "last-30-days", "lat": -75.57260195046757, "lon": 66.13126306158097, "alt_km": 614.1259501518762, "timestamp": "2026-02-02T02:54:29.438621+00:00", "meta": {"OBJECT_NAME": "TWILIGHT U", "OBJECT_ID": "2026-004U", "EPOCH": "2026-01-29T02:22:17.175360", "MEAN_MOTION": 14.87635069, "ECCENTRICITY": 0.00020921, "INCLINATION": 97.8008, "RA_OF_ASC_NODE": 29.9801, "ARG_OF_PERICENTER": 273.6119, "MEAN_ANOMALY": 86.4858, "EPHEMERIS_TYPE": 0, "CLASSIFICATION_TYPE": "U", "NORAD_CAT_ID": 67381, "ELEMENT_SET_NO": 999, "REV_AT_EPOCH": 260, "BSTAR": -0.012140991, "MEAN_MOTION_DOT": -0.00108713, "MEAN_MOTION_DDOT": 0}, "tle": {"line1": "1 67381U 26004U   26029.09880990 -.00108713  00000+0 -12141-1 0  9990", "line2": "2 67381  97.8008  29.9801 0002092 273.6119  86.4858 14.87635069  2606"}}, "geometry": {"type": "Point", "coordinates": [66.13126306158097, -75.57260195046757]}}, {"type": "Feature", "properties": {"norad_id": 67382, "name": "TWILIGHT V", "group": "last-30-days", "lat": -60.5170363777539, "lon": 47.96511997016363, "alt_km": 612.3083202134949, "timestamp": "2026-02-02T02:54:29.438631+00:00", "meta": {"OBJECT_NAME": "TWILIGHT V", "OBJECT_ID": "2026-004V", "EPOCH": "2026-02-01T11:02:43.532448", "MEAN_MOTION": 14.88014393, "ECCENTRICITY": 0.0004119, "INCLINATION": 97.7995, "RA_OF_ASC_NODE": 33.2849, "ARG_OF_PERICENTER": 190.0997, "MEAN_ANOMALY": 170.0137, "EPHEMERIS_TYPE": 0, "CLASSIFICATION_TYPE": "U", "NORAD_CAT_ID": 67382, "ELEMENT_SET_NO": 999, "REV_AT_EPOCH": 310, "BSTAR": 0.0002722, "MEAN_MOTION_DOT": 2.445e-05, "MEAN_MOTION_DDOT": 0}, "tle": {"line1": "1 67382U 26004V   26032.46022607  .00002445  00000+0  27220-3 0  9998", "line2": "2 67382  97.7995  33.2849 0004119 190.0997 170.0137 14.88014393  3107"}}, "geometry": {"type": "Point", "coordinates": [47.96511997016363, -60.5170363777539]}}, {"type": "Feature", "properties": {"norad_id": 67383, "name": "TWILIGHT W", "group": "last-30-days", "lat": -79.2668361415077, "lon": 80.21490034218714, "alt_km": 611.3600972109189, "timestamp": "2026-02-02T02:54:29.438642+00:00", "meta": {"OBJECT_NAME": "TWILIGHT W", "OBJECT_ID": "2026-004W", "EPOCH": "2026-02-01T11:08:14.886816", "MEAN_MOTION": 14.87747111, "ECCENTRICITY": 0.0004425, "INCLINATION": 97.7971, "RA_OF_ASC_NODE": 33.2758, "ARG_OF_PERICENTER": 207.5372, "MEAN_ANOMALY": 152.561, "EPHEMERIS_TYPE": 0, "CLASSIFICATION_TYPE": "U", "NORAD_CAT_ID": 67383, "ELEMENT_SET_NO": 999, "REV_AT_EPOCH": 310, "BSTAR": 0.00030284, "MEAN_MOTION_DOT": 2.708e-05, "MEAN_MOTION_DDOT": 0}, "tle": {"line1": "1 67383U 26004W   26032.46406119  .00002708  00000+0  30284-3 0  9999", "line2": "2 67383  97.7971  33.2758 0004425 207.5372 152.5610 14.87747111  3103"}}, "geometry": {"type": "Point", "coordinates": [80.21490034218714, -79.2668361415077]}}, {"type": "Feature", "properties": {"norad_id": 67384, "name": "TWILIGHT X", "group": "last-30-days", "lat": -50.42269426033557, "lon": 43.47627713043136, "alt_km": 611.5571550353952, "timestamp": "2026-02-02T02:54:29.438658+00:00", "meta": {"OBJECT_NAME": "TWILIGHT X", "OBJECT_ID": "2026-004X", "EPOCH": "2026-02-01T11:00:04.575456", "MEAN_MOTION": 14.88257853, "ECCENTRICITY": 0.000352, "INCLINATION": 97.7967, "RA_OF_ASC_NODE": 33.2831, "ARG_OF_PERICENTER": 190.2929, "MEAN_ANOMALY": 169.8217, "EPHEMERIS_TYPE": 0, "CLASSIFICATION_TYPE": "U", "NORAD_CAT_ID": 67384, "ELEMENT_SET_NO": 999, "REV_AT_EPOCH": 310, "BSTAR": 0.00043213, "MEAN_MOTION_DOT": 3.938e-05, "MEAN_MOTION_DDOT": 0}, "tle": {"line1": "1 67384U 26004X   26032.45838629  .00003938  00000+0  43213-3 0  9996", "line2": "2 67384  97.7967  33.2831 0003520 190.2929 169.8217 14.88257853  3106"}}, "geometry": {"type": "Point", "coordinates": [43.47627713043136, -50.42269426033557]}}, {"type": "Feature", "properties": {"norad_id": 67385, "name": "TWILIGHT Y", "group": "last-30-days", "lat": -44.0087491926557, "lon": 41.54657661972233, "alt_km": 611.496857293545, "timestamp": "2026-02-02T02:54:29.438671+00:00", "meta": {"OBJECT_NAME": "TWILIGHT Y", "OBJECT_ID": "2026-004Y", "EPOCH": "2026-02-01T10:58:22.423008", "MEAN_MOTION": 14.88352138, "ECCENTRICITY": 0.0003536, "INCLINATION": 97.7978, "RA_OF_ASC_NODE": 33.2865, "ARG_OF_PERICENTER": 183.588, "MEAN_ANOMALY": 176.5312, "EPHEMERIS_TYPE": 0, "CLASSIFICATION_TYPE": "U", "NORAD_CAT_ID": 67385, "ELEMENT_SET_NO": 999, "REV_AT_EPOCH": 310, "BSTAR": 0.00057518, "MEAN_MOTION_DOT": 5.273e-05, "MEAN_MOTION_DDOT": 0}, "tle": {"line1": "1 67385U 26004Y   26032.45720397  .00005273  00000+0  57518-3 0  9996", "line2": "2 67385  97.7978  33.2865 0003536 183.5880 176.5312 14.88352138  3107"}}, "geometry": {"type": "Point", "coordinates": [41.54657661972233, -44.0087491926557]}}, {"type": "Feature", "properties": {"norad_id": 67386, "name": "TWILIGHT Z", "group": "last-30-days", "lat": -36.692348237115944, "lon": 39.80032848677654, "alt_km": 610.8399769902298, "timestamp": "2026-02-02T02:54:29.438682+00:00", "meta": {"OBJECT_NAME": "TWILIGHT Z", "OBJECT_ID": "2026-004Z", "EPOCH": "2026-02-01T10:56:21.238368", "MEAN_MOTION": 14.88331806, "ECCENTRICITY": 0.0002316, "INCLINATION": 97.7961, "RA_OF_ASC_NODE": 33.2862, "ARG_OF_PERICENTER": 180.4844, "MEAN_ANOMALY": 179.6371, "EPHEMERIS_TYPE": 0, "CLASSIFICATION_TYPE": "U", "NORAD_CAT_ID": 67386, "ELEMENT_SET_NO": 999, "REV_AT_EPOCH": 310, "BSTAR": 0.00028124, "MEAN_MOTION_DOT": 2.548e-05, "MEAN_MOTION_DDOT": 0}, "tle": {"line1": "1 67386U 26004Z   26032.45580137  .00002548  00000+0  28124-3 0  9996", "line2": "2 67386  97.7961  33.2862 0002316 180.4844 179.6371 14.88331806  3106"}}, "geometry": {"type": "Point", "coordinates": [39.80032848677654, -36.692348237115944]}}, {"type": "Feature", "properties": {"norad_id": 67387, "name": "TWILIGHT AA", "group": "last-30-days", "lat": -16.899995191670524, "lon": 36.34330128627297, "alt_km": 609.4856670040108, "timestamp": "2026-02-02T02:54:29.438692+00:00", "meta": {"OBJECT_NAME": "TWILIGHT AA", "OBJECT_ID": "2026-004AA", "EPOCH": "2026-02-01T10:51:10.832544", "MEAN_MOTION": 14.88667135, "ECCENTRICITY": 0.000363, "INCLINATION": 97.801, "RA_OF_ASC_NODE": 33.2974, "ARG_OF_PERICENTER": 152.2127, "MEAN_ANOMALY": 207.9285, "EPHEMERIS_TYPE": 0, "CLASSIFICATION_TYPE": "U", "NORAD_CAT_ID": 67387, "ELEMENT_SET_NO": 999, "REV_AT_EPOCH": 310, "BSTAR": 0.00072653, "MEAN_MOTION_DOT": 6.728e-05, "MEAN_MOTION_DDOT": 0}, "tle": {"line1": "1 67387U 26004AA  26032.45220871  .00006728  00000+0  72653-3 0  9993", "line2": "2 67387  97.8010  33.2974 0003630 152.2127 207.9285 14.88667135  3104"}}, "geometry": {"type": "Point", "coordinates": [36.34330128627297, -16.899995191670524]}}, {"type": "Feature", "properties": {"norad_id": 67388, "name": "TWILIGHT AB", "group": "last-30-days", "lat": -7.822386964372544, "lon": 35.03688720559929, "alt_km": 607.5630319291467, "timestamp": "2026-02-02T02:54:29.438703+00:00", "meta": {"OBJECT_NAME": "TWILIGHT AB", "OBJECT_ID": "2026-004AB", "EPOCH": "2026-02-01T10:48:46.508256", "MEAN_MOTION": 14.88763909, "ECCENTRICITY": 0.00031, "INCLINATION": 97.7999, "RA_OF_ASC_NODE": 33.2975, "ARG_OF_PERICENTER": 140.2063, "MEAN_ANOMALY": 219.9382, "EPHEMERIS_TYPE": 0, "CLASSIFICATION_TYPE": "U", "NORAD_CAT_ID": 67388, "ELEMENT_SET_NO": 999, "REV_AT_EPOCH": 310, "BSTAR": 0.00050323, "MEAN_MOTION_DOT": 4.653e-05, "MEAN_MOTION_DDOT": 0}, "tle": {"line1": "1 67388U 26004AB  26032.45053829  .00004653  00000+0  50323-3 0  9996", "line2": "2 67388  97.7999  33.2975 0003100 140.2063 219.9382 14.88763909  3106"}}, "geometry": {"type": "Point", "coordinates": [35.03688720559929, -7.822386964372544]}}, {"type": "Feature", "properties": {"norad_id": 67389, "name": "TWILIGHT AC", "group": "last-30-days", "lat": 13.832855248072715, "lon": 32.29436792383395, "alt_km": 514.7755721595713, "timestamp": "2026-02-02T02:54:29.438713+00:00", "meta": {"OBJECT_NAME": "TWILIGHT AC", "OBJECT_ID": "2026-004AC", "EPOCH": "2026-02-01T11:01:01.733376", "MEAN_MOTION": 15.17098572, "ECCENTRICITY": 0.0005324, "INCLINATION": 97.456, "RA_OF_ASC_NODE": 33.4909, "ARG_OF_PERICENTER": 91.6677, "MEAN_ANOMALY": 268.5166, "EPHEMERIS_TYPE": 0, "CLASSIFICATION_TYPE": "U", "NORAD_CAT_ID": 67389, "ELEMENT_SET_NO": 999, "REV_AT_EPOCH": 316, "BSTAR": 0.00024899, "MEAN_MOTION_DOT": 4.869e-05, "MEAN_MOTION_DDOT": 0}, "tle": {"line1": "1 67389U 26004AC  26032.45904784  .00004869  00000+0  24899-3 0  9990", "line2": "2 67389  97.4560  33.4909 0005324  91.6677 268.5166 15.17098572  3163"}}, "geometry": {"type": "Point", "coordinates": [32.29436792383395, 13.832855248072715]}}, {"type": "Feature", "properties": {"norad_id": 67390, "name": "CONNECTA IOT-16", "group": "last-30-days", "lat": 15.566114241465016, "lon": 32.05379676924158, "alt_km": 514.4511433105927, "timestamp": "2026-02-02T02:54:29.438723+00:00", "meta": {"OBJECT_NAME": "CONNECTA IOT-16", "OBJECT_ID": "2026-004AD", "EPOCH": "2026-02-01T11:00:30.935232", "MEAN_MOTION": 15.17013883, "ECCENTRICITY": 0.0005506, "INCLINATION": 97.4563, "RA_OF_ASC_NODE": 33.4929, "ARG_OF_PERICENTER": 89.0532, "MEAN_ANOMALY": 271.1332, "EPHEMERIS_TYPE": 0, "CLASSIFICATION_TYPE": "U", "NORAD_CAT_ID": 67390, "ELEMENT_SET_NO": 999, "REV_AT_EPOCH": 316, "BSTAR": 0.0003258, "MEAN_MOTION_DOT": 6.377e-05, "MEAN_MOTION_DDOT": 0}, "tle": {"line1": "1 67390U 26004AD  26032.45869138  .00006377  00000+0  32580-3 0  9997", "line2": "2 67390  97.4563  33.4929 0005506  89.0532 271.1332 15.17013883  3160"}}, "geometry": {"type": "Point", "coordinates": [32.05379676924158, 15.566114241465016]}}, {"type": "Feature", "properties": {"norad_id": 67391, "name": "FLAMINGO-1", "group": "last-30-days", "lat": 30.504541241101975, "lon": 29.713734928193293, "alt_km": 509.6086628723051, "timestamp": "2026-02-02T02:54:29.438733+00:00", "meta": {"OBJECT_NAME": "FLAMINGO-1", "OBJECT_ID": "2026-004AE", "EPOCH": "2026-02-01T10:56:40.917696", "MEAN_MOTION": 15.17237918, "ECCENTRICITY": 0.0006917, "INCLINATION": 97.4512, "RA_OF_ASC_NODE": 33.4819, "ARG_OF_PERICENTER": 83.7033, "MEAN_ANOMALY": 276.4989, "EPHEMERIS_TYPE": 0, "CLASSIFICATION_TYPE": "U", "NORAD_CAT_ID": 67391, "ELEMENT_SET_NO": 999, "REV_AT_EPOCH": 316, "BSTAR": 0.00018519, "MEAN_MOTION_DOT": 3.619e-05, "MEAN_MOTION_DDOT": 0}, "tle": {"line1": "1 67391U 26004AE  26032.45602914  .00003619  00000+0  18519-3 0  9997", "line2": "2 67391  97.4512  33.4819 0006917  83.7033 276.4989 15.17237918  3160"}}, "geometry": {"type": "Point", "coordinates": [29.713734928193293, 30.504541241101975]}}, {"type": "Feature", "properties": {"norad_id": 67392, "name": "TWILIGHT AF", "group": "last-30-days", "lat": 59.1413749393756, "lon": 21.47291378887292, "alt_km": 501.3506331744866, "timestamp": "2026-02-02T02:54:29.438745+00:00", "meta": {"OBJECT_NAME": "TWILIGHT AF", "OBJECT_ID": "2026-004AF", "EPOCH": "2026-02-01T10:49:29.367840", "MEAN_MOTION": 15.17995313, "ECCENTRICITY": 0.0007675, "INCLINATION": 97.4407, "RA_OF_ASC_NODE": 33.4483, "ARG_OF_PERICENTER": 86.4458, "MEAN_ANOMALY": 273.7654, "EPHEMERIS_TYPE": 0, "CLASSIFICATION_TYPE": "U", "NORAD_CAT_ID": 67392, "ELEMENT_SET_NO": 999, "REV_AT_EPOCH": 316, "BSTAR": 0.00039841, "MEAN_MOTION_DOT": 8.041e-05, "MEAN_MOTION_DDOT": 0}, "tle": {"line1": "1 67392U 26004AF  26032.45103435  .00008041  00000+0  39841-3 0  9997", "line2": "2 67392  97.4407  33.4483 0007675  86.4458 273.7654 15.17995313  3163"}}, "geometry": {"type": "Point", "coordinates": [21.47291378887292, 59.1413749393756]}}, {"type": "Feature", "properties": {"norad_id": 67393, "name": "TWILIGHT AG", "group": "last-30-days", "lat": 63.40237455346417, "lon": 19.009050881876075, "alt_km": 500.9889724870136, "timestamp": "2026-02-02T02:54:29.438758+00:00", "meta": {"OBJECT_NAME": "TWILIGHT AG", "OBJECT_ID": "2026-004AG", "EPOCH": "2026-02-01T06:03:31.129632", "MEAN_MOTION": 15.17946715, "ECCENTRICITY": 0.00076744, "INCLINATION": 97.4555, "RA_OF_ASC_NODE": 33.3145, "ARG_OF_PERICENTER": 90.6322, "MEAN_ANOMALY": 269.5791, "EPHEMERIS_TYPE": 0, "CLASSIFICATION_TYPE": "U", "NORAD_CAT_ID": 67393, "ELEMENT_SET_NO": 999, "REV_AT_EPOCH": 313, "BSTAR": 0.00037519942, "MEAN_MOTION_DOT": 7.557e-05, "MEAN_MOTION_DDOT": 0}, "tle": {"line1": "1 67393U 26004AG  26032.25244363  .00007557  00000+0  37520-3 0  9995", "line2": "2 67393  97.4555  33.3145 0007674  90.6322 269.5791 15.17946715  3132"}}, "geometry": {"type": "Point", "coordinates": [19.009050881876075, 63.40237455346417]}}, {"type": "Feature", "properties": {"norad_id": 67394, "name": "TWILIGHT AH", "group": "last-30-days", "lat": 73.53731230842055, "lon": -119.58149280803876, "alt_km": 496.99270492836695, "timestamp": "2026-02-02T02:54:29.438768+00:00", "meta": {"OBJECT_NAME": "TWILIGHT AH", "OBJECT_ID": "2026-004AH", "EPOCH": "2026-02-01T09:02:58.613856", "MEAN_MOTION": 15.18221155, "ECCENTRICITY": 0.0010873, "INCLINATION": 97.4457, "RA_OF_ASC_NODE": 33.4187, "ARG_OF_PERICENTER": 90.3608, "MEAN_ANOMALY": 269.8872, "EPHEMERIS_TYPE": 0, "CLASSIFICATION_TYPE": "U", "NORAD_CAT_ID": 67394, "ELEMENT_SET_NO": 999, "REV_AT_EPOCH": 315, "BSTAR": 0.00034983, "MEAN_MOTION_DOT": 7.103e-05, "MEAN_MOTION_DDOT": 0}, "tle": {"line1": "1 67394U 26004AH  26032.37706729  .00007103  00000+0  34983-3 0  9995", "line2": "2 67394  97.4457  33.4187 0010873  90.3608 269.8872 15.18221155  3150"}}, "geometry": {"type": "Point", "coordinates": [-119.58149280803876, 73.53731230842055]}}, {"type": "Feature", "properties": {"norad_id": 67395, "name": "TWILIGHT AJ", "group": "last-30-days", "lat": -75.18296297721004, "lon": 65.13978884031725, "alt_km": 611.8381586861387, "timestamp": "2026-02-02T02:54:29.438779+00:00", "meta": {"OBJECT_NAME": "TWILIGHT AJ", "OBJECT_ID": "2026-004AJ", "EPOCH": "2026-02-01T11:06:51.840864", "MEAN_MOTION": 14.87788898, "ECCENTRICITY": 0.0004578, "INCLINATION": 97.7999, "RA_OF_ASC_NODE": 33.2825, "ARG_OF_PERICENTER": 200.6423, "MEAN_ANOMALY": 159.461, "EPHEMERIS_TYPE": 0, "CLASSIFICATION_TYPE": "U", "NORAD_CAT_ID": 67395, "ELEMENT_SET_NO": 999, "REV_AT_EPOCH": 309, "BSTAR": 0.00027658, "MEAN_MOTION_DOT": 2.471e-05, "MEAN_MOTION_DDOT": 0}, "tle": {"line1": "1 67395U 26004AJ  26032.46310001  .00002471  00000+0  27658-3 0  9994", "line2": "2 67395  97.7999  33.2825 0004578 200.6423 159.4610 14.87788898  3092"}}, "geometry": {"type": "Point", "coordinates": [65.13978884031725, -75.18296297721004]}}, {"type": "Feature", "properties": {"norad_id": 67396, "name": "TWILIGHT AK", "group": "last-30-days", "lat": 71.37601294277157, "lon": 11.30204633502798, "alt_km": 499.65415569271227, "timestamp": "2026-02-02T02:54:29.438789+00:00", "meta": {"OBJECT_NAME": "TWILIGHT AK", "OBJECT_ID": "2026-004AK", "EPOCH": "2026-02-01T09:11:01.654656", "MEAN_MOTION": 15.17785237, "ECCENTRICITY": 0.000892, "INCLINATION": 97.4495, "RA_OF_ASC_NODE": 33.422, "ARG_OF_PERICENTER": 88.9064, "MEAN_ANOMALY": 271.3192, "EPHEMERIS_TYPE": 0, "CLASSIFICATION_TYPE": "U", "NORAD_CAT_ID": 67396, "ELEMENT_SET_NO": 999, "REV_AT_EPOCH": 315, "BSTAR": 0.00035641, "MEAN_MOTION_DOT": 7.144e-05, "MEAN_MOTION_DDOT": 0}, "tle": {"line1": "1 67396U 26004AK  26032.38265804  .00007144  00000+0  35641-3 0  9999", "line2": "2 67396  97.4495  33.4220 0008920  88.9064 271.3192 15.17785237  3159"}}, "geometry": {"type": "Point", "coordinates": [11.30204633502798, 71.37601294277157]}}, {"type": "Feature", "properties": {"norad_id": 67397, "name": "CARBSAR", "group": "last-30-days", "lat": 60.45632744912209, "lon": 20.798987999738404, "alt_km": 501.8857283978223, "timestamp": "2026-02-02T02:54:29.438802+00:00", "meta": {"OBJECT_NAME": "CARBSAR", "OBJECT_ID": "2026-004AL", "EPOCH": "2026-02-01T10:48:58.637952", "MEAN_MOTION": 15.17755282, "ECCENTRICITY": 0.0008034, "INCLINATION": 97.4515, "RA_OF_ASC_NODE": 33.4905, "ARG_OF_PERICENTER": 92.1751, "MEAN_ANOMALY": 268.0402, "EPHEMERIS_TYPE": 0, "CLASSIFICATION_TYPE": "U", "NORAD_CAT_ID": 67397, "ELEMENT_SET_NO": 999, "REV_AT_EPOCH": 316, "BSTAR": 0.00041415, "MEAN_MOTION_DOT": 8.304e-05, "MEAN_MOTION_DDOT": 0}, "tle": {"line1": "1 67397U 26004AL  26032.45067868  .00008304  00000+0  41415-3 0  9993", "line2": "2 67397  97.4515  33.4905 0008034  92.1751 268.0402 15.17755282  3164"}}, "geometry": {"type": "Point", "coordinates": [20.798987999738404, 60.45632744912209]}}, {"type": "Feature", "properties": {"norad_id": 67398, "name": "TWILIGHT AM", "group": "last-30-days", "lat": 75.75443156327088, "lon": 3.1179788432210302, "alt_km": 499.1725426380581, "timestamp": "2026-02-02T02:54:29.438812+00:00", "meta": {"OBJECT_NAME": "TWILIGHT AM", "OBJECT_ID": "2026-004AM", "EPOCH": "2026-02-01T10:44:44.051712", "MEAN_MOTION": 15.17903341, "ECCENTRICITY": 0.000883, "INCLINATION": 97.4552, "RA_OF_ASC_NODE": 33.5041, "ARG_OF_PERICENTER": 97.4048, "MEAN_ANOMALY": 262.819, "EPHEMERIS_TYPE": 0, "CLASSIFICATION_TYPE": "U", "NORAD_CAT_ID": 67398, "ELEMENT_SET_NO": 999, "REV_AT_EPOCH": 316, "BSTAR": 0.00035103, "MEAN_MOTION_DOT": 7.059e-05, "MEAN_MOTION_DDOT": 0}, "tle": {"line1": "1 67398U 26004AM  26032.44773208  .00007059  00000+0  35103-3 0  9998", "line2": "2 67398  97.4552  33.5041 0008830  97.4048 262.8190 15.17903341  3166"}}, "geometry": {"type": "Point", "coordinates": [3.1179788432210302, 75.75443156327088]}}, {"type": "Feature", "properties": {"norad_id": 67399, "name": "TWILIGHT AN", "group": "last-30-days", "lat": 82.5401870944853, "lon": -55.11250901791055, "alt_km": 497.6431058996841, "timestamp": "2026-02-02T02:54:29.438825+00:00", "meta": {"OBJECT_NAME": "TWILIGHT AN", "OBJECT_ID": "2026-004AN", "EPOCH": "2026-02-01T10:41:39.744096", "MEAN_MOTION": 15.18058159, "ECCENTRICITY": 0.0009568, "INCLINATION": 97.4541, "RA_OF_ASC_NODE": 33.5036, "ARG_OF_PERICENTER": 97.3942, "MEAN_ANOMALY": 262.8379, "EPHEMERIS_TYPE": 0, "CLASSIFICATION_TYPE": "U", "NORAD_CAT_ID": 67399, "ELEMENT_SET_NO": 999, "REV_AT_EPOCH": 316, "BSTAR": 0.00036084, "MEAN_MOTION_DOT": 7.292e-05, "MEAN_MOTION_DDOT": 0}, "tle": {"line1": "1 67399U 26004AN  26032.44559889  .00007292  00000+0  36084-3 0  9994", "line2": "2 67399  97.4541  33.5036 0009568  97.3942 262.8379 15.18058159  3168"}}, "geometry": {"type": "Point", "coordinates": [-55.11250901791055, 82.5401870944853]}}, {"type": "Feature", "properties": {"norad_id": 67400, "name": "CONNECTA IOT-13", "group": "last-30-days", "lat": 65.14467222332225, "lon": -129.40435391129898, "alt_km": 497.2679957202863, "timestamp": "2026-02-02T02:54:29.438835+00:00", "meta": {"OBJECT_NAME": "CONNECTA IOT-13", "OBJECT_ID": "2026-004AP", "EPOCH": "2026-02-01T10:35:34.977984", "MEAN_MOTION": 15.18346097, "ECCENTRICITY": 0.0011008, "INCLINATION": 97.4538, "RA_OF_ASC_NODE": 33.5087, "ARG_OF_PERICENTER": 98.0436, "MEAN_ANOMALY": 262.2047, "EPHEMERIS_TYPE": 0, "CLASSIFICATION_TYPE": "U", "NORAD_CAT_ID": 67400, "ELEMENT_SET_NO": 999, "REV_AT_EPOCH": 316, "BSTAR": 0.00034479, "MEAN_MOTION_DOT": 7.025e-05, "MEAN_MOTION_DDOT": 0}, "tle": {"line1": "1 67400U 26004AP  26032.44137706  .00007025  00000+0  34479-3 0  9997", "line2": "2 67400  97.4538  33.5087 0011008  98.0436 262.2047 15.18346097  3168"}}, "geometry": {"type": "Point", "coordinates": [-129.40435391129898, 65.14467222332225]}}, {"type": "Feature", "properties": {"norad_id": 67401, "name": "CONNECTA IOT-14", "group": "last-30-days", "lat": 57.27358299207726, "lon": -134.0889985298443, "alt_km": 498.07204450420886, "timestamp": "2026-02-02T02:54:29.438845+00:00", "meta": {"OBJECT_NAME": "CONNECTA IOT-14", "OBJECT_ID": "2026-004AQ", "EPOCH": "2026-02-01T12:08:24.334944", "MEAN_MOTION": 15.18454577, "ECCENTRICITY": 0.0011807, "INCLINATION": 97.4481, "RA_OF_ASC_NODE": 33.5592, "ARG_OF_PERICENTER": 92.4879, "MEAN_ANOMALY": 267.7707, "EPHEMERIS_TYPE": 0, "CLASSIFICATION_TYPE": "U", "NORAD_CAT_ID": 67401, "ELEMENT_SET_NO": 999, "REV_AT_EPOCH": 317, "BSTAR": 0.0005015, "MEAN_MOTION_DOT": 0.00010288, "MEAN_MOTION_DDOT": 0}, "tle": {"line1": "1 67401U 26004AQ  26032.50583721  .00010288  00000+0  50150-3 0  9996", "line2": "2 67401  97.4481  33.5592 0011807  92.4879 267.7707 15.18454577  3170"}}, "geometry": {"type": "Point", "coordinates": [-134.0889985298443, 57.27358299207726]}}, {"type": "Feature", "properties": {"norad_id": 67402, "name": "CONNECTA IOT-15", "group": "last-30-days", "lat": -0.6274591091566496, "lon": 34.21420542690045, "alt_km": 517.9173769236377, "timestamp": "2026-02-02T02:54:29.438855+00:00", "meta": {"OBJECT_NAME": "CONNECTA IOT-15", "OBJECT_ID": "2026-004AR", "EPOCH": "2026-02-01T09:29:42.389664", "MEAN_MOTION": 15.16821802, "ECCENTRICITY": 0.0004938, "INCLINATION": 97.4544, "RA_OF_ASC_NODE": 33.4187, "ARG_OF_PERICENTER": 80.5321, "MEAN_ANOMALY": 279.647, "EPHEMERIS_TYPE": 0, "CLASSIFICATION_TYPE": "U", "NORAD_CAT_ID": 67402, "ELEMENT_SET_NO": 999, "REV_AT_EPOCH": 314, "BSTAR": 0.00026318, "MEAN_MOTION_DOT": 5.109e-05, "MEAN_MOTION_DDOT": 0}, "tle": {"line1": "1 67402U 26004AR  26032.39562951  .00005109  00000+0  26318-3 0  9991", "line2": "2 67402  97.4544  33.4187 0004938  80.5321 279.6470 15.16821802  3140"}}, "geometry": {"type": "Point", "coordinates": [34.21420542690045, -0.6274591091566496]}}, {"type": "Feature", "properties": {"norad_id": 67403, "name": "SHIJIAN-29B (SJ-29B)", "group": "last-30-days", "lat": 1.5189362453206194, "lon": -110.90395337906058, "alt_km": 35792.70785430652, "timestamp": "2026-02-02T02:54:29.438870+00:00", "meta": {"OBJECT_NAME": "SHIJIAN-29B (SJ-29B)", "OBJECT_ID": "2025-315C", "EPOCH": "2026-02-01T17:15:28.411776", "MEAN_MOTION": 1.00271401, "ECCENTRICITY": 0.0001726, "INCLINATION": 3.0548, "RA_OF_ASC_NODE": 98.6604, "ARG_OF_PERICENTER": 308.4511, "MEAN_ANOMALY": 56.7684, "EPHEMERIS_TYPE": 0, "CLASSIFICATION_TYPE": "U", "NORAD_CAT_ID": 67403, "ELEMENT_SET_NO": 999, "REV_AT_EPOCH": 33, "BSTAR": 0, "MEAN_MOTION_DOT": -7.8e-07, "MEAN_MOTION_DDOT": 0}, "tle": {"line1": "1 67403U 25315C   26032.71907884 -.00000078  00000+0  00000+0 0  9997", "line2": "2 67403   3.0548  98.6604 0001726 308.4511  56.7684  1.00271401   331"}}, "geometry": {"type": "Point", "coordinates": [-110.90395337906058, 1.5189362453206194]}}, {"type": "Feature", "properties": {"norad_id": 67404, "name": "STARLINK-36484", "group": "last-30-days", "lat": 36.492637730191724, "lon": -150.2375085382556, "alt_km": 410.12367871642437, "timestamp": "2026-02-02T02:54:29.438881+00:00", "meta": {"OBJECT_NAME": "STARLINK-36484", "OBJECT_ID": "2026-005A", "EPOCH": "2026-02-01T12:00:01.999296", "MEAN_MOTION": 15.50597474, "ECCENTRICITY": 0.0001009, "INCLINATION": 43.0003, "RA_OF_ASC_NODE": 85.9439, "ARG_OF_PERICENTER": 298.5973, "MEAN_ANOMALY": 309.2165, "EPHEMERIS_TYPE": 0, "CLASSIFICATION_TYPE": "U", "NORAD_CAT_ID": 67404, "ELEMENT_SET_NO": 999, "REV_AT_EPOCH": 432, "BSTAR": -0.0012397, "MEAN_MOTION_DOT": -0.00072443, "MEAN_MOTION_DDOT": 0}, "tle": {"line1": "1 67404U 26005A   26032.50002314 -.00072443  00000+0 -12397-2 0  9997", "line2": "2 67404  43.0003  85.9439 0001009 298.5973 309.2165 15.50597474  4326"}}, "geometry": {"type": "Point", "coordinates": [-150.2375085382556, 36.492637730191724]}}, {"type": "Feature", "properties": {"norad_id": 67405, "name": "STARLINK-36452", "group": "last-30-days", "lat": 35.656223824075234, "lon": -148.03645772473246, "alt_km": 409.92632104686345, "timestamp": "2026-02-02T02:54:29.438892+00:00", "meta": {"OBJECT_NAME": "STARLINK-36452", "OBJECT_ID": "2026-005B", "EPOCH": "2026-02-01T12:00:01.999296", "MEAN_MOTION": 15.5048971, "ECCENTRICITY": 0.0001038, "INCLINATION": 43.0004, "RA_OF_ASC_NODE": 85.94, "ARG_OF_PERICENTER": 296.6109, "MEAN_ANOMALY": 313.1691, "EPHEMERIS_TYPE": 0, "CLASSIFICATION_TYPE": "U", "NORAD_CAT_ID": 67405, "ELEMENT_SET_NO": 999, "REV_AT_EPOCH": 432, "BSTAR": 0.0017368, "MEAN_MOTION_DOT": 0.00102562, "MEAN_MOTION_DDOT": 0}, "tle": {"line1": "1 67405U 26005B   26032.50002314  .00102562  00000+0  17368-2 0  9995", "line2": "2 67405  43.0004  85.9400 0001038 296.6109 313.1691 15.50489710  4329"}}, "geometry": {"type": "Point", "coordinates": [-148.03645772473246, 35.656223824075234]}}, {"type": "Feature", "properties": {"norad_id": 67406, "name": "STARLINK-36409", "group": "last-30-days", "lat": 34.8587419333443, "lon": -146.0706970639783, "alt_km": 410.93933513790034, "timestamp": "2026-02-02T02:54:29.438904+00:00", "meta": {"OBJECT_NAME": "STARLINK-36409", "OBJECT_ID": "2026-005C", "EPOCH": "2026-02-01T12:00:01.999296", "MEAN_MOTION": 15.50427132, "ECCENTRICITY": 0.0002177, "INCLINATION": 43.0007, "RA_OF_ASC_NODE": 85.9341, "ARG_OF_PERICENTER": 300.4902, "MEAN_ANOMALY": 311.1987, "EPHEMERIS_TYPE": 0, "CLASSIFICATION_TYPE": "U", "NORAD_CAT_ID": 67406, "ELEMENT_SET_NO": 999, "REV_AT_EPOCH": 436, "BSTAR": 0.0020467, "MEAN_MOTION_DOT": 0.00120946, "MEAN_MOTION_DDOT": 0}, "tle": {"line1": "1 67406U 26005C   26032.50002314  .00120946  00000+0  20467-2 0  9996", "line2": "2 67406  43.0007  85.9341 0002177 300.4902 311.1987 15.50427132  4367"}}, "geometry": {"type": "Point", "coordinates": [-146.0706970639783, 34.8587419333443]}}, {"type": "Feature", "properties": {"norad_id": 67407, "name": "STARLINK-36510", "group": "last-30-days", "lat": 33.972630733678564, "lon": -144.01341158650786, "alt_km": 411.11380068502785, "timestamp": "2026-02-02T02:54:29.438949+00:00", "meta": {"OBJECT_NAME": "STARLINK-36510", "OBJECT_ID": "2026-005D", "EPOCH": "2026-02-01T12:00:01.999296", "MEAN_MOTION": 15.50429639, "ECCENTRICITY": 0.0002237, "INCLINATION": 43.0007, "RA_OF_ASC_NODE": 85.9293, "ARG_OF_PERICENTER": 299.111, "MEAN_ANOMALY": 314.4892, "EPHEMERIS_TYPE": 0, "CLASSIFICATION_TYPE": "U", "NORAD_CAT_ID": 67407, "ELEMENT_SET_NO": 999, "REV_AT_EPOCH": 436, "BSTAR": 0.0020494, "MEAN_MOTION_DOT": 0.00121123, "MEAN_MOTION_DDOT": 0}, "tle": {"line1": "1 67407U 26005D   26032.50002314  .00121123  00000+0  20494-2 0  9995", "line2": "2 67407  43.0007  85.9293 0002237 299.1110 314.4892 15.50429639  4361"}}, "geometry": {"type": "Point", "coordinates": [-144.01341158650786, 33.972630733678564]}}, {"type": "Feature", "properties": {"norad_id": 67408, "name": "STARLINK-36509", "group": "last-30-days", "lat": 32.99027501990192, "lon": -141.86684585946057, "alt_km": 410.318861056473, "timestamp": "2026-02-02T02:54:29.438971+00:00", "meta": {"OBJECT_NAME": "STARLINK-36509", "OBJECT_ID": "2026-005E", "EPOCH": "2026-02-01T12:00:01.999296", "MEAN_MOTION": 15.5048889, "ECCENTRICITY": 0.0001014, "INCLINATION": 43.0003, "RA_OF_ASC_NODE": 85.9249, "ARG_OF_PERICENTER": 298.7973, "MEAN_ANOMALY": 316.7313, "EPHEMERIS_TYPE": 0, "CLASSIFICATION_TYPE": "U", "NORAD_CAT_ID": 67408, "ELEMENT_SET_NO": 999, "REV_AT_EPOCH": 436, "BSTAR": 0.0018225, "MEAN_MOTION_DOT": 0.00107711, "MEAN_MOTION_DDOT": 0}, "tle": {"line1": "1 67408U 26005E   26032.50002314  .00107711  00000+0  18225-2 0  9992", "line2": "2 67408  43.0003  85.9249 0001014 298.7973 316.7313 15.50488890  4360"}}, "geometry": {"type": "Point", "coordinates": [-141.86684585946057, 32.99027501990192]}}, {"type": "Feature", "properties": {"norad_id": 67409, "name": "STARLINK-36507", "group": "last-30-days", "lat": 32.10057953401983, "lon": -140.0270813002165, "alt_km": 411.3496335828313, "timestamp": "2026-02-02T02:54:29.438993+00:00", "meta": {"OBJECT_NAME": "STARLINK-36507", "OBJECT_ID": "2026-005F", "EPOCH": "2026-02-01T12:00:01.999296", "MEAN_MOTION": 15.50427343, "ECCENTRICITY": 0.0002131, "INCLINATION": 43.0006, "RA_OF_ASC_NODE": 85.9194, "ARG_OF_PERICENTER": 298.6605, "MEAN_ANOMALY": 318.7818, "EPHEMERIS_TYPE": 0, "CLASSIFICATION_TYPE": "U", "NORAD_CAT_ID": 67409, "ELEMENT_SET_NO": 999, "REV_AT_EPOCH": 436, "BSTAR": 0.0020191, "MEAN_MOTION_DOT": 0.00119287, "MEAN_MOTION_DDOT": 0}, "tle": {"line1": "1 67409U 26005F   26032.50002314  .00119287  00000+0  20191-2 0  9999", "line2": "2 67409  43.0006  85.9194 0002131 298.6605 318.7818 15.50427343  4363"}}, "geometry": {"type": "Point", "coordinates": [-140.0270813002165, 32.10057953401983]}}, {"type": "Feature", "properties": {"norad_id": 67410, "name": "STARLINK-36508", "group": "last-30-days", "lat": 31.05936688474246, "lon": -137.98317950591425, "alt_km": 411.05277933872094, "timestamp": "2026-02-02T02:54:29.439012+00:00", "meta": {"OBJECT_NAME": "STARLINK-36508", "OBJECT_ID": "2026-005G", "EPOCH": "2026-02-01T12:00:01.999296", "MEAN_MOTION": 15.5049809, "ECCENTRICITY": 0.0001601, "INCLINATION": 43.0005, "RA_OF_ASC_NODE": 85.9146, "ARG_OF_PERICENTER": 293.2549, "MEAN_ANOMALY": 326.1049, "EPHEMERIS_TYPE": 0, "CLASSIFICATION_TYPE": "U", "NORAD_CAT_ID": 67410, "ELEMENT_SET_NO": 999, "REV_AT_EPOCH": 436, "BSTAR": 0.0014704, "MEAN_MOTION_DOT": 0.0008663, "MEAN_MOTION_DDOT": 0}, "tle": {"line1": "1 67410U 26005G   26032.50002314  .00086630  00000+0  14704-2 0  9999", "line2": "2 67410  43.0005  85.9146 0001601 293.2549 326.1049 15.50498090  4366"}}, "geometry": {"type": "Point", "coordinates": [-137.98317950591425, 31.05936688474246]}}, {"type": "Feature", "properties": {"norad_id": 67411, "name": "STARLINK-36503", "group": "last-30-days", "lat": 30.041909238422818, "lon": -136.0841504385601, "alt_km": 410.8721671456178, "timestamp": "2026-02-02T02:54:29.439026+00:00", "meta": {"OBJECT_NAME": "STARLINK-36503", "OBJECT_ID": "2026-005H", "EPOCH": "2026-02-01T12:00:01.999296", "MEAN_MOTION": 15.50490424, "ECCENTRICITY": 0.0001087, "INCLINATION": 43.0005, "RA_OF_ASC_NODE": 85.9106, "ARG_OF_PERICENTER": 299.5802, "MEAN_ANOMALY": 321.707, "EPHEMERIS_TYPE": 0, "CLASSIFICATION_TYPE": "U", "NORAD_CAT_ID": 67411, "ELEMENT_SET_NO": 999, "REV_AT_EPOCH": 410, "BSTAR": 0.0016466, "MEAN_MOTION_DOT": 0.00097154, "MEAN_MOTION_DDOT": 0}, "tle": {"line1": "1 67411U 26005H   26032.50002314  .00097154  00000+0  16466-2 0  9990", "line2": "2 67411  43.0005  85.9106 0001087 299.5802 321.7070 15.50490424  4102"}}, "geometry": {"type": "Point", "coordinates": [-136.0841504385601, 30.041909238422818]}}, {"type": "Feature", "properties": {"norad_id": 67412, "name": "STARLINK-36446", "group": "last-30-days", "lat": 29.004167234124477, "lon": -134.2359691384447, "alt_km": 411.3470820409375, "timestamp": "2026-02-02T02:54:29.439037+00:00", "meta": {"OBJECT_NAME": "STARLINK-36446", "OBJECT_ID": "2026-005J", "EPOCH": "2026-02-01T12:00:01.999296", "MEAN_MOTION": 15.50498749, "ECCENTRICITY": 0.0001603, "INCLINATION": 43.0007, "RA_OF_ASC_NODE": 85.9061, "ARG_OF_PERICENTER": 294.6962, "MEAN_ANOMALY": 328.4953, "EPHEMERIS_TYPE": 0, "CLASSIFICATION_TYPE": "U", "NORAD_CAT_ID": 67412, "ELEMENT_SET_NO": 999, "REV_AT_EPOCH": 436, "BSTAR": 0.0015876, "MEAN_MOTION_DOT": 0.00093648, "MEAN_MOTION_DDOT": 0}, "tle": {"line1": "1 67412U 26005J   26032.50002314  .00093648  00000+0  15876-2 0  9999", "line2": "2 67412  43.0007  85.9061 0001603 294.6962 328.4953 15.50498749  4362"}}, "geometry": {"type": "Point", "coordinates": [-134.2359691384447, 29.004167234124477]}}, {"type": "Feature", "properties": {"norad_id": 67413, "name": "STARLINK-36442", "group": "last-30-days", "lat": 27.938488922702035, "lon": -132.42265984867268, "alt_km": 411.1526089837562, "timestamp": "2026-02-02T02:54:29.439047+00:00", "meta": {"OBJECT_NAME": "STARLINK-36442", "OBJECT_ID": "2026-005K", "EPOCH": "2026-02-01T12:00:01.999296", "MEAN_MOTION": 15.50489615, "ECCENTRICITY": 0.0001059, "INCLINATION": 43.0002, "RA_OF_ASC_NODE": 85.8999, "ARG_OF_PERICENTER": 297.6908, "MEAN_ANOMALY": 327.4237, "EPHEMERIS_TYPE": 0, "CLASSIFICATION_TYPE": "U", "NORAD_CAT_ID": 67413, "ELEMENT_SET_NO": 999, "REV_AT_EPOCH": 436, "BSTAR": 0.0017766, "MEAN_MOTION_DOT": 0.00104953, "MEAN_MOTION_DDOT": 0}, "tle": {"line1": "1 67413U 26005K   26032.50002314  .00104953  00000+0  17766-2 0  9992", "line2": "2 67413  43.0002  85.8999 0001059 297.6908 327.4237 15.50489615  4361"}}, "geometry": {"type": "Point", "coordinates": [-132.42265984867268, 27.938488922702035]}}, {"type": "Feature", "properties": {"norad_id": 67414, "name": "STARLINK-36506", "group": "last-30-days", "lat": 26.84833979549515, "lon": -130.64113159686462, "alt_km": 411.30475750996084, "timestamp": "2026-02-02T02:54:29.439058+00:00", "meta": {"OBJECT_NAME": "STARLINK-36506", "OBJECT_ID": "2026-005L", "EPOCH": "2026-02-01T12:00:01.999296", "MEAN_MOTION": 15.50490602, "ECCENTRICITY": 0.0001019, "INCLINATION": 43.0002, "RA_OF_ASC_NODE": 85.8955, "ARG_OF_PERICENTER": 303.6515, "MEAN_ANOMALY": 323.38, "EPHEMERIS_TYPE": 0, "CLASSIFICATION_TYPE": "U", "NORAD_CAT_ID": 67414, "ELEMENT_SET_NO": 999, "REV_AT_EPOCH": 436, "BSTAR": 0.0018029, "MEAN_MOTION_DOT": 0.00106537, "MEAN_MOTION_DDOT": 0}, "tle": {"line1": "1 67414U 26005L   26032.50002314  .00106537  00000+0  18029-2 0  9996", "line2": "2 67414  43.0002  85.8955 0001019 303.6515 323.3800 15.50490602  4361"}}, "geometry": {"type": "Point", "coordinates": [-130.64113159686462, 26.84833979549515]}}, {"type": "Feature", "properties": {"norad_id": 67415, "name": "STARLINK-36468", "group": "last-30-days", "lat": 25.745706591093583, "lon": -128.9080065869318, "alt_km": 411.9130189072439, "timestamp": "2026-02-02T02:54:29.439072+00:00", "meta": {"OBJECT_NAME": "STARLINK-36468", "OBJECT_ID": "2026-005M", "EPOCH": "2026-02-01T12:00:01.999296", "MEAN_MOTION": 15.50501136, "ECCENTRICITY": 0.0001681, "INCLINATION": 43.0006, "RA_OF_ASC_NODE": 85.8913, "ARG_OF_PERICENTER": 297.2576, "MEAN_ANOMALY": 331.6831, "EPHEMERIS_TYPE": 0, "CLASSIFICATION_TYPE": "U", "NORAD_CAT_ID": 67415, "ELEMENT_SET_NO": 999, "REV_AT_EPOCH": 432, "BSTAR": 0.0015286, "MEAN_MOTION_DOT": 0.00090124, "MEAN_MOTION_DDOT": 0}, "tle": {"line1": "1 67415U 26005M   26032.50002314  .00090124  00000+0  15286-2 0  9993", "line2": "2 67415  43.0006  85.8913 0001681 297.2576 331.6831 15.50501136  4327"}}, "geometry": {"type": "Point", "coordinates": [-128.9080065869318, 25.745706591093583]}}, {"type": "Feature", "properties": {"norad_id": 67416, "name": "STARLINK-36487", "group": "last-30-days", "lat": 24.616723814548845, "lon": -127.19929202576412, "alt_km": 411.99621441150794, "timestamp": "2026-02-02T02:54:29.439082+00:00", "meta": {"OBJECT_NAME": "STARLINK-36487", "OBJECT_ID": "2026-005N", "EPOCH": "2026-02-01T12:00:01.999296", "MEAN_MOTION": 15.5049854, "ECCENTRICITY": 0.00016, "INCLINATION": 43.0006, "RA_OF_ASC_NODE": 85.8863, "ARG_OF_PERICENTER": 291.7762, "MEAN_ANOMALY": 339.088, "EPHEMERIS_TYPE": 0, "CLASSIFICATION_TYPE": "U", "NORAD_CAT_ID": 67416, "ELEMENT_SET_NO": 999, "REV_AT_EPOCH": 436, "BSTAR": 0.0015353, "MEAN_MOTION_DOT": 0.00090515, "MEAN_MOTION_DDOT": 0}, "tle": {"line1": "1 67416U 26005N   26032.50002314  .00090515  00000+0  15353-2 0  9993", "line2": "2 67416  43.0006  85.8863 0001600 291.7762 339.0880 15.50498540  4363"}}, "geometry": {"type": "Point", "coordinates": [-127.19929202576412, 24.616723814548845]}}, {"type": "Feature", "properties": {"norad_id": 67417, "name": "STARLINK-36374", "group": "last-30-days", "lat": 23.46780117383316, "lon": -125.51966478833661, "alt_km": 412.20368193512786, "timestamp": "2026-02-02T02:54:29.439092+00:00", "meta": {"OBJECT_NAME": "STARLINK-36374", "OBJECT_ID": "2026-005P", "EPOCH": "2026-02-01T12:00:01.999296", "MEAN_MOTION": 15.50501946, "ECCENTRICITY": 0.0001636, "INCLINATION": 43.0006, "RA_OF_ASC_NODE": 85.8819, "ARG_OF_PERICENTER": 295.0703, "MEAN_ANOMALY": 337.7036, "EPHEMERIS_TYPE": 0, "CLASSIFICATION_TYPE": "U", "NORAD_CAT_ID": 67417, "ELEMENT_SET_NO": 999, "REV_AT_EPOCH": 436, "BSTAR": 0.0015393, "MEAN_MOTION_DOT": 0.00090767, "MEAN_MOTION_DDOT": 0}, "tle": {"line1": "1 67417U 26005P   26032.50002314  .00090767  00000+0  15393-2 0  9997", "line2": "2 67417  43.0006  85.8819 0001636 295.0703 337.7036 15.50501946  4369"}}, "geometry": {"type": "Point", "coordinates": [-125.51966478833661, 23.46780117383316]}}, {"type": "Feature", "properties": {"norad_id": 67418, "name": "STARLINK-36455", "group": "last-30-days", "lat": 22.30546626005631, "lon": -123.87657102010496, "alt_km": 412.3595372015916, "timestamp": "2026-02-02T02:54:29.439103+00:00", "meta": {"OBJECT_NAME": "STARLINK-36455", "OBJECT_ID": "2026-005Q", "EPOCH": "2026-02-01T12:00:01.999296", "MEAN_MOTION": 15.50504389, "ECCENTRICITY": 0.0001654, "INCLINATION": 43.0006, "RA_OF_ASC_NODE": 85.8763, "ARG_OF_PERICENTER": 289.4774, "MEAN_ANOMALY": 345.2168, "EPHEMERIS_TYPE": 0, "CLASSIFICATION_TYPE": "U", "NORAD_CAT_ID": 67418, "ELEMENT_SET_NO": 999, "REV_AT_EPOCH": 436, "BSTAR": 0.0013835, "MEAN_MOTION_DOT": 0.00081451, "MEAN_MOTION_DDOT": 0}, "tle": {"line1": "1 67418U 26005Q   26032.50002314  .00081451  00000+0  13835-2 0  9997", "line2": "2 67418  43.0006  85.8763 0001654 289.4774 345.2168 15.50504389  4367"}}, "geometry": {"type": "Point", "coordinates": [-123.87657102010496, 22.30546626005631]}}, {"type": "Feature", "properties": {"norad_id": 67419, "name": "STARLINK-36424", "group": "last-30-days", "lat": 21.11587161866418, "lon": -122.24583513371705, "alt_km": 412.1878063389813, "timestamp": "2026-02-02T02:54:29.439113+00:00", "meta": {"OBJECT_NAME": "STARLINK-36424", "OBJECT_ID": "2026-005R", "EPOCH": "2026-02-01T12:00:01.999296", "MEAN_MOTION": 15.50491604, "ECCENTRICITY": 9.48e-05, "INCLINATION": 43.0003, "RA_OF_ASC_NODE": 85.8713, "ARG_OF_PERICENTER": 304.0559, "MEAN_ANOMALY": 332.566, "EPHEMERIS_TYPE": 0, "CLASSIFICATION_TYPE": "U", "NORAD_CAT_ID": 67419, "ELEMENT_SET_NO": 999, "REV_AT_EPOCH": 436, "BSTAR": 0.0016599, "MEAN_MOTION_DOT": 0.00097954, "MEAN_MOTION_DDOT": 0}, "tle": {"line1": "1 67419U 26005R   26032.50002314  .00097954  00000+0  16599-2 0  9993", "line2": "2 67419  43.0003  85.8713 0000948 304.0559 332.5660 15.50491604  4361"}}, "geometry": {"type": "Point", "coordinates": [-122.24583513371705, 21.11587161866418]}}, {"type": "Feature", "properties": {"norad_id": 67420, "name": "STARLINK-35564", "group": "last-30-days", "lat": 19.922724174375272, "lon": -120.65590871116224, "alt_km": 412.6665532078159, "timestamp": "2026-02-02T02:54:29.439125+00:00", "meta": {"OBJECT_NAME": "STARLINK-35564", "OBJECT_ID": "2026-005S", "EPOCH": "2026-02-01T12:00:01.999296", "MEAN_MOTION": 15.50497831, "ECCENTRICITY": 0.0001589, "INCLINATION": 43.0005, "RA_OF_ASC_NODE": 85.8669, "ARG_OF_PERICENTER": 292.2952, "MEAN_ANOMALY": 346.2352, "EPHEMERIS_TYPE": 0, "CLASSIFICATION_TYPE": "U", "NORAD_CAT_ID": 67420, "ELEMENT_SET_NO": 999, "REV_AT_EPOCH": 426, "BSTAR": 0.0015837, "MEAN_MOTION_DOT": 0.00093412, "MEAN_MOTION_DDOT": 0}, "tle": {"line1": "1 67420U 26005S   26032.50002314  .00093412  00000+0  15837-2 0  9994", "line2": "2 67420  43.0005  85.8669 0001589 292.2952 346.2352 15.50497831  4269"}}, "geometry": {"type": "Point", "coordinates": [-120.65590871116224, 19.922724174375272]}}, {"type": "Feature", "properties": {"norad_id": 67421, "name": "STARLINK-36431", "group": "last-30-days", "lat": 18.7509755174336, "lon": -119.13698324503417, "alt_km": 412.977551333709, "timestamp": "2026-02-02T02:54:29.439136+00:00", "meta": {"OBJECT_NAME": "STARLINK-36431", "OBJECT_ID": "2026-005T", "EPOCH": "2026-02-01T12:00:01.999296", "MEAN_MOTION": 15.50621201, "ECCENTRICITY": 0.0001173, "INCLINATION": 43.0004, "RA_OF_ASC_NODE": 85.8612, "ARG_OF_PERICENTER": 284.0004, "MEAN_ANOMALY": 356.4023, "EPHEMERIS_TYPE": 0, "CLASSIFICATION_TYPE": "U", "NORAD_CAT_ID": 67421, "ELEMENT_SET_NO": 999, "REV_AT_EPOCH": 416, "BSTAR": -0.0020423, "MEAN_MOTION_DOT": -0.00118534, "MEAN_MOTION_DDOT": 0}, "tle": {"line1": "1 67421U 26005T   26032.50002314 -.00118534  00000+0 -20423-2 0  9997", "line2": "2 67421  43.0004  85.8612 0001173 284.0004 356.4023 15.50621201  4160"}}, "geometry": {"type": "Point", "coordinates": [-119.13698324503417, 18.7509755174336]}}, {"type": "Feature", "properties": {"norad_id": 67422, "name": "STARLINK-36418", "group": "last-30-days", "lat": 17.481903903405357, "lon": -117.53067025894111, "alt_km": 412.7074197011498, "timestamp": "2026-02-02T02:54:29.439150+00:00", "meta": {"OBJECT_NAME": "STARLINK-36418", "OBJECT_ID": "2026-005U", "EPOCH": "2026-02-01T12:00:01.999296", "MEAN_MOTION": 15.50488744, "ECCENTRICITY": 9.23e-05, "INCLINATION": 43.0003, "RA_OF_ASC_NODE": 85.8573, "ARG_OF_PERICENTER": 305.0193, "MEAN_ANOMALY": 337.349, "EPHEMERIS_TYPE": 0, "CLASSIFICATION_TYPE": "U", "NORAD_CAT_ID": 67422, "ELEMENT_SET_NO": 999, "REV_AT_EPOCH": 432, "BSTAR": 0.0017944, "MEAN_MOTION_DOT": 0.00106021, "MEAN_MOTION_DDOT": 0}, "tle": {"line1": "1 67422U 26005U   26032.50002314  .00106021  00000+0  17944-2 0  9998", "line2": "2 67422  43.0003  85.8573 0000923 305.0193 337.3490 15.50488744  4328"}}, "geometry": {"type": "Point", "coordinates": [-117.53067025894111, 17.481903903405357]}}, {"type": "Feature", "properties": {"norad_id": 67423, "name": "STARLINK-36465", "group": "last-30-days", "lat": 16.249238113602075, "lon": -116.00735506692155, "alt_km": 413.03653880840193, "timestamp": "2026-02-02T02:54:29.439161+00:00", "meta": {"OBJECT_NAME": "STARLINK-36465", "OBJECT_ID": "2026-005V", "EPOCH": "2026-02-01T12:00:01.999296", "MEAN_MOTION": 15.50495408, "ECCENTRICITY": 0.000129, "INCLINATION": 43.0004, "RA_OF_ASC_NODE": 85.8529, "ARG_OF_PERICENTER": 293.1703, "MEAN_ANOMALY": 351.1151, "EPHEMERIS_TYPE": 0, "CLASSIFICATION_TYPE": "U", "NORAD_CAT_ID": 67423, "ELEMENT_SET_NO": 999, "REV_AT_EPOCH": 411, "BSTAR": 0.0015958, "MEAN_MOTION_DOT": 0.00094125, "MEAN_MOTION_DDOT": 0}, "tle": {"line1": "1 67423U 26005V   26032.50002314  .00094125  00000+0  15958-2 0  9993", "line2": "2 67423  43.0004  85.8529 0001290 293.1703 351.1151 15.50495408  4113"}}, "geometry": {"type": "Point", "coordinates": [-116.00735506692155, 16.249238113602075]}}, {"type": "Feature", "properties": {"norad_id": 67424, "name": "STARLINK-36362", "group": "last-30-days", "lat": 15.043869175741106, "lon": -114.55057357812312, "alt_km": 413.61563886566455, "timestamp": "2026-02-02T02:54:29.439171+00:00", "meta": {"OBJECT_NAME": "STARLINK-36362", "OBJECT_ID": "2026-005W", "EPOCH": "2026-02-01T12:00:01.999296", "MEAN_MOTION": 15.50620124, "ECCENTRICITY": 0.0001294, "INCLINATION": 43.0004, "RA_OF_ASC_NODE": 85.8469, "ARG_OF_PERICENTER": 289.5166, "MEAN_ANOMALY": 356.6389, "EPHEMERIS_TYPE": 0, "CLASSIFICATION_TYPE": "U", "NORAD_CAT_ID": 67424, "ELEMENT_SET_NO": 999, "REV_AT_EPOCH": 436, "BSTAR": -0.002033, "MEAN_MOTION_DOT": -0.00118, "MEAN_MOTION_DDOT": 0}, "tle": {"line1": "1 67424U 26005W   26032.50002314 -.00118000  00000+0 -20330-2 0  9995", "line2": "2 67424  43.0004  85.8469 0001294 289.5166 356.6389 15.50620124  4368"}}, "geometry": {"type": "Point", "coordinates": [-114.55057357812312, 15.043869175741106]}}, {"type": "Feature", "properties": {"norad_id": 67425, "name": "STARLINK-36447", "group": "last-30-days", "lat": 13.738290020786247, "lon": -113.00166187332867, "alt_km": 413.2925083267164, "timestamp": "2026-02-02T02:54:29.439181+00:00", "meta": {"OBJECT_NAME": "STARLINK-36447", "OBJECT_ID": "2026-005X", "EPOCH": "2026-02-01T12:00:01.999296", "MEAN_MOTION": 15.50491968, "ECCENTRICITY": 0.0001017, "INCLINATION": 43.0002, "RA_OF_ASC_NODE": 85.8425, "ARG_OF_PERICENTER": 303.5389, "MEAN_ANOMALY": 344.58, "EPHEMERIS_TYPE": 0, "CLASSIFICATION_TYPE": "U", "NORAD_CAT_ID": 67425, "ELEMENT_SET_NO": 999, "REV_AT_EPOCH": 436, "BSTAR": 0.0017752, "MEAN_MOTION_DOT": 0.0010488, "MEAN_MOTION_DDOT": 0}, "tle": {"line1": "1 67425U 26005X   26032.50002314  .00104880  00000+0  17752-2 0  9999", "line2": "2 67425  43.0002  85.8425 0001017 303.5389 344.5800 15.50491968  4362"}}, "geometry": {"type": "Point", "coordinates": [-113.00166187332867, 13.738290020786247]}}, {"type": "Feature", "properties": {"norad_id": 67426, "name": "STARLINK-36146", "group": "last-30-days", "lat": 12.522083224127472, "lon": -111.5854567350639, "alt_km": 413.92408700895885, "timestamp": "2026-02-02T02:54:29.439192+00:00", "meta": {"OBJECT_NAME": "STARLINK-36146", "OBJECT_ID": "2026-005Y", "EPOCH": "2026-02-01T12:00:01.999296", "MEAN_MOTION": 15.50623506, "ECCENTRICITY": 0.000124, "INCLINATION": 43.0004, "RA_OF_ASC_NODE": 85.837, "ARG_OF_PERICENTER": 287.4056, "MEAN_ANOMALY": 2.5844, "EPHEMERIS_TYPE": 0, "CLASSIFICATION_TYPE": "U", "NORAD_CAT_ID": 67426, "ELEMENT_SET_NO": 999, "REV_AT_EPOCH": 432, "BSTAR": -0.0021428, "MEAN_MOTION_DOT": -0.00124271, "MEAN_MOTION_DDOT": 0}, "tle": {"line1": "1 67426U 26005Y   26032.50002314 -.00124271  00000+0 -21428-2 0  9993", "line2": "2 67426  43.0004  85.8370 0001240 287.4056   2.5844 15.50623506  4323"}}, "geometry": {"type": "Point", "coordinates": [-111.5854567350639, 12.522083224127472]}}, {"type": "Feature", "properties": {"norad_id": 67427, "name": "STARLINK-36459", "group": "last-30-days", "lat": 11.205264853689217, "lon": -110.07542956484474, "alt_km": 413.6113282219403, "timestamp": "2026-02-02T02:54:29.439208+00:00", "meta": {"OBJECT_NAME": "STARLINK-36459", "OBJECT_ID": "2026-005Z", "EPOCH": "2026-02-01T12:00:01.999296", "MEAN_MOTION": 15.50496033, "ECCENTRICITY": 0.0001287, "INCLINATION": 43.0002, "RA_OF_ASC_NODE": 85.8326, "ARG_OF_PERICENTER": 284.3662, "MEAN_ANOMALY": 7.5823, "EPHEMERIS_TYPE": 0, "CLASSIFICATION_TYPE": "U", "NORAD_CAT_ID": 67427, "ELEMENT_SET_NO": 999, "REV_AT_EPOCH": 429, "BSTAR": 0.0016558, "MEAN_MOTION_DOT": 0.00097728, "MEAN_MOTION_DDOT": 0}, "tle": {"line1": "1 67427U 26005Z   26032.50002314  .00097728  00000+0  16558-2 0  9996", "line2": "2 67427  43.0002  85.8326 0001287 284.3662   7.5823 15.50496033  4294"}}, "geometry": {"type": "Point", "coordinates": [-110.07542956484474, 11.205264853689217]}}, {"type": "Feature", "properties": {"norad_id": 67428, "name": "STARLINK-36464", "group": "last-30-days", "lat": 8.627091558483613, "lon": -107.18100304856071, "alt_km": 413.92520881501605, "timestamp": "2026-02-02T02:54:29.439221+00:00", "meta": {"OBJECT_NAME": "STARLINK-36464", "OBJECT_ID": "2026-005AA", "EPOCH": "2026-02-01T12:00:01.999296", "MEAN_MOTION": 15.50495535, "ECCENTRICITY": 0.0001207, "INCLINATION": 43.0005, "RA_OF_ASC_NODE": 85.8232, "ARG_OF_PERICENTER": 288.4695, "MEAN_ANOMALY": 7.3137, "EPHEMERIS_TYPE": 0, "CLASSIFICATION_TYPE": "U", "NORAD_CAT_ID": 67428, "ELEMENT_SET_NO": 999, "REV_AT_EPOCH": 436, "BSTAR": 0.0018338, "MEAN_MOTION_DOT": 0.00108416, "MEAN_MOTION_DDOT": 0}, "tle": {"line1": "1 67428U 26005AA  26032.50002314  .00108416  00000+0  18338-2 0  9992", "line2": "2 67428  43.0005  85.8232 0001207 288.4695   7.3137 15.50495535  4367"}}, "geometry": {"type": "Point", "coordinates": [-107.18100304856071, 8.627091558483613]}}, {"type": "Feature", "properties": {"norad_id": 67429, "name": "STARLINK-36513", "group": "last-30-days", "lat": 7.345291935160404, "lon": -105.76757990861175, "alt_km": 414.24697426884177, "timestamp": "2026-02-02T02:54:29.439231+00:00", "meta": {"OBJECT_NAME": "STARLINK-36513", "OBJECT_ID": "2026-005AB", "EPOCH": "2026-02-01T12:00:01.999296", "MEAN_MOTION": 15.50502371, "ECCENTRICITY": 0.0001055, "INCLINATION": 43.0002, "RA_OF_ASC_NODE": 85.8178, "ARG_OF_PERICENTER": 303.1086, "MEAN_ANOMALY": 354.5939, "EPHEMERIS_TYPE": 0, "CLASSIFICATION_TYPE": "U", "NORAD_CAT_ID": 67429, "ELEMENT_SET_NO": 999, "REV_AT_EPOCH": 436, "BSTAR": 0.0013832, "MEAN_MOTION_DOT": 0.0008143, "MEAN_MOTION_DDOT": 0}, "tle": {"line1": "1 67429U 26005AB  26032.50002314  .00081430  00000+0  13832-2 0  9993", "line2": "2 67429  43.0002  85.8178 0001055 303.1086 354.5939 15.50502371  4368"}}, "geometry": {"type": "Point", "coordinates": [-105.76757990861175, 7.345291935160404]}}, {"type": "Feature", "properties": {"norad_id": 67430, "name": "STARLINK-36515", "group": "last-30-days", "lat": 9.915253735003597, "lon": -108.6178293618904, "alt_km": 413.7758813967812, "timestamp": "2026-02-02T02:54:29.439244+00:00", "meta": {"OBJECT_NAME": "STARLINK-36515", "OBJECT_ID": "2026-005AC", "EPOCH": "2026-02-01T12:00:01.999296", "MEAN_MOTION": 15.50494938, "ECCENTRICITY": 0.0001269, "INCLINATION": 43.0004, "RA_OF_ASC_NODE": 85.828, "ARG_OF_PERICENTER": 287.4609, "MEAN_ANOMALY": 6.4066, "EPHEMERIS_TYPE": 0, "CLASSIFICATION_TYPE": "U", "NORAD_CAT_ID": 67430, "ELEMENT_SET_NO": 999, "REV_AT_EPOCH": 429, "BSTAR": 0.0018223, "MEAN_MOTION_DOT": 0.00107724, "MEAN_MOTION_DDOT": 0}, "tle": {"line1": "1 67430U 26005AC  26032.50002314  .00107724  00000+0  18223-2 0  9999", "line2": "2 67430  43.0004  85.8280 0001269 287.4609   6.4066 15.50494938  4293"}}, "geometry": {"type": "Point", "coordinates": [-108.6178293618904, 9.915253735003597]}}, {"type": "Feature", "properties": {"norad_id": 67431, "name": "STARLINK-36443", "group": "last-30-days", "lat": 6.04292371238938, "lon": -104.34451560303509, "alt_km": 414.3381088150845, "timestamp": "2026-02-02T02:54:29.439254+00:00", "meta": {"OBJECT_NAME": "STARLINK-36443", "OBJECT_ID": "2026-005AD", "EPOCH": "2026-02-01T12:00:01.999296", "MEAN_MOTION": 15.50487408, "ECCENTRICITY": 8.39e-05, "INCLINATION": 43.0003, "RA_OF_ASC_NODE": 85.8125, "ARG_OF_PERICENTER": 315.5181, "MEAN_ANOMALY": 344.1037, "EPHEMERIS_TYPE": 0, "CLASSIFICATION_TYPE": "U", "NORAD_CAT_ID": 67431, "ELEMENT_SET_NO": 999, "REV_AT_EPOCH": 432, "BSTAR": 0.0018263, "MEAN_MOTION_DOT": 0.00107934, "MEAN_MOTION_DDOT": 0}, "tle": {"line1": "1 67431U 26005AD  26032.50002314  .00107934  00000+0  18263-2 0  9997", "line2": "2 67431  43.0003  85.8125 0000839 315.5181 344.1037 15.50487408  4329"}}, "geometry": {"type": "Point", "coordinates": [-104.34451560303509, 6.04292371238938]}}, {"type": "Feature", "properties": {"norad_id": 67432, "name": "STARLINK-36460", "group": "last-30-days", "lat": 4.788138428547568, "lon": -102.98414137913282, "alt_km": 414.8195628098674, "timestamp": "2026-02-02T02:54:29.439265+00:00", "meta": {"OBJECT_NAME": "STARLINK-36460", "OBJECT_ID": "2026-005AE", "EPOCH": "2026-02-01T12:00:01.999296", "MEAN_MOTION": 15.50622734, "ECCENTRICITY": 0.0001024, "INCLINATION": 43.0004, "RA_OF_ASC_NODE": 85.807, "ARG_OF_PERICENTER": 287.6342, "MEAN_ANOMALY": 13.8544, "EPHEMERIS_TYPE": 0, "CLASSIFICATION_TYPE": "U", "NORAD_CAT_ID": 67432, "ELEMENT_SET_NO": 999, "REV_AT_EPOCH": 436, "BSTAR": -0.0020362, "MEAN_MOTION_DOT": -0.0011819, "MEAN_MOTION_DDOT": 0}, "tle": {"line1": "1 67432U 26005AE  26032.50002314 -.00118190  00000+0 -20362-2 0  9999", "line2": "2 67432  43.0004  85.8070 0001024 287.6342  13.8544 15.50622734  4365"}}, "geometry": {"type": "Point", "coordinates": [-102.98414137913282, 4.788138428547568]}}, {"type": "Feature", "properties": {"norad_id": 67433, "name": "YAOGAN-50 01", "group": "last-30-days", "lat": 37.864338767510965, "lon": -162.40355847901938, "alt_km": 946.403771863751, "timestamp": "2026-02-02T02:54:29.439278+00:00", "meta": {"OBJECT_NAME": "YAOGAN-50 01", "OBJECT_ID": "2026-006A", "EPOCH": "2026-02-01T10:53:50.433216", "MEAN_MOTION": 13.83253054, "ECCENTRICITY": 6.59e-05, "INCLINATION": 142.0316, "RA_OF_ASC_NODE": 279.8401, "ARG_OF_PERICENTER": 267.2011, "MEAN_ANOMALY": 92.8632, "EPHEMERIS_TYPE": 0, "CLASSIFICATION_TYPE": "U", "NORAD_CAT_ID": 67433, "ELEMENT_SET_NO": 999, "REV_AT_EPOCH": 263, "BSTAR": 0.00015217, "MEAN_MOTION_DOT": 3.57e-06, "MEAN_MOTION_DDOT": 0}, "tle": {"line1": "1 67433U 26006A   26032.45405594  .00000357  00000+0  15217-3 0  9999", "line2": "2 67433 142.0316 279.8401 0000659 267.2011  92.8632 13.83253054  2637"}}, "geometry": {"type": "Point", "coordinates": [-162.40355847901938, 37.864338767510965]}}, {"type": "Feature", "properties": {"norad_id": 67434, "name": "CZ-6A R/B", "group": "last-30-days", "lat": 28.016502110719806, "lon": -108.04706162548636, "alt_km": 823.8515857527418, "timestamp": "2026-02-02T02:54:29.439289+00:00", "meta": {"OBJECT_NAME": "CZ-6A R/B", "OBJECT_ID": "2026-006B", "EPOCH": "2026-02-01T10:17:02.469984", "MEAN_MOTION": 14.62289988, "ECCENTRICITY": 0.0203255, "INCLINATION": 142.0437, "RA_OF_ASC_NODE": 291.1814, "ARG_OF_PERICENTER": 219.9733, "MEAN_ANOMALY": 138.587, "EPHEMERIS_TYPE": 0, "CLASSIFICATION_TYPE": "U", "NORAD_CAT_ID": 67434, "ELEMENT_SET_NO": 999, "REV_AT_EPOCH": 276, "BSTAR": 0.00015936, "MEAN_MOTION_DOT": 1.422e-05, "MEAN_MOTION_DDOT": 0}, "tle": {"line1": "1 67434U 26006B   26032.42850081  .00001422  00000+0  15936-3 0  9994", "line2": "2 67434 142.0437 291.1814 0203255 219.9733 138.5870 14.62289988  2768"}}, "geometry": {"type": "Point", "coordinates": [-108.04706162548636, 28.016502110719806]}}, {"type": "Feature", "properties": {"norad_id": 67435, "name": "HULIANWANG DIGUI-137", "group": "last-30-days", "lat": 34.86062080305748, "lon": -107.15017662403211, "alt_km": 949.1668787284079, "timestamp": "2026-02-02T02:54:29.439301+00:00", "meta": {"OBJECT_NAME": "HULIANWANG DIGUI-137", "OBJECT_ID": "2026-007A", "EPOCH": "2026-01-31T19:27:30.384576", "MEAN_MOTION": 13.82942218, "ECCENTRICITY": 0.00012185, "INCLINATION": 50.0077, "RA_OF_ASC_NODE": 222.2225, "ARG_OF_PERICENTER": 163.044, "MEAN_ANOMALY": 197.0497, "EPHEMERIS_TYPE": 0, "CLASSIFICATION_TYPE": "U", "NORAD_CAT_ID": 67435, "ELEMENT_SET_NO": 999, "REV_AT_EPOCH": 253, "BSTAR": 0.00015171127, "MEAN_MOTION_DOT": 2.3e-07, "MEAN_MOTION_DDOT": 0}, "tle": {"line1": "1 67435U 26007A   26031.81076834  .00000023  00000+0  15171-3 0  9991", "line2": "2 67435  50.0077 222.2225 0001218 163.0440 197.0497 13.82942218  2530"}}, "geometry": {"type": "Point", "coordinates": [-107.15017662403211, 34.86062080305748]}}, {"type": "Feature", "properties": {"norad_id": 67436, "name": "HULIANWANG DIGUI-138", "group": "last-30-days", "lat": 18.904398393849632, "lon": -126.18588391604551, "alt_km": 953.7444159043516, "timestamp": "2026-02-02T02:54:29.439312+00:00", "meta": {"OBJECT_NAME": "HULIANWANG DIGUI-138", "OBJECT_ID": "2026-007B", "EPOCH": "2026-02-01T09:26:09.900960", "MEAN_MOTION": 13.82260265, "ECCENTRICITY": 1.66e-05, "INCLINATION": 50.0047, "RA_OF_ASC_NODE": 219.9672, "ARG_OF_PERICENTER": 155.2023, "MEAN_ANOMALY": 204.888, "EPHEMERIS_TYPE": 0, "CLASSIFICATION_TYPE": "U", "NORAD_CAT_ID": 67436, "ELEMENT_SET_NO": 999, "REV_AT_EPOCH": 261, "BSTAR": 0.00013882, "MEAN_MOTION_DOT": 7e-08, "MEAN_MOTION_DDOT": 0}, "tle": {"line1": "1 67436U 26007B   26032.39317015  .00000007  00000+0  13882-3 0  9994", "line2": "2 67436  50.0047 219.9672 0000166 155.2023 204.8880 13.82260265  2615"}}, "geometry": {"type": "Point", "coordinates": [-126.18588391604551, 18.904398393849632]}}, {"type": "Feature", "properties": {"norad_id": 67437, "name": "HULIANWANG DIGUI-139", "group": "last-30-days", "lat": 29.825944496581346, "lon": -114.1570625108563, "alt_km": 949.4368123566201, "timestamp": "2026-02-02T02:54:29.439323+00:00", "meta": {"OBJECT_NAME": "HULIANWANG DIGUI-139", "OBJECT_ID": "2026-007C", "EPOCH": "2026-01-31T14:17:42.553824", "MEAN_MOTION": 13.83023993, "ECCENTRICITY": 6.392e-05, "INCLINATION": 50.0009, "RA_OF_ASC_NODE": 223.0728, "ARG_OF_PERICENTER": 280.3182, "MEAN_ANOMALY": 79.7641, "EPHEMERIS_TYPE": 0, "CLASSIFICATION_TYPE": "U", "NORAD_CAT_ID": 67437, "ELEMENT_SET_NO": 999, "REV_AT_EPOCH": 250, "BSTAR": 0.00017934472, "MEAN_MOTION_DOT": 5.4e-07, "MEAN_MOTION_DDOT": 0}, "tle": {"line1": "1 67437U 26007C   26031.59563141  .00000054  00000+0  17934-3 0  9993", "line2": "2 67437  50.0009 223.0728 0000639 280.3182  79.7641 13.83023993  2501"}}, "geometry": {"type": "Point", "coordinates": [-114.1570625108563, 29.825944496581346]}}, {"type": "Feature", "properties": {"norad_id": 67438, "name": "HULIANWANG DIGUI-140", "group": "last-30-days", "lat": 11.601466587063856, "lon": -132.96848601214174, "alt_km": 951.9156363308657, "timestamp": "2026-02-02T02:54:29.439335+00:00", "meta": {"OBJECT_NAME": "HULIANWANG DIGUI-140", "OBJECT_ID": "2026-007D", "EPOCH": "2026-01-31T14:24:31.307040", "MEAN_MOTION": 13.82716272, "ECCENTRICITY": 0.00016997, "INCLINATION": 50.0071, "RA_OF_ASC_NODE": 223.0888, "ARG_OF_PERICENTER": 9.2603, "MEAN_ANOMALY": 350.8323, "EPHEMERIS_TYPE": 0, "CLASSIFICATION_TYPE": "U", "NORAD_CAT_ID": 67438, "ELEMENT_SET_NO": 999, "REV_AT_EPOCH": 250, "BSTAR": 0.00017233966, "MEAN_MOTION_DOT": 4.5e-07, "MEAN_MOTION_DDOT": 0}, "tle": {"line1": "1 67438U 26007D   26031.60036235  .00000045  00000+0  17234-3 0  9998", "line2": "2 67438  50.0071 223.0888 0001699   9.2603 350.8323 13.82716272  2509"}}, "geometry": {"type": "Point", "coordinates": [-132.96848601214174, 11.601466587063856]}}, {"type": "Feature", "properties": {"norad_id": 67439, "name": "HULIANWANG DIGUI-141", "group": "last-30-days", "lat": 43.71282827941545, "lon": -89.58231990926932, "alt_km": 945.109170565971, "timestamp": "2026-02-02T02:54:29.439346+00:00", "meta": {"OBJECT_NAME": "HULIANWANG DIGUI-141", "OBJECT_ID": "2026-007E", "EPOCH": "2026-01-31T14:11:30.746112", "MEAN_MOTION": 13.83477078, "ECCENTRICITY": 8.481e-05, "INCLINATION": 49.9978, "RA_OF_ASC_NODE": 223.0465, "ARG_OF_PERICENTER": 110.8917, "MEAN_ANOMALY": 249.207, "EPHEMERIS_TYPE": 0, "CLASSIFICATION_TYPE": "U", "NORAD_CAT_ID": 67439, "ELEMENT_SET_NO": 999, "REV_AT_EPOCH": 250, "BSTAR": 0.00015542227, "MEAN_MOTION_DOT": 2.8e-07, "MEAN_MOTION_DDOT": 0}, "tle": {"line1": "1 67439U 26007E   26031.59132808  .00000028  00000+0  15542-3 0  9991", "line2": "2 67439  49.9978 223.0465 0000848 110.8917 249.2070 13.83477078  2505"}}, "geometry": {"type": "Point", "coordinates": [-89.58231990926932, 43.71282827941545]}}, {"type": "Feature", "properties": {"norad_id": 67440, "name": "HULIANWANG DIGUI-142", "group": "last-30-days", "lat": 47.965994025677745, "lon": -74.4085694395672, "alt_km": 945.255710373619, "timestamp": "2026-02-02T02:54:29.439356+00:00", "meta": {"OBJECT_NAME": "HULIANWANG DIGUI-142", "OBJECT_ID": "2026-007F", "EPOCH": "2026-01-31T21:03:57.417696", "MEAN_MOTION": 13.83208557, "ECCENTRICITY": 0.00010476, "INCLINATION": 50.0175, "RA_OF_ASC_NODE": 221.9246, "ARG_OF_PERICENTER": 31.4486, "MEAN_ANOMALY": 328.6472, "EPHEMERIS_TYPE": 0, "CLASSIFICATION_TYPE": "U", "NORAD_CAT_ID": 67440, "ELEMENT_SET_NO": 999, "REV_AT_EPOCH": 254, "BSTAR": 1.7140135e-05, "MEAN_MOTION_DOT": -1.25e-06, "MEAN_MOTION_DDOT": 0}, "tle": {"line1": "1 67440U 26007F   26031.87774789 -.00000125  00000+0  17140-4 0  9990", "line2": "2 67440  50.0175 221.9246 0001047  31.4486 328.6472 13.83208557  2540"}}, "geometry": {"type": "Point", "coordinates": [-74.4085694395672, 47.965994025677745]}}, {"type": "Feature", "properties": {"norad_id": 67441, "name": "HULIANWANG DIGUI-143", "group": "last-30-days", "lat": 49.97550640402296, "lon": -51.04772817363716, "alt_km": 943.5936173693835, "timestamp": "2026-02-02T02:54:29.439367+00:00", "meta": {"OBJECT_NAME": "HULIANWANG DIGUI-143", "OBJECT_ID": "2026-007G", "EPOCH": "2026-01-31T14:04:24.890016", "MEAN_MOTION": 13.83872752, "ECCENTRICITY": 0.00010017, "INCLINATION": 50.0093, "RA_OF_ASC_NODE": 223.0431, "ARG_OF_PERICENTER": 325.2229, "MEAN_ANOMALY": 34.8601, "EPHEMERIS_TYPE": 0, "CLASSIFICATION_TYPE": "U", "NORAD_CAT_ID": 67441, "ELEMENT_SET_NO": 999, "REV_AT_EPOCH": 250, "BSTAR": 0.00015216351, "MEAN_MOTION_DOT": 2.6e-07, "MEAN_MOTION_DDOT": 0}, "tle": {"line1": "1 67441U 26007G   26031.58639919  .00000026  00000+0  15216-3 0  9994", "line2": "2 67441  50.0093 223.0431 0001001 325.2229  34.8601 13.83872752  2508"}}, "geometry": {"type": "Point", "coordinates": [-51.04772817363716, 49.97550640402296]}}, {"type": "Feature", "properties": {"norad_id": 67442, "name": "HULIANWANG DIGUI-144", "group": "last-30-days", "lat": 48.22877432490669, "lon": -33.03271861146176, "alt_km": 946.1957061704561, "timestamp": "2026-02-02T02:54:29.439377+00:00", "meta": {"OBJECT_NAME": "HULIANWANG DIGUI-144", "OBJECT_ID": "2026-007H", "EPOCH": "2026-01-31T14:01:13.993536", "MEAN_MOTION": 13.84034518, "ECCENTRICITY": 0.00051728, "INCLINATION": 50.008, "RA_OF_ASC_NODE": 223.033, "ARG_OF_PERICENTER": 307.2161, "MEAN_ANOMALY": 52.8262, "EPHEMERIS_TYPE": 0, "CLASSIFICATION_TYPE": "U", "NORAD_CAT_ID": 67442, "ELEMENT_SET_NO": 999, "REV_AT_EPOCH": 250, "BSTAR": 0.00013836023, "MEAN_MOTION_DOT": 1.1e-07, "MEAN_MOTION_DDOT": 0}, "tle": {"line1": "1 67442U 26007H   26031.58418974  .00000011  00000+0  13836-3 0  9991", "line2": "2 67442  50.0080 223.0330 0005172 307.2161  52.8262 13.84034518  2505"}}, "geometry": {"type": "Point", "coordinates": [-33.03271861146176, 48.22877432490669]}}, {"type": "Feature", "properties": {"norad_id": 67443, "name": "HULIANWANG DIGUI-145", "group": "last-30-days", "lat": 40.56624160980172, "lon": -9.001800122836917, "alt_km": 941.6735546028376, "timestamp": "2026-02-02T02:54:29.439388+00:00", "meta": {"OBJECT_NAME": "HULIANWANG DIGUI-145", "OBJECT_ID": "2026-007J", "EPOCH": "2026-01-31T08:45:14.271264", "MEAN_MOTION": 13.84763079, "ECCENTRICITY": 9.105e-05, "INCLINATION": 50.0089, "RA_OF_ASC_NODE": 223.864, "ARG_OF_PERICENTER": 227.816, "MEAN_ANOMALY": 132.2659, "EPHEMERIS_TYPE": 0, "CLASSIFICATION_TYPE": "U", "NORAD_CAT_ID": 67443, "ELEMENT_SET_NO": 999, "REV_AT_EPOCH": 247, "BSTAR": 0.00016076174, "MEAN_MOTION_DOT": 3.8e-07, "MEAN_MOTION_DDOT": 0}, "tle": {"line1": "1 67443U 26007J   26031.36474851  .00000038  00000+0  16076-3 0  9992", "line2": "2 67443  50.0089 223.8640 0000910 227.8160 132.2659 13.84763079  2478"}}, "geometry": {"type": "Point", "coordinates": [-9.001800122836917, 40.56624160980172]}}, {"type": "Feature", "properties": {"norad_id": 67444, "name": "CZ-8A R/B", "group": "last-30-days", "lat": -31.271632494510012, "lon": -176.77417218721664, "alt_km": 915.8344590313682, "timestamp": "2026-02-02T02:54:29.439399+00:00", "meta": {"OBJECT_NAME": "CZ-8A R/B", "OBJECT_ID": "2026-007K", "EPOCH": "2026-01-31T23:57:57.199680", "MEAN_MOTION": 14.13550591, "ECCENTRICITY": 0.00921718, "INCLINATION": 50.0084, "RA_OF_ASC_NODE": 218.5235, "ARG_OF_PERICENTER": 146.0178, "MEAN_ANOMALY": 214.668, "EPHEMERIS_TYPE": 0, "CLASSIFICATION_TYPE": "U", "NORAD_CAT_ID": 67444, "ELEMENT_SET_NO": 999, "REV_AT_EPOCH": 259, "BSTAR": 1.2562489e-05, "MEAN_MOTION_DOT": -1.31e-06, "MEAN_MOTION_DDOT": 0}, "tle": {"line1": "1 67444U 26007K   26031.99857870 -.00000131  00000+0  12562-4 0  9990", "line2": "2 67444  50.0084 218.5235 0092171 146.0178 214.6680 14.13550591  2594"}}, "geometry": {"type": "Point", "coordinates": [-176.77417218721664, -31.271632494510012]}}, {"type": "Feature", "properties": {"norad_id": 67445, "name": "STARLINK-36542", "group": "last-30-days", "lat": 33.35225373451445, "lon": 94.29659167381718, "alt_km": 340.178822069729, "timestamp": "2026-02-02T02:54:29.439411+00:00", "meta": {"OBJECT_NAME": "STARLINK-36542", "OBJECT_ID": "2026-008A", "EPOCH": "2026-02-01T12:00:01.999296", "MEAN_MOTION": 15.75093249, "ECCENTRICITY": 0.0001189, "INCLINATION": 43.0003, "RA_OF_ASC_NODE": 53.129, "ARG_OF_PERICENTER": 286.7789, "MEAN_ANOMALY": 200.833, "EPHEMERIS_TYPE": 0, "CLASSIFICATION_TYPE": "U", "NORAD_CAT_ID": 67445, "ELEMENT_SET_NO": 999, "REV_AT_EPOCH": 397, "BSTAR": -0.0012647, "MEAN_MOTION_DOT": -0.00190861, "MEAN_MOTION_DDOT": 0}, "tle": {"line1": "1 67445U 26008A   26032.50002314 -.00190861  00000+0 -12647-2 0  9998", "line2": "2 67445  43.0003  53.1290 0001189 286.7789 200.8330 15.75093249  3974"}}, "geometry": {"type": "Point", "coordinates": [94.29659167381718, 33.35225373451445]}}, {"type": "Feature", "properties": {"norad_id": 67446, "name": "STARLINK-36539", "group": "last-30-days", "lat": 34.34973996384909, "lon": 96.528094321744, "alt_km": 339.44738262999545, "timestamp": "2026-02-02T02:54:29.439423+00:00", "meta": {"OBJECT_NAME": "STARLINK-36539", "OBJECT_ID": "2026-008B", "EPOCH": "2026-02-01T12:00:01.999296", "MEAN_MOTION": 15.7498825, "ECCENTRICITY": 0.0001569, "INCLINATION": 43.0003, "RA_OF_ASC_NODE": 53.1242, "ARG_OF_PERICENTER": 285.6277, "MEAN_ANOMALY": 203.9219, "EPHEMERIS_TYPE": 0, "CLASSIFICATION_TYPE": "U", "NORAD_CAT_ID": 67446, "ELEMENT_SET_NO": 999, "REV_AT_EPOCH": 397, "BSTAR": 0.00061447, "MEAN_MOTION_DOT": 0.00094765, "MEAN_MOTION_DDOT": 0}, "tle": {"line1": "1 67446U 26008B   26032.50002314  .00094765  00000+0  61447-3 0  9996", "line2": "2 67446  43.0003  53.1242 0001569 285.6277 203.9219 15.74988250  3978"}}, "geometry": {"type": "Point", "coordinates": [96.528094321744, 34.34973996384909]}}, {"type": "Feature", "properties": {"norad_id": 67447, "name": "STARLINK-36440", "group": "last-30-days", "lat": 35.21684529000837, "lon": 98.59317238211275, "alt_km": 339.6055113706543, "timestamp": "2026-02-02T02:54:29.439434+00:00", "meta": {"OBJECT_NAME": "STARLINK-36440", "OBJECT_ID": "2026-008C", "EPOCH": "2026-02-01T12:00:01.999296", "MEAN_MOTION": 15.75017557, "ECCENTRICITY": 0.0001475, "INCLINATION": 43.0002, "RA_OF_ASC_NODE": 53.1189, "ARG_OF_PERICENTER": 266.8856, "MEAN_ANOMALY": 224.5761, "EPHEMERIS_TYPE": 0, "CLASSIFICATION_TYPE": "U", "NORAD_CAT_ID": 67447, "ELEMENT_SET_NO": 999, "REV_AT_EPOCH": 397, "BSTAR": 0.00030345, "MEAN_MOTION_DOT": 0.00046347, "MEAN_MOTION_DDOT": 0}, "tle": {"line1": "1 67447U 26008C   26032.50002314  .00046347  00000+0  30345-3 0  9993", "line2": "2 67447  43.0002  53.1189 0001475 266.8856 224.5761 15.75017557  3973"}}, "geometry": {"type": "Point", "coordinates": [98.59317238211275, 35.21684529000837]}}, {"type": "Feature", "properties": {"norad_id": 67448, "name": "STARLINK-36423", "group": "last-30-days", "lat": 33.42160617820588, "lon": 94.44696228963366, "alt_km": 350.72556798163987, "timestamp": "2026-02-02T02:54:29.439446+00:00", "meta": {"OBJECT_NAME": "STARLINK-36423", "OBJECT_ID": "2026-008D", "EPOCH": "2026-02-01T12:00:01.999296", "MEAN_MOTION": 15.74029806, "ECCENTRICITY": 0.0001349, "INCLINATION": 43.0002, "RA_OF_ASC_NODE": 53.115, "ARG_OF_PERICENTER": 280.2354, "MEAN_ANOMALY": 212.7289, "EPHEMERIS_TYPE": 0, "CLASSIFICATION_TYPE": "U", "NORAD_CAT_ID": 67448, "ELEMENT_SET_NO": 999, "REV_AT_EPOCH": 397, "BSTAR": -0.015763, "MEAN_MOTION_DOT": -0.02041134, "MEAN_MOTION_DDOT": 0}, "tle": {"line1": "1 67448U 26008D   26032.50002314 -.02041134  00000+0 -15763-1 0  9992", "line2": "2 67448  43.0002  53.1150 0001349 280.2354 212.7289 15.74029806  3978"}}, "geometry": {"type": "Point", "coordinates": [94.44696228963366, 33.42160617820588]}}, {"type": "Feature", "properties": {"norad_id": 67449, "name": "STARLINK-36519", "group": "last-30-days", "lat": 36.84671758057321, "lon": 102.87071954909774, "alt_km": 339.3861080968836, "timestamp": "2026-02-02T02:54:29.439456+00:00", "meta": {"OBJECT_NAME": "STARLINK-36519", "OBJECT_ID": "2026-008E", "EPOCH": "2026-02-01T12:00:01.999296", "MEAN_MOTION": 15.75033961, "ECCENTRICITY": 0.0001413, "INCLINATION": 43.0001, "RA_OF_ASC_NODE": 53.1087, "ARG_OF_PERICENTER": 266.1214, "MEAN_ANOMALY": 229.162, "EPHEMERIS_TYPE": 0, "CLASSIFICATION_TYPE": "U", "NORAD_CAT_ID": 67449, "ELEMENT_SET_NO": 999, "REV_AT_EPOCH": 397, "BSTAR": 0.00015863, "MEAN_MOTION_DOT": 0.00023953, "MEAN_MOTION_DDOT": 0}, "tle": {"line1": "1 67449U 26008E   26032.50002314  .00023953  00000+0  15863-3 0  9991", "line2": "2 67449  43.0001  53.1087 0001413 266.1214 229.1620 15.75033961  3976"}}, "geometry": {"type": "Point", "coordinates": [102.87071954909774, 36.84671758057321]}}, {"type": "Feature", "properties": {"norad_id": 67450, "name": "STARLINK-36525", "group": "last-30-days", "lat": 37.46582937655184, "lon": 104.6643561995731, "alt_km": 340.711573583927, "timestamp": "2026-02-02T02:54:29.439466+00:00", "meta": {"OBJECT_NAME": "STARLINK-36525", "OBJECT_ID": "2026-008F", "EPOCH": "2026-02-01T12:00:01.999296", "MEAN_MOTION": 15.75194382, "ECCENTRICITY": 0.0001534, "INCLINATION": 43.0003, "RA_OF_ASC_NODE": 53.1038, "ARG_OF_PERICENTER": 271.7718, "MEAN_ANOMALY": 225.3959, "EPHEMERIS_TYPE": 0, "CLASSIFICATION_TYPE": "U", "NORAD_CAT_ID": 67450, "ELEMENT_SET_NO": 999, "REV_AT_EPOCH": 397, "BSTAR": -0.0030642, "MEAN_MOTION_DOT": -0.00449996, "MEAN_MOTION_DDOT": 0}, "tle": {"line1": "1 67450U 26008F   26032.50002314 -.00449996  00000+0 -30642-2 0  9995", "line2": "2 67450  43.0003  53.1038 0001534 271.7718 225.3959 15.75194382  3979"}}, "geometry": {"type": "Point", "coordinates": [104.6643561995731, 37.46582937655184]}}, {"type": "Feature", "properties": {"norad_id": 67451, "name": "STARLINK-36511", "group": "last-30-days", "lat": 36.365120185713586, "lon": 101.54459128049574, "alt_km": 349.5076347213144, "timestamp": "2026-02-02T02:54:29.439477+00:00", "meta": {"OBJECT_NAME": "STARLINK-36511", "OBJECT_ID": "2026-008G", "EPOCH": "2026-02-01T12:00:01.999296", "MEAN_MOTION": 15.74293562, "ECCENTRICITY": 0.0001359, "INCLINATION": 43.0003, "RA_OF_ASC_NODE": 53.0996, "ARG_OF_PERICENTER": 284.3738, "MEAN_ANOMALY": 214.519, "EPHEMERIS_TYPE": 0, "CLASSIFICATION_TYPE": "U", "NORAD_CAT_ID": 67451, "ELEMENT_SET_NO": 999, "REV_AT_EPOCH": 397, "BSTAR": -0.015557, "MEAN_MOTION_DOT": -0.02038272, "MEAN_MOTION_DDOT": 0}, "tle": {"line1": "1 67451U 26008G   26032.50002314 -.02038272  00000+0 -15557-1 0  9996", "line2": "2 67451  43.0003  53.0996 0001359 284.3738 214.5190 15.74293562  3975"}}, "geometry": {"type": "Point", "coordinates": [101.54459128049574, 36.365120185713586]}}, {"type": "Feature", "properties": {"norad_id": 67452, "name": "STARLINK-36524", "group": "last-30-days", "lat": 38.997865542131635, "lon": 109.66176472836906, "alt_km": 338.97145187838487, "timestamp": "2026-02-02T02:54:29.439487+00:00", "meta": {"OBJECT_NAME": "STARLINK-36524", "OBJECT_ID": "2026-008H", "EPOCH": "2026-02-01T12:00:01.999296", "MEAN_MOTION": 15.74998948, "ECCENTRICITY": 0.0001602, "INCLINATION": 43.0001, "RA_OF_ASC_NODE": 53.0941, "ARG_OF_PERICENTER": 275.8257, "MEAN_ANOMALY": 225.2164, "EPHEMERIS_TYPE": 0, "CLASSIFICATION_TYPE": "U", "NORAD_CAT_ID": 67452, "ELEMENT_SET_NO": 999, "REV_AT_EPOCH": 397, "BSTAR": 0.00058889, "MEAN_MOTION_DOT": 0.000908, "MEAN_MOTION_DDOT": 0}, "tle": {"line1": "1 67452U 26008H   26032.50002314  .00090800  00000+0  58889-3 0  9995", "line2": "2 67452  43.0001  53.0941 0001602 275.8257 225.2164 15.74998948  3976"}}, "geometry": {"type": "Point", "coordinates": [109.66176472836906, 38.997865542131635]}}, {"type": "Feature", "properties": {"norad_id": 67453, "name": "STARLINK-36518", "group": "last-30-days", "lat": -21.2428677880691, "lon": -106.38820819542399, "alt_km": 346.27289105717045, "timestamp": "2026-02-02T02:54:29.439499+00:00", "meta": {"OBJECT_NAME": "STARLINK-36518", "OBJECT_ID": "2026-008J", "EPOCH": "2026-02-01T12:00:01.999296", "MEAN_MOTION": 15.75018922, "ECCENTRICITY": 0.0001535, "INCLINATION": 42.9993, "RA_OF_ASC_NODE": 52.7244, "ARG_OF_PERICENTER": 285.8597, "MEAN_ANOMALY": 359.8526, "EPHEMERIS_TYPE": 0, "CLASSIFICATION_TYPE": "U", "NORAD_CAT_ID": 67453, "ELEMENT_SET_NO": 999, "REV_AT_EPOCH": 399, "BSTAR": 0.00025916, "MEAN_MOTION_DOT": 0.00039483, "MEAN_MOTION_DDOT": 0}, "tle": {"line1": "1 67453U 26008J   26032.50002314  .00039483  00000+0  25916-3 0  9991", "line2": "2 67453  42.9993  52.7244 0001535 285.8597 359.8526 15.75018922  3994"}}, "geometry": {"type": "Point", "coordinates": [-106.38820819542399, -21.2428677880691]}}, {"type": "Feature", "properties": {"norad_id": 67454, "name": "STARLINK-36517", "group": "last-30-days", "lat": 35.71166332805131, "lon": 99.83147901390808, "alt_km": 354.01419905846615, "timestamp": "2026-02-02T02:54:29.439510+00:00", "meta": {"OBJECT_NAME": "STARLINK-36517", "OBJECT_ID": "2026-008K", "EPOCH": "2026-02-01T12:00:01.999296", "MEAN_MOTION": 15.72741097, "ECCENTRICITY": 0.000108, "INCLINATION": 43, "RA_OF_ASC_NODE": 53.0942, "ARG_OF_PERICENTER": 278.529, "MEAN_ANOMALY": 222.3202, "EPHEMERIS_TYPE": 0, "CLASSIFICATION_TYPE": "U", "NORAD_CAT_ID": 67454, "ELEMENT_SET_NO": 999, "REV_AT_EPOCH": 399, "BSTAR": -0.016643, "MEAN_MOTION_DOT": -0.02037804, "MEAN_MOTION_DDOT": 0}, "tle": {"line1": "1 67454U 26008K   26032.50002314 -.02037804  00000+0 -16643-1 0  9996", "line2": "2 67454  43.0000  53.0942 0001080 278.5290 222.3202 15.72741097  3997"}}, "geometry": {"type": "Point", "coordinates": [99.83147901390808, 35.71166332805131]}}, {"type": "Feature", "properties": {"norad_id": 67455, "name": "STARLINK-36516", "group": "last-30-days", "lat": 40.55730660531144, "lon": 116.00763119569473, "alt_km": 346.01087520199235, "timestamp": "2026-02-02T02:54:29.439520+00:00", "meta": {"OBJECT_NAME": "STARLINK-36516", "OBJECT_ID": "2026-008L", "EPOCH": "2026-02-01T12:00:01.999296", "MEAN_MOTION": 15.75256778, "ECCENTRICITY": 0.0001097, "INCLINATION": 43.0001, "RA_OF_ASC_NODE": 53.0755, "ARG_OF_PERICENTER": 270.6, "MEAN_ANOMALY": 238.0848, "EPHEMERIS_TYPE": 0, "CLASSIFICATION_TYPE": "U", "NORAD_CAT_ID": 67455, "ELEMENT_SET_NO": 999, "REV_AT_EPOCH": 397, "BSTAR": -0.014311, "MEAN_MOTION_DOT": -0.01925896, "MEAN_MOTION_DDOT": 0}, "tle": {"line1": "1 67455U 26008L   26032.50002314 -.01925896  00000+0 -14311-1 0  9993", "line2": "2 67455  43.0001  53.0755 0001097 270.6000 238.0848 15.75256778  3979"}}, "geometry": {"type": "Point", "coordinates": [116.00763119569473, 40.55730660531144]}}, {"type": "Feature", "properties": {"norad_id": 67456, "name": "STARLINK-36493", "group": "last-30-days", "lat": 39.9456754302646, "lon": 113.3114438183833, "alt_km": 341.86169753975355, "timestamp": "2026-02-02T02:54:29.439532+00:00", "meta": {"OBJECT_NAME": "STARLINK-36493", "OBJECT_ID": "2026-008M", "EPOCH": "2026-02-01T12:00:01.999296", "MEAN_MOTION": 15.75352804, "ECCENTRICITY": 0.0001223, "INCLINATION": 43, "RA_OF_ASC_NODE": 53.0848, "ARG_OF_PERICENTER": 275.8748, "MEAN_ANOMALY": 228.9353, "EPHEMERIS_TYPE": 0, "CLASSIFICATION_TYPE": "U", "NORAD_CAT_ID": 67456, "ELEMENT_SET_NO": 999, "REV_AT_EPOCH": 397, "BSTAR": -0.0068712, "MEAN_MOTION_DOT": -0.00956157, "MEAN_MOTION_DDOT": 0}, "tle": {"line1": "1 67456U 26008M   26032.50002314 -.00956157  00000+0 -68712-2 0  9992", "line2": "2 67456  43.0000  53.0848 0001223 275.8748 228.9353 15.75352804  3975"}}, "geometry": {"type": "Point", "coordinates": [113.3114438183833, 39.9456754302646]}}, {"type": "Feature", "properties": {"norad_id": 67457, "name": "STARLINK-36529", "group": "last-30-days", "lat": 40.718761100730894, "lon": 116.77727360333702, "alt_km": 338.85757857764565, "timestamp": "2026-02-02T02:54:29.439543+00:00", "meta": {"OBJECT_NAME": "STARLINK-36529", "OBJECT_ID": "2026-008N", "EPOCH": "2026-02-01T12:00:01.999296", "MEAN_MOTION": 15.75032005, "ECCENTRICITY": 0.00015, "INCLINATION": 43.0002, "RA_OF_ASC_NODE": 53.0793, "ARG_OF_PERICENTER": 271.5813, "MEAN_ANOMALY": 235.2016, "EPHEMERIS_TYPE": 0, "CLASSIFICATION_TYPE": "U", "NORAD_CAT_ID": 67457, "ELEMENT_SET_NO": 999, "REV_AT_EPOCH": 397, "BSTAR": 0.00019652, "MEAN_MOTION_DOT": 0.00029806, "MEAN_MOTION_DDOT": 0}, "tle": {"line1": "1 67457U 26008N   26032.50002314  .00029806  00000+0  19652-3 0  9993", "line2": "2 67457  43.0002  53.0793 0001500 271.5813 235.2016 15.75032005  3976"}}, "geometry": {"type": "Point", "coordinates": [116.77727360333702, 40.718761100730894]}}, {"type": "Feature", "properties": {"norad_id": 67458, "name": "STARLINK-36528", "group": "last-30-days", "lat": 41.61046571257009, "lon": 121.69023181292961, "alt_km": 338.4153407850681, "timestamp": "2026-02-02T02:54:29.439553+00:00", "meta": {"OBJECT_NAME": "STARLINK-36528", "OBJECT_ID": "2026-008P", "EPOCH": "2026-02-01T12:00:01.999296", "MEAN_MOTION": 15.75043556, "ECCENTRICITY": 8.22e-05, "INCLINATION": 43.0001, "RA_OF_ASC_NODE": 53.0699, "ARG_OF_PERICENTER": 261.6318, "MEAN_ANOMALY": 248.9776, "EPHEMERIS_TYPE": 0, "CLASSIFICATION_TYPE": "U", "NORAD_CAT_ID": 67458, "ELEMENT_SET_NO": 999, "REV_AT_EPOCH": 399, "BSTAR": 1.5712e-06, "MEAN_MOTION_DOT": -2.35e-06, "MEAN_MOTION_DDOT": 0}, "tle": {"line1": "1 67458U 26008P   26032.50002314 -.00000235  00000+0  15712-5 0  9995", "line2": "2 67458  43.0001  53.0699 0000822 261.6318 248.9776 15.75043556  3996"}}, "geometry": {"type": "Point", "coordinates": [121.69023181292961, 41.61046571257009]}}, {"type": "Feature", "properties": {"norad_id": 67459, "name": "STARLINK-36546", "group": "last-30-days", "lat": 41.98115015865703, "lon": 124.22787549548862, "alt_km": 338.79997657057265, "timestamp": "2026-02-02T02:54:29.439565+00:00", "meta": {"OBJECT_NAME": "STARLINK-36546", "OBJECT_ID": "2026-008Q", "EPOCH": "2026-02-01T12:00:01.999296", "MEAN_MOTION": 15.75045329, "ECCENTRICITY": 0.0001647, "INCLINATION": 43.0003, "RA_OF_ASC_NODE": 53.0645, "ARG_OF_PERICENTER": 282.0702, "MEAN_ANOMALY": 230.461, "EPHEMERIS_TYPE": 0, "CLASSIFICATION_TYPE": "U", "NORAD_CAT_ID": 67459, "ELEMENT_SET_NO": 999, "REV_AT_EPOCH": 397, "BSTAR": -1.6827e-05, "MEAN_MOTION_DOT": -3.062e-05, "MEAN_MOTION_DDOT": 0}, "tle": {"line1": "1 67459U 26008Q   26032.50002314 -.00003062  00000+0 -16827-4 0  9995", "line2": "2 67459  43.0003  53.0645 0001647 282.0702 230.4610 15.75045329  3971"}}, "geometry": {"type": "Point", "coordinates": [124.22787549548862, 41.98115015865703]}}, {"type": "Feature", "properties": {"norad_id": 67460, "name": "STARLINK-36523", "group": "last-30-days", "lat": 42.29282492764354, "lon": 126.77676066028437, "alt_km": 338.7948885339947, "timestamp": "2026-02-02T02:54:29.439579+00:00", "meta": {"OBJECT_NAME": "STARLINK-36523", "OBJECT_ID": "2026-008R", "EPOCH": "2026-02-01T12:00:01.999296", "MEAN_MOTION": 15.75031915, "ECCENTRICITY": 0.0001646, "INCLINATION": 43.0001, "RA_OF_ASC_NODE": 53.0598, "ARG_OF_PERICENTER": 273.2595, "MEAN_ANOMALY": 241.1945, "EPHEMERIS_TYPE": 0, "CLASSIFICATION_TYPE": "U", "NORAD_CAT_ID": 67460, "ELEMENT_SET_NO": 999, "REV_AT_EPOCH": 399, "BSTAR": 0.00010885, "MEAN_MOTION_DOT": 0.0001627, "MEAN_MOTION_DDOT": 0}, "tle": {"line1": "1 67460U 26008R   26032.50002314  .00016270  00000+0  10885-3 0  9997", "line2": "2 67460  43.0001  53.0598 0001646 273.2595 241.1945 15.75031915  3997"}}, "geometry": {"type": "Point", "coordinates": [126.77676066028437, 42.29282492764354]}}, {"type": "Feature", "properties": {"norad_id": 67461, "name": "STARLINK-36522", "group": "last-30-days", "lat": 42.32276634342765, "lon": 127.04858840247933, "alt_km": 344.06183520523336, "timestamp": "2026-02-02T02:54:29.439589+00:00", "meta": {"OBJECT_NAME": "STARLINK-36522", "OBJECT_ID": "2026-008S", "EPOCH": "2026-02-01T12:00:01.999296", "MEAN_MOTION": 15.75439429, "ECCENTRICITY": 0.0001037, "INCLINATION": 43.0003, "RA_OF_ASC_NODE": 53.0553, "ARG_OF_PERICENTER": 278.5684, "MEAN_ANOMALY": 237.7489, "EPHEMERIS_TYPE": 0, "CLASSIFICATION_TYPE": "U", "NORAD_CAT_ID": 67461, "ELEMENT_SET_NO": 999, "REV_AT_EPOCH": 397, "BSTAR": -0.01213, "MEAN_MOTION_DOT": -0.01678493, "MEAN_MOTION_DDOT": 0}, "tle": {"line1": "1 67461U 26008S   26032.50002314 -.01678493  00000+0 -12130-1 0  9995", "line2": "2 67461  43.0003  53.0553 0001037 278.5684 237.7489 15.75439429  3976"}}, "geometry": {"type": "Point", "coordinates": [127.04858840247933, 42.32276634342765]}}, {"type": "Feature", "properties": {"norad_id": 67462, "name": "STARLINK-36504", "group": "last-30-days", "lat": 42.743761920510124, "lon": 131.93296927461148, "alt_km": 338.5815420986819, "timestamp": "2026-02-02T02:54:29.439599+00:00", "meta": {"OBJECT_NAME": "STARLINK-36504", "OBJECT_ID": "2026-008T", "EPOCH": "2026-02-01T12:00:01.999296", "MEAN_MOTION": 15.75038098, "ECCENTRICITY": 0.0001428, "INCLINATION": 43.0002, "RA_OF_ASC_NODE": 53.0501, "ARG_OF_PERICENTER": 282.7081, "MEAN_ANOMALY": 235.5761, "EPHEMERIS_TYPE": 0, "CLASSIFICATION_TYPE": "U", "NORAD_CAT_ID": 67462, "ELEMENT_SET_NO": 999, "REV_AT_EPOCH": 399, "BSTAR": 3.1128e-05, "MEAN_MOTION_DOT": 4.306e-05, "MEAN_MOTION_DDOT": 0}, "tle": {"line1": "1 67462U 26008T   26032.50002314  .00004306  00000+0  31128-4 0  9990", "line2": "2 67462  43.0002  53.0501 0001428 282.7081 235.5761 15.75038098  3999"}}, "geometry": {"type": "Point", "coordinates": [131.93296927461148, 42.743761920510124]}}, {"type": "Feature", "properties": {"norad_id": 67463, "name": "STARLINK-36505", "group": "last-30-days", "lat": 42.88168911634119, "lon": 134.54514920810365, "alt_km": 338.6388129309007, "timestamp": "2026-02-02T02:54:29.439609+00:00", "meta": {"OBJECT_NAME": "STARLINK-36505", "OBJECT_ID": "2026-008U", "EPOCH": "2026-02-01T12:00:01.999296", "MEAN_MOTION": 15.75038036, "ECCENTRICITY": 0.0001539, "INCLINATION": 43.0001, "RA_OF_ASC_NODE": 53.046, "ARG_OF_PERICENTER": 280.3301, "MEAN_ANOMALY": 239.8699, "EPHEMERIS_TYPE": 0, "CLASSIFICATION_TYPE": "U", "NORAD_CAT_ID": 67463, "ELEMENT_SET_NO": 999, "REV_AT_EPOCH": 397, "BSTAR": 6.1621e-05, "MEAN_MOTION_DOT": 8.998e-05, "MEAN_MOTION_DDOT": 0}, "tle": {"line1": "1 67463U 26008U   26032.50002314  .00008998  00000+0  61621-4 0  9993", "line2": "2 67463  43.0001  53.0460 0001539 280.3301 239.8699 15.75038036  3972"}}, "geometry": {"type": "Point", "coordinates": [134.54514920810365, 42.88168911634119]}}, {"type": "Feature", "properties": {"norad_id": 67464, "name": "STARLINK-36421", "group": "last-30-days", "lat": 42.879151384217884, "lon": 134.4810477404755, "alt_km": 344.81310534180466, "timestamp": "2026-02-02T02:54:29.439619+00:00", "meta": {"OBJECT_NAME": "STARLINK-36421", "OBJECT_ID": "2026-008V", "EPOCH": "2026-02-01T12:00:01.999296", "MEAN_MOTION": 15.75416266, "ECCENTRICITY": 0.0001273, "INCLINATION": 43.0002, "RA_OF_ASC_NODE": 53.0412, "ARG_OF_PERICENTER": 274.1474, "MEAN_ANOMALY": 247.9274, "EPHEMERIS_TYPE": 0, "CLASSIFICATION_TYPE": "U", "NORAD_CAT_ID": 67464, "ELEMENT_SET_NO": 999, "REV_AT_EPOCH": 397, "BSTAR": -0.013145, "MEAN_MOTION_DOT": -0.01800028, "MEAN_MOTION_DDOT": 0}, "tle": {"line1": "1 67464U 26008V   26032.50002314 -.01800028  00000+0 -13145-1 0  9996", "line2": "2 67464  43.0002  53.0412 0001273 274.1474 247.9274 15.75416266  3972"}}, "geometry": {"type": "Point", "coordinates": [134.4810477404755, 42.879151384217884]}}, {"type": "Feature", "properties": {"norad_id": 67465, "name": "STARLINK-36437", "group": "last-30-days", "lat": 42.97831559545562, "lon": 139.74786074919396, "alt_km": 338.7458567173717, "timestamp": "2026-02-02T02:54:29.439629+00:00", "meta": {"OBJECT_NAME": "STARLINK-36437", "OBJECT_ID": "2026-008W", "EPOCH": "2026-02-01T12:00:01.999296", "MEAN_MOTION": 15.75039358, "ECCENTRICITY": 0.0001555, "INCLINATION": 43.0002, "RA_OF_ASC_NODE": 53.0355, "ARG_OF_PERICENTER": 271.2133, "MEAN_ANOMALY": 252.8249, "EPHEMERIS_TYPE": 0, "CLASSIFICATION_TYPE": "U", "NORAD_CAT_ID": 67465, "ELEMENT_SET_NO": 999, "REV_AT_EPOCH": 397, "BSTAR": -5.5464e-05, "MEAN_MOTION_DOT": -8.988e-05, "MEAN_MOTION_DDOT": 0}, "tle": {"line1": "1 67465U 26008W   26032.50002314 -.00008988  00000+0 -55464-4 0  9994", "line2": "2 67465  43.0002  53.0355 0001555 271.2133 252.8249 15.75039358  3972"}}, "geometry": {"type": "Point", "coordinates": [139.74786074919396, 42.97831559545562]}}, {"type": "Feature", "properties": {"norad_id": 67466, "name": "STARLINK-36520", "group": "last-30-days", "lat": 42.93702918785954, "lon": 142.36322576709316, "alt_km": 338.77072095165386, "timestamp": "2026-02-02T02:54:29.439639+00:00", "meta": {"OBJECT_NAME": "STARLINK-36520", "OBJECT_ID": "2026-008X", "EPOCH": "2026-02-01T12:00:01.999296", "MEAN_MOTION": 15.75020456, "ECCENTRICITY": 0.0001642, "INCLINATION": 42.9998, "RA_OF_ASC_NODE": 53.0307, "ARG_OF_PERICENTER": 270.344, "MEAN_ANOMALY": 255.6169, "EPHEMERIS_TYPE": 0, "CLASSIFICATION_TYPE": "U", "NORAD_CAT_ID": 67466, "ELEMENT_SET_NO": 999, "REV_AT_EPOCH": 397, "BSTAR": 0.00011158, "MEAN_MOTION_DOT": 0.00016683, "MEAN_MOTION_DDOT": 0}, "tle": {"line1": "1 67466U 26008X   26032.50002314  .00016683  00000+0  11158-3 0  9995", "line2": "2 67466  42.9998  53.0307 0001642 270.3440 255.6169 15.75020456  3971"}}, "geometry": {"type": "Point", "coordinates": [142.36322576709316, 42.93702918785954]}}, {"type": "Feature", "properties": {"norad_id": 67467, "name": "STARLINK-36425", "group": "last-30-days", "lat": 42.1907056393144, "lon": 125.88980375181804, "alt_km": 355.639982500471, "timestamp": "2026-02-02T02:54:29.439649+00:00", "meta": {"OBJECT_NAME": "STARLINK-36425", "OBJECT_ID": "2026-008Y", "EPOCH": "2026-02-01T12:00:01.999296", "MEAN_MOTION": 15.71897553, "ECCENTRICITY": 9.69e-05, "INCLINATION": 42.9996, "RA_OF_ASC_NODE": 53.0356, "ARG_OF_PERICENTER": 279.7002, "MEAN_ANOMALY": 244.2426, "EPHEMERIS_TYPE": 0, "CLASSIFICATION_TYPE": "U", "NORAD_CAT_ID": 67467, "ELEMENT_SET_NO": 999, "REV_AT_EPOCH": 397, "BSTAR": -0.017272, "MEAN_MOTION_DOT": -0.0203907, "MEAN_MOTION_DDOT": 0}, "tle": {"line1": "1 67467U 26008Y   26032.50002314 -.02039070  00000+0 -17272-1 0  9996", "line2": "2 67467  42.9996  53.0356 0000969 279.7002 244.2426 15.71897553  3978"}}, "geometry": {"type": "Point", "coordinates": [125.88980375181804, 42.1907056393144]}}, {"type": "Feature", "properties": {"norad_id": 67468, "name": "STARLINK-36414", "group": "last-30-days", "lat": -15.138322615898206, "lon": -114.13820871964573, "alt_km": 345.7892671950667, "timestamp": "2026-02-02T02:54:29.439661+00:00", "meta": {"OBJECT_NAME": "STARLINK-36414", "OBJECT_ID": "2026-008Z", "EPOCH": "2026-02-01T12:00:01.999296", "MEAN_MOTION": 15.75044505, "ECCENTRICITY": 0.0001767, "INCLINATION": 43.0004, "RA_OF_ASC_NODE": 52.7538, "ARG_OF_PERICENTER": 279.1995, "MEAN_ANOMALY": 356.914, "EPHEMERIS_TYPE": 0, "CLASSIFICATION_TYPE": "U", "NORAD_CAT_ID": 67468, "ELEMENT_SET_NO": 999, "REV_AT_EPOCH": 397, "BSTAR": 5.6734e-05, "MEAN_MOTION_DOT": 8.248e-05, "MEAN_MOTION_DDOT": 0}, "tle": {"line1": "1 67468U 26008Z   26032.50002314  .00008248  00000+0  56734-4 0  9995", "line2": "2 67468  43.0004  52.7538 0001767 279.1995 356.9140 15.75044505  3970"}}, "geometry": {"type": "Point", "coordinates": [-114.13820871964573, -15.138322615898206]}}, {"type": "Feature", "properties": {"norad_id": 67469, "name": "STARLINK-36441", "group": "last-30-days", "lat": -15.608225499213015, "lon": -113.57277250509992, "alt_km": 353.0534185554279, "timestamp": "2026-02-02T02:54:29.439672+00:00", "meta": {"OBJECT_NAME": "STARLINK-36441", "OBJECT_ID": "2026-008AA", "EPOCH": "2026-02-01T12:00:01.999296", "MEAN_MOTION": 15.75020795, "ECCENTRICITY": 0.0001704, "INCLINATION": 43.0002, "RA_OF_ASC_NODE": 52.7434, "ARG_OF_PERICENTER": 258.7805, "MEAN_ANOMALY": 21.1758, "EPHEMERIS_TYPE": 0, "CLASSIFICATION_TYPE": "U", "NORAD_CAT_ID": 67469, "ELEMENT_SET_NO": 999, "REV_AT_EPOCH": 397, "BSTAR": -0.014866, "MEAN_MOTION_DOT": -0.02014645, "MEAN_MOTION_DDOT": 0}, "tle": {"line1": "1 67469U 26008AA  26032.50002314 -.02014645  00000+0 -14866-1 0  9995", "line2": "2 67469  43.0002  52.7434 0001704 258.7805  21.1758 15.75020795  3979"}}, "geometry": {"type": "Point", "coordinates": [-113.57277250509992, -15.608225499213015]}}, {"type": "Feature", "properties": {"norad_id": 67470, "name": "STARLINK-36454", "group": "last-30-days", "lat": -18.755234397678983, "lon": -109.66112387484476, "alt_km": 346.65001951423073, "timestamp": "2026-02-02T02:54:29.439682+00:00", "meta": {"OBJECT_NAME": "STARLINK-36454", "OBJECT_ID": "2026-008AB", "EPOCH": "2026-02-01T12:00:01.999296", "MEAN_MOTION": 15.75073539, "ECCENTRICITY": 0.0001613, "INCLINATION": 43.0003, "RA_OF_ASC_NODE": 52.7378, "ARG_OF_PERICENTER": 287.9795, "MEAN_ANOMALY": 353.8919, "EPHEMERIS_TYPE": 0, "CLASSIFICATION_TYPE": "U", "NORAD_CAT_ID": 67470, "ELEMENT_SET_NO": 999, "REV_AT_EPOCH": 397, "BSTAR": -0.00090134, "MEAN_MOTION_DOT": -0.00136918, "MEAN_MOTION_DDOT": 0}, "tle": {"line1": "1 67470U 26008AB  26032.50002314 -.00136918  00000+0 -90134-3 0  9997", "line2": "2 67470  43.0003  52.7378 0001613 287.9795 353.8919 15.75073539  3978"}}, "geometry": {"type": "Point", "coordinates": [-109.66112387484476, -18.755234397678983]}}, {"type": "Feature", "properties": {"norad_id": 67471, "name": "STARLINK-36334", "group": "last-30-days", "lat": -16.37769894255467, "lon": -112.63674013238864, "alt_km": 346.0879347667742, "timestamp": "2026-02-02T02:54:29.439695+00:00", "meta": {"OBJECT_NAME": "STARLINK-36334", "OBJECT_ID": "2026-008AC", "EPOCH": "2026-02-01T12:00:01.999296", "MEAN_MOTION": 15.75074159, "ECCENTRICITY": 7.9e-05, "INCLINATION": 43.0004, "RA_OF_ASC_NODE": 52.7484, "ARG_OF_PERICENTER": 274.244, "MEAN_ANOMALY": 3.789, "EPHEMERIS_TYPE": 0, "CLASSIFICATION_TYPE": "U", "NORAD_CAT_ID": 67471, "ELEMENT_SET_NO": 999, "REV_AT_EPOCH": 397, "BSTAR": -0.00035714, "MEAN_MOTION_DOT": -0.0005506, "MEAN_MOTION_DDOT": 0}, "tle": {"line1": "1 67471U 26008AC  26032.50002314 -.00055060  00000+0 -35714-3 0  9999", "line2": "2 67471  43.0004  52.7484 0000790 274.2440   3.7890 15.75074159  3977"}}, "geometry": {"type": "Point", "coordinates": [-112.63674013238864, -16.37769894255467]}}, {"type": "Feature", "properties": {"norad_id": 67472, "name": "STARLINK-36269", "group": "last-30-days", "lat": -20.06298437030338, "lon": -107.96245912074454, "alt_km": 346.0019191779893, "timestamp": "2026-02-02T02:54:29.439705+00:00", "meta": {"OBJECT_NAME": "STARLINK-36269", "OBJECT_ID": "2026-008AD", "EPOCH": "2026-02-01T12:00:01.999296", "MEAN_MOTION": 15.74995699, "ECCENTRICITY": 0.0001289, "INCLINATION": 43.0001, "RA_OF_ASC_NODE": 52.7323, "ARG_OF_PERICENTER": 277.7263, "MEAN_ANOMALY": 6.0695, "EPHEMERIS_TYPE": 0, "CLASSIFICATION_TYPE": "U", "NORAD_CAT_ID": 67472, "ELEMENT_SET_NO": 999, "REV_AT_EPOCH": 399, "BSTAR": 0.0005912, "MEAN_MOTION_DOT": 0.00091148, "MEAN_MOTION_DDOT": 0}, "tle": {"line1": "1 67472U 26008AD  26032.50002314  .00091148  00000+0  59120-3 0  9992", "line2": "2 67472  43.0001  52.7323 0001289 277.7263   6.0695 15.74995699  3993"}}, "geometry": {"type": "Point", "coordinates": [-107.96245912074454, -20.06298437030338]}}, {"type": "Feature", "properties": {"norad_id": 67473, "name": "STARLINK-36408", "group": "last-30-days", "lat": -21.445512321322845, "lon": -106.1100797147124, "alt_km": 350.88125976049014, "timestamp": "2026-02-02T02:54:29.439741+00:00", "meta": {"OBJECT_NAME": "STARLINK-36408", "OBJECT_ID": "2026-008AE", "EPOCH": "2026-02-01T12:00:01.999296", "MEAN_MOTION": 15.75447282, "ECCENTRICITY": 0.0001502, "INCLINATION": 43.0001, "RA_OF_ASC_NODE": 52.7231, "ARG_OF_PERICENTER": 264.2602, "MEAN_ANOMALY": 23.311, "EPHEMERIS_TYPE": 0, "CLASSIFICATION_TYPE": "U", "NORAD_CAT_ID": 67473, "ELEMENT_SET_NO": 999, "REV_AT_EPOCH": 399, "BSTAR": -0.011548, "MEAN_MOTION_DOT": -0.01607613, "MEAN_MOTION_DDOT": 0}, "tle": {"line1": "1 67473U 26008AE  26032.50002314 -.01607613  00000+0 -11548-1 0  9996", "line2": "2 67473  43.0001  52.7231 0001502 264.2602  23.3110 15.75447282  3993"}}, "geometry": {"type": "Point", "coordinates": [-106.1100797147124, -21.445512321322845]}}, {"type": "Feature", "properties": {"norad_id": 67474, "name": "ALSAT-3A", "group": "last-30-days", "lat": -51.52998429855829, "lon": -81.69216317277463, "alt_km": 496.44744827574505, "timestamp": "2026-02-02T02:54:29.439752+00:00", "meta": {"OBJECT_NAME": "ALSAT-3A", "OBJECT_ID": "2026-009A", "EPOCH": "2026-02-01T10:07:39.221472", "MEAN_MOTION": 15.23320469, "ECCENTRICITY": 0.0011871, "INCLINATION": 97.4699, "RA_OF_ASC_NODE": 107.1169, "ARG_OF_PERICENTER": 195.5489, "MEAN_ANOMALY": 164.5385, "EPHEMERIS_TYPE": 0, "CLASSIFICATION_TYPE": "U", "NORAD_CAT_ID": 67474, "ELEMENT_SET_NO": 999, "REV_AT_EPOCH": 260, "BSTAR": 0.00028137, "MEAN_MOTION_DOT": 6.62e-05, "MEAN_MOTION_DDOT": 0}, "tle": {"line1": "1 67474U 26009A   26032.42198173  .00006620  00000+0  28137-3 0  9990", "line2": "2 67474  97.4699 107.1169 0011871 195.5489 164.5385 15.23320469  2603"}}, "geometry": {"type": "Point", "coordinates": [-81.69216317277463, -51.52998429855829]}}, {"type": "Feature", "properties": {"norad_id": 67475, "name": "CZ-2C R/B", "group": "last-30-days", "lat": 0.10914777705215666, "lon": 106.26632820764812, "alt_km": 625.6622749214957, "timestamp": "2026-02-02T02:54:29.439763+00:00", "meta": {"OBJECT_NAME": "CZ-2C R/B", "OBJECT_ID": "2026-009B", "EPOCH": "2026-02-01T09:19:56.125056", "MEAN_MOTION": 15.0306449, "ECCENTRICITY": 0.009989, "INCLINATION": 97.1787, "RA_OF_ASC_NODE": 105.601, "ARG_OF_PERICENTER": 163.0607, "MEAN_ANOMALY": 197.3995, "EPHEMERIS_TYPE": 0, "CLASSIFICATION_TYPE": "U", "NORAD_CAT_ID": 67475, "ELEMENT_SET_NO": 999, "REV_AT_EPOCH": 262, "BSTAR": 0.00023668, "MEAN_MOTION_DOT": 3.497e-05, "MEAN_MOTION_DDOT": 0}, "tle": {"line1": "1 67475U 26009B   26032.38884404  .00003497  00000+0  23668-3 0  9998", "line2": "2 67475  97.1787 105.6010 0099890 163.0607 197.3995 15.03064490  2626"}}, "geometry": {"type": "Point", "coordinates": [106.26632820764812, 0.10914777705215666]}}, {"type": "Feature", "properties": {"norad_id": 67476, "name": "TIANQI-37", "group": "last-30-days", "lat": -25.534631611792427, "lon": -63.87059855830955, "alt_km": 847.6906225335078, "timestamp": "2026-02-02T02:54:29.439779+00:00", "meta": {"OBJECT_NAME": "TIANQI-37", "OBJECT_ID": "2026-010A", "EPOCH": "2026-02-01T06:43:47.091360", "MEAN_MOTION": 14.13520787, "ECCENTRICITY": 0.0013142, "INCLINATION": 44.9835, "RA_OF_ASC_NODE": 328.5358, "ARG_OF_PERICENTER": 34.4104, "MEAN_ANOMALY": 325.7583, "EPHEMERIS_TYPE": 0, "CLASSIFICATION_TYPE": "U", "NORAD_CAT_ID": 67476, "ELEMENT_SET_NO": 999, "REV_AT_EPOCH": 233, "BSTAR": 0.00031428, "MEAN_MOTION_DOT": 4.63e-06, "MEAN_MOTION_DDOT": 0}, "tle": {"line1": "1 67476U 26010A   26032.28040615  .00000463  00000+0  31428-3 0  9991", "line2": "2 67476  44.9835 328.5358 0013142  34.4104 325.7583 14.13520787  2335"}}, "geometry": {"type": "Point", "coordinates": [-63.87059855830955, -25.534631611792427]}}, {"type": "Feature", "properties": {"norad_id": 67477, "name": "TIANQI-38", "group": "last-30-days", "lat": -16.304593437059843, "lon": -52.36243080678815, "alt_km": 844.55118909046, "timestamp": "2026-02-02T02:54:29.439790+00:00", "meta": {"OBJECT_NAME": "TIANQI-38", "OBJECT_ID": "2026-010B", "EPOCH": "2026-02-01T06:40:06.279744", "MEAN_MOTION": 14.13897809, "ECCENTRICITY": 0.0011912, "INCLINATION": 44.9797, "RA_OF_ASC_NODE": 328.5158, "ARG_OF_PERICENTER": 39.6294, "MEAN_ANOMALY": 320.5413, "EPHEMERIS_TYPE": 0, "CLASSIFICATION_TYPE": "U", "NORAD_CAT_ID": 67477, "ELEMENT_SET_NO": 999, "REV_AT_EPOCH": 233, "BSTAR": 0.00034403, "MEAN_MOTION_DOT": 5.24e-06, "MEAN_MOTION_DDOT": 0}, "tle": {"line1": "1 67477U 26010B   26032.27785046  .00000524  00000+0  34403-3 0  9999", "line2": "2 67477  44.9797 328.5158 0011912  39.6294 320.5413 14.13897809  2338"}}, "geometry": {"type": "Point", "coordinates": [-52.36243080678815, -16.304593437059843]}}, {"type": "Feature", "properties": {"norad_id": 67478, "name": "TIANQI-39", "group": "last-30-days", "lat": -19.236357594188828, "lon": -55.76629385976876, "alt_km": 847.1670435388014, "timestamp": "2026-02-02T02:54:29.439800+00:00", "meta": {"OBJECT_NAME": "TIANQI-39", "OBJECT_ID": "2026-010C", "EPOCH": "2026-01-30T08:53:02.103072", "MEAN_MOTION": 14.13517056, "ECCENTRICITY": 0.0014472, "INCLINATION": 44.9851, "RA_OF_ASC_NODE": 337.2202, "ARG_OF_PERICENTER": 36.2785, "MEAN_ANOMALY": 323.9032, "EPHEMERIS_TYPE": 0, "CLASSIFICATION_TYPE": "U", "NORAD_CAT_ID": 67478, "ELEMENT_SET_NO": 999, "REV_AT_EPOCH": 206, "BSTAR": 0.00025056, "MEAN_MOTION_DOT": 3.42e-06, "MEAN_MOTION_DDOT": 0}, "tle": {"line1": "1 67478U 26010C   26030.37016323  .00000342  00000+0  25056-3 0  9996", "line2": "2 67478  44.9851 337.2202 0014472  36.2785 323.9032 14.13517056  2066"}}, "geometry": {"type": "Point", "coordinates": [-55.76629385976876, -19.236357594188828]}}, {"type": "Feature", "properties": {"norad_id": 67479, "name": "TIANQI-40", "group": "last-30-days", "lat": -13.897167143141541, "lon": -49.67940601018928, "alt_km": 842.9602936870679, "timestamp": "2026-02-02T02:54:29.439810+00:00", "meta": {"OBJECT_NAME": "TIANQI-40", "OBJECT_ID": "2026-010D", "EPOCH": "2026-01-28T21:15:30.566880", "MEAN_MOTION": 14.13986611, "ECCENTRICITY": 0.0013061, "INCLINATION": 44.9851, "RA_OF_ASC_NODE": 343.9821, "ARG_OF_PERICENTER": 21.9564, "MEAN_ANOMALY": 338.1832, "EPHEMERIS_TYPE": 0, "CLASSIFICATION_TYPE": "U", "NORAD_CAT_ID": 67479, "ELEMENT_SET_NO": 999, "REV_AT_EPOCH": 185, "BSTAR": 0.00023704672, "MEAN_MOTION_DOT": 3.2e-06, "MEAN_MOTION_DDOT": 0}, "tle": {"line1": "1 67479U 26010D   26028.88577045  .00000320  00000+0  23705-3 0  9998", "line2": "2 67479  44.9851 343.9821 0013061  21.9564 338.1832 14.13986611  1856"}}, "geometry": {"type": "Point", "coordinates": [-49.67940601018928, -13.897167143141541]}}, {"type": "Feature", "properties": {"norad_id": 67481, "name": "SZ-20 MODULE", "group": "last-30-days", "lat": 40.696277359527734, "lon": 140.9534545468953, "alt_km": 370.5829149241672, "timestamp": "2026-02-02T02:54:29.439820+00:00", "meta": {"OBJECT_NAME": "SZ-20 MODULE", "OBJECT_ID": "2025-082C", "EPOCH": "2026-02-01T11:13:27.743808", "MEAN_MOTION": 15.62137554, "ECCENTRICITY": 0.0006239, "INCLINATION": 41.479, "RA_OF_ASC_NODE": 68.159, "ARG_OF_PERICENTER": 67.3451, "MEAN_ANOMALY": 292.8048, "EPHEMERIS_TYPE": 0, "CLASSIFICATION_TYPE": "U", "NORAD_CAT_ID": 67481, "ELEMENT_SET_NO": 999, "REV_AT_EPOCH": 27195, "BSTAR": 0.00021112, "MEAN_MOTION_DOT": 0.00018784, "MEAN_MOTION_DDOT": 0}, "tle": {"line1": "1 67481U 25082C   26032.46768222  .00018784  00000+0  21112-3 0  9990", "line2": "2 67481  41.4790  68.1590 0006239  67.3451 292.8048 15.62137554271954"}}, "geometry": {"type": "Point", "coordinates": [140.9534545468953, 40.696277359527734]}}, {"type": "Feature", "properties": {"norad_id": 67483, "name": "ION SCV-021", "group": "last-30-days", "lat": 21.37136483783572, "lon": 105.5004724061411, "alt_km": 582.5004392495648, "timestamp": "2026-02-02T02:54:29.439830+00:00", "meta": {"OBJECT_NAME": "ION SCV-021", "OBJECT_ID": "2025-276DT", "EPOCH": "2026-02-01T04:21:31.098816", "MEAN_MOTION": 14.97373888, "ECCENTRICITY": 0.00112231, "INCLINATION": 97.5407, "RA_OF_ASC_NODE": 107.5651, "ARG_OF_PERICENTER": 218.6312, "MEAN_ANOMALY": 141.4108, "EPHEMERIS_TYPE": 0, "CLASSIFICATION_TYPE": "U", "NORAD_CAT_ID": 67483, "ELEMENT_SET_NO": 999, "REV_AT_EPOCH": 225, "BSTAR": 4.3240723e-05, "MEAN_MOTION_DOT": 4.47e-06, "MEAN_MOTION_DDOT": 0}, "tle": {"line1": "1 67483U 25276DT  26032.18160994  .00000447  00000+0  43241-4 0  9993", "line2": "2 67483  97.5407 107.5651 0011223 218.6312 141.4108 14.97373888  2255"}}, "geometry": {"type": "Point", "coordinates": [105.5004724061411, 21.37136483783572]}}, {"type": "Feature", "properties": {"norad_id": 67493, "name": "STARLINK-36551", "group": "last-30-days", "lat": -0.01915617116805988, "lon": 159.4970989167061, "alt_km": 321.7581221293349, "timestamp": "2026-02-02T02:54:29.439841+00:00", "meta": {"OBJECT_NAME": "STARLINK-36551", "OBJECT_ID": "2026-012A", "EPOCH": "2026-02-01T12:00:01.999296", "MEAN_MOTION": 15.85300924, "ECCENTRICITY": 0.0001204, "INCLINATION": 42.9966, "RA_OF_ASC_NODE": 163.3377, "ARG_OF_PERICENTER": 280.846, "MEAN_ANOMALY": 132.5882, "EPHEMERIS_TYPE": 0, "CLASSIFICATION_TYPE": "U", "NORAD_CAT_ID": 67493, "ELEMENT_SET_NO": 999, "REV_AT_EPOCH": 325, "BSTAR": -0.0082865, "MEAN_MOTION_DOT": -0.01760739, "MEAN_MOTION_DDOT": 0}, "tle": {"line1": "1 67493U 26012A   26032.50002314 -.01760739  00000+0 -82865-2 0  9993", "line2": "2 67493  42.9966 163.3377 0001204 280.8460 132.5882 15.85300924  3258"}}, "geometry": {"type": "Point", "coordinates": [159.4970989167061, -0.01915617116805988]}}, {"type": "Feature", "properties": {"norad_id": 67494, "name": "STARLINK-36396", "group": "last-30-days", "lat": -7.688950971275073, "lon": 151.21462682426065, "alt_km": 331.48776745376745, "timestamp": "2026-02-02T02:54:29.439851+00:00", "meta": {"OBJECT_NAME": "STARLINK-36396", "OBJECT_ID": "2026-012B", "EPOCH": "2026-02-01T12:00:01.999296", "MEAN_MOTION": 15.82934259, "ECCENTRICITY": 0.0001474, "INCLINATION": 42.9964, "RA_OF_ASC_NODE": 163.3503, "ARG_OF_PERICENTER": 282.18, "MEAN_ANOMALY": 126.2829, "EPHEMERIS_TYPE": 0, "CLASSIFICATION_TYPE": "U", "NORAD_CAT_ID": 67494, "ELEMENT_SET_NO": 999, "REV_AT_EPOCH": 325, "BSTAR": -0.012899, "MEAN_MOTION_DOT": -0.02442924, "MEAN_MOTION_DDOT": 0}, "tle": {"line1": "1 67494U 26012B   26032.50002314 -.02442924  00000+0 -12899-1 0  9997", "line2": "2 67494  42.9964 163.3503 0001474 282.1800 126.2829 15.82934259  3252"}}, "geometry": {"type": "Point", "coordinates": [151.21462682426065, -7.688950971275073]}}, {"type": "Feature", "properties": {"norad_id": 67495, "name": "STARLINK-36550", "group": "last-30-days", "lat": 4.711105512372691, "lon": 164.57495737840216, "alt_km": 320.7023777676068, "timestamp": "2026-02-02T02:54:29.439863+00:00", "meta": {"OBJECT_NAME": "STARLINK-36550", "OBJECT_ID": "2026-012C", "EPOCH": "2026-02-01T12:00:01.999296", "MEAN_MOTION": 15.85476454, "ECCENTRICITY": 0.0001412, "INCLINATION": 42.9963, "RA_OF_ASC_NODE": 163.3216, "ARG_OF_PERICENTER": 280.0064, "MEAN_ANOMALY": 139.9527, "EPHEMERIS_TYPE": 0, "CLASSIFICATION_TYPE": "U", "NORAD_CAT_ID": 67495, "ELEMENT_SET_NO": 999, "REV_AT_EPOCH": 325, "BSTAR": -0.0081385, "MEAN_MOTION_DOT": -0.01746845, "MEAN_MOTION_DDOT": 0}, "tle": {"line1": "1 67495U 26012C   26032.50002314 -.01746845  00000+0 -81385-2 0  9993", "line2": "2 67495  42.9963 163.3216 0001412 280.0064 139.9527 15.85476454  3251"}}, "geometry": {"type": "Point", "coordinates": [164.57495737840216, 4.711105512372691]}}, {"type": "Feature", "properties": {"norad_id": 67496, "name": "STARLINK-36534", "group": "last-30-days", "lat": 10.074836497381222, "lon": 170.47374981597275, "alt_km": 319.6308093493908, "timestamp": "2026-02-02T02:54:29.439874+00:00", "meta": {"OBJECT_NAME": "STARLINK-36534", "OBJECT_ID": "2026-012D", "EPOCH": "2026-02-01T12:00:01.999296", "MEAN_MOTION": 15.85685958, "ECCENTRICITY": 0.0001429, "INCLINATION": 42.9966, "RA_OF_ASC_NODE": 163.3027, "ARG_OF_PERICENTER": 275.6573, "MEAN_ANOMALY": 151.7698, "EPHEMERIS_TYPE": 0, "CLASSIFICATION_TYPE": "U", "NORAD_CAT_ID": 67496, "ELEMENT_SET_NO": 999, "REV_AT_EPOCH": 319, "BSTAR": -0.008031, "MEAN_MOTION_DOT": -0.017424, "MEAN_MOTION_DDOT": 0}, "tle": {"line1": "1 67496U 26012D   26032.50002314 -.01742400  00000+0 -80310-2 0  9994", "line2": "2 67496  42.9966 163.3027 0001429 275.6573 151.7698 15.85685958  3193"}}, "geometry": {"type": "Point", "coordinates": [170.47374981597275, 10.074836497381222]}}, {"type": "Feature", "properties": {"norad_id": 67497, "name": "STARLINK-36555", "group": "last-30-days", "lat": 7.10868163958983, "lon": 167.18381586182898, "alt_km": 320.1072008697238, "timestamp": "2026-02-02T02:54:29.439887+00:00", "meta": {"OBJECT_NAME": "STARLINK-36555", "OBJECT_ID": "2026-012E", "EPOCH": "2026-02-01T12:00:01.999296", "MEAN_MOTION": 15.85565564, "ECCENTRICITY": 0.0001563, "INCLINATION": 42.9965, "RA_OF_ASC_NODE": 163.3133, "ARG_OF_PERICENTER": 281.5487, "MEAN_ANOMALY": 141.7355, "EPHEMERIS_TYPE": 0, "CLASSIFICATION_TYPE": "U", "NORAD_CAT_ID": 67497, "ELEMENT_SET_NO": 999, "REV_AT_EPOCH": 325, "BSTAR": -0.0080682, "MEAN_MOTION_DOT": -0.01740582, "MEAN_MOTION_DDOT": 0}, "tle": {"line1": "1 67497U 26012E   26032.50002314 -.01740582  00000+0 -80682-2 0  9996", "line2": "2 67497  42.9965 163.3133 0001563 281.5487 141.7355 15.85565564  3256"}}, "geometry": {"type": "Point", "coordinates": [167.18381586182898, 7.10868163958983]}}, {"type": "Feature", "properties": {"norad_id": 67498, "name": "STARLINK-36081", "group": "last-30-days", "lat": 13.734517941084178, "lon": 174.67451571563063, "alt_km": 318.6768378098086, "timestamp": "2026-02-02T02:54:29.439898+00:00", "meta": {"OBJECT_NAME": "STARLINK-36081", "OBJECT_ID": "2026-012F", "EPOCH": "2026-02-01T12:00:01.999296", "MEAN_MOTION": 15.85831184, "ECCENTRICITY": 0.0001586, "INCLINATION": 42.9965, "RA_OF_ASC_NODE": 163.2896, "ARG_OF_PERICENTER": 279.3296, "MEAN_ANOMALY": 153.2716, "EPHEMERIS_TYPE": 0, "CLASSIFICATION_TYPE": "U", "NORAD_CAT_ID": 67498, "ELEMENT_SET_NO": 999, "REV_AT_EPOCH": 319, "BSTAR": -0.0079491, "MEAN_MOTION_DOT": -0.01737968, "MEAN_MOTION_DDOT": 0}, "tle": {"line1": "1 67498U 26012F   26032.50002314 -.01737968  00000+0 -79491-2 0  9997", "line2": "2 67498  42.9965 163.2896 0001586 279.3296 153.2716 15.85831184  3196"}}, "geometry": {"type": "Point", "coordinates": [174.67451571563063, 13.734517941084178]}}, {"type": "Feature", "properties": {"norad_id": 67499, "name": "STARLINK-36558", "group": "last-30-days", "lat": 15.556114586197655, "lon": 176.84411813056977, "alt_km": 318.2698405501869, "timestamp": "2026-02-02T02:54:29.439908+00:00", "meta": {"OBJECT_NAME": "STARLINK-36558", "OBJECT_ID": "2026-012G", "EPOCH": "2026-02-01T12:00:01.999296", "MEAN_MOTION": 15.85911996, "ECCENTRICITY": 0.0001346, "INCLINATION": 42.9965, "RA_OF_ASC_NODE": 163.2832, "ARG_OF_PERICENTER": 279.2934, "MEAN_ANOMALY": 155.9353, "EPHEMERIS_TYPE": 0, "CLASSIFICATION_TYPE": "U", "NORAD_CAT_ID": 67499, "ELEMENT_SET_NO": 999, "REV_AT_EPOCH": 325, "BSTAR": -0.0079899, "MEAN_MOTION_DOT": -0.01751372, "MEAN_MOTION_DDOT": 0}, "tle": {"line1": "1 67499U 26012G   26032.50002314 -.01751372  00000+0 -79899-2 0  9995", "line2": "2 67499  42.9965 163.2832 0001346 279.2934 155.9353 15.85911996  3252"}}, "geometry": {"type": "Point", "coordinates": [176.84411813056977, 15.556114586197655]}}, {"type": "Feature", "properties": {"norad_id": 67500, "name": "STARLINK-36557", "group": "last-30-days", "lat": 18.520053268335467, "lon": -179.48136895282218, "alt_km": 317.6385895781532, "timestamp": "2026-02-02T02:54:29.439951+00:00", "meta": {"OBJECT_NAME": "STARLINK-36557", "OBJECT_ID": "2026-012H", "EPOCH": "2026-02-01T12:00:01.999296", "MEAN_MOTION": 15.86035703, "ECCENTRICITY": 0.0001457, "INCLINATION": 42.9966, "RA_OF_ASC_NODE": 163.2713, "ARG_OF_PERICENTER": 276.0119, "MEAN_ANOMALY": 163.5281, "EPHEMERIS_TYPE": 0, "CLASSIFICATION_TYPE": "U", "NORAD_CAT_ID": 67500, "ELEMENT_SET_NO": 999, "REV_AT_EPOCH": 325, "BSTAR": -0.0079034, "MEAN_MOTION_DOT": -0.01744325, "MEAN_MOTION_DDOT": 0}, "tle": {"line1": "1 67500U 26012H   26032.50002314 -.01744325  00000+0 -79034-2 0  9999", "line2": "2 67500  42.9966 163.2713 0001457 276.0119 163.5281 15.86035703  3256"}}, "geometry": {"type": "Point", "coordinates": [-179.48136895282218, 18.520053268335467]}}, {"type": "Feature", "properties": {"norad_id": 67501, "name": "STARLINK-36433", "group": "last-30-days", "lat": 21.03702790425025, "lon": -176.18192790355, "alt_km": 316.9803661540727, "timestamp": "2026-02-02T02:54:29.439965+00:00", "meta": {"OBJECT_NAME": "STARLINK-36433", "OBJECT_ID": "2026-012J", "EPOCH": "2026-02-01T12:00:01.999296", "MEAN_MOTION": 15.86140192, "ECCENTRICITY": 0.0001406, "INCLINATION": 42.9966, "RA_OF_ASC_NODE": 163.2626, "ARG_OF_PERICENTER": 276.8141, "MEAN_ANOMALY": 166.4863, "EPHEMERIS_TYPE": 0, "CLASSIFICATION_TYPE": "U", "NORAD_CAT_ID": 67501, "ELEMENT_SET_NO": 999, "REV_AT_EPOCH": 325, "BSTAR": -0.0078444, "MEAN_MOTION_DOT": -0.01740812, "MEAN_MOTION_DDOT": 0}, "tle": {"line1": "1 67501U 26012J   26032.50002314 -.01740812  00000+0 -78444-2 0  9991", "line2": "2 67501  42.9966 163.2626 0001406 276.8141 166.4863 15.86140192  3254"}}, "geometry": {"type": "Point", "coordinates": [-176.18192790355, 21.03702790425025]}}, {"type": "Feature", "properties": {"norad_id": 67502, "name": "STARLINK-36554", "group": "last-30-days", "lat": 31.224853504368795, "lon": -160.02055530678692, "alt_km": 302.5361819314421, "timestamp": "2026-02-02T02:54:29.439979+00:00", "meta": {"OBJECT_NAME": "STARLINK-36554", "OBJECT_ID": "2026-012K", "EPOCH": "2026-01-31T12:59:37.999392", "MEAN_MOTION": 15.90127469, "ECCENTRICITY": 0.00023045, "INCLINATION": 42.9959, "RA_OF_ASC_NODE": 169.1781, "ARG_OF_PERICENTER": 283.2379, "MEAN_ANOMALY": 76.8239, "EPHEMERIS_TYPE": 0, "CLASSIFICATION_TYPE": "U", "NORAD_CAT_ID": 67502, "ELEMENT_SET_NO": 999, "REV_AT_EPOCH": 202, "BSTAR": -0.0018362903, "MEAN_MOTION_DOT": -0.0054208, "MEAN_MOTION_DDOT": 0}, "tle": {"line1": "1 67502U 26012K   26031.54141203 -.00542080  00000+0 -18363-2 0  9996", "line2": "2 67502  42.9959 169.1781 0002304 283.2379  76.8239 15.90127469  2029"}}, "geometry": {"type": "Point", "coordinates": [-160.02055530678692, 31.224853504368795]}}, {"type": "Feature", "properties": {"norad_id": 67503, "name": "STARLINK-36552", "group": "last-30-days", "lat": 26.09270471437664, "lon": -168.8731352596608, "alt_km": 315.6420557454758, "timestamp": "2026-02-02T02:54:29.439990+00:00", "meta": {"OBJECT_NAME": "STARLINK-36552", "OBJECT_ID": "2026-012L", "EPOCH": "2026-02-01T12:00:01.999296", "MEAN_MOTION": 15.86362294, "ECCENTRICITY": 0.0001495, "INCLINATION": 42.9966, "RA_OF_ASC_NODE": 163.2425, "ARG_OF_PERICENTER": 278.9564, "MEAN_ANOMALY": 172.2269, "EPHEMERIS_TYPE": 0, "CLASSIFICATION_TYPE": "U", "NORAD_CAT_ID": 67503, "ELEMENT_SET_NO": 999, "REV_AT_EPOCH": 325, "BSTAR": -0.0077115, "MEAN_MOTION_DOT": -0.01731851, "MEAN_MOTION_DDOT": 0}, "tle": {"line1": "1 67503U 26012L   26032.50002314 -.01731851  00000+0 -77115-2 0  9990", "line2": "2 67503  42.9966 163.2425 0001495 278.9564 172.2269 15.86362294  3257"}}, "geometry": {"type": "Point", "coordinates": [-168.8731352596608, 26.09270471437664]}}, {"type": "Feature", "properties": {"norad_id": 67504, "name": "STARLINK-36512", "group": "last-30-days", "lat": 28.938671774951295, "lon": -164.19548590904105, "alt_km": 314.72283910882015, "timestamp": "2026-02-02T02:54:29.440000+00:00", "meta": {"OBJECT_NAME": "STARLINK-36512", "OBJECT_ID": "2026-012M", "EPOCH": "2026-02-01T12:00:01.999296", "MEAN_MOTION": 15.86506023, "ECCENTRICITY": 0.000129, "INCLINATION": 42.9964, "RA_OF_ASC_NODE": 163.2303, "ARG_OF_PERICENTER": 282.9362, "MEAN_ANOMALY": 172.9688, "EPHEMERIS_TYPE": 0, "CLASSIFICATION_TYPE": "U", "NORAD_CAT_ID": 67504, "ELEMENT_SET_NO": 999, "REV_AT_EPOCH": 325, "BSTAR": -0.0076807, "MEAN_MOTION_DOT": -0.01736333, "MEAN_MOTION_DDOT": 0}, "tle": {"line1": "1 67504U 26012M   26032.50002314 -.01736333  00000+0 -76807-2 0  9998", "line2": "2 67504  42.9964 163.2303 0001290 282.9362 172.9688 15.86506023  3257"}}, "geometry": {"type": "Point", "coordinates": [-164.19548590904105, 28.938671774951295]}}, {"type": "Feature", "properties": {"norad_id": 67505, "name": "STARLINK-36545", "group": "last-30-days", "lat": 30.504607771474515, "lon": -161.38151283821227, "alt_km": 314.3731406312336, "timestamp": "2026-02-02T02:54:29.440010+00:00", "meta": {"OBJECT_NAME": "STARLINK-36545", "OBJECT_ID": "2026-012N", "EPOCH": "2026-02-01T12:00:01.999296", "MEAN_MOTION": 15.86579972, "ECCENTRICITY": 0.0001234, "INCLINATION": 42.9964, "RA_OF_ASC_NODE": 163.2233, "ARG_OF_PERICENTER": 279.4968, "MEAN_ANOMALY": 179.1473, "EPHEMERIS_TYPE": 0, "CLASSIFICATION_TYPE": "U", "NORAD_CAT_ID": 67505, "ELEMENT_SET_NO": 999, "REV_AT_EPOCH": 325, "BSTAR": -0.0076489, "MEAN_MOTION_DOT": -0.01735577, "MEAN_MOTION_DDOT": 0}, "tle": {"line1": "1 67505U 26012N   26032.50002314 -.01735577  00000+0 -76489-2 0  9994", "line2": "2 67505  42.9964 163.2233 0001234 279.4968 179.1473 15.86579972  3255"}}, "geometry": {"type": "Point", "coordinates": [-161.38151283821227, 30.504607771474515]}}, {"type": "Feature", "properties": {"norad_id": 67506, "name": "STARLINK-36553", "group": "last-30-days", "lat": 32.596857598215394, "lon": -157.27517845963868, "alt_km": 313.7813192721269, "timestamp": "2026-02-02T02:54:29.440020+00:00", "meta": {"OBJECT_NAME": "STARLINK-36553", "OBJECT_ID": "2026-012P", "EPOCH": "2026-02-01T12:00:01.999296", "MEAN_MOTION": 15.8669126, "ECCENTRICITY": 0.000125, "INCLINATION": 42.9968, "RA_OF_ASC_NODE": 163.2143, "ARG_OF_PERICENTER": 279.8862, "MEAN_ANOMALY": 182.5854, "EPHEMERIS_TYPE": 0, "CLASSIFICATION_TYPE": "U", "NORAD_CAT_ID": 67506, "ELEMENT_SET_NO": 999, "REV_AT_EPOCH": 325, "BSTAR": -0.0076003, "MEAN_MOTION_DOT": -0.01734344, "MEAN_MOTION_DDOT": 0}, "tle": {"line1": "1 67506U 26012P   26032.50002314 -.01734344  00000+0 -76003-2 0  9998", "line2": "2 67506  42.9968 163.2143 0001250 279.8862 182.5854 15.86691260  3251"}}, "geometry": {"type": "Point", "coordinates": [-157.27517845963868, 32.596857598215394]}}, {"type": "Feature", "properties": {"norad_id": 67507, "name": "STARLINK-36521", "group": "last-30-days", "lat": 35.00940970547232, "lon": -151.88161529934962, "alt_km": 313.2551239968343, "timestamp": "2026-02-02T02:54:29.440030+00:00", "meta": {"OBJECT_NAME": "STARLINK-36521", "OBJECT_ID": "2026-012Q", "EPOCH": "2026-02-01T12:00:01.999296", "MEAN_MOTION": 15.86827023, "ECCENTRICITY": 0.0001461, "INCLINATION": 42.9966, "RA_OF_ASC_NODE": 163.2019, "ARG_OF_PERICENTER": 274.6608, "MEAN_ANOMALY": 192.579, "EPHEMERIS_TYPE": 0, "CLASSIFICATION_TYPE": "U", "NORAD_CAT_ID": 67507, "ELEMENT_SET_NO": 999, "REV_AT_EPOCH": 325, "BSTAR": -0.0074892, "MEAN_MOTION_DOT": -0.0172273, "MEAN_MOTION_DDOT": 0}, "tle": {"line1": "1 67507U 26012Q   26032.50002314 -.01722730  00000+0 -74892-2 0  9999", "line2": "2 67507  42.9966 163.2019 0001461 274.6608 192.5790 15.86827023  3255"}}, "geometry": {"type": "Point", "coordinates": [-151.88161529934962, 35.00940970547232]}}, {"type": "Feature", "properties": {"norad_id": 67508, "name": "STARLINK-36526", "group": "last-30-days", "lat": 37.25541759656386, "lon": -145.9233761830785, "alt_km": 312.4333050128298, "timestamp": "2026-02-02T02:54:29.440040+00:00", "meta": {"OBJECT_NAME": "STARLINK-36526", "OBJECT_ID": "2026-012R", "EPOCH": "2026-02-01T12:00:01.999296", "MEAN_MOTION": 15.86978366, "ECCENTRICITY": 0.0001395, "INCLINATION": 42.9965, "RA_OF_ASC_NODE": 163.1893, "ARG_OF_PERICENTER": 279.5874, "MEAN_ANOMALY": 192.6314, "EPHEMERIS_TYPE": 0, "CLASSIFICATION_TYPE": "U", "NORAD_CAT_ID": 67508, "ELEMENT_SET_NO": 999, "REV_AT_EPOCH": 325, "BSTAR": -0.0074515, "MEAN_MOTION_DOT": -0.01726393, "MEAN_MOTION_DDOT": 0}, "tle": {"line1": "1 67508U 26012R   26032.50002314 -.01726393  00000+0 -74515-2 0  9991", "line2": "2 67508  42.9965 163.1893 0001395 279.5874 192.6314 15.86978366  3259"}}, "geometry": {"type": "Point", "coordinates": [-145.9233761830785, 37.25541759656386]}}, {"type": "Feature", "properties": {"norad_id": 67509, "name": "STARLINK-36541", "group": "last-30-days", "lat": 25.569395855300467, "lon": -169.68309474958414, "alt_km": 326.837328405938, "timestamp": "2026-02-02T02:54:29.440053+00:00", "meta": {"OBJECT_NAME": "STARLINK-36541", "OBJECT_ID": "2026-012S", "EPOCH": "2026-02-01T12:00:01.999296", "MEAN_MOTION": 15.83229034, "ECCENTRICITY": 0.0001308, "INCLINATION": 42.9967, "RA_OF_ASC_NODE": 163.2237, "ARG_OF_PERICENTER": 287.5046, "MEAN_ANOMALY": 170.8405, "EPHEMERIS_TYPE": 0, "CLASSIFICATION_TYPE": "U", "NORAD_CAT_ID": 67509, "ELEMENT_SET_NO": 999, "REV_AT_EPOCH": 319, "BSTAR": -0.012599, "MEAN_MOTION_DOT": -0.02423215, "MEAN_MOTION_DDOT": 0}, "tle": {"line1": "1 67509U 26012S   26032.50002314 -.02423215  00000+0 -12599-1 0  9993", "line2": "2 67509  42.9967 163.2237 0001308 287.5046 170.8405 15.83229034  3199"}}, "geometry": {"type": "Point", "coordinates": [-169.68309474958414, 25.569395855300467]}}, {"type": "Feature", "properties": {"norad_id": 67510, "name": "STARLINK-36549", "group": "last-30-days", "lat": 23.667311229901, "lon": -48.90979620093746, "alt_km": 308.2935815063838, "timestamp": "2026-02-02T02:54:29.440068+00:00", "meta": {"OBJECT_NAME": "STARLINK-36549", "OBJECT_ID": "2026-012T", "EPOCH": "2026-02-01T12:00:01.999296", "MEAN_MOTION": 15.89082757, "ECCENTRICITY": 0.0001153, "INCLINATION": 42.9955, "RA_OF_ASC_NODE": 162.9942, "ARG_OF_PERICENTER": 271.478, "MEAN_ANOMALY": 277.1362, "EPHEMERIS_TYPE": 0, "CLASSIFICATION_TYPE": "U", "NORAD_CAT_ID": 67510, "ELEMENT_SET_NO": 999, "REV_AT_EPOCH": 319, "BSTAR": -0.0064452, "MEAN_MOTION_DOT": -0.01669363, "MEAN_MOTION_DDOT": 0}, "tle": {"line1": "1 67510U 26012T   26032.50002314 -.01669363  00000+0 -64452-2 0  9996", "line2": "2 67510  42.9955 162.9942 0001153 271.4780 277.1362 15.89082757  3190"}}, "geometry": {"type": "Point", "coordinates": [-48.90979620093746, 23.667311229901]}}, {"type": "Feature", "properties": {"norad_id": 67511, "name": "STARLINK-36540", "group": "last-30-days", "lat": 28.667531843463554, "lon": -164.6637142717467, "alt_km": 325.9014739428012, "timestamp": "2026-02-02T02:54:29.440079+00:00", "meta": {"OBJECT_NAME": "STARLINK-36540", "OBJECT_ID": "2026-012U", "EPOCH": "2026-02-01T12:00:01.999296", "MEAN_MOTION": 15.83506898, "ECCENTRICITY": 0.0001396, "INCLINATION": 42.9966, "RA_OF_ASC_NODE": 163.2121, "ARG_OF_PERICENTER": 284.0968, "MEAN_ANOMALY": 179.1036, "EPHEMERIS_TYPE": 0, "CLASSIFICATION_TYPE": "U", "NORAD_CAT_ID": 67511, "ELEMENT_SET_NO": 999, "REV_AT_EPOCH": 325, "BSTAR": -0.012572, "MEAN_MOTION_DOT": -0.02446721, "MEAN_MOTION_DDOT": 0}, "tle": {"line1": "1 67511U 26012U   26032.50002314 -.02446721  00000+0 -12572-1 0  9994", "line2": "2 67511  42.9966 163.2121 0001396 284.0968 179.1036 15.83506898  3250"}}, "geometry": {"type": "Point", "coordinates": [-164.6637142717467, 28.667531843463554]}}, {"type": "Feature", "properties": {"norad_id": 67512, "name": "STARLINK-36538", "group": "last-30-days", "lat": 41.11447660114895, "lon": -131.15751627443376, "alt_km": 311.03143539608027, "timestamp": "2026-02-02T02:54:29.440089+00:00", "meta": {"OBJECT_NAME": "STARLINK-36538", "OBJECT_ID": "2026-012V", "EPOCH": "2026-02-01T12:00:01.999296", "MEAN_MOTION": 15.87309797, "ECCENTRICITY": 0.0001411, "INCLINATION": 42.9969, "RA_OF_ASC_NODE": 163.1604, "ARG_OF_PERICENTER": 280.926, "MEAN_ANOMALY": 202.6121, "EPHEMERIS_TYPE": 0, "CLASSIFICATION_TYPE": "U", "NORAD_CAT_ID": 67512, "ELEMENT_SET_NO": 999, "REV_AT_EPOCH": 325, "BSTAR": -0.0073115, "MEAN_MOTION_DOT": -0.01722894, "MEAN_MOTION_DDOT": 0}, "tle": {"line1": "1 67512U 26012V   26032.50002314 -.01722894  00000+0 -73115-2 0  9993", "line2": "2 67512  42.9969 163.1604 0001411 280.9260 202.6121 15.87309797  3257"}}, "geometry": {"type": "Point", "coordinates": [-131.15751627443376, 41.11447660114895]}}, {"type": "Feature", "properties": {"norad_id": 67513, "name": "STARLINK-36531", "group": "last-30-days", "lat": 41.96366144961316, "lon": -125.8531297851893, "alt_km": 310.5544610168072, "timestamp": "2026-02-02T02:54:29.440099+00:00", "meta": {"OBJECT_NAME": "STARLINK-36531", "OBJECT_ID": "2026-012W", "EPOCH": "2026-02-01T12:00:01.999296", "MEAN_MOTION": 15.87423069, "ECCENTRICITY": 0.0001268, "INCLINATION": 42.9971, "RA_OF_ASC_NODE": 163.1514, "ARG_OF_PERICENTER": 278.3731, "MEAN_ANOMALY": 208.9681, "EPHEMERIS_TYPE": 0, "CLASSIFICATION_TYPE": "U", "NORAD_CAT_ID": 67513, "ELEMENT_SET_NO": 999, "REV_AT_EPOCH": 319, "BSTAR": -0.0072513, "MEAN_MOTION_DOT": -0.01718921, "MEAN_MOTION_DDOT": 0}, "tle": {"line1": "1 67513U 26012W   26032.50002314 -.01718921  00000+0 -72513-2 0  9991", "line2": "2 67513  42.9971 163.1514 0001268 278.3731 208.9681 15.87423069  3197"}}, "geometry": {"type": "Point", "coordinates": [-125.8531297851893, 41.96366144961316]}}, {"type": "Feature", "properties": {"norad_id": 67514, "name": "STARLINK-36530", "group": "last-30-days", "lat": 42.69872362646273, "lon": -118.66287323161569, "alt_km": 310.19864337571835, "timestamp": "2026-02-02T02:54:29.440108+00:00", "meta": {"OBJECT_NAME": "STARLINK-36530", "OBJECT_ID": "2026-012X", "EPOCH": "2026-02-01T12:00:01.999296", "MEAN_MOTION": 15.87563478, "ECCENTRICITY": 0.0001472, "INCLINATION": 42.9969, "RA_OF_ASC_NODE": 163.1381, "ARG_OF_PERICENTER": 272.4894, "MEAN_ANOMALY": 219.8757, "EPHEMERIS_TYPE": 0, "CLASSIFICATION_TYPE": "U", "NORAD_CAT_ID": 67514, "ELEMENT_SET_NO": 999, "REV_AT_EPOCH": 319, "BSTAR": -0.0071098, "MEAN_MOTION_DOT": -0.01700462, "MEAN_MOTION_DDOT": 0}, "tle": {"line1": "1 67514U 26012X   26032.50002314 -.01700462  00000+0 -71098-2 0  9990", "line2": "2 67514  42.9969 163.1381 0001472 272.4894 219.8757 15.87563478  3193"}}, "geometry": {"type": "Point", "coordinates": [-118.66287323161569, 42.69872362646273]}}, {"type": "Feature", "properties": {"norad_id": 67515, "name": "STARLINK-36543", "group": "last-30-days", "lat": 42.968806125413344, "lon": -111.96039784699029, "alt_km": 309.6445949212857, "timestamp": "2026-02-02T02:54:29.440118+00:00", "meta": {"OBJECT_NAME": "STARLINK-36543", "OBJECT_ID": "2026-012Y", "EPOCH": "2026-02-01T12:00:01.999296", "MEAN_MOTION": 15.87710939, "ECCENTRICITY": 0.0001257, "INCLINATION": 42.9967, "RA_OF_ASC_NODE": 163.1267, "ARG_OF_PERICENTER": 275.8489, "MEAN_ANOMALY": 221.1275, "EPHEMERIS_TYPE": 0, "CLASSIFICATION_TYPE": "U", "NORAD_CAT_ID": 67515, "ELEMENT_SET_NO": 999, "REV_AT_EPOCH": 319, "BSTAR": -0.0071094, "MEAN_MOTION_DOT": -0.01711092, "MEAN_MOTION_DDOT": 0}, "tle": {"line1": "1 67515U 26012Y   26032.50002314 -.01711092  00000+0 -71094-2 0  9998", "line2": "2 67515  42.9967 163.1267 0001257 275.8489 221.1275 15.87710939  3190"}}, "geometry": {"type": "Point", "coordinates": [-111.96039784699029, 42.968806125413344]}}, {"type": "Feature", "properties": {"norad_id": 67516, "name": "STARLINK-36537", "group": "last-30-days", "lat": 42.059590439228224, "lon": -96.29931537162167, "alt_km": 308.83325474499, "timestamp": "2026-02-02T02:54:29.440129+00:00", "meta": {"OBJECT_NAME": "STARLINK-36537", "OBJECT_ID": "2026-012Z", "EPOCH": "2026-02-01T12:00:01.999296", "MEAN_MOTION": 15.88047031, "ECCENTRICITY": 0.0001259, "INCLINATION": 42.9965, "RA_OF_ASC_NODE": 163.0986, "ARG_OF_PERICENTER": 284.5358, "MEAN_ANOMALY": 223.2518, "EPHEMERIS_TYPE": 0, "CLASSIFICATION_TYPE": "U", "NORAD_CAT_ID": 67516, "ELEMENT_SET_NO": 999, "REV_AT_EPOCH": 319, "BSTAR": -0.0069827, "MEAN_MOTION_DOT": -0.01709617, "MEAN_MOTION_DDOT": 0}, "tle": {"line1": "1 67516U 26012Z   26032.50002314 -.01709617  00000+0 -69827-2 0  9990", "line2": "2 67516  42.9965 163.0986 0001259 284.5358 223.2518 15.88047031  3190"}}, "geometry": {"type": "Point", "coordinates": [-96.29931537162167, 42.059590439228224]}}, {"type": "Feature", "properties": {"norad_id": 67517, "name": "STARLINK-36544", "group": "last-30-days", "lat": 23.362059195664326, "lon": -172.95574505619126, "alt_km": 316.590292794157, "timestamp": "2026-02-02T02:54:29.440139+00:00", "meta": {"OBJECT_NAME": "STARLINK-36544", "OBJECT_ID": "2026-012AA", "EPOCH": "2026-02-01T10:00:01.999584", "MEAN_MOTION": 15.86591499, "ECCENTRICITY": 0.0002193, "INCLINATION": 42.997, "RA_OF_ASC_NODE": 163.764, "ARG_OF_PERICENTER": 272.9775, "MEAN_ANOMALY": 57.3717, "EPHEMERIS_TYPE": 0, "CLASSIFICATION_TYPE": "U", "NORAD_CAT_ID": 67517, "ELEMENT_SET_NO": 999, "REV_AT_EPOCH": 323, "BSTAR": -0.0078816, "MEAN_MOTION_DOT": -0.01782704, "MEAN_MOTION_DDOT": 0}, "tle": {"line1": "1 67517U 26012AA  26032.41668981 -.01782704  00000+0 -78816-2 0  9995", "line2": "2 67517  42.9970 163.7640 0002193 272.9775  57.3717 15.86591499  3235"}}, "geometry": {"type": "Point", "coordinates": [-172.95574505619126, 23.362059195664326]}}, {"type": "Feature", "properties": {"norad_id": 67518, "name": "STARLINK-36412", "group": "last-30-days", "lat": 37.78156695699864, "lon": -77.07850932441823, "alt_km": 308.39964460743977, "timestamp": "2026-02-02T02:54:29.440151+00:00", "meta": {"OBJECT_NAME": "STARLINK-36412", "OBJECT_ID": "2026-012AB", "EPOCH": "2026-02-01T12:00:01.999296", "MEAN_MOTION": 15.88422749, "ECCENTRICITY": 0.0001363, "INCLINATION": 42.9963, "RA_OF_ASC_NODE": 163.0625, "ARG_OF_PERICENTER": 276.6072, "MEAN_ANOMALY": 245.619, "EPHEMERIS_TYPE": 0, "CLASSIFICATION_TYPE": "U", "NORAD_CAT_ID": 67518, "ELEMENT_SET_NO": 999, "REV_AT_EPOCH": 319, "BSTAR": -0.0067258, "MEAN_MOTION_DOT": -0.01682631, "MEAN_MOTION_DDOT": 0}, "tle": {"line1": "1 67518U 26012AB  26032.50002314 -.01682631  00000+0 -67258-2 0  9994", "line2": "2 67518  42.9963 163.0625 0001363 276.6072 245.6190 15.88422749  3198"}}, "geometry": {"type": "Point", "coordinates": [-77.07850932441823, 37.78156695699864]}}, {"type": "Feature", "properties": {"norad_id": 67519, "name": "STARLINK-36415", "group": "last-30-days", "lat": 35.341404410370544, "lon": -70.35344526916985, "alt_km": 308.1671521743565, "timestamp": "2026-02-02T02:54:29.440162+00:00", "meta": {"OBJECT_NAME": "STARLINK-36415", "OBJECT_ID": "2026-012AC", "EPOCH": "2026-02-01T12:00:01.999296", "MEAN_MOTION": 15.88533816, "ECCENTRICITY": 0.0001077, "INCLINATION": 42.9962, "RA_OF_ASC_NODE": 163.047, "ARG_OF_PERICENTER": 268.6588, "MEAN_ANOMALY": 259.2482, "EPHEMERIS_TYPE": 0, "CLASSIFICATION_TYPE": "U", "NORAD_CAT_ID": 67519, "ELEMENT_SET_NO": 999, "REV_AT_EPOCH": 340, "BSTAR": -0.0066789, "MEAN_MOTION_DOT": -0.01680374, "MEAN_MOTION_DDOT": 0}, "tle": {"line1": "1 67519U 26012AC  26032.50002314 -.01680374  00000+0 -66789-2 0  9995", "line2": "2 67519  42.9962 163.0470 0001077 268.6588 259.2482 15.88533816  3408"}}, "geometry": {"type": "Point", "coordinates": [-70.35344526916985, 35.341404410370544]}}, {"type": "Feature", "properties": {"norad_id": 67520, "name": "STARLINK-36547", "group": "last-30-days", "lat": 39.28000646190204, "lon": -82.1530994602649, "alt_km": 308.3320744532066, "timestamp": "2026-02-02T02:54:29.440172+00:00", "meta": {"OBJECT_NAME": "STARLINK-36547", "OBJECT_ID": "2026-012AD", "EPOCH": "2026-02-01T12:00:01.999296", "MEAN_MOTION": 15.8833318, "ECCENTRICITY": 0.0001144, "INCLINATION": 42.9959, "RA_OF_ASC_NODE": 163.0711, "ARG_OF_PERICENTER": 277.4297, "MEAN_ANOMALY": 240.7698, "EPHEMERIS_TYPE": 0, "CLASSIFICATION_TYPE": "U", "NORAD_CAT_ID": 67520, "ELEMENT_SET_NO": 999, "REV_AT_EPOCH": 319, "BSTAR": -0.0068062, "MEAN_MOTION_DOT": -0.01693159, "MEAN_MOTION_DDOT": 0}, "tle": {"line1": "1 67520U 26012AD  26032.50002314 -.01693159  00000+0 -68062-2 0  9998", "line2": "2 67520  42.9959 163.0711 0001144 277.4297 240.7698 15.88333180  3196"}}, "geometry": {"type": "Point", "coordinates": [-82.1530994602649, 39.28000646190204]}}, {"type": "Feature", "properties": {"norad_id": 67521, "name": "STARLINK-36444", "group": "last-30-days", "lat": 40.7641241064787, "lon": -88.4616851867778, "alt_km": 308.59129213263986, "timestamp": "2026-02-02T02:54:29.440182+00:00", "meta": {"OBJECT_NAME": "STARLINK-36444", "OBJECT_ID": "2026-012AE", "EPOCH": "2026-02-01T12:00:01.999296", "MEAN_MOTION": 15.88201206, "ECCENTRICITY": 0.0001294, "INCLINATION": 42.9964, "RA_OF_ASC_NODE": 163.0843, "ARG_OF_PERICENTER": 278.7741, "MEAN_ANOMALY": 234.6666, "EPHEMERIS_TYPE": 0, "CLASSIFICATION_TYPE": "U", "NORAD_CAT_ID": 67521, "ELEMENT_SET_NO": 999, "REV_AT_EPOCH": 319, "BSTAR": -0.0068595, "MEAN_MOTION_DOT": -0.01694934, "MEAN_MOTION_DDOT": 0}, "tle": {"line1": "1 67521U 26012AE  26032.50002314 -.01694934  00000+0 -68595-2 0  9992", "line2": "2 67521  42.9964 163.0843 0001294 278.7741 234.6666 15.88201206  3193"}}, "geometry": {"type": "Point", "coordinates": [-88.4616851867778, 40.7641241064787]}}, {"type": "Feature", "properties": {"norad_id": 67522, "name": "HULIANWANG DIGUI-146", "group": "last-30-days", "lat": 29.979012460878625, "lon": 158.64667089223775, "alt_km": 915.1494169372081, "timestamp": "2026-02-02T02:54:29.440194+00:00", "meta": {"OBJECT_NAME": "HULIANWANG DIGUI-146", "OBJECT_ID": "2026-013A", "EPOCH": "2026-01-31T16:16:45.271200", "MEAN_MOTION": 13.93039903, "ECCENTRICITY": 0.00030326, "INCLINATION": 50.0072, "RA_OF_ASC_NODE": 135.4585, "ARG_OF_PERICENTER": 275.5687, "MEAN_ANOMALY": 84.4867, "EPHEMERIS_TYPE": 0, "CLASSIFICATION_TYPE": "U", "NORAD_CAT_ID": 67522, "ELEMENT_SET_NO": 999, "REV_AT_EPOCH": 173, "BSTAR": 0.00011866405, "MEAN_MOTION_DOT": 8e-08, "MEAN_MOTION_DDOT": 0}, "tle": {"line1": "1 67522U 26013A   26031.67830175  .00000008  00000+0  11866-3 0  9995", "line2": "2 67522  50.0072 135.4585 0003032 275.5687  84.4867 13.93039903  1735"}}, "geometry": {"type": "Point", "coordinates": [158.64667089223775, 29.979012460878625]}}, {"type": "Feature", "properties": {"norad_id": 67523, "name": "HULIANWANG DIGUI-147", "group": "last-30-days", "lat": 41.647181461156606, "lon": -98.74607885136922, "alt_km": 903.6329659738612, "timestamp": "2026-02-02T02:54:29.440207+00:00", "meta": {"OBJECT_NAME": "HULIANWANG DIGUI-147", "OBJECT_ID": "2026-013B", "EPOCH": "2026-01-27T15:54:55.270080", "MEAN_MOTION": 13.976156, "ECCENTRICITY": 0.00107722, "INCLINATION": 50.0086, "RA_OF_ASC_NODE": 151.5449, "ARG_OF_PERICENTER": 261.1838, "MEAN_ANOMALY": 98.7844, "EPHEMERIS_TYPE": 0, "CLASSIFICATION_TYPE": "U", "NORAD_CAT_ID": 67523, "ELEMENT_SET_NO": 999, "REV_AT_EPOCH": 117, "BSTAR": 1.8036657e-05, "MEAN_MOTION_DOT": -1.23e-06, "MEAN_MOTION_DDOT": 0}, "tle": {"line1": "1 67523U 26013B   26027.66313970 -.00000123  00000+0  18037-4 0  9996", "line2": "2 67523  50.0086 151.5449 0010772 261.1838  98.7844 13.97615600  1176"}}, "geometry": {"type": "Point", "coordinates": [-98.74607885136922, 41.647181461156606]}}, {"type": "Feature", "properties": {"norad_id": 67524, "name": "HULIANWANG DIGUI-148", "group": "last-30-days", "lat": 29.4358298595428, "lon": -78.78551615969643, "alt_km": 902.4936678595186, "timestamp": "2026-02-02T02:54:29.440220+00:00", "meta": {"OBJECT_NAME": "HULIANWANG DIGUI-148", "OBJECT_ID": "2026-013C", "EPOCH": "2026-01-21T10:36:54.841824", "MEAN_MOTION": 13.98087765, "ECCENTRICITY": 0.0010785, "INCLINATION": 50.007, "RA_OF_ASC_NODE": 176.6144, "ARG_OF_PERICENTER": 240.3737, "MEAN_ANOMALY": 119.6091, "EPHEMERIS_TYPE": 0, "CLASSIFICATION_TYPE": "U", "NORAD_CAT_ID": 67524, "ELEMENT_SET_NO": 999, "REV_AT_EPOCH": 30, "BSTAR": 8.66e-06, "MEAN_MOTION_DOT": -1.37e-06, "MEAN_MOTION_DDOT": 0}, "tle": {"line1": "1 67524U 26013C   26021.44230141 -.00000137  00000+0  86600-5 0  9992", "line2": "2 67524  50.0070 176.6144 0010785 240.3737 119.6091 13.98087765   308"}}, "geometry": {"type": "Point", "coordinates": [-78.78551615969643, 29.4358298595428]}}, {"type": "Feature", "properties": {"norad_id": 67525, "name": "HULIANWANG DIGUI-149", "group": "last-30-days", "lat": 28.183356873304376, "lon": -77.2450630604583, "alt_km": 902.9021871886107, "timestamp": "2026-02-02T02:54:29.440232+00:00", "meta": {"OBJECT_NAME": "HULIANWANG DIGUI-149", "OBJECT_ID": "2026-013D", "EPOCH": "2026-01-21T03:45:07.528032", "MEAN_MOTION": 13.98123959, "ECCENTRICITY": 0.0010538, "INCLINATION": 50.0063, "RA_OF_ASC_NODE": 177.7692, "ARG_OF_PERICENTER": 247.0477, "MEAN_ANOMALY": 112.9313, "EPHEMERIS_TYPE": 0, "CLASSIFICATION_TYPE": "U", "NORAD_CAT_ID": 67525, "ELEMENT_SET_NO": 999, "REV_AT_EPOCH": 26, "BSTAR": 4.0401e-05, "MEAN_MOTION_DOT": -9.1e-07, "MEAN_MOTION_DDOT": 0}, "tle": {"line1": "1 67525U 26013D   26021.15633713 -.00000091  00000+0  40401-4 0  9990", "line2": "2 67525  50.0063 177.7692 0010538 247.0477 112.9313 13.98123959   266"}}, "geometry": {"type": "Point", "coordinates": [-77.2450630604583, 28.183356873304376]}}, {"type": "Feature", "properties": {"norad_id": 67526, "name": "HULIANWANG DIGUI-150", "group": "last-30-days", "lat": 23.73875466006399, "lon": -72.179377339352, "alt_km": 902.1986953627002, "timestamp": "2026-02-02T02:54:29.440243+00:00", "meta": {"OBJECT_NAME": "HULIANWANG DIGUI-150", "OBJECT_ID": "2026-013E", "EPOCH": "2026-01-25T03:48:15.856704", "MEAN_MOTION": 13.98253437, "ECCENTRICITY": 0.0010015, "INCLINATION": 50.0096, "RA_OF_ASC_NODE": 161.6201, "ARG_OF_PERICENTER": 258.6345, "MEAN_ANOMALY": 101.3432, "EPHEMERIS_TYPE": 0, "CLASSIFICATION_TYPE": "U", "NORAD_CAT_ID": 67526, "ELEMENT_SET_NO": 999, "REV_AT_EPOCH": 84, "BSTAR": 2.374e-05, "MEAN_MOTION_DOT": -1.15e-06, "MEAN_MOTION_DDOT": 0}, "tle": {"line1": "1 67526U 26013E   26025.15851686 -.00000115  00000+0  23740-4 0  9990", "line2": "2 67526  50.0096 161.6201 0010015 258.6345 101.3432 13.98253437   846"}}, "geometry": {"type": "Point", "coordinates": [-72.179377339352, 23.73875466006399]}}, {"type": "Feature", "properties": {"norad_id": 67527, "name": "HULIANWANG DIGUI-151", "group": "last-30-days", "lat": 21.277510134552262, "lon": -69.62678850141157, "alt_km": 901.3503218759588, "timestamp": "2026-02-02T02:54:29.440253+00:00", "meta": {"OBJECT_NAME": "HULIANWANG DIGUI-151", "OBJECT_ID": "2026-013F", "EPOCH": "2026-01-21T03:44:45.585024", "MEAN_MOTION": 13.98327198, "ECCENTRICITY": 0.00098415, "INCLINATION": 50.0035, "RA_OF_ASC_NODE": 177.76, "ARG_OF_PERICENTER": 238.6748, "MEAN_ANOMALY": 121.3191, "EPHEMERIS_TYPE": 0, "CLASSIFICATION_TYPE": "U", "NORAD_CAT_ID": 67527, "ELEMENT_SET_NO": 999, "REV_AT_EPOCH": 26, "BSTAR": -0.00032354314, "MEAN_MOTION_DOT": -6.14e-06, "MEAN_MOTION_DDOT": 0}, "tle": {"line1": "1 67527U 26013F   26021.15608316 -.00000614  00000+0 -32354-3 0  9992", "line2": "2 67527  50.0035 177.7600 0009841 238.6748 121.3191 13.98327198   267"}}, "geometry": {"type": "Point", "coordinates": [-69.62678850141157, 21.277510134552262]}}, {"type": "Feature", "properties": {"norad_id": 67528, "name": "HULIANWANG DIGUI-152", "group": "last-30-days", "lat": 35.26940124691806, "lon": -86.92394770234952, "alt_km": 902.9845350926698, "timestamp": "2026-02-02T02:54:29.440263+00:00", "meta": {"OBJECT_NAME": "HULIANWANG DIGUI-152", "OBJECT_ID": "2026-013G", "EPOCH": "2026-01-24T02:05:33.399168", "MEAN_MOTION": 13.97836723, "ECCENTRICITY": 0.0009745, "INCLINATION": 50.0047, "RA_OF_ASC_NODE": 165.9375, "ARG_OF_PERICENTER": 257.1222, "MEAN_ANOMALY": 102.8592, "EPHEMERIS_TYPE": 0, "CLASSIFICATION_TYPE": "U", "NORAD_CAT_ID": 67528, "ELEMENT_SET_NO": 999, "REV_AT_EPOCH": 67, "BSTAR": 2.1603e-05, "MEAN_MOTION_DOT": -1.18e-06, "MEAN_MOTION_DDOT": 0}, "tle": {"line1": "1 67528U 26013G   26024.08719212 -.00000118  00000+0  21603-4 0  9990", "line2": "2 67528  50.0047 165.9375 0009745 257.1222 102.8592 13.97836723   677"}}, "geometry": {"type": "Point", "coordinates": [-86.92394770234952, 35.26940124691806]}}, {"type": "Feature", "properties": {"norad_id": 67529, "name": "HULIANWANG DIGUI-153", "group": "last-30-days", "lat": 15.676629260074963, "lon": -64.1916580823656, "alt_km": 900.6992771779414, "timestamp": "2026-02-02T02:54:29.440273+00:00", "meta": {"OBJECT_NAME": "HULIANWANG DIGUI-153", "OBJECT_ID": "2026-013H", "EPOCH": "2026-01-21T20:53:29.548032", "MEAN_MOTION": 13.98474895, "ECCENTRICITY": 0.00089661, "INCLINATION": 50.0018, "RA_OF_ASC_NODE": 174.8698, "ARG_OF_PERICENTER": 242.4962, "MEAN_ANOMALY": 117.5029, "EPHEMERIS_TYPE": 0, "CLASSIFICATION_TYPE": "U", "NORAD_CAT_ID": 67529, "ELEMENT_SET_NO": 999, "REV_AT_EPOCH": 35, "BSTAR": 3.4277329e-05, "MEAN_MOTION_DOT": -1e-06, "MEAN_MOTION_DDOT": 0}, "tle": {"line1": "1 67529U 26013H   26021.87048088 -.00000100  00000+0  34277-4 0  9993", "line2": "2 67529  50.0018 174.8698 0008966 242.4962 117.5029 13.98474895   357"}}, "geometry": {"type": "Point", "coordinates": [-64.1916580823656, 15.676629260074963]}}, {"type": "Feature", "properties": {"norad_id": 67530, "name": "HULIANWANG DIGUI-154", "group": "last-30-days", "lat": 12.140036125607228, "lon": -60.96764537508627, "alt_km": 900.7640162775006, "timestamp": "2026-02-02T02:54:29.440283+00:00", "meta": {"OBJECT_NAME": "HULIANWANG DIGUI-154", "OBJECT_ID": "2026-013J", "EPOCH": "2026-01-21T05:27:11.749248", "MEAN_MOTION": 13.98568419, "ECCENTRICITY": 0.0008317, "INCLINATION": 50.0045, "RA_OF_ASC_NODE": 177.4718, "ARG_OF_PERICENTER": 246.2151, "MEAN_ANOMALY": 113.788, "EPHEMERIS_TYPE": 0, "CLASSIFICATION_TYPE": "U", "NORAD_CAT_ID": 67530, "ELEMENT_SET_NO": 999, "REV_AT_EPOCH": 26, "BSTAR": 9.8151e-05, "MEAN_MOTION_DOT": -8e-08, "MEAN_MOTION_DDOT": 0}, "tle": {"line1": "1 67530U 26013J   26021.22721932 -.00000008  00000+0  98151-4 0  9998", "line2": "2 67530  50.0045 177.4718 0008317 246.2151 113.7880 13.98568419   262"}}, "geometry": {"type": "Point", "coordinates": [-60.96764537508627, 12.140036125607228]}}, {"type": "Feature", "properties": {"norad_id": 67531, "name": "CZ-12 R/B", "group": "last-30-days", "lat": -37.67588400381983, "lon": -11.570817556420824, "alt_km": 821.1510426343502, "timestamp": "2026-02-02T02:54:29.440293+00:00", "meta": {"OBJECT_NAME": "CZ-12 R/B", "OBJECT_ID": "2026-013K", "EPOCH": "2026-01-29T13:02:05.395200", "MEAN_MOTION": 14.14454871, "ECCENTRICITY": 0.00690603, "INCLINATION": 49.9902, "RA_OF_ASC_NODE": 142.8353, "ARG_OF_PERICENTER": 163.0056, "MEAN_ANOMALY": 197.3188, "EPHEMERIS_TYPE": 0, "CLASSIFICATION_TYPE": "U", "NORAD_CAT_ID": 67531, "ELEMENT_SET_NO": 999, "REV_AT_EPOCH": 144, "BSTAR": 0.00021650671, "MEAN_MOTION_DOT": 2.71e-06, "MEAN_MOTION_DDOT": 0}, "tle": {"line1": "1 67531U 26013K   26029.54311800  .00000271  00000+0  21651-3 0  9992", "line2": "2 67531  49.9902 142.8353 0069060 163.0056 197.3188 14.14454871  1440"}}, "geometry": {"type": "Point", "coordinates": [-11.570817556420824, -37.67588400381983]}}, {"type": "Feature", "properties": {"norad_id": 67532, "name": "STARLINK-36587", "group": "last-30-days", "lat": 73.70990590503823, "lon": 122.13677400192176, "alt_km": 306.97912590512624, "timestamp": "2026-02-02T02:54:29.440303+00:00", "meta": {"OBJECT_NAME": "STARLINK-36587", "OBJECT_ID": "2026-014A", "EPOCH": "2026-02-01T12:00:01.999296", "MEAN_MOTION": 15.87500585, "ECCENTRICITY": 0.0001557, "INCLINATION": 97.2829, "RA_OF_ASC_NODE": 275.5205, "ARG_OF_PERICENTER": 74.6573, "MEAN_ANOMALY": 84.5512, "EPHEMERIS_TYPE": 0, "CLASSIFICATION_TYPE": "U", "NORAD_CAT_ID": 67532, "ELEMENT_SET_NO": 999, "REV_AT_EPOCH": 287, "BSTAR": -0.0059452, "MEAN_MOTION_DOT": -0.01371347, "MEAN_MOTION_DDOT": 0}, "tle": {"line1": "1 67532U 26014A   26032.50002314 -.01371347  00000+0 -59452-2 0  9998", "line2": "2 67532  97.2829 275.5205 0001557  74.6573  84.5512 15.87500585  2874"}}, "geometry": {"type": "Point", "coordinates": [122.13677400192176, 73.70990590503823]}}, {"type": "Feature", "properties": {"norad_id": 67533, "name": "STARLINK-36417", "group": "last-30-days", "lat": 71.52647728950784, "lon": 118.69238302519405, "alt_km": 306.9329655818028, "timestamp": "2026-02-02T02:54:29.440316+00:00", "meta": {"OBJECT_NAME": "STARLINK-36417", "OBJECT_ID": "2026-014B", "EPOCH": "2026-02-01T12:00:01.999296", "MEAN_MOTION": 15.87591494, "ECCENTRICITY": 0.000153, "INCLINATION": 97.2828, "RA_OF_ASC_NODE": 275.5214, "ARG_OF_PERICENTER": 87.0128, "MEAN_ANOMALY": 74.4239, "EPHEMERIS_TYPE": 0, "CLASSIFICATION_TYPE": "U", "NORAD_CAT_ID": 67533, "ELEMENT_SET_NO": 999, "REV_AT_EPOCH": 287, "BSTAR": -0.0059821, "MEAN_MOTION_DOT": -0.01384233, "MEAN_MOTION_DDOT": 0}, "tle": {"line1": "1 67533U 26014B   26032.50002314 -.01384233  00000+0 -59821-2 0  9997", "line2": "2 67533  97.2828 275.5214 0001530  87.0128  74.4239 15.87591494  2872"}}, "geometry": {"type": "Point", "coordinates": [118.69238302519405, 71.52647728950784]}}, {"type": "Feature", "properties": {"norad_id": 67534, "name": "STARLINK-36576", "group": "last-30-days", "lat": 67.64102219131647, "lon": 114.30087073616716, "alt_km": 306.8349248363111, "timestamp": "2026-02-02T02:54:29.440326+00:00", "meta": {"OBJECT_NAME": "STARLINK-36576", "OBJECT_ID": "2026-014C", "EPOCH": "2026-02-01T12:00:01.999296", "MEAN_MOTION": 15.87742899, "ECCENTRICITY": 0.0001532, "INCLINATION": 97.2829, "RA_OF_ASC_NODE": 275.523, "ARG_OF_PERICENTER": 80.0755, "MEAN_ANOMALY": 85.1778, "EPHEMERIS_TYPE": 0, "CLASSIFICATION_TYPE": "U", "NORAD_CAT_ID": 67534, "ELEMENT_SET_NO": 999, "REV_AT_EPOCH": 287, "BSTAR": -0.0059086, "MEAN_MOTION_DOT": -0.01378391, "MEAN_MOTION_DDOT": 0}, "tle": {"line1": "1 67534U 26014C   26032.50002314 -.01378391  00000+0 -59086-2 0  9999", "line2": "2 67534  97.2829 275.5230 0001532  80.0755  85.1778 15.87742899  2877"}}, "geometry": {"type": "Point", "coordinates": [114.30087073616716, 67.64102219131647]}}, {"type": "Feature", "properties": {"norad_id": 67535, "name": "STARLINK-36574", "group": "last-30-days", "lat": 61.95768363752963, "lon": 110.08104591751649, "alt_km": 306.8033297763877, "timestamp": "2026-02-02T02:54:29.440339+00:00", "meta": {"OBJECT_NAME": "STARLINK-36574", "OBJECT_ID": "2026-014D", "EPOCH": "2026-02-01T12:00:01.999296", "MEAN_MOTION": 15.87969036, "ECCENTRICITY": 0.0001466, "INCLINATION": 97.2829, "RA_OF_ASC_NODE": 275.5252, "ARG_OF_PERICENTER": 77.7045, "MEAN_ANOMALY": 92.9763, "EPHEMERIS_TYPE": 0, "CLASSIFICATION_TYPE": "U", "NORAD_CAT_ID": 67535, "ELEMENT_SET_NO": 999, "REV_AT_EPOCH": 287, "BSTAR": -0.0058053, "MEAN_MOTION_DOT": -0.01370662, "MEAN_MOTION_DDOT": 0}, "tle": {"line1": "1 67535U 26014D   26032.50002314 -.01370662  00000+0 -58053-2 0  9996", "line2": "2 67535  97.2829 275.5252 0001466  77.7045  92.9763 15.87969036  2877"}}, "geometry": {"type": "Point", "coordinates": [110.08104591751649, 61.95768363752963]}}, {"type": "Feature", "properties": {"norad_id": 67536, "name": "STARLINK-36572", "group": "last-30-days", "lat": 56.627982207979244, "lon": 107.38635104233815, "alt_km": 306.82959300206767, "timestamp": "2026-02-02T02:54:29.440349+00:00", "meta": {"OBJECT_NAME": "STARLINK-36572", "OBJECT_ID": "2026-014E", "EPOCH": "2026-02-01T12:00:01.999296", "MEAN_MOTION": 15.88174748, "ECCENTRICITY": 0.0001547, "INCLINATION": 97.2827, "RA_OF_ASC_NODE": 275.5273, "ARG_OF_PERICENTER": 73.4578, "MEAN_ANOMALY": 102.2444, "EPHEMERIS_TYPE": 0, "CLASSIFICATION_TYPE": "U", "NORAD_CAT_ID": 67536, "ELEMENT_SET_NO": 999, "REV_AT_EPOCH": 287, "BSTAR": -0.0057156, "MEAN_MOTION_DOT": -0.01364355, "MEAN_MOTION_DDOT": 0}, "tle": {"line1": "1 67536U 26014E   26032.50002314 -.01364355  00000+0 -57156-2 0  9992", "line2": "2 67536  97.2827 275.5273 0001547  73.4578 102.2444 15.88174748  2873"}}, "geometry": {"type": "Point", "coordinates": [107.38635104233815, 56.627982207979244]}}, {"type": "Feature", "properties": {"norad_id": 67537, "name": "STARLINK-36561", "group": "last-30-days", "lat": 52.2953110034355, "lon": 105.71398949645464, "alt_km": 306.9657228031192, "timestamp": "2026-02-02T02:54:29.440362+00:00", "meta": {"OBJECT_NAME": "STARLINK-36561", "OBJECT_ID": "2026-014F", "EPOCH": "2026-02-01T12:00:01.999296", "MEAN_MOTION": 15.88349982, "ECCENTRICITY": 0.0001469, "INCLINATION": 97.282, "RA_OF_ASC_NODE": 275.5286, "ARG_OF_PERICENTER": 85.4171, "MEAN_ANOMALY": 94.3462, "EPHEMERIS_TYPE": 0, "CLASSIFICATION_TYPE": "U", "NORAD_CAT_ID": 67537, "ELEMENT_SET_NO": 999, "REV_AT_EPOCH": 287, "BSTAR": -0.0057188, "MEAN_MOTION_DOT": -0.01375491, "MEAN_MOTION_DDOT": 0}, "tle": {"line1": "1 67537U 26014F   26032.50002314 -.01375491  00000+0 -57188-2 0  9991", "line2": "2 67537  97.2820 275.5286 0001469  85.4171  94.3462 15.88349982  2871"}}, "geometry": {"type": "Point", "coordinates": [105.71398949645464, 52.2953110034355]}}, {"type": "Feature", "properties": {"norad_id": 67538, "name": "STARLINK-36397", "group": "last-30-days", "lat": 48.44305790531191, "lon": 104.48656687129964, "alt_km": 307.08676261676555, "timestamp": "2026-02-02T02:54:29.440372+00:00", "meta": {"OBJECT_NAME": "STARLINK-36397", "OBJECT_ID": "2026-014G", "EPOCH": "2026-02-01T12:00:01.999296", "MEAN_MOTION": 15.8848622, "ECCENTRICITY": 0.0001514, "INCLINATION": 97.2815, "RA_OF_ASC_NODE": 275.5298, "ARG_OF_PERICENTER": 80.6356, "MEAN_ANOMALY": 102.7241, "EPHEMERIS_TYPE": 0, "CLASSIFICATION_TYPE": "U", "NORAD_CAT_ID": 67538, "ELEMENT_SET_NO": 999, "REV_AT_EPOCH": 287, "BSTAR": -0.0056179, "MEAN_MOTION_DOT": -0.01362359, "MEAN_MOTION_DDOT": 0}, "tle": {"line1": "1 67538U 26014G   26032.50002314 -.01362359  00000+0 -56179-2 0  9990", "line2": "2 67538  97.2815 275.5298 0001514  80.6356 102.7241 15.88486220  2878"}}, "geometry": {"type": "Point", "coordinates": [104.48656687129964, 48.44305790531191]}}, {"type": "Feature", "properties": {"norad_id": 67539, "name": "STARLINK-36573", "group": "last-30-days", "lat": 43.61925190386725, "lon": 103.1944424992737, "alt_km": 307.33873492627936, "timestamp": "2026-02-02T02:54:29.440383+00:00", "meta": {"OBJECT_NAME": "STARLINK-36573", "OBJECT_ID": "2026-014H", "EPOCH": "2026-02-01T12:00:01.999296", "MEAN_MOTION": 15.88673456, "ECCENTRICITY": 0.0001436, "INCLINATION": 97.2817, "RA_OF_ASC_NODE": 275.5317, "ARG_OF_PERICENTER": 79.6967, "MEAN_ANOMALY": 108.1418, "EPHEMERIS_TYPE": 0, "CLASSIFICATION_TYPE": "U", "NORAD_CAT_ID": 67539, "ELEMENT_SET_NO": 999, "REV_AT_EPOCH": 287, "BSTAR": -0.0055607, "MEAN_MOTION_DOT": -0.01361296, "MEAN_MOTION_DDOT": 0}, "tle": {"line1": "1 67539U 26014H   26032.50002314 -.01361296  00000+0 -55607-2 0  9995", "line2": "2 67539  97.2817 275.5317 0001436  79.6967 108.1418 15.88673456  2877"}}, "geometry": {"type": "Point", "coordinates": [103.1944424992737, 43.61925190386725]}}, {"type": "Feature", "properties": {"norad_id": 67540, "name": "STARLINK-36585", "group": "last-30-days", "lat": 39.45759691606481, "lon": 102.2378893627221, "alt_km": 307.5458221773488, "timestamp": "2026-02-02T02:54:29.440393+00:00", "meta": {"OBJECT_NAME": "STARLINK-36585", "OBJECT_ID": "2026-014J", "EPOCH": "2026-02-01T12:00:01.999296", "MEAN_MOTION": 15.88840442, "ECCENTRICITY": 0.0001483, "INCLINATION": 97.2812, "RA_OF_ASC_NODE": 275.5329, "ARG_OF_PERICENTER": 86.4762, "MEAN_ANOMALY": 105.225, "EPHEMERIS_TYPE": 0, "CLASSIFICATION_TYPE": "U", "NORAD_CAT_ID": 67540, "ELEMENT_SET_NO": 999, "REV_AT_EPOCH": 287, "BSTAR": -0.005568, "MEAN_MOTION_DOT": -0.01372985, "MEAN_MOTION_DDOT": 0}, "tle": {"line1": "1 67540U 26014J   26032.50002314 -.01372985  00000+0 -55680-2 0  9995", "line2": "2 67540  97.2812 275.5329 0001483  86.4762 105.2250 15.88840442  2871"}}, "geometry": {"type": "Point", "coordinates": [102.2378893627221, 39.45759691606481]}}, {"type": "Feature", "properties": {"norad_id": 67541, "name": "STARLINK-36579", "group": "last-30-days", "lat": 33.8585096518317, "lon": 101.12074155062274, "alt_km": 307.80766913892603, "timestamp": "2026-02-02T02:54:29.440405+00:00", "meta": {"OBJECT_NAME": "STARLINK-36579", "OBJECT_ID": "2026-014K", "EPOCH": "2026-02-01T12:00:01.999296", "MEAN_MOTION": 15.89041945, "ECCENTRICITY": 0.0001558, "INCLINATION": 97.2812, "RA_OF_ASC_NODE": 275.5355, "ARG_OF_PERICENTER": 82.441, "MEAN_ANOMALY": 114.4281, "EPHEMERIS_TYPE": 0, "CLASSIFICATION_TYPE": "U", "NORAD_CAT_ID": 67541, "ELEMENT_SET_NO": 999, "REV_AT_EPOCH": 287, "BSTAR": -0.0053963, "MEAN_MOTION_DOT": -0.01347729, "MEAN_MOTION_DDOT": 0}, "tle": {"line1": "1 67541U 26014K   26032.50002314 -.01347729  00000+0 -53963-2 0  9996", "line2": "2 67541  97.2812 275.5355 0001558  82.4410 114.4281 15.89041945  2878"}}, "geometry": {"type": "Point", "coordinates": [101.12074155062274, 33.8585096518317]}}, {"type": "Feature", "properties": {"norad_id": 67542, "name": "STARLINK-35934", "group": "last-30-days", "lat": 27.6693197805855, "lon": 100.04608135142469, "alt_km": 308.2039337038568, "timestamp": "2026-02-02T02:54:29.440415+00:00", "meta": {"OBJECT_NAME": "STARLINK-35934", "OBJECT_ID": "2026-014L", "EPOCH": "2026-02-01T12:00:01.999296", "MEAN_MOTION": 15.89288066, "ECCENTRICITY": 0.0001552, "INCLINATION": 97.2809, "RA_OF_ASC_NODE": 275.5379, "ARG_OF_PERICENTER": 80.0034, "MEAN_ANOMALY": 122.5679, "EPHEMERIS_TYPE": 0, "CLASSIFICATION_TYPE": "U", "NORAD_CAT_ID": 67542, "ELEMENT_SET_NO": 999, "REV_AT_EPOCH": 286, "BSTAR": -0.0053368, "MEAN_MOTION_DOT": -0.01349328, "MEAN_MOTION_DDOT": 0}, "tle": {"line1": "1 67542U 26014L   26032.50002314 -.01349328  00000+0 -53368-2 0  9993", "line2": "2 67542  97.2809 275.5379 0001552  80.0034 122.5679 15.89288066  2868"}}, "geometry": {"type": "Point", "coordinates": [100.04608135142469, 27.6693197805855]}}, {"type": "Feature", "properties": {"norad_id": 67543, "name": "STARLINK-36581", "group": "last-30-days", "lat": 22.49283272382228, "lon": 99.23905921102448, "alt_km": 308.53595044393387, "timestamp": "2026-02-02T02:54:29.440425+00:00", "meta": {"OBJECT_NAME": "STARLINK-36581", "OBJECT_ID": "2026-014M", "EPOCH": "2026-02-01T12:00:01.999296", "MEAN_MOTION": 15.89480825, "ECCENTRICITY": 0.000155, "INCLINATION": 97.2807, "RA_OF_ASC_NODE": 275.54, "ARG_OF_PERICENTER": 76.6271, "MEAN_ANOMALY": 130.7189, "EPHEMERIS_TYPE": 0, "CLASSIFICATION_TYPE": "U", "NORAD_CAT_ID": 67543, "ELEMENT_SET_NO": 999, "REV_AT_EPOCH": 287, "BSTAR": -0.0052416, "MEAN_MOTION_DOT": -0.01509195, "MEAN_MOTION_DDOT": 0.00062937}, "tle": {"line1": "1 67543U 26014M   26032.50002314 -.01509195  62937-3 -52416-2 0  9998", "line2": "2 67543  97.2807 275.5400 0001550  76.6271 130.7189 15.89480825  2879"}}, "geometry": {"type": "Point", "coordinates": [99.23905921102448, 22.49283272382228]}}, {"type": "Feature", "properties": {"norad_id": 67544, "name": "STARLINK-36565", "group": "last-30-days", "lat": 17.924931185421936, "lon": 98.57573680271045, "alt_km": 308.7888953558431, "timestamp": "2026-02-02T02:54:29.440436+00:00", "meta": {"OBJECT_NAME": "STARLINK-36565", "OBJECT_ID": "2026-014N", "EPOCH": "2026-02-01T12:00:01.999296", "MEAN_MOTION": 15.89653924, "ECCENTRICITY": 0.0001459, "INCLINATION": 97.28, "RA_OF_ASC_NODE": 275.5412, "ARG_OF_PERICENTER": 78.8679, "MEAN_ANOMALY": 132.6867, "EPHEMERIS_TYPE": 0, "CLASSIFICATION_TYPE": "U", "NORAD_CAT_ID": 67544, "ELEMENT_SET_NO": 999, "REV_AT_EPOCH": 287, "BSTAR": -0.0051659, "MEAN_MOTION_DOT": -0.01500389, "MEAN_MOTION_DDOT": 0.00062363}, "tle": {"line1": "1 67544U 26014N   26032.50002314 -.01500389  62363-3 -51659-2 0  9996", "line2": "2 67544  97.2800 275.5412 0001459  78.8679 132.6867 15.89653924  2876"}}, "geometry": {"type": "Point", "coordinates": [98.57573680271045, 17.924931185421936]}}, {"type": "Feature", "properties": {"norad_id": 67545, "name": "STARLINK-36583", "group": "last-30-days", "lat": 13.356949128691985, "lon": 97.9470290725718, "alt_km": 309.0394944483969, "timestamp": "2026-02-02T02:54:29.440448+00:00", "meta": {"OBJECT_NAME": "STARLINK-36583", "OBJECT_ID": "2026-014P", "EPOCH": "2026-02-01T12:00:01.999296", "MEAN_MOTION": 15.89829161, "ECCENTRICITY": 0.0001432, "INCLINATION": 97.2797, "RA_OF_ASC_NODE": 275.543, "ARG_OF_PERICENTER": 79.9916, "MEAN_ANOMALY": 135.7743, "EPHEMERIS_TYPE": 0, "CLASSIFICATION_TYPE": "U", "NORAD_CAT_ID": 67545, "ELEMENT_SET_NO": 999, "REV_AT_EPOCH": 287, "BSTAR": -0.0051155, "MEAN_MOTION_DOT": -0.0149886, "MEAN_MOTION_DDOT": 0.00062351}, "tle": {"line1": "1 67545U 26014P   26032.50002314 -.01498860  62351-3 -51155-2 0  9995", "line2": "2 67545  97.2797 275.5430 0001432  79.9916 135.7743 15.89829161  2874"}}, "geometry": {"type": "Point", "coordinates": [97.9470290725718, 13.356949128691985]}}, {"type": "Feature", "properties": {"norad_id": 67546, "name": "STARLINK-36580", "group": "last-30-days", "lat": 7.568953438195633, "lon": 97.18304286748796, "alt_km": 309.2869098356732, "timestamp": "2026-02-02T02:54:29.440459+00:00", "meta": {"OBJECT_NAME": "STARLINK-36580", "OBJECT_ID": "2026-014Q", "EPOCH": "2026-02-01T12:00:01.999296", "MEAN_MOTION": 15.90063546, "ECCENTRICITY": 0.000143, "INCLINATION": 97.2792, "RA_OF_ASC_NODE": 275.545, "ARG_OF_PERICENTER": 89.221, "MEAN_ANOMALY": 131.872, "EPHEMERIS_TYPE": 0, "CLASSIFICATION_TYPE": "U", "NORAD_CAT_ID": 67546, "ELEMENT_SET_NO": 999, "REV_AT_EPOCH": 287, "BSTAR": -0.0050999, "MEAN_MOTION_DOT": -0.01511819, "MEAN_MOTION_DDOT": 0.00063497}, "tle": {"line1": "1 67546U 26014Q   26032.50002314 -.01511819  63497-3 -50999-2 0  9993", "line2": "2 67546  97.2792 275.5450 0001430  89.2210 131.8720 15.90063546  2872"}}, "geometry": {"type": "Point", "coordinates": [97.18304286748796, 7.568953438195633]}}, {"type": "Feature", "properties": {"norad_id": 67547, "name": "STARLINK-36584", "group": "last-30-days", "lat": 3.4774115925714733, "lon": 96.65637177228463, "alt_km": 309.47552468639515, "timestamp": "2026-02-02T02:54:29.440469+00:00", "meta": {"OBJECT_NAME": "STARLINK-36584", "OBJECT_ID": "2026-014R", "EPOCH": "2026-02-01T12:00:01.999296", "MEAN_MOTION": 15.9021561, "ECCENTRICITY": 0.000137, "INCLINATION": 97.2789, "RA_OF_ASC_NODE": 275.5464, "ARG_OF_PERICENTER": 83.3484, "MEAN_ANOMALY": 141.5176, "EPHEMERIS_TYPE": 0, "CLASSIFICATION_TYPE": "U", "NORAD_CAT_ID": 67547, "ELEMENT_SET_NO": 999, "REV_AT_EPOCH": 287, "BSTAR": -0.0050323, "MEAN_MOTION_DOT": -0.01503292, "MEAN_MOTION_DDOT": 0.00062929}, "tle": {"line1": "1 67547U 26014R   26032.50002314 -.01503292  62929-3 -50323-2 0  9990", "line2": "2 67547  97.2789 275.5464 0001370  83.3484 141.5176 15.90215610  2879"}}, "geometry": {"type": "Point", "coordinates": [96.65637177228463, 3.4774115925714733]}}, {"type": "Feature", "properties": {"norad_id": 67548, "name": "STARLINK-36586", "group": "last-30-days", "lat": -2.2264489622459878, "lon": 95.9297364735287, "alt_km": 309.6384416400406, "timestamp": "2026-02-02T02:54:29.440484+00:00", "meta": {"OBJECT_NAME": "STARLINK-36586", "OBJECT_ID": "2026-014S", "EPOCH": "2026-02-01T12:00:01.999296", "MEAN_MOTION": 15.90431333, "ECCENTRICITY": 0.0001505, "INCLINATION": 97.2794, "RA_OF_ASC_NODE": 275.5493, "ARG_OF_PERICENTER": 83.6847, "MEAN_ANOMALY": 146.4263, "EPHEMERIS_TYPE": 0, "CLASSIFICATION_TYPE": "U", "NORAD_CAT_ID": 67548, "ELEMENT_SET_NO": 999, "REV_AT_EPOCH": 287, "BSTAR": -0.0049264, "MEAN_MOTION_DOT": -0.0148793, "MEAN_MOTION_DDOT": 0.00061874}, "tle": {"line1": "1 67548U 26014S   26032.50002314 -.01487930  61874-3 -49264-2 0  9991", "line2": "2 67548  97.2794 275.5493 0001505  83.6847 146.4263 15.90431333  2877"}}, "geometry": {"type": "Point", "coordinates": [95.9297364735287, -2.2264489622459878]}}, {"type": "Feature", "properties": {"norad_id": 67549, "name": "STARLINK-36564", "group": "last-30-days", "lat": -7.165394805811035, "lon": 95.29607170797821, "alt_km": 309.706384551042, "timestamp": "2026-02-02T02:54:29.440494+00:00", "meta": {"OBJECT_NAME": "STARLINK-36564", "OBJECT_ID": "2026-014T", "EPOCH": "2026-02-01T12:00:01.999296", "MEAN_MOTION": 15.90620338, "ECCENTRICITY": 0.0001391, "INCLINATION": 97.2794, "RA_OF_ASC_NODE": 275.5515, "ARG_OF_PERICENTER": 82.0723, "MEAN_ANOMALY": 152.5826, "EPHEMERIS_TYPE": 0, "CLASSIFICATION_TYPE": "U", "NORAD_CAT_ID": 67549, "ELEMENT_SET_NO": 999, "REV_AT_EPOCH": 281, "BSTAR": -0.0048432, "MEAN_MOTION_DOT": -0.01476924, "MEAN_MOTION_DDOT": 0.00061143}, "tle": {"line1": "1 67549U 26014T   26032.50002314 -.01476924  61143-3 -48432-2 0  9998", "line2": "2 67549  97.2794 275.5515 0001391  82.0723 152.5826 15.90620338  2814"}}, "geometry": {"type": "Point", "coordinates": [95.29607170797821, -7.165394805811035]}}, {"type": "Feature", "properties": {"norad_id": 67550, "name": "STARLINK-36563", "group": "last-30-days", "lat": -12.044584963174271, "lon": 94.65534063638377, "alt_km": 309.7900889666462, "timestamp": "2026-02-02T02:54:29.440507+00:00", "meta": {"OBJECT_NAME": "STARLINK-36563", "OBJECT_ID": "2026-014U", "EPOCH": "2026-02-01T12:00:01.999296", "MEAN_MOTION": 15.90810907, "ECCENTRICITY": 0.0001493, "INCLINATION": 97.2783, "RA_OF_ASC_NODE": 275.5526, "ARG_OF_PERICENTER": 81.0737, "MEAN_ANOMALY": 158.0784, "EPHEMERIS_TYPE": 0, "CLASSIFICATION_TYPE": "U", "NORAD_CAT_ID": 67550, "ELEMENT_SET_NO": 999, "REV_AT_EPOCH": 287, "BSTAR": -0.0048037, "MEAN_MOTION_DOT": -0.01479074, "MEAN_MOTION_DDOT": 0.00061423}, "tle": {"line1": "1 67550U 26014U   26032.50002314 -.01479074  61423-3 -48037-2 0  9991", "line2": "2 67550  97.2783 275.5526 0001493  81.0737 158.0784 15.90810907  2876"}}, "geometry": {"type": "Point", "coordinates": [94.65534063638377, -12.044584963174271]}}, {"type": "Feature", "properties": {"norad_id": 67551, "name": "STARLINK-36566", "group": "last-30-days", "lat": -16.490121917531898, "lon": 94.05149366723303, "alt_km": 309.702502167127, "timestamp": "2026-02-02T02:54:29.440519+00:00", "meta": {"OBJECT_NAME": "STARLINK-36566", "OBJECT_ID": "2026-014V", "EPOCH": "2026-02-01T12:00:01.999296", "MEAN_MOTION": 15.90977673, "ECCENTRICITY": 0.0001369, "INCLINATION": 97.2778, "RA_OF_ASC_NODE": 275.5541, "ARG_OF_PERICENTER": 84.9121, "MEAN_ANOMALY": 158.3361, "EPHEMERIS_TYPE": 0, "CLASSIFICATION_TYPE": "U", "NORAD_CAT_ID": 67551, "ELEMENT_SET_NO": 999, "REV_AT_EPOCH": 287, "BSTAR": -0.0047178, "MEAN_MOTION_DOT": -0.0146509, "MEAN_MOTION_DDOT": 0.00060452}, "tle": {"line1": "1 67551U 26014V   26032.50002314 -.01465090  60452-3 -47178-2 0  9991", "line2": "2 67551  97.2778 275.5541 0001369  84.9121 158.3361 15.90977673  2877"}}, "geometry": {"type": "Point", "coordinates": [94.05149366723303, -16.490121917531898]}}, {"type": "Feature", "properties": {"norad_id": 67552, "name": "STARLINK-36567", "group": "last-30-days", "lat": -20.963658427918826, "lon": 93.41504219146994, "alt_km": 309.59533569077394, "timestamp": "2026-02-02T02:54:29.440529+00:00", "meta": {"OBJECT_NAME": "STARLINK-36567", "OBJECT_ID": "2026-014W", "EPOCH": "2026-02-01T12:00:01.999296", "MEAN_MOTION": 15.91152628, "ECCENTRICITY": 0.0001311, "INCLINATION": 97.2776, "RA_OF_ASC_NODE": 275.5559, "ARG_OF_PERICENTER": 92.2073, "MEAN_ANOMALY": 155.1686, "EPHEMERIS_TYPE": 0, "CLASSIFICATION_TYPE": "U", "NORAD_CAT_ID": 67552, "ELEMENT_SET_NO": 999, "REV_AT_EPOCH": 287, "BSTAR": -0.0046787, "MEAN_MOTION_DOT": -0.01465875, "MEAN_MOTION_DDOT": 0.00060616}, "tle": {"line1": "1 67552U 26014W   26032.50002314 -.01465875  60616-3 -46787-2 0  9990", "line2": "2 67552  97.2776 275.5559 0001311  92.2073 155.1686 15.91152628  2871"}}, "geometry": {"type": "Point", "coordinates": [93.41504219146994, -20.963658427918826]}}, {"type": "Feature", "properties": {"norad_id": 67553, "name": "STARLINK-36569", "group": "last-30-days", "lat": -26.79703685728742, "lon": 92.52344668714872, "alt_km": 309.4561035458264, "timestamp": "2026-02-02T02:54:29.440540+00:00", "meta": {"OBJECT_NAME": "STARLINK-36569", "OBJECT_ID": "2026-014X", "EPOCH": "2026-02-01T12:00:01.999296", "MEAN_MOTION": 15.91380081, "ECCENTRICITY": 0.0001321, "INCLINATION": 97.2774, "RA_OF_ASC_NODE": 275.5583, "ARG_OF_PERICENTER": 83.708, "MEAN_ANOMALY": 169.0406, "EPHEMERIS_TYPE": 0, "CLASSIFICATION_TYPE": "U", "NORAD_CAT_ID": 67553, "ELEMENT_SET_NO": 999, "REV_AT_EPOCH": 287, "BSTAR": -0.00459, "MEAN_MOTION_DOT": -0.01454964, "MEAN_MOTION_DDOT": 0.00059918}, "tle": {"line1": "1 67553U 26014X   26032.50002314 -.01454964  59918-3 -45900-2 0  9997", "line2": "2 67553  97.2774 275.5583 0001321  83.7080 169.0406 15.91380081  2871"}}, "geometry": {"type": "Point", "coordinates": [92.52344668714872, -26.79703685728742]}}, {"type": "Feature", "properties": {"norad_id": 67554, "name": "STARLINK-36395", "group": "last-30-days", "lat": -42.19857066735208, "lon": 89.57788450146262, "alt_km": 308.7253222088393, "timestamp": "2026-02-02T02:54:29.440550+00:00", "meta": {"OBJECT_NAME": "STARLINK-36395", "OBJECT_ID": "2026-014Y", "EPOCH": "2026-02-01T12:00:01.999296", "MEAN_MOTION": 15.91994866, "ECCENTRICITY": 0.0001439, "INCLINATION": 97.2769, "RA_OF_ASC_NODE": 275.5649, "ARG_OF_PERICENTER": 87.7211, "MEAN_ANOMALY": 179.2687, "EPHEMERIS_TYPE": 0, "CLASSIFICATION_TYPE": "U", "NORAD_CAT_ID": 67554, "ELEMENT_SET_NO": 999, "REV_AT_EPOCH": 287, "BSTAR": -0.0044607, "MEAN_MOTION_DOT": -0.01459129, "MEAN_MOTION_DDOT": 0.00060606}, "tle": {"line1": "1 67554U 26014Y   26032.50002314 -.01459129  60606-3 -44607-2 0  9995", "line2": "2 67554  97.2769 275.5649 0001439  87.7211 179.2687 15.91994866  2875"}}, "geometry": {"type": "Point", "coordinates": [89.57788450146262, -42.19857066735208]}}, {"type": "Feature", "properties": {"norad_id": 67555, "name": "STARLINK-36559", "group": "last-30-days", "lat": -37.51064676240034, "lon": 90.59980691247374, "alt_km": 308.946778849986, "timestamp": "2026-02-02T02:54:29.440560+00:00", "meta": {"OBJECT_NAME": "STARLINK-36559", "OBJECT_ID": "2026-014Z", "EPOCH": "2026-02-01T12:00:01.999296", "MEAN_MOTION": 15.91807349, "ECCENTRICITY": 0.0001282, "INCLINATION": 97.277, "RA_OF_ASC_NODE": 275.5629, "ARG_OF_PERICENTER": 81.312, "MEAN_ANOMALY": 181.3312, "EPHEMERIS_TYPE": 0, "CLASSIFICATION_TYPE": "U", "NORAD_CAT_ID": 67555, "ELEMENT_SET_NO": 999, "REV_AT_EPOCH": 287, "BSTAR": -0.0044886, "MEAN_MOTION_DOT": -0.01454222, "MEAN_MOTION_DDOT": 0.00060117}, "tle": {"line1": "1 67555U 26014Z   26032.50002314 -.01454222  60117-3 -44886-2 0  9991", "line2": "2 67555  97.2770 275.5629 0001282  81.3120 181.3312 15.91807349  2879"}}, "geometry": {"type": "Point", "coordinates": [90.59980691247374, -37.51064676240034]}}, {"type": "Feature", "properties": {"norad_id": 67556, "name": "MR-1", "group": "last-30-days", "lat": -55.700202825229326, "lon": -79.19240598646945, "alt_km": 1072.9238363898567, "timestamp": "2026-02-02T02:54:29.440573+00:00", "meta": {"OBJECT_NAME": "MR-1", "OBJECT_ID": "2026-015A", "EPOCH": "2026-02-01T04:06:15.598368", "MEAN_MOTION": 13.52685257, "ECCENTRICITY": 0.00049778, "INCLINATION": 88.9992, "RA_OF_ASC_NODE": 282.3722, "ARG_OF_PERICENTER": 104.0311, "MEAN_ANOMALY": 256.1395, "EPHEMERIS_TYPE": 0, "CLASSIFICATION_TYPE": "U", "NORAD_CAT_ID": 67556, "ELEMENT_SET_NO": 999, "REV_AT_EPOCH": 132, "BSTAR": 0.00010632705, "MEAN_MOTION_DOT": 8.3e-07, "MEAN_MOTION_DDOT": 0}, "tle": {"line1": "1 67556U 26015A   26032.17101387  .00000083  00000+0  10633-3 0  9990", "line2": "2 67556  88.9992 282.3722 0004977 104.0311 256.1395 13.52685257  1320"}}, "geometry": {"type": "Point", "coordinates": [-79.19240598646945, -55.700202825229326]}}, {"type": "Feature", "properties": {"norad_id": 67557, "name": "MR-2", "group": "last-30-days", "lat": -56.62918734826519, "lon": -79.24466005033473, "alt_km": 1073.0995249725565, "timestamp": "2026-02-02T02:54:29.440583+00:00", "meta": {"OBJECT_NAME": "MR-2", "OBJECT_ID": "2026-015B", "EPOCH": "2026-02-01T11:12:35.510688", "MEAN_MOTION": 13.52660463, "ECCENTRICITY": 0.0005054, "INCLINATION": 88.9991, "RA_OF_ASC_NODE": 282.3425, "ARG_OF_PERICENTER": 102.5713, "MEAN_ANOMALY": 257.6004, "EPHEMERIS_TYPE": 0, "CLASSIFICATION_TYPE": "U", "NORAD_CAT_ID": 67557, "ELEMENT_SET_NO": 999, "REV_AT_EPOCH": 136, "BSTAR": 5.0666e-05, "MEAN_MOTION_DOT": 4.6e-07, "MEAN_MOTION_DDOT": 0}, "tle": {"line1": "1 67557U 26015B   26032.46707767  .00000046  00000+0  50666-4 0  9997", "line2": "2 67557  88.9991 282.3425 0005054 102.5713 257.6004 13.52660463  1365"}}, "geometry": {"type": "Point", "coordinates": [-79.24466005033473, -56.62918734826519]}}, {"type": "Feature", "properties": {"norad_id": 67558, "name": "ELECTRON R/B", "group": "last-30-days", "lat": 86.053346365383, "lon": 87.38754537340985, "alt_km": 840.3022974357737, "timestamp": "2026-02-02T02:54:29.440594+00:00", "meta": {"OBJECT_NAME": "ELECTRON R/B", "OBJECT_ID": "2026-015C", "EPOCH": "2026-02-01T05:37:00.577344", "MEAN_MOTION": 14.97947384, "ECCENTRICITY": 0.0574862, "INCLINATION": 89.0045, "RA_OF_ASC_NODE": 282.1001, "ARG_OF_PERICENTER": 234.7223, "MEAN_ANOMALY": 119.8949, "EPHEMERIS_TYPE": 0, "CLASSIFICATION_TYPE": "U", "NORAD_CAT_ID": 67558, "ELEMENT_SET_NO": 999, "REV_AT_EPOCH": 146, "BSTAR": 0.0010825, "MEAN_MOTION_DOT": 0.01058499, "MEAN_MOTION_DDOT": -5.6461e-07}, "tle": {"line1": "1 67558U 26015C   26032.23403446  .01058499 -56461-6  10825-2 0  9997", "line2": "2 67558  89.0045 282.1001 0574862 234.7223 119.8949 14.97947384  1466"}}, "geometry": {"type": "Point", "coordinates": [87.38754537340985, 86.053346365383]}}, {"type": "Feature", "properties": {"norad_id": 67559, "name": "ELECTRON KICK STAGE R/B", "group": "last-30-days", "lat": -64.789480333269, "lon": -79.91879755918038, "alt_km": 302.386946822563, "timestamp": "2026-02-02T02:54:29.440604+00:00", "meta": {"OBJECT_NAME": "ELECTRON KICK STAGE R/B", "OBJECT_ID": "2026-015D", "EPOCH": "2026-02-01T09:09:49.755168", "MEAN_MOTION": 14.66423358, "ECCENTRICITY": 0.0535939, "INCLINATION": 89.0532, "RA_OF_ASC_NODE": 282.1803, "ARG_OF_PERICENTER": 300.9669, "MEAN_ANOMALY": 53.9926, "EPHEMERIS_TYPE": 0, "CLASSIFICATION_TYPE": "U", "NORAD_CAT_ID": 67559, "ELEMENT_SET_NO": 999, "REV_AT_EPOCH": 146, "BSTAR": 0.00091326, "MEAN_MOTION_DOT": 0.00053653, "MEAN_MOTION_DDOT": -2.5611e-08}, "tle": {"line1": "1 67559U 26015D   26032.38182587  .00053653 -25611-7  91326-3 0  9990", "line2": "2 67559  89.0532 282.1803 0535939 300.9669  53.9926 14.66423358  1469"}}, "geometry": {"type": "Point", "coordinates": [-79.91879755918038, -64.789480333269]}}, {"type": "Feature", "properties": {"norad_id": 67560, "name": "STARLINK-36426", "group": "last-30-days", "lat": -31.197306802205656, "lon": 91.7880807079554, "alt_km": 309.35185844793614, "timestamp": "2026-02-02T02:54:29.440615+00:00", "meta": {"OBJECT_NAME": "STARLINK-36426", "OBJECT_ID": "2026-014AA", "EPOCH": "2026-02-01T12:00:01.999296", "MEAN_MOTION": 15.91553385, "ECCENTRICITY": 0.0001447, "INCLINATION": 97.277, "RA_OF_ASC_NODE": 275.5602, "ARG_OF_PERICENTER": 84.4852, "MEAN_ANOMALY": 172.3317, "EPHEMERIS_TYPE": 0, "CLASSIFICATION_TYPE": "U", "NORAD_CAT_ID": 67560, "ELEMENT_SET_NO": 999, "REV_AT_EPOCH": 171, "BSTAR": -0.0045605, "MEAN_MOTION_DOT": -0.01458444, "MEAN_MOTION_DDOT": 0.00060287}, "tle": {"line1": "1 67560U 26014AA  26032.50002314 -.01458444  60287-3 -45605-2 0  9995", "line2": "2 67560  97.2770 275.5602 0001447  84.4852 172.3317 15.91553385  1710"}}, "geometry": {"type": "Point", "coordinates": [91.7880807079554, -31.197306802205656]}}, {"type": "Feature", "properties": {"norad_id": 67561, "name": "STARLINK-36621", "group": "last-30-days", "lat": -47.4085792794316, "lon": 99.67266932101636, "alt_km": 281.0232166848982, "timestamp": "2026-02-02T02:54:29.440627+00:00", "meta": {"OBJECT_NAME": "STARLINK-36621", "OBJECT_ID": "2026-016A", "EPOCH": "2026-01-30T16:36:14.185440", "MEAN_MOTION": 16.01900814, "ECCENTRICITY": 8.69e-05, "INCLINATION": 97.2833, "RA_OF_ASC_NODE": 89.028, "ARG_OF_PERICENTER": 36.4682, "MEAN_ANOMALY": 323.6657, "EPHEMERIS_TYPE": 0, "CLASSIFICATION_TYPE": "U", "NORAD_CAT_ID": 67561, "ELEMENT_SET_NO": 999, "REV_AT_EPOCH": 80, "BSTAR": -0.00068838613, "MEAN_MOTION_DOT": -0.00389579, "MEAN_MOTION_DDOT": 5.7861304e-05}, "tle": {"line1": "1 67561U 26016A   26030.69183085 -.00389579  57861-4 -68839-3 0  9992", "line2": "2 67561  97.2833  89.0280 0000869  36.4682 323.6657 16.01900814   808"}}, "geometry": {"type": "Point", "coordinates": [99.67266932101636, -47.4085792794316]}}, {"type": "Feature", "properties": {"norad_id": 67562, "name": "STARLINK-36398", "group": "last-30-days", "lat": -46.65815831967349, "lon": 99.46423026142527, "alt_km": 281.98406903574596, "timestamp": "2026-02-02T02:54:29.440638+00:00", "meta": {"OBJECT_NAME": "STARLINK-36398", "OBJECT_ID": "2026-016B", "EPOCH": "2026-01-30T16:35:48.058944", "MEAN_MOTION": 16.02050774, "ECCENTRICITY": 1.986e-05, "INCLINATION": 97.2832, "RA_OF_ASC_NODE": 89.0285, "ARG_OF_PERICENTER": 138.6845, "MEAN_ANOMALY": 221.445, "EPHEMERIS_TYPE": 0, "CLASSIFICATION_TYPE": "U", "NORAD_CAT_ID": 67562, "ELEMENT_SET_NO": 999, "REV_AT_EPOCH": 80, "BSTAR": -0.00088679346, "MEAN_MOTION_DOT": -0.00505743, "MEAN_MOTION_DDOT": 9.4260023e-05}, "tle": {"line1": "1 67562U 26016B   26030.69152846 -.00505743  94260-4 -88679-3 0  9995", "line2": "2 67562  97.2832  89.0285 0000198 138.6845 221.4450 16.02050774   802"}}, "geometry": {"type": "Point", "coordinates": [99.46423026142527, -46.65815831967349]}}, {"type": "Feature", "properties": {"norad_id": 67563, "name": "STARLINK-36403", "group": "last-30-days", "lat": -42.321916442679175, "lon": 98.36476043573045, "alt_km": 281.0565065797864, "timestamp": "2026-02-02T02:54:29.440652+00:00", "meta": {"OBJECT_NAME": "STARLINK-36403", "OBJECT_ID": "2026-016C", "EPOCH": "2026-01-30T16:35:26.433888", "MEAN_MOTION": 16.02221008, "ECCENTRICITY": 0.00018616, "INCLINATION": 97.2836, "RA_OF_ASC_NODE": 89.0275, "ARG_OF_PERICENTER": 194.7661, "MEAN_ANOMALY": 165.3565, "EPHEMERIS_TYPE": 0, "CLASSIFICATION_TYPE": "U", "NORAD_CAT_ID": 67563, "ELEMENT_SET_NO": 999, "REV_AT_EPOCH": 80, "BSTAR": -0.00074556519, "MEAN_MOTION_DOT": -0.00429786, "MEAN_MOTION_DDOT": 6.9721207e-05}, "tle": {"line1": "1 67563U 26016C   26030.69127817 -.00429786  69721-4 -74557-3 0  9992", "line2": "2 67563  97.2836  89.0275 0001861 194.7661 165.3565 16.02221008   806"}}, "geometry": {"type": "Point", "coordinates": [98.36476043573045, -42.321916442679175]}}, {"type": "Feature", "properties": {"norad_id": 67564, "name": "STARLINK-36593", "group": "last-30-days", "lat": -38.87406566110085, "lon": 97.59627912056061, "alt_km": 280.24359458324125, "timestamp": "2026-02-02T02:54:29.440663+00:00", "meta": {"OBJECT_NAME": "STARLINK-36593", "OBJECT_ID": "2026-016D", "EPOCH": "2026-01-30T16:35:01.506624", "MEAN_MOTION": 16.02396118, "ECCENTRICITY": 0.00017758, "INCLINATION": 97.2837, "RA_OF_ASC_NODE": 89.0281, "ARG_OF_PERICENTER": 186.3831, "MEAN_ANOMALY": 173.7426, "EPHEMERIS_TYPE": 0, "CLASSIFICATION_TYPE": "U", "NORAD_CAT_ID": 67564, "ELEMENT_SET_NO": 999, "REV_AT_EPOCH": 80, "BSTAR": -0.00071090026, "MEAN_MOTION_DOT": -0.00414057, "MEAN_MOTION_DDOT": 6.5184333e-05}, "tle": {"line1": "1 67564U 26016D   26030.69098966 -.00414057  65184-4 -71090-3 0  9998", "line2": "2 67564  97.2837  89.0281 0001775 186.3831 173.7426 16.02396118   809"}}, "geometry": {"type": "Point", "coordinates": [97.59627912056061, -38.87406566110085]}}, {"type": "Feature", "properties": {"norad_id": 67565, "name": "STARLINK-35725", "group": "last-30-days", "lat": -35.061389320274365, "lon": 96.82942559158319, "alt_km": 278.38736398426954, "timestamp": "2026-02-02T02:54:29.440673+00:00", "meta": {"OBJECT_NAME": "STARLINK-35725", "OBJECT_ID": "2026-016E", "EPOCH": "2026-01-30T16:34:41.616480", "MEAN_MOTION": 16.02587068, "ECCENTRICITY": 3.955e-05, "INCLINATION": 97.283, "RA_OF_ASC_NODE": 89.0289, "ARG_OF_PERICENTER": 167.6377, "MEAN_ANOMALY": 192.4912, "EPHEMERIS_TYPE": 0, "CLASSIFICATION_TYPE": "U", "NORAD_CAT_ID": 67565, "ELEMENT_SET_NO": 999, "REV_AT_EPOCH": 80, "BSTAR": -0.00062820048, "MEAN_MOTION_DOT": -0.00370073, "MEAN_MOTION_DDOT": 5.3038874e-05}, "tle": {"line1": "1 67565U 26016E   26030.69075945 -.00370073  53039-4 -62820-3 0  9997", "line2": "2 67565  97.2830  89.0289 0000395 167.6377 192.4912 16.02587068   809"}}, "geometry": {"type": "Point", "coordinates": [96.82942559158319, -35.061389320274365]}}, {"type": "Feature", "properties": {"norad_id": 67566, "name": "STARLINK-36394", "group": "last-30-days", "lat": -25.16735308123914, "lon": 95.12972566347118, "alt_km": 276.5702644110024, "timestamp": "2026-02-02T02:54:29.440685+00:00", "meta": {"OBJECT_NAME": "STARLINK-36394", "OBJECT_ID": "2026-016F", "EPOCH": "2026-01-30T16:33:11.858976", "MEAN_MOTION": 16.03082623, "ECCENTRICITY": 7.327e-05, "INCLINATION": 97.2825, "RA_OF_ASC_NODE": 89.0312, "ARG_OF_PERICENTER": 44.7927, "MEAN_ANOMALY": 315.3412, "EPHEMERIS_TYPE": 0, "CLASSIFICATION_TYPE": "U", "NORAD_CAT_ID": 67566, "ELEMENT_SET_NO": 999, "REV_AT_EPOCH": 80, "BSTAR": -0.0006357502, "MEAN_MOTION_DOT": -0.00385535, "MEAN_MOTION_DDOT": 5.7574838e-05}, "tle": {"line1": "1 67566U 26016F   26030.68972059 -.00385535  57575-4 -63575-3 0  9995", "line2": "2 67566  97.2825  89.0312 0000732  44.7927 315.3412 16.03082623   801"}}, "geometry": {"type": "Point", "coordinates": [95.12972566347118, -25.16735308123914]}}, {"type": "Feature", "properties": {"norad_id": 67567, "name": "STARLINK-36352", "group": "last-30-days", "lat": -30.725943434204265, "lon": 96.04116331110258, "alt_km": 278.85070110367997, "timestamp": "2026-02-02T02:54:29.440696+00:00", "meta": {"OBJECT_NAME": "STARLINK-36352", "OBJECT_ID": "2026-016G", "EPOCH": "2026-01-30T16:33:35.657856", "MEAN_MOTION": 16.0286472, "ECCENTRICITY": 0.00011913, "INCLINATION": 97.2824, "RA_OF_ASC_NODE": 89.0305, "ARG_OF_PERICENTER": 38.2782, "MEAN_ANOMALY": 321.8583, "EPHEMERIS_TYPE": 0, "CLASSIFICATION_TYPE": "U", "NORAD_CAT_ID": 67567, "ELEMENT_SET_NO": 999, "REV_AT_EPOCH": 80, "BSTAR": -0.00082561045, "MEAN_MOTION_DOT": -0.00493869, "MEAN_MOTION_DDOT": 9.1069748e-05}, "tle": {"line1": "1 67567U 26016G   26030.68999604 -.00493869  91070-4 -82561-3 0  9995", "line2": "2 67567  97.2824  89.0305 0001191  38.2782 321.8583 16.02864720   806"}}, "geometry": {"type": "Point", "coordinates": [96.04116331110258, -30.725943434204265]}}, {"type": "Feature", "properties": {"norad_id": 67568, "name": "STARLINK-36435", "group": "last-30-days", "lat": -23.41729623836917, "lon": 94.85827896068781, "alt_km": 276.6552078292116, "timestamp": "2026-02-02T02:54:29.440706+00:00", "meta": {"OBJECT_NAME": "STARLINK-36435", "OBJECT_ID": "2026-016H", "EPOCH": "2026-01-30T16:32:49.164288", "MEAN_MOTION": 16.03225859, "ECCENTRICITY": 3.751e-05, "INCLINATION": 97.2826, "RA_OF_ASC_NODE": 89.0292, "ARG_OF_PERICENTER": 146.6759, "MEAN_ANOMALY": 213.4545, "EPHEMERIS_TYPE": 0, "CLASSIFICATION_TYPE": "U", "NORAD_CAT_ID": 67568, "ELEMENT_SET_NO": 999, "REV_AT_EPOCH": 80, "BSTAR": -0.00071291135, "MEAN_MOTION_DOT": -0.0043579, "MEAN_MOTION_DDOT": 7.2428332e-05}, "tle": {"line1": "1 67568U 26016H   26030.68945792 -.00435790  72428-4 -71291-3 0  9998", "line2": "2 67568  97.2826  89.0292 0000375 146.6759 213.4545 16.03225859   804"}}, "geometry": {"type": "Point", "coordinates": [94.85827896068781, -23.41729623836917]}}, {"type": "Feature", "properties": {"norad_id": 67569, "name": "STARLINK-36575", "group": "last-30-days", "lat": 53.29073021275007, "lon": -78.38238421352715, "alt_km": 193.3349137973555, "timestamp": "2026-02-02T02:54:29.440716+00:00", "meta": {"OBJECT_NAME": "STARLINK-36575", "OBJECT_ID": "2026-016J", "EPOCH": "2026-01-30T06:02:31.154208", "MEAN_MOTION": 16.07860801, "ECCENTRICITY": 0.0006653, "INCLINATION": 97.283, "RA_OF_ASC_NODE": 88.5554, "ARG_OF_PERICENTER": 226.6851, "MEAN_ANOMALY": 133.3878, "EPHEMERIS_TYPE": 0, "CLASSIFICATION_TYPE": "U", "NORAD_CAT_ID": 67569, "ELEMENT_SET_NO": 999, "REV_AT_EPOCH": 73, "BSTAR": 0.0025664402, "MEAN_MOTION_DOT": 0.01976161, "MEAN_MOTION_DDOT": 0.0032032726}, "tle": {"line1": "1 67569U 26016J   26030.25174947  .01976161  32033-2  25664-2 0  9997", "line2": "2 67569  97.2830  88.5554 0006653 226.6851 133.3878 16.07860801   739"}}, "geometry": {"type": "Point", "coordinates": [-78.38238421352715, 53.29073021275007]}}, {"type": "Feature", "properties": {"norad_id": 67570, "name": "STARLINK-36562", "group": "last-30-days", "lat": -18.295874840246736, "lon": 94.11084156855769, "alt_km": 275.5364940043064, "timestamp": "2026-02-02T02:54:29.440726+00:00", "meta": {"OBJECT_NAME": "STARLINK-36562", "OBJECT_ID": "2026-016K", "EPOCH": "2026-01-30T16:32:06.868032", "MEAN_MOTION": 16.03516707, "ECCENTRICITY": 2.43e-05, "INCLINATION": 97.2827, "RA_OF_ASC_NODE": 89.0318, "ARG_OF_PERICENTER": 132.4972, "MEAN_ANOMALY": 227.6329, "EPHEMERIS_TYPE": 0, "CLASSIFICATION_TYPE": "U", "NORAD_CAT_ID": 67570, "ELEMENT_SET_NO": 999, "REV_AT_EPOCH": 80, "BSTAR": -0.00071642973, "MEAN_MOTION_DOT": -0.004455, "MEAN_MOTION_DDOT": 7.5737352e-05}, "tle": {"line1": "1 67570U 26016K   26030.68896838 -.00445500  75737-4 -71643-3 0  9994", "line2": "2 67570  97.2827  89.0318 0000243 132.4972 227.6329 16.03516707   803"}}, "geometry": {"type": "Point", "coordinates": [94.11084156855769, -18.295874840246736]}}, {"type": "Feature", "properties": {"norad_id": 67571, "name": "STARLINK-36578", "group": "last-30-days", "lat": -37.07305385265532, "lon": 97.2218760575314, "alt_km": 288.42507175045375, "timestamp": "2026-02-02T02:54:29.440739+00:00", "meta": {"OBJECT_NAME": "STARLINK-36578", "OBJECT_ID": "2026-016L", "EPOCH": "2026-01-30T18:00:02.000160", "MEAN_MOTION": 16.03255571, "ECCENTRICITY": 0.00012558, "INCLINATION": 97.2827, "RA_OF_ASC_NODE": 89.0985, "ARG_OF_PERICENTER": 76.5846, "MEAN_ANOMALY": 276.9999, "EPHEMERIS_TYPE": 0, "CLASSIFICATION_TYPE": "U", "NORAD_CAT_ID": 67571, "ELEMENT_SET_NO": 999, "REV_AT_EPOCH": 193, "BSTAR": -0.0024914859, "MEAN_MOTION_DOT": -0.01512244, "MEAN_MOTION_DDOT": 0.00073190173}, "tle": {"line1": "1 67571U 26016L   26030.75002315 -.01512244  73190-3 -24915-2 0  9992", "line2": "2 67571  97.2827  89.0985 0001255  76.5846 276.9999 16.03255571  1930"}}, "geometry": {"type": "Point", "coordinates": [97.2218760575314, -37.07305385265532]}}, {"type": "Feature", "properties": {"norad_id": 67572, "name": "STARLINK-36350", "group": "last-30-days", "lat": -33.779068348819045, "lon": 96.58568718264462, "alt_km": 287.6782881398758, "timestamp": "2026-02-02T02:54:29.440749+00:00", "meta": {"OBJECT_NAME": "STARLINK-36350", "OBJECT_ID": "2026-016M", "EPOCH": "2026-01-30T18:00:02.000160", "MEAN_MOTION": 16.03437768, "ECCENTRICITY": 0.0001327, "INCLINATION": 97.2827, "RA_OF_ASC_NODE": 89.0991, "ARG_OF_PERICENTER": 69.5181, "MEAN_ANOMALY": 285.7353, "EPHEMERIS_TYPE": 0, "CLASSIFICATION_TYPE": "U", "NORAD_CAT_ID": 67572, "ELEMENT_SET_NO": 999, "REV_AT_EPOCH": 184, "BSTAR": -0.0024534803, "MEAN_MOTION_DOT": -0.01505366, "MEAN_MOTION_DDOT": 0.00072729305}, "tle": {"line1": "1 67572U 26016M   26030.75002315 -.01505366  72729-3 -24535-2 0  9995", "line2": "2 67572  97.2827  89.0991 0001327  69.5181 285.7353 16.03437768  1844"}}, "geometry": {"type": "Point", "coordinates": [96.58568718264462, -33.779068348819045]}}, {"type": "Feature", "properties": {"norad_id": 67573, "name": "STARLINK-36588", "group": "last-30-days", "lat": -30.222485951763993, "lon": 95.95184012887765, "alt_km": 286.8901904094664, "timestamp": "2026-02-02T02:54:29.440762+00:00", "meta": {"OBJECT_NAME": "STARLINK-36588", "OBJECT_ID": "2026-016N", "EPOCH": "2026-01-30T18:00:02.000160", "MEAN_MOTION": 16.0365124, "ECCENTRICITY": 0.00012196, "INCLINATION": 97.2822, "RA_OF_ASC_NODE": 89.0999, "ARG_OF_PERICENTER": 71.9232, "MEAN_ANOMALY": 285.1455, "EPHEMERIS_TYPE": 0, "CLASSIFICATION_TYPE": "U", "NORAD_CAT_ID": 67573, "ELEMENT_SET_NO": 999, "REV_AT_EPOCH": 200, "BSTAR": -0.0024271268, "MEAN_MOTION_DOT": -0.01508057, "MEAN_MOTION_DDOT": 0.00073157191}, "tle": {"line1": "1 67573U 26016N   26030.75002315 -.01508057  73157-3 -24271-2 0  9999", "line2": "2 67573  97.2822  89.0999 0001219  71.9232 285.1455 16.03651240  2001"}}, "geometry": {"type": "Point", "coordinates": [95.95184012887765, -30.222485951763993]}}, {"type": "Feature", "properties": {"norad_id": 67574, "name": "STARLINK-36594", "group": "last-30-days", "lat": -28.036846284077455, "lon": 95.58494056843269, "alt_km": 286.4483536861262, "timestamp": "2026-02-02T02:54:29.440772+00:00", "meta": {"OBJECT_NAME": "STARLINK-36594", "OBJECT_ID": "2026-016P", "EPOCH": "2026-01-30T18:00:02.000160", "MEAN_MOTION": 16.03777338, "ECCENTRICITY": 0.0001196, "INCLINATION": 97.2821, "RA_OF_ASC_NODE": 89.1, "ARG_OF_PERICENTER": 66.7228, "MEAN_ANOMALY": 291.5761, "EPHEMERIS_TYPE": 0, "CLASSIFICATION_TYPE": "U", "NORAD_CAT_ID": 67574, "ELEMENT_SET_NO": 999, "REV_AT_EPOCH": 200, "BSTAR": -0.0024190935, "MEAN_MOTION_DOT": -0.01514261, "MEAN_MOTION_DDOT": 0.00073829888}, "tle": {"line1": "1 67574U 26016P   26030.75002315 -.01514261  73830-3 -24191-2 0  9993", "line2": "2 67574  97.2821  89.1000 0001196  66.7228 291.5761 16.03777338  2004"}}, "geometry": {"type": "Point", "coordinates": [95.58494056843269, -28.036846284077455]}}, {"type": "Feature", "properties": {"norad_id": 67575, "name": "STARLINK-36400", "group": "last-30-days", "lat": -25.284403472865314, "lon": 95.14511024357549, "alt_km": 285.6678671210984, "timestamp": "2026-02-02T02:54:29.440782+00:00", "meta": {"OBJECT_NAME": "STARLINK-36400", "OBJECT_ID": "2026-016Q", "EPOCH": "2026-01-30T18:00:02.000160", "MEAN_MOTION": 16.03892144, "ECCENTRICITY": 0.00012055, "INCLINATION": 97.2824, "RA_OF_ASC_NODE": 89.101, "ARG_OF_PERICENTER": 75.6715, "MEAN_ANOMALY": 283.9623, "EPHEMERIS_TYPE": 0, "CLASSIFICATION_TYPE": "U", "NORAD_CAT_ID": 67575, "ELEMENT_SET_NO": 999, "REV_AT_EPOCH": 189, "BSTAR": -0.0023558162, "MEAN_MOTION_DOT": -0.01485084, "MEAN_MOTION_DDOT": 0.00071302173}, "tle": {"line1": "1 67575U 26016Q   26030.75002315 -.01485084  71302-3 -23558-2 0  9992", "line2": "2 67575  97.2824  89.1010 0001205  75.6715 283.9623 16.03892144  1891"}}, "geometry": {"type": "Point", "coordinates": [95.14511024357549, -25.284403472865314]}}, {"type": "Feature", "properties": {"norad_id": 67576, "name": "STARLINK-36591", "group": "last-30-days", "lat": -22.682698288292407, "lon": 94.74632176345176, "alt_km": 285.0230433926672, "timestamp": "2026-02-02T02:54:29.440795+00:00", "meta": {"OBJECT_NAME": "STARLINK-36591", "OBJECT_ID": "2026-016R", "EPOCH": "2026-01-30T18:00:02.000160", "MEAN_MOTION": 16.04031994, "ECCENTRICITY": 0.0001153, "INCLINATION": 97.2821, "RA_OF_ASC_NODE": 89.1012, "ARG_OF_PERICENTER": 81.086, "MEAN_ANOMALY": 279.8891, "EPHEMERIS_TYPE": 0, "CLASSIFICATION_TYPE": "U", "NORAD_CAT_ID": 67576, "ELEMENT_SET_NO": 999, "REV_AT_EPOCH": 195, "BSTAR": -0.0023273007, "MEAN_MOTION_DOT": -0.01479416, "MEAN_MOTION_DDOT": 0.00070915363}, "tle": {"line1": "1 67576U 26016R   26030.75002315 -.01479416  70915-3 -23273-2 0  9998", "line2": "2 67576  97.2821  89.1012 0001153  81.0860 279.8891 16.04031994  1952"}}, "geometry": {"type": "Point", "coordinates": [94.74632176345176, -22.682698288292407]}}, {"type": "Feature", "properties": {"norad_id": 67577, "name": "STARLINK-36590", "group": "last-30-days", "lat": -20.373111328268568, "lon": 94.40535760972018, "alt_km": 284.4856076192709, "timestamp": "2026-02-02T02:54:29.440805+00:00", "meta": {"OBJECT_NAME": "STARLINK-36590", "OBJECT_ID": "2026-016S", "EPOCH": "2026-01-30T18:00:02.000160", "MEAN_MOTION": 16.04161, "ECCENTRICITY": 0.00013014, "INCLINATION": 97.2818, "RA_OF_ASC_NODE": 89.1018, "ARG_OF_PERICENTER": 65.2496, "MEAN_ANOMALY": 296.9797, "EPHEMERIS_TYPE": 0, "CLASSIFICATION_TYPE": "U", "NORAD_CAT_ID": 67577, "ELEMENT_SET_NO": 999, "REV_AT_EPOCH": 195, "BSTAR": -0.0023120273, "MEAN_MOTION_DOT": -0.01481062, "MEAN_MOTION_DDOT": 0.0007117273}, "tle": {"line1": "1 67577U 26016S   26030.75002315 -.01481062  71173-3 -23120-2 0  9997", "line2": "2 67577  97.2818  89.1018 0001301  65.2496 296.9797 16.04161000  1956"}}, "geometry": {"type": "Point", "coordinates": [94.40535760972018, -20.373111328268568]}}, {"type": "Feature", "properties": {"norad_id": 67578, "name": "STARLINK-36613", "group": "last-30-days", "lat": -17.613491169385764, "lon": 94.01121038770795, "alt_km": 283.78213065167256, "timestamp": "2026-02-02T02:54:29.440815+00:00", "meta": {"OBJECT_NAME": "STARLINK-36613", "OBJECT_ID": "2026-016T", "EPOCH": "2026-01-30T18:00:02.000160", "MEAN_MOTION": 16.04312189, "ECCENTRICITY": 0.00011687, "INCLINATION": 97.2817, "RA_OF_ASC_NODE": 89.1023, "ARG_OF_PERICENTER": 76.6003, "MEAN_ANOMALY": 287.0607, "EPHEMERIS_TYPE": 0, "CLASSIFICATION_TYPE": "U", "NORAD_CAT_ID": 67578, "ELEMENT_SET_NO": 999, "REV_AT_EPOCH": 195, "BSTAR": -0.0022854454, "MEAN_MOTION_DOT": -0.01477318, "MEAN_MOTION_DDOT": 0.00070967085}, "tle": {"line1": "1 67578U 26016T   26030.75002315 -.01477318  70967-3 -22854-2 0  9990", "line2": "2 67578  97.2817  89.1023 0001168  76.6003 287.0607 16.04312189  1950"}}, "geometry": {"type": "Point", "coordinates": [94.01121038770795, -17.613491169385764]}}, {"type": "Feature", "properties": {"norad_id": 67579, "name": "STARLINK-36571", "group": "last-30-days", "lat": -13.975951565328069, "lon": 93.51046327375347, "alt_km": 282.71472742269907, "timestamp": "2026-02-02T02:54:29.440830+00:00", "meta": {"OBJECT_NAME": "STARLINK-36571", "OBJECT_ID": "2026-016U", "EPOCH": "2026-01-30T18:00:02.000160", "MEAN_MOTION": 16.04497134, "ECCENTRICITY": 0.00012244, "INCLINATION": 97.2818, "RA_OF_ASC_NODE": 89.1035, "ARG_OF_PERICENTER": 72.3112, "MEAN_ANOMALY": 293.0837, "EPHEMERIS_TYPE": 0, "CLASSIFICATION_TYPE": "U", "NORAD_CAT_ID": 67579, "ELEMENT_SET_NO": 999, "REV_AT_EPOCH": 195, "BSTAR": -0.0022259655, "MEAN_MOTION_DOT": -0.01455153, "MEAN_MOTION_DDOT": 0.00069154094}, "tle": {"line1": "1 67579U 26016U   26030.75002315 -.01455153  69154-3 -22260-2 0  9991", "line2": "2 67579  97.2818  89.1035 0001224  72.3112 293.0837 16.04497134  1958"}}, "geometry": {"type": "Point", "coordinates": [93.51046327375347, -13.975951565328069]}}, {"type": "Feature", "properties": {"norad_id": 67580, "name": "STARLINK-36612", "group": "last-30-days", "lat": -11.555594930175058, "lon": 93.18556582100885, "alt_km": 282.168310196088, "timestamp": "2026-02-02T02:54:29.440841+00:00", "meta": {"OBJECT_NAME": "STARLINK-36612", "OBJECT_ID": "2026-016V", "EPOCH": "2026-01-30T18:00:02.000160", "MEAN_MOTION": 16.04652611, "ECCENTRICITY": 0.00011552, "INCLINATION": 97.2817, "RA_OF_ASC_NODE": 89.1038, "ARG_OF_PERICENTER": 69.1104, "MEAN_ANOMALY": 297.6412, "EPHEMERIS_TYPE": 0, "CLASSIFICATION_TYPE": "U", "NORAD_CAT_ID": 67580, "ELEMENT_SET_NO": 999, "REV_AT_EPOCH": 195, "BSTAR": -0.0022289539, "MEAN_MOTION_DOT": -0.01470554, "MEAN_MOTION_DDOT": 0.00070653947}, "tle": {"line1": "1 67580U 26016V   26030.75002315 -.01470554  70654-3 -22290-2 0  9995", "line2": "2 67580  97.2817  89.1038 0001155  69.1104 297.6412 16.04652611  1952"}}, "geometry": {"type": "Point", "coordinates": [93.18556582100885, -11.555594930175058]}}, {"type": "Feature", "properties": {"norad_id": 67581, "name": "STARLINK-36632", "group": "last-30-days", "lat": -4.090575490888522, "lon": 92.21515688530111, "alt_km": 279.8728961077977, "timestamp": "2026-02-02T02:54:29.440851+00:00", "meta": {"OBJECT_NAME": "STARLINK-36632", "OBJECT_ID": "2026-016W", "EPOCH": "2026-01-30T18:00:02.000160", "MEAN_MOTION": 16.05048273, "ECCENTRICITY": 0.00013477, "INCLINATION": 97.2819, "RA_OF_ASC_NODE": 89.1057, "ARG_OF_PERICENTER": 62.3345, "MEAN_ANOMALY": 307.9683, "EPHEMERIS_TYPE": 0, "CLASSIFICATION_TYPE": "U", "NORAD_CAT_ID": 67581, "ELEMENT_SET_NO": 999, "REV_AT_EPOCH": 195, "BSTAR": -0.0021214233, "MEAN_MOTION_DOT": -0.01433817, "MEAN_MOTION_DDOT": 0.00067732414}, "tle": {"line1": "1 67581U 26016W   26030.75002315 -.01433817  67732-3 -21214-2 0  9995", "line2": "2 67581  97.2819  89.1057 0001347  62.3345 307.9683 16.05048273  1950"}}, "geometry": {"type": "Point", "coordinates": [92.21515688530111, -4.090575490888522]}}, {"type": "Feature", "properties": {"norad_id": 67582, "name": "STARLINK-36609", "group": "last-30-days", "lat": -1.5969300463172276, "lon": 91.89618808114335, "alt_km": 279.1567549260553, "timestamp": "2026-02-02T02:54:29.440861+00:00", "meta": {"OBJECT_NAME": "STARLINK-36609", "OBJECT_ID": "2026-016X", "EPOCH": "2026-01-30T18:00:02.000160", "MEAN_MOTION": 16.05182479, "ECCENTRICITY": 0.00012305, "INCLINATION": 97.2817, "RA_OF_ASC_NODE": 89.106, "ARG_OF_PERICENTER": 68.2438, "MEAN_ANOMALY": 303.3749, "EPHEMERIS_TYPE": 0, "CLASSIFICATION_TYPE": "U", "NORAD_CAT_ID": 67582, "ELEMENT_SET_NO": 999, "REV_AT_EPOCH": 195, "BSTAR": -0.0020998075, "MEAN_MOTION_DOT": -0.01430766, "MEAN_MOTION_DDOT": 0.00067574965}, "tle": {"line1": "1 67582U 26016X   26030.75002315 -.01430766  67575-3 -20998-2 0  9999", "line2": "2 67582  97.2817  89.1060 0001230  68.2438 303.3749 16.05182479  1952"}}, "geometry": {"type": "Point", "coordinates": [91.89618808114335, -1.5969300463172276]}}, {"type": "Feature", "properties": {"norad_id": 67583, "name": "STARLINK-36577", "group": "last-30-days", "lat": -7.887246379752016, "lon": 92.70396549649313, "alt_km": 280.9857435122385, "timestamp": "2026-02-02T02:54:29.440871+00:00", "meta": {"OBJECT_NAME": "STARLINK-36577", "OBJECT_ID": "2026-016Y", "EPOCH": "2026-01-30T18:00:02.000160", "MEAN_MOTION": 16.04826105, "ECCENTRICITY": 0.00012386, "INCLINATION": 97.2815, "RA_OF_ASC_NODE": 89.1045, "ARG_OF_PERICENTER": 70.368, "MEAN_ANOMALY": 298.0807, "EPHEMERIS_TYPE": 0, "CLASSIFICATION_TYPE": "U", "NORAD_CAT_ID": 67583, "ELEMENT_SET_NO": 999, "REV_AT_EPOCH": 195, "BSTAR": -0.0021567849, "MEAN_MOTION_DOT": -0.01438252, "MEAN_MOTION_DDOT": 0.00067938523}, "tle": {"line1": "1 67583U 26016Y   26030.75002315 -.01438252  67939-3 -21568-2 0  9996", "line2": "2 67583  97.2815  89.1045 0001238  70.3680 298.0807 16.04826105  1950"}}, "geometry": {"type": "Point", "coordinates": [92.70396549649313, -7.887246379752016]}}, {"type": "Feature", "properties": {"norad_id": 67584, "name": "STARLINK-36419", "group": "last-30-days", "lat": 1.2947122423677007, "lon": 91.52766526783424, "alt_km": 278.22548013400865, "timestamp": "2026-02-02T02:54:29.440881+00:00", "meta": {"OBJECT_NAME": "STARLINK-36419", "OBJECT_ID": "2026-016Z", "EPOCH": "2026-01-30T18:00:02.000160", "MEAN_MOTION": 16.05324615, "ECCENTRICITY": 0.0001191, "INCLINATION": 97.2818, "RA_OF_ASC_NODE": 89.1066, "ARG_OF_PERICENTER": 67.3294, "MEAN_ANOMALY": 305.7128, "EPHEMERIS_TYPE": 0, "CLASSIFICATION_TYPE": "U", "NORAD_CAT_ID": 67584, "ELEMENT_SET_NO": 999, "REV_AT_EPOCH": 195, "BSTAR": -0.0020566602, "MEAN_MOTION_DOT": -0.01413665, "MEAN_MOTION_DDOT": 0.0006619685}, "tle": {"line1": "1 67584U 26016Z   26030.75002315 -.01413665  66197-3 -20567-2 0  9991", "line2": "2 67584  97.2818  89.1066 0001191  67.3294 305.7128 16.05324615  1954"}}, "geometry": {"type": "Point", "coordinates": [91.52766526783424, 1.2947122423677007]}}, {"type": "Feature", "properties": {"norad_id": 67585, "name": "STARLINK-36560", "group": "last-30-days", "lat": 5.123590824258362, "lon": 91.0380993450248, "alt_km": 276.9818973439624, "timestamp": "2026-02-02T02:54:29.440891+00:00", "meta": {"OBJECT_NAME": "STARLINK-36560", "OBJECT_ID": "2026-016AA", "EPOCH": "2026-01-30T18:00:02.000160", "MEAN_MOTION": 16.05533266, "ECCENTRICITY": 0.00011677, "INCLINATION": 97.2817, "RA_OF_ASC_NODE": 89.1075, "ARG_OF_PERICENTER": 73.9835, "MEAN_ANOMALY": 300.8972, "EPHEMERIS_TYPE": 0, "CLASSIFICATION_TYPE": "U", "NORAD_CAT_ID": 67585, "ELEMENT_SET_NO": 999, "REV_AT_EPOCH": 189, "BSTAR": -0.0020096759, "MEAN_MOTION_DOT": -0.0139913, "MEAN_MOTION_DDOT": 0.00065104164}, "tle": {"line1": "1 67585U 26016AA  26030.75002315 -.01399130  65104-3 -20097-2 0  9997", "line2": "2 67585  97.2817  89.1075 0001167  73.9835 300.8972 16.05533266  1891"}}, "geometry": {"type": "Point", "coordinates": [91.0380993450248, 5.123590824258362]}}, {"type": "Feature", "properties": {"norad_id": 67586, "name": "CZ-2C DEB", "group": "last-30-days", "lat": 80.81417400329377, "lon": 55.252073923986885, "alt_km": 504.9947289980537, "timestamp": "2026-02-02T02:54:29.440904+00:00", "meta": {"OBJECT_NAME": "CZ-2C DEB", "OBJECT_ID": "2026-009C", "EPOCH": "2026-02-01T16:59:52.238400", "MEAN_MOTION": 15.11176452, "ECCENTRICITY": 0.0112676, "INCLINATION": 97.228, "RA_OF_ASC_NODE": 106.5656, "ARG_OF_PERICENTER": 161.4345, "MEAN_ANOMALY": 199.1049, "EPHEMERIS_TYPE": 0, "CLASSIFICATION_TYPE": "U", "NORAD_CAT_ID": 67586, "ELEMENT_SET_NO": 999, "REV_AT_EPOCH": 264, "BSTAR": 0.0027218, "MEAN_MOTION_DOT": 0.00053479, "MEAN_MOTION_DDOT": 0}, "tle": {"line1": "1 67586U 26009C   26032.70824350  .00053479  00000+0  27218-2 0  9990", "line2": "2 67586  97.2280 106.5656 0112676 161.4345 199.1049 15.11176452  2646"}}, "geometry": {"type": "Point", "coordinates": [55.252073923986885, 80.81417400329377]}}, {"type": "Feature", "properties": {"norad_id": 67587, "name": "CZ-2C DEB", "group": "last-30-days", "lat": -25.394004844546124, "lon": -75.7473248264349, "alt_km": 475.2883126139559, "timestamp": "2026-02-02T02:54:29.440933+00:00", "meta": {"OBJECT_NAME": "CZ-2C DEB", "OBJECT_ID": "2026-009D", "EPOCH": "2026-02-01T13:18:27.687168", "MEAN_MOTION": 15.12800586, "ECCENTRICITY": 0.0109113, "INCLINATION": 97.6748, "RA_OF_ASC_NODE": 107.3528, "ARG_OF_PERICENTER": 167.3427, "MEAN_ANOMALY": 193.0584, "EPHEMERIS_TYPE": 0, "CLASSIFICATION_TYPE": "U", "NORAD_CAT_ID": 67587, "ELEMENT_SET_NO": 999, "REV_AT_EPOCH": 262, "BSTAR": 0.0019392, "MEAN_MOTION_DOT": 0.00039505, "MEAN_MOTION_DDOT": 0}, "tle": {"line1": "1 67587U 26009D   26032.55448712  .00039505  00000+0  19392-2 0  9996", "line2": "2 67587  97.6748 107.3528 0109113 167.3427 193.0584 15.12800586  2623"}}, "geometry": {"type": "Point", "coordinates": [-75.7473248264349, -25.394004844546124]}}, {"type": "Feature", "properties": {"norad_id": 67588, "name": "NAVSTAR 85 (USA 581)", "group": "last-30-days", "lat": 50.33052540220815, "lon": -140.4922806880244, "alt_km": 18274.65290186481, "timestamp": "2026-02-02T02:54:29.440947+00:00", "meta": {"OBJECT_NAME": "NAVSTAR 85 (USA 581)", "OBJECT_ID": "2026-017A", "EPOCH": "2026-01-28T18:17:22.544736", "MEAN_MOTION": 4.0337675, "ECCENTRICITY": 0.59408377, "INCLINATION": 55.0007, "RA_OF_ASC_NODE": 99.1396, "ARG_OF_PERICENTER": 270.1415, "MEAN_ANOMALY": 26.1406, "EPHEMERIS_TYPE": 0, "CLASSIFICATION_TYPE": "U", "NORAD_CAT_ID": 67588, "ELEMENT_SET_NO": 999, "REV_AT_EPOCH": 4, "BSTAR": 0.00032093292, "MEAN_MOTION_DOT": 3.46e-06, "MEAN_MOTION_DDOT": 0}, "tle": {"line1": "1 67588U 26017A   26028.76206649  .00000346  00000+0  32093-3 0  9990", "line2": "2 67588  55.0007  99.1396 5940837 270.1415  26.1406  4.03376750    44"}}, "geometry": {"type": "Point", "coordinates": [-140.4922806880244, 50.33052540220815]}}, {"type": "Feature", "properties": {"norad_id": 67614, "name": "NEONSAT-1A", "group": "last-30-days", "lat": -81.53228663726873, "lon": -82.95951375959359, "alt_km": 544.2722962912558, "timestamp": "2026-02-02T02:54:29.440959+00:00", "meta": {"OBJECT_NAME": "NEONSAT-1A", "OBJECT_ID": "2026-019A", "EPOCH": "2026-02-01T11:23:38.278176", "MEAN_MOTION": 15.07507298, "ECCENTRICITY": 0.0011955, "INCLINATION": 97.4096, "RA_OF_ASC_NODE": 157.361, "ARG_OF_PERICENTER": 301.6968, "MEAN_ANOMALY": 58.3095, "EPHEMERIS_TYPE": 0, "CLASSIFICATION_TYPE": "U", "NORAD_CAT_ID": 67614, "ELEMENT_SET_NO": 999, "REV_AT_EPOCH": 36, "BSTAR": 0.00031302, "MEAN_MOTION_DOT": 4.699e-05, "MEAN_MOTION_DDOT": 0}, "tle": {"line1": "1 67614U 26019A   26032.47474859  .00004699  00000+0  31302-3 0  9992", "line2": "2 67614  97.4096 157.3610 0011955 301.6968  58.3095 15.07507298   361"}}, "geometry": {"type": "Point", "coordinates": [-82.95951375959359, -81.53228663726873]}}, {"type": "Feature", "properties": {"norad_id": 67615, "name": "ELECTRON R/B", "group": "last-30-days", "lat": -25.708558080012264, "lon": -25.29573437436293, "alt_km": 194.20662969805107, "timestamp": "2026-02-02T02:54:29.440972+00:00", "meta": {"OBJECT_NAME": "ELECTRON R/B", "OBJECT_ID": "2026-019B", "EPOCH": "2026-01-31T17:53:30.098400", "MEAN_MOTION": 15.69235212, "ECCENTRICITY": 0.0259152, "INCLINATION": 97.447, "RA_OF_ASC_NODE": 156.8497, "ARG_OF_PERICENTER": 220.4311, "MEAN_ANOMALY": 137.744, "EPHEMERIS_TYPE": 0, "CLASSIFICATION_TYPE": "U", "NORAD_CAT_ID": 67615, "ELEMENT_SET_NO": 999, "REV_AT_EPOCH": 26, "BSTAR": 0.00025520631, "MEAN_MOTION_DOT": 0.00250226, "MEAN_MOTION_DDOT": 2.283743e-06}, "tle": {"line1": "1 67615U 26019B   26031.74548725  .00250226  22837-5  25521-3 0  9999", "line2": "2 67615  97.4470 156.8497 0259152 220.4311 137.7440 15.69235212   265"}}, "geometry": {"type": "Point", "coordinates": [-25.29573437436293, -25.708558080012264]}}, {"type": "Feature", "properties": {"norad_id": 67616, "name": "ELECTRON KICK STAGE R/B", "group": "last-30-days", "lat": 49.402769720806624, "lon": 149.46127259160372, "alt_km": 528.1474355099408, "timestamp": "2026-02-02T02:54:29.440983+00:00", "meta": {"OBJECT_NAME": "ELECTRON KICK STAGE R/B", "OBJECT_ID": "2026-019C", "EPOCH": "2026-02-01T18:57:49.092192", "MEAN_MOTION": 15.54465384, "ECCENTRICITY": 0.020548, "INCLINATION": 97.4061, "RA_OF_ASC_NODE": 157.8487, "ARG_OF_PERICENTER": 252.3044, "MEAN_ANOMALY": 105.5685, "EPHEMERIS_TYPE": 0, "CLASSIFICATION_TYPE": "U", "NORAD_CAT_ID": 67616, "ELEMENT_SET_NO": 999, "REV_AT_EPOCH": 42, "BSTAR": 0.0015701, "MEAN_MOTION_DOT": 0.00270668, "MEAN_MOTION_DDOT": 2.0967e-05}, "tle": {"line1": "1 67616U 26019C   26032.79015153  .00270668  20967-4  15701-2 0  9991", "line2": "2 67616  97.4061 157.8487 0205480 252.3044 105.5685 15.54465384   425"}}, "geometry": {"type": "Point", "coordinates": [149.46127259160372, 49.402769720806624]}}, {"type": "Feature", "properties": {"norad_id": 67646, "name": "ALSAT-3B", "group": "last-30-days", "lat": 26.754205085526024, "lon": 103.81466386992209, "alt_km": 499.54457001523497, "timestamp": "2026-02-02T02:54:29.440994+00:00", "meta": {"OBJECT_NAME": "ALSAT-3B", "OBJECT_ID": "2026-021A", "EPOCH": "2026-02-01T15:45:16.987104", "MEAN_MOTION": 15.23374912, "ECCENTRICITY": 0.0011321, "INCLINATION": 97.4743, "RA_OF_ASC_NODE": 107.1469, "ARG_OF_PERICENTER": 260.466, "MEAN_ANOMALY": 99.5297, "EPHEMERIS_TYPE": 0, "CLASSIFICATION_TYPE": "U", "NORAD_CAT_ID": 67646, "ELEMENT_SET_NO": 999, "REV_AT_EPOCH": 23, "BSTAR": 0.00026759, "MEAN_MOTION_DOT": 6.301e-05, "MEAN_MOTION_DDOT": 0}, "tle": {"line1": "1 67646U 26021A   26032.65644661  .00006301  00000+0  26759-3 0  9992", "line2": "2 67646  97.4743 107.1469 0011321 260.4660  99.5297 15.23374912   238"}}, "geometry": {"type": "Point", "coordinates": [103.81466386992209, 26.754205085526024]}}, {"type": "Feature", "properties": {"norad_id": 67647, "name": "CZ-2C R/B", "group": "last-30-days", "lat": 20.89088562755136, "lon": 104.92900541030133, "alt_km": 537.6119567233591, "timestamp": "2026-02-02T02:54:29.441004+00:00", "meta": {"OBJECT_NAME": "CZ-2C R/B", "OBJECT_ID": "2026-021B", "EPOCH": "2026-02-01T12:37:22.562976", "MEAN_MOTION": 15.23036804, "ECCENTRICITY": 0.0154399, "INCLINATION": 97.6585, "RA_OF_ASC_NODE": 107.2658, "ARG_OF_PERICENTER": 136.7856, "MEAN_ANOMALY": 224.5617, "EPHEMERIS_TYPE": 0, "CLASSIFICATION_TYPE": "U", "NORAD_CAT_ID": 67647, "ELEMENT_SET_NO": 999, "REV_AT_EPOCH": 19, "BSTAR": 0.00039634, "MEAN_MOTION_DOT": 0.00012972, "MEAN_MOTION_DDOT": 0}, "tle": {"line1": "1 67647U 26021B   26032.52595559  .00012972  00000+0  39634-3 0  9997", "line2": "2 67647  97.6585 107.2658 0154399 136.7856 224.5617 15.23036804   197"}}, "geometry": {"type": "Point", "coordinates": [104.92900541030133, 20.89088562755136]}}]}