{"type": "FeatureCollection", "features": [{"type": "Feature", "properties": {"norad_id": 22490, "name": "SCD 1", "group": "resource", "lat": -0.8402581344625074, "lon": 146.0204249602049, "alt_km": 766.0772082426238, "timestamp": "2026-01-02T22:29:16.757330+00:00", "meta": {"OBJECT_NAME": "SCD 1", "OBJECT_ID": "1993-009B", "EPOCH": "2026-01-02T14:26:48.993216", "MEAN_MOTION": 14.46018218, "ECCENTRICITY": 0.0041886, "INCLINATION": 24.9679, "RA_OF_ASC_NODE": 149.8939, "ARG_OF_PERICENTER": 185.2758, "MEAN_ANOMALY": 225.0232, "EPHEMERIS_TYPE": 0, "CLASSIFICATION_TYPE": "U", "NORAD_CAT_ID": 22490, "ELEMENT_SET_NO": 999, "REV_AT_EPOCH": 73712, "BSTAR": 0.00021019, "MEAN_MOTION_DOT": 9.56e-06, "MEAN_MOTION_DDOT": 0}, "tle": {"line1": "1 22490U 93009B   26002.60195594  .00000956  00000+0  21019-3 0  9992", "line2": "2 22490  24.9679 149.8939 0041886 185.2758 225.0232 14.46018218737123"}}, "geometry": {"type": "Point", "coordinates": [146.0204249602049, -0.8402581344625074]}}, {"type": "Feature", "properties": {"norad_id": 25397, "name": "TECHSAT 1B (GO-32)", "group": "resource", "lat": 78.47480722323407, "lon": -59.31951615509639, "alt_km": 802.8209791519639, "timestamp": "2026-01-02T22:29:16.757358+00:00", "meta": {"OBJECT_NAME": "TECHSAT 1B (GO-32)", "OBJECT_ID": "1998-043D", "EPOCH": "2026-01-02T11:59:08.311200", "MEAN_MOTION": 14.24384393, "ECCENTRICITY": 0.0001266, "INCLINATION": 98.994, "RA_OF_ASC_NODE": 351.1927, "ARG_OF_PERICENTER": 19.105, "MEAN_ANOMALY": 341.0175, "EPHEMERIS_TYPE": 0, "CLASSIFICATION_TYPE": "U", "NORAD_CAT_ID": 25397, "ELEMENT_SET_NO": 999, "REV_AT_EPOCH": 42774, "BSTAR": 0.00011144, "MEAN_MOTION_DOT": 2.11e-06, "MEAN_MOTION_DDOT": 0}, "tle": {"line1": "1 25397U 98043D   26002.49940175  .00000211  00000+0  11144-3 0  9996", "line2": "2 25397  98.9940 351.1927 0001266  19.1050 341.0175 14.24384393427742"}}, "geometry": {"type": "Point", "coordinates": [-59.31951615509639, 78.47480722323407]}}, {"type": "Feature", "properties": {"norad_id": 25504, "name": "SCD 2", "group": "resource", "lat": -6.0274039465899705, "lon": -1.9019075426868584, "alt_km": 751.1262178058296, "timestamp": "2026-01-02T22:29:16.757374+00:00", "meta": {"OBJECT_NAME": "SCD 2", "OBJECT_ID": "1998-060A", "EPOCH": "2026-01-02T09:57:44.758368", "MEAN_MOTION": 14.45437563, "ECCENTRICITY": 0.0016813, "INCLINATION": 24.9966, "RA_OF_ASC_NODE": 14.4124, "ARG_OF_PERICENTER": 170.4827, "MEAN_ANOMALY": 333.8865, "EPHEMERIS_TYPE": 0, "CLASSIFICATION_TYPE": "U", "NORAD_CAT_ID": 25504, "ELEMENT_SET_NO": 999, "REV_AT_EPOCH": 43631, "BSTAR": 0.00015048, "MEAN_MOTION_DOT": 7.21e-06, "MEAN_MOTION_DDOT": 0}, "tle": {"line1": "1 25504U 98060A   26002.41510137  .00000721  00000+0  15048-3 0  9991", "line2": "2 25504  24.9966  14.4124 0016813 170.4827 333.8865 14.45437563436313"}}, "geometry": {"type": "Point", "coordinates": [-1.9019075426868584, -6.0274039465899705]}}, {"type": "Feature", "properties": {"norad_id": 25757, "name": "DLR-TUBSAT", "group": "resource", "lat": -80.85932510813404, "lon": 64.33599268250691, "alt_km": 733.4975409218396, "timestamp": "2026-01-02T22:29:16.757386+00:00", "meta": {"OBJECT_NAME": "DLR-TUBSAT", "OBJECT_ID": "1999-029B", "EPOCH": "2025-12-17T13:22:10.787520", "MEAN_MOTION": 14.52359578, "ECCENTRICITY": 0.00141996, "INCLINATION": 98.6566, "RA_OF_ASC_NODE": 336.2196, "ARG_OF_PERICENTER": 177.8976, "MEAN_ANOMALY": 182.2281, "EPHEMERIS_TYPE": 0, "CLASSIFICATION_TYPE": "U", "NORAD_CAT_ID": 25757, "ELEMENT_SET_NO": 999, "REV_AT_EPOCH": 40688, "BSTAR": 3.7650132e-05, "MEAN_MOTION_DOT": 1.05e-06, "MEAN_MOTION_DDOT": 0}, "tle": {"line1": "1 25757U 99029B   25351.55706930  .00000105  00000+0  37650-4 0  9996", "line2": "2 25757  98.6566 336.2196 0014199 177.8976 182.2281 14.52359578406886"}}, "geometry": {"type": "Point", "coordinates": [64.33599268250691, -80.85932510813404]}}, {"type": "Feature", "properties": {"norad_id": 25994, "name": "TERRA", "group": "resource", "lat": -81.32613293424592, "lon": 172.1213223500116, "alt_km": 699.3033841001816, "timestamp": "2026-01-02T22:29:16.757399+00:00", "meta": {"OBJECT_NAME": "TERRA", "OBJECT_ID": "1999-068A", "EPOCH": "2026-01-02T18:30:12.634848", "MEAN_MOTION": 14.60930635, "ECCENTRICITY": 0.0003094, "INCLINATION": 97.9719, "RA_OF_ASC_NODE": 58.6805, "ARG_OF_PERICENTER": 51.6101, "MEAN_ANOMALY": 62.3499, "EPHEMERIS_TYPE": 0, "CLASSIFICATION_TYPE": "U", "NORAD_CAT_ID": 25994, "ELEMENT_SET_NO": 999, "REV_AT_EPOCH": 38545, "BSTAR": 0.00020588, "MEAN_MOTION_DOT": 9.64e-06, "MEAN_MOTION_DDOT": 0}, "tle": {"line1": "1 25994U 99068A   26002.77097957  .00000964  00000+0  20588-3 0  9996", "line2": "2 25994  97.9719  58.6805 0003094  51.6101  62.3499 14.60930635385450"}}, "geometry": {"type": "Point", "coordinates": [172.1213223500116, -81.32613293424592]}}, {"type": "Feature", "properties": {"norad_id": 27004, "name": "MAROC-TUBSAT", "group": "resource", "lat": -9.230961098473704, "lon": -4.854361534230388, "alt_km": 988.6941738667501, "timestamp": "2026-01-02T22:29:16.757411+00:00", "meta": {"OBJECT_NAME": "MAROC-TUBSAT", "OBJECT_ID": "2001-056D", "EPOCH": "2026-01-02T11:10:12.954144", "MEAN_MOTION": 13.70254193, "ECCENTRICITY": 0.0019506, "INCLINATION": 99.7922, "RA_OF_ASC_NODE": 176.2743, "ARG_OF_PERICENTER": 205.5456, "MEAN_ANOMALY": 178.7504, "EPHEMERIS_TYPE": 0, "CLASSIFICATION_TYPE": "U", "NORAD_CAT_ID": 27004, "ELEMENT_SET_NO": 999, "REV_AT_EPOCH": 20349, "BSTAR": 5.4181e-05, "MEAN_MOTION_DOT": 1e-08, "MEAN_MOTION_DDOT": 0}, "tle": {"line1": "1 27004U 01056D   26002.46542771  .00000001  00000+0  54181-4 0  9994", "line2": "2 27004  99.7922 176.2743 0019506 205.5456 178.7504 13.70254193203496"}}, "geometry": {"type": "Point", "coordinates": [-4.854361534230388, -9.230961098473704]}}, {"type": "Feature", "properties": {"norad_id": 27424, "name": "AQUA", "group": "resource", "lat": -29.519931892668392, "lon": 144.36027393520553, "alt_km": 694.0244102627466, "timestamp": "2026-01-02T22:29:16.757423+00:00", "meta": {"OBJECT_NAME": "AQUA", "OBJECT_ID": "2002-022A", "EPOCH": "2025-12-31T22:14:01.933728", "MEAN_MOTION": 14.61783896, "ECCENTRICITY": 0.0001962, "INCLINATION": 98.4058, "RA_OF_ASC_NODE": 327.1196, "ARG_OF_PERICENTER": 94.7781, "MEAN_ANOMALY": 340.623, "EPHEMERIS_TYPE": 0, "CLASSIFICATION_TYPE": "U", "NORAD_CAT_ID": 27424, "ELEMENT_SET_NO": 999, "REV_AT_EPOCH": 25883, "BSTAR": 0.00042628, "MEAN_MOTION_DOT": 2.078e-05, "MEAN_MOTION_DDOT": 0}, "tle": {"line1": "1 27424U 02022A   25365.92641127  .00002078  00000+0  42628-3 0  9999", "line2": "2 27424  98.4058 327.1196 0001962  94.7781 340.6230 14.61783896258835"}}, "geometry": {"type": "Point", "coordinates": [144.36027393520553, -29.519931892668392]}}, {"type": "Feature", "properties": {"norad_id": 28051, "name": "IRS-P6 (RESOURCESAT-1)", "group": "resource", "lat": -80.74938690672623, "lon": 109.86839856762383, "alt_km": 821.596981256369, "timestamp": "2026-01-02T22:29:16.757434+00:00", "meta": {"OBJECT_NAME": "IRS-P6 (RESOURCESAT-1)", "OBJECT_ID": "2003-046A", "EPOCH": "2026-01-02T18:29:31.776288", "MEAN_MOTION": 14.36083586, "ECCENTRICITY": 0.0065227, "INCLINATION": 98.216, "RA_OF_ASC_NODE": 47.2005, "ARG_OF_PERICENTER": 118.0856, "MEAN_ANOMALY": 15.6302, "EPHEMERIS_TYPE": 0, "CLASSIFICATION_TYPE": "U", "NORAD_CAT_ID": 28051, "ELEMENT_SET_NO": 999, "REV_AT_EPOCH": 15678, "BSTAR": 3.6367e-05, "MEAN_MOTION_DOT": 6.8e-07, "MEAN_MOTION_DDOT": 0}, "tle": {"line1": "1 28051U 03046A   26002.77050667  .00000068  00000+0  36367-4 0  9999", "line2": "2 28051  98.2160  47.2005 0065227 118.0856  15.6302 14.36083586156781"}}, "geometry": {"type": "Point", "coordinates": [109.86839856762383, -80.74938690672623]}}, {"type": "Feature", "properties": {"norad_id": 28220, "name": "SHIYAN-1 (SY-1)", "group": "resource", "lat": -15.22133814576219, "lon": 72.89439788125476, "alt_km": 485.2525165642937, "timestamp": "2026-01-02T22:29:16.757445+00:00", "meta": {"OBJECT_NAME": "SHIYAN-1 (SY-1)", "OBJECT_ID": "2004-012A", "EPOCH": "2026-01-02T17:50:33.216864", "MEAN_MOTION": 15.2880956, "ECCENTRICITY": 0.0005316, "INCLINATION": 97.8906, "RA_OF_ASC_NODE": 70.5266, "ARG_OF_PERICENTER": 238.1905, "MEAN_ANOMALY": 121.8817, "EPHEMERIS_TYPE": 0, "CLASSIFICATION_TYPE": "U", "NORAD_CAT_ID": 28220, "ELEMENT_SET_NO": 999, "REV_AT_EPOCH": 18577, "BSTAR": 0.00083509, "MEAN_MOTION_DOT": 0.00023357, "MEAN_MOTION_DDOT": 0}, "tle": {"line1": "1 28220U 04012A   26002.74344001  .00023357  00000+0  83509-3 0  9991", "line2": "2 28220  97.8906  70.5266 0005316 238.1905 121.8817 15.28809560185774"}}, "geometry": {"type": "Point", "coordinates": [72.89439788125476, -15.22133814576219]}}, {"type": "Feature", "properties": {"norad_id": 28376, "name": "AURA", "group": "resource", "lat": -78.61397498682501, "lon": 4.881535867131974, "alt_km": 698.4700631739361, "timestamp": "2026-01-02T22:29:16.757457+00:00", "meta": {"OBJECT_NAME": "AURA", "OBJECT_ID": "2004-026A", "EPOCH": "2026-01-02T17:55:57.858816", "MEAN_MOTION": 14.60977499, "ECCENTRICITY": 0.0001632, "INCLINATION": 98.3211, "RA_OF_ASC_NODE": 318.0749, "ARG_OF_PERICENTER": 85.0395, "MEAN_ANOMALY": 275.0992, "EPHEMERIS_TYPE": 0, "CLASSIFICATION_TYPE": "U", "NORAD_CAT_ID": 28376, "ELEMENT_SET_NO": 999, "REV_AT_EPOCH": 14205, "BSTAR": 0.00047158, "MEAN_MOTION_DOT": 2.264e-05, "MEAN_MOTION_DDOT": 0}, "tle": {"line1": "1 28376U 04026A   26002.74719744  .00002264  00000+0  47158-3 0  9992", "line2": "2 28376  98.3211 318.0749 0001632  85.0395 275.0992 14.60977499142058"}}, "geometry": {"type": "Point", "coordinates": [4.881535867131974, -78.61397498682501]}}, {"type": "Feature", "properties": {"norad_id": 28649, "name": "IRS-P5 (CARTOSAT-1)", "group": "resource", "lat": -35.04383712008488, "lon": -151.9264027494488, "alt_km": 602.7495949641643, "timestamp": "2026-01-02T22:29:16.757473+00:00", "meta": {"OBJECT_NAME": "IRS-P5 (CARTOSAT-1)", "OBJECT_ID": "2005-017A", "EPOCH": "2026-01-02T15:04:48.804096", "MEAN_MOTION": 14.90491746, "ECCENTRICITY": 6.16e-05, "INCLINATION": 97.5473, "RA_OF_ASC_NODE": 33.1141, "ARG_OF_PERICENTER": 119.4357, "MEAN_ANOMALY": 240.6923, "EPHEMERIS_TYPE": 0, "CLASSIFICATION_TYPE": "U", "NORAD_CAT_ID": 28649, "ELEMENT_SET_NO": 999, "REV_AT_EPOCH": 11915, "BSTAR": 0.00037751, "MEAN_MOTION_DOT": 3.633e-05, "MEAN_MOTION_DDOT": 0}, "tle": {"line1": "1 28649U 05017A   26002.62834264  .00003633  00000+0  37751-3 0  9997", "line2": "2 28649  97.5473  33.1141 0000616 119.4357 240.6923 14.90491746119150"}}, "geometry": {"type": "Point", "coordinates": [-151.9264027494488, -35.04383712008488]}}, {"type": "Feature", "properties": {"norad_id": 28893, "name": "SINAH 1", "group": "resource", "lat": -7.191910449624169, "lon": 137.60339821144444, "alt_km": 682.7229797449527, "timestamp": "2026-01-02T22:29:16.757484+00:00", "meta": {"OBJECT_NAME": "SINAH 1", "OBJECT_ID": "2005-043D", "EPOCH": "2026-01-02T17:36:00.338400", "MEAN_MOTION": 14.63990352, "ECCENTRICITY": 0.0015674, "INCLINATION": 98.2614, "RA_OF_ASC_NODE": 136.3487, "ARG_OF_PERICENTER": 75.9401, "MEAN_ANOMALY": 284.3543, "EPHEMERIS_TYPE": 0, "CLASSIFICATION_TYPE": "U", "NORAD_CAT_ID": 28893, "ELEMENT_SET_NO": 999, "REV_AT_EPOCH": 7631, "BSTAR": 0.00018672, "MEAN_MOTION_DOT": 9.31e-06, "MEAN_MOTION_DDOT": 0}, "tle": {"line1": "1 28893U 05043D   26002.73333725  .00000931  00000+0  18672-3 0  9994", "line2": "2 28893  98.2614 136.3487 0015674  75.9401 284.3543 14.63990352 76311"}}, "geometry": {"type": "Point", "coordinates": [137.60339821144444, -7.191910449624169]}}, {"type": "Feature", "properties": {"norad_id": 29079, "name": "EROS B", "group": "resource", "lat": -47.2092697725363, "lon": 133.64679633314816, "alt_km": 340.73460660343517, "timestamp": "2026-01-02T22:29:16.757495+00:00", "meta": {"OBJECT_NAME": "EROS B", "OBJECT_ID": "2006-014A", "EPOCH": "2026-01-02T18:07:16.046112", "MEAN_MOTION": 15.76967641, "ECCENTRICITY": 0.0007244, "INCLINATION": 97.3432, "RA_OF_ASC_NODE": 125.4457, "ARG_OF_PERICENTER": 317.4599, "MEAN_ANOMALY": 42.6105, "EPHEMERIS_TYPE": 0, "CLASSIFICATION_TYPE": "U", "NORAD_CAT_ID": 29079, "ELEMENT_SET_NO": 999, "REV_AT_EPOCH": 9410, "BSTAR": 0.0019329, "MEAN_MOTION_DOT": 0.0032379, "MEAN_MOTION_DDOT": 0}, "tle": {"line1": "1 29079U 06014A   26002.75504683  .00323790  00000+0  19329-2 0  9995", "line2": "2 29079  97.3432 125.4457 0007244 317.4599  42.6105 15.76967641 94104"}}, "geometry": {"type": "Point", "coordinates": [133.64679633314816, -47.2092697725363]}}, {"type": "Feature", "properties": {"norad_id": 29228, "name": "RESURS-DK 1", "group": "resource", "lat": 29.642847101113272, "lon": 59.05712735236295, "alt_km": 531.3222041869549, "timestamp": "2026-01-02T22:29:16.757506+00:00", "meta": {"OBJECT_NAME": "RESURS-DK 1", "OBJECT_ID": "2006-021A", "EPOCH": "2026-01-02T12:49:23.629728", "MEAN_MOTION": 15.1230385, "ECCENTRICITY": 0.0006983, "INCLINATION": 69.9345, "RA_OF_ASC_NODE": 48.092, "ARG_OF_PERICENTER": 241.874, "MEAN_ANOMALY": 118.172, "EPHEMERIS_TYPE": 0, "CLASSIFICATION_TYPE": "U", "NORAD_CAT_ID": 29228, "ELEMENT_SET_NO": 999, "REV_AT_EPOCH": 7752, "BSTAR": 0.00030015, "MEAN_MOTION_DOT": 5.107e-05, "MEAN_MOTION_DDOT": 0}, "tle": {"line1": "1 29228U 06021A   26002.53430127  .00005107  00000+0  30015-3 0  9991", "line2": "2 29228  69.9345  48.0920 0006983 241.8740 118.1720 15.12303850 77525"}}, "geometry": {"type": "Point", "coordinates": [59.05712735236295, 29.642847101113272]}}, {"type": "Feature", "properties": {"norad_id": 29268, "name": "ARIRANG-2 (KOMPSAT-2)", "group": "resource", "lat": -60.871985489674564, "lon": -150.33402995169052, "alt_km": 681.4465415426303, "timestamp": "2026-01-02T22:29:16.757516+00:00", "meta": {"OBJECT_NAME": "ARIRANG-2 (KOMPSAT-2)", "OBJECT_ID": "2006-031A", "EPOCH": "2026-01-02T19:44:56.281632", "MEAN_MOTION": 14.64517736, "ECCENTRICITY": 0.0013247, "INCLINATION": 97.8258, "RA_OF_ASC_NODE": 195.2684, "ARG_OF_PERICENTER": 236.1591, "MEAN_ANOMALY": 180.5736, "EPHEMERIS_TYPE": 0, "CLASSIFICATION_TYPE": "U", "NORAD_CAT_ID": 29268, "ELEMENT_SET_NO": 999, "REV_AT_EPOCH": 3727, "BSTAR": 0.00017027, "MEAN_MOTION_DOT": 8.59e-06, "MEAN_MOTION_DDOT": 0}, "tle": {"line1": "1 29268U 06031A   26002.82287363  .00000859  00000+0  17027-3 0  9997", "line2": "2 29268  97.8258 195.2684 0013247 236.1591 180.5736 14.64517736 37270"}}, "geometry": {"type": "Point", "coordinates": [-150.33402995169052, -60.871985489674564]}}, {"type": "Feature", "properties": {"norad_id": 29709, "name": "LAPAN-TUBSAT", "group": "resource", "lat": 46.83906120313326, "lon": -10.23263682201879, "alt_km": 600.2906596414814, "timestamp": "2026-01-02T22:29:16.757527+00:00", "meta": {"OBJECT_NAME": "LAPAN-TUBSAT", "OBJECT_ID": "2007-001A", "EPOCH": "2026-01-02T19:02:34.252800", "MEAN_MOTION": 14.85708985, "ECCENTRICITY": 0.0012515, "INCLINATION": 98.1261, "RA_OF_ASC_NODE": 358.3847, "ARG_OF_PERICENTER": 10.6805, "MEAN_ANOMALY": 349.4673, "EPHEMERIS_TYPE": 0, "CLASSIFICATION_TYPE": "U", "NORAD_CAT_ID": 29709, "ELEMENT_SET_NO": 999, "REV_AT_EPOCH": 2659, "BSTAR": 0.0001416, "MEAN_MOTION_DOT": 1.173e-05, "MEAN_MOTION_DDOT": 0}, "tle": {"line1": "1 29709U 07001A   26002.79345200  .00001173  00000+0  14160-3 0  9991", "line2": "2 29709  98.1261 358.3847 0012515  10.6805 349.4673 14.85708985 26591"}}, "geometry": {"type": "Point", "coordinates": [-10.23263682201879, 46.83906120313326]}}, {"type": "Feature", "properties": {"norad_id": 31113, "name": "HAIYANG-1B", "group": "resource", "lat": 79.33262914564308, "lon": -59.74910466501078, "alt_km": 783.8997149897996, "timestamp": "2026-01-02T22:29:16.757537+00:00", "meta": {"OBJECT_NAME": "HAIYANG-1B", "OBJECT_ID": "2007-010A", "EPOCH": "2026-01-02T12:01:53.743008", "MEAN_MOTION": 14.30973896, "ECCENTRICITY": 0.0013099, "INCLINATION": 98.3333, "RA_OF_ASC_NODE": 350.9237, "ARG_OF_PERICENTER": 337.2246, "MEAN_ANOMALY": 22.8355, "EPHEMERIS_TYPE": 0, "CLASSIFICATION_TYPE": "U", "NORAD_CAT_ID": 31113, "ELEMENT_SET_NO": 999, "REV_AT_EPOCH": 97693, "BSTAR": 0.00012175, "MEAN_MOTION_DOT": 2.79e-06, "MEAN_MOTION_DDOT": 0}, "tle": {"line1": "1 31113U 07010A   26002.50131647  .00000279  00000+0  12175-3 0  9990", "line2": "2 31113  98.3333 350.9237 0013099 337.2246  22.8355 14.30973896976937"}}, "geometry": {"type": "Point", "coordinates": [-59.74910466501078, 79.33262914564308]}}, {"type": "Feature", "properties": {"norad_id": 31598, "name": "COSMO-SKYMED 1", "group": "resource", "lat": 56.41881380616788, "lon": -178.56767216293434, "alt_km": 573.2602885734914, "timestamp": "2026-01-02T22:29:16.757548+00:00", "meta": {"OBJECT_NAME": "COSMO-SKYMED 1", "OBJECT_ID": "2007-023A", "EPOCH": "2026-01-02T19:01:20.487936", "MEAN_MOTION": 14.95953491, "ECCENTRICITY": 0.0001283, "INCLINATION": 97.8826, "RA_OF_ASC_NODE": 193.3319, "ARG_OF_PERICENTER": 88.7016, "MEAN_ANOMALY": 271.4352, "EPHEMERIS_TYPE": 0, "CLASSIFICATION_TYPE": "U", "NORAD_CAT_ID": 31598, "ELEMENT_SET_NO": 999, "REV_AT_EPOCH": 505, "BSTAR": 0.0006359, "MEAN_MOTION_DOT": 7.068e-05, "MEAN_MOTION_DDOT": 0}, "tle": {"line1": "1 31598U 07023A   26002.79259824  .00007068  00000+0  63590-3 0  9990", "line2": "2 31598  97.8826 193.3319 0001283  88.7016 271.4352 14.95953491  5055"}}, "geometry": {"type": "Point", "coordinates": [-178.56767216293434, 56.41881380616788]}}, {"type": "Feature", "properties": {"norad_id": 31698, "name": "TERRASAR-X", "group": "resource", "lat": 47.45498731088007, "lon": 4.816942969295168, "alt_km": 503.19086192243503, "timestamp": "2026-01-02T22:29:16.757558+00:00", "meta": {"OBJECT_NAME": "TERRASAR-X", "OBJECT_ID": "2007-026A", "EPOCH": "2026-01-02T14:22:24.038112", "MEAN_MOTION": 15.19155745, "ECCENTRICITY": 0.000186, "INCLINATION": 97.4442, "RA_OF_ASC_NODE": 12.6744, "ARG_OF_PERICENTER": 85.1601, "MEAN_ANOMALY": 274.9846, "EPHEMERIS_TYPE": 0, "CLASSIFICATION_TYPE": "U", "NORAD_CAT_ID": 31698, "ELEMENT_SET_NO": 999, "REV_AT_EPOCH": 2808, "BSTAR": 0.00013225, "MEAN_MOTION_DOT": 2.712e-05, "MEAN_MOTION_DDOT": 0}, "tle": {"line1": "1 31698U 07026A   26002.59888933  .00002712  00000+0  13225-3 0  9992", "line2": "2 31698  97.4442  12.6744 0001860  85.1601 274.9846 15.19155745 28080"}}, "geometry": {"type": "Point", "coordinates": [4.816942969295168, 47.45498731088007]}}, {"type": "Feature", "properties": {"norad_id": 32060, "name": "WORLDVIEW-1 (WV-1)", "group": "resource", "lat": 75.51924288839159, "lon": 94.96770567434547, "alt_km": 487.01321928089146, "timestamp": "2026-01-02T22:29:16.757568+00:00", "meta": {"OBJECT_NAME": "WORLDVIEW-1 (WV-1)", "OBJECT_ID": "2007-041A", "EPOCH": "2026-01-02T14:16:15.531744", "MEAN_MOTION": 15.24158731, "ECCENTRICITY": 0.0002639, "INCLINATION": 97.3824, "RA_OF_ASC_NODE": 124.7654, "ARG_OF_PERICENTER": 319.9553, "MEAN_ANOMALY": 40.149, "EPHEMERIS_TYPE": 0, "CLASSIFICATION_TYPE": "U", "NORAD_CAT_ID": 32060, "ELEMENT_SET_NO": 999, "REV_AT_EPOCH": 1765, "BSTAR": 0.0005456, "MEAN_MOTION_DOT": 0.0001322, "MEAN_MOTION_DDOT": 0}, "tle": {"line1": "1 32060U 07041A   26002.59462421  .00013220  00000+0  54560-3 0  9996", "line2": "2 32060  97.3824 124.7654 0002639 319.9553  40.1490 15.24158731 17654"}}, "geometry": {"type": "Point", "coordinates": [94.96770567434547, 75.51924288839159]}}, {"type": "Feature", "properties": {"norad_id": 32289, "name": "YAOGAN-3", "group": "resource", "lat": 5.5837347393577215, "lon": -144.8587012706069, "alt_km": 600.1638064366416, "timestamp": "2026-01-02T22:29:16.757579+00:00", "meta": {"OBJECT_NAME": "YAOGAN-3", "OBJECT_ID": "2007-055A", "EPOCH": "2026-01-02T18:29:06.206208", "MEAN_MOTION": 14.89980488, "ECCENTRICITY": 0.0001255, "INCLINATION": 97.8348, "RA_OF_ASC_NODE": 34.2047, "ARG_OF_PERICENTER": 91.8395, "MEAN_ANOMALY": 268.2966, "EPHEMERIS_TYPE": 0, "CLASSIFICATION_TYPE": "U", "NORAD_CAT_ID": 32289, "ELEMENT_SET_NO": 999, "REV_AT_EPOCH": 98122, "BSTAR": 0.0004471, "MEAN_MOTION_DOT": 4.255e-05, "MEAN_MOTION_DDOT": 0}, "tle": {"line1": "1 32289U 07055A   26002.77021072  .00004255  00000+0  44710-3 0  9991", "line2": "2 32289  97.8348  34.2047 0001255  91.8395 268.2966 14.89980488981223"}}, "geometry": {"type": "Point", "coordinates": [-144.8587012706069, 5.5837347393577215]}}, {"type": "Feature", "properties": {"norad_id": 32376, "name": "COSMO-SKYMED 2", "group": "resource", "lat": -42.07857041023872, "lon": 1.7577472936272756, "alt_km": 629.7775635589232, "timestamp": "2026-01-02T22:29:16.757607+00:00", "meta": {"OBJECT_NAME": "COSMO-SKYMED 2", "OBJECT_ID": "2007-059A", "EPOCH": "2026-01-02T18:14:48.725952", "MEAN_MOTION": 14.82170953, "ECCENTRICITY": 0.0001243, "INCLINATION": 97.8809, "RA_OF_ASC_NODE": 188.7682, "ARG_OF_PERICENTER": 82.8124, "MEAN_ANOMALY": 277.323, "EPHEMERIS_TYPE": 0, "CLASSIFICATION_TYPE": "U", "NORAD_CAT_ID": 32376, "ELEMENT_SET_NO": 999, "REV_AT_EPOCH": 97749, "BSTAR": 0.00015491, "MEAN_MOTION_DOT": 1.182e-05, "MEAN_MOTION_DDOT": 0}, "tle": {"line1": "1 32376U 07059A   26002.76028618  .00001182  00000+0  15491-3 0  9994", "line2": "2 32376  97.8809 188.7682 0001243  82.8124 277.3230 14.82170953977499"}}, "geometry": {"type": "Point", "coordinates": [1.7577472936272756, -42.07857041023872]}}, {"type": "Feature", "properties": {"norad_id": 32382, "name": "RADARSAT-2", "group": "resource", "lat": 22.820976452971774, "lon": -164.13843975928603, "alt_km": 791.1232430221016, "timestamp": "2026-01-02T22:29:16.757619+00:00", "meta": {"OBJECT_NAME": "RADARSAT-2", "OBJECT_ID": "2007-061A", "EPOCH": "2026-01-02T18:23:55.044384", "MEAN_MOTION": 14.29982202, "ECCENTRICITY": 0.0001156, "INCLINATION": 98.5794, "RA_OF_ASC_NODE": 12.0515, "ARG_OF_PERICENTER": 83.8626, "MEAN_ANOMALY": 276.2688, "EPHEMERIS_TYPE": 0, "CLASSIFICATION_TYPE": "U", "NORAD_CAT_ID": 32382, "ELEMENT_SET_NO": 999, "REV_AT_EPOCH": 94231, "BSTAR": 7.8715e-05, "MEAN_MOTION_DOT": 1.59e-06, "MEAN_MOTION_DDOT": 0}, "tle": {"line1": "1 32382U 07061A   26002.76660931  .00000159  00000+0  78715-4 0  9996", "line2": "2 32382  98.5794  12.0515 0001156  83.8626 276.2688 14.29982202942319"}}, "geometry": {"type": "Point", "coordinates": [-164.13843975928603, 22.820976452971774]}}, {"type": "Feature", "properties": {"norad_id": 32783, "name": "CARTOSAT-2A", "group": "resource", "lat": 61.19088477723709, "lon": -108.48880193534052, "alt_km": 633.9753660999249, "timestamp": "2026-01-02T22:29:16.757631+00:00", "meta": {"OBJECT_NAME": "CARTOSAT-2A", "OBJECT_ID": "2008-021A", "EPOCH": "2026-01-02T18:42:33.506208", "MEAN_MOTION": 14.7897192, "ECCENTRICITY": 0.0010531, "INCLINATION": 97.7909, "RA_OF_ASC_NODE": 56.9433, "ARG_OF_PERICENTER": 292.4124, "MEAN_ANOMALY": 67.5972, "EPHEMERIS_TYPE": 0, "CLASSIFICATION_TYPE": "U", "NORAD_CAT_ID": 32783, "ELEMENT_SET_NO": 999, "REV_AT_EPOCH": 95435, "BSTAR": 0.00023948, "MEAN_MOTION_DOT": 1.719e-05, "MEAN_MOTION_DDOT": 0}, "tle": {"line1": "1 32783U 08021A   26002.77955447  .00001719  00000+0  23948-3 0  9998", "line2": "2 32783  97.7909  56.9433 0010531 292.4124  67.5972 14.78971920954350"}}, "geometry": {"type": "Point", "coordinates": [-108.48880193534052, 61.19088477723709]}}, {"type": "Feature", "properties": {"norad_id": 33320, "name": "HUANJING 1A (HJ-1A)", "group": "resource", "lat": -35.59465561787016, "lon": 0.8768673452134422, "alt_km": 611.8827010990608, "timestamp": "2026-01-02T22:29:16.757641+00:00", "meta": {"OBJECT_NAME": "HUANJING 1A (HJ-1A)", "OBJECT_ID": "2008-041A", "EPOCH": "2026-01-02T19:24:41.776704", "MEAN_MOTION": 14.8347705, "ECCENTRICITY": 0.0018312, "INCLINATION": 97.6549, "RA_OF_ASC_NODE": 355.2296, "ARG_OF_PERICENTER": 326.0912, "MEAN_ANOMALY": 33.9131, "EPHEMERIS_TYPE": 0, "CLASSIFICATION_TYPE": "U", "NORAD_CAT_ID": 33320, "ELEMENT_SET_NO": 999, "REV_AT_EPOCH": 93388, "BSTAR": 0.00031321, "MEAN_MOTION_DOT": 2.531e-05, "MEAN_MOTION_DDOT": 0}, "tle": {"line1": "1 33320U 08041A   26002.80881686  .00002531  00000+0  31321-3 0  9992", "line2": "2 33320  97.6549 355.2296 0018312 326.0912  33.9131 14.83477050933883"}}, "geometry": {"type": "Point", "coordinates": [0.8768673452134422, -35.59465561787016]}}, {"type": "Feature", "properties": {"norad_id": 33321, "name": "HUANJING 1B (HJ-1B)", "group": "resource", "lat": 38.065711496041004, "lon": -174.97222671520234, "alt_km": 635.1707421694482, "timestamp": "2026-01-02T22:29:16.757652+00:00", "meta": {"OBJECT_NAME": "HUANJING 1B (HJ-1B)", "OBJECT_ID": "2008-041B", "EPOCH": "2026-01-02T18:36:54.075168", "MEAN_MOTION": 14.8288834, "ECCENTRICITY": 0.0037054, "INCLINATION": 97.6402, "RA_OF_ASC_NODE": 358.8393, "ARG_OF_PERICENTER": 8.7125, "MEAN_ANOMALY": 351.4724, "EPHEMERIS_TYPE": 0, "CLASSIFICATION_TYPE": "U", "NORAD_CAT_ID": 33321, "ELEMENT_SET_NO": 999, "REV_AT_EPOCH": 93389, "BSTAR": 0.00012447, "MEAN_MOTION_DOT": 9.69e-06, "MEAN_MOTION_DDOT": 0}, "tle": {"line1": "1 33321U 08041B   26002.77562587  .00000969  00000+0  12447-3 0  9996", "line2": "2 33321  97.6402 358.8393 0037054   8.7125 351.4724 14.82888340933897"}}, "geometry": {"type": "Point", "coordinates": [-174.97222671520234, 38.065711496041004]}}, {"type": "Feature", "properties": {"norad_id": 33331, "name": "GEOEYE 1", "group": "resource", "lat": -7.140551863943323, "lon": -102.07748706380966, "alt_km": 679.3844253044199, "timestamp": "2026-01-02T22:29:16.757663+00:00", "meta": {"OBJECT_NAME": "GEOEYE 1", "OBJECT_ID": "2008-042A", "EPOCH": "2026-01-02T18:21:26.618688", "MEAN_MOTION": 14.64735514, "ECCENTRICITY": 0.0003485, "INCLINATION": 98.1225, "RA_OF_ASC_NODE": 78.7778, "ARG_OF_PERICENTER": 198.6021, "MEAN_ANOMALY": 161.5055, "EPHEMERIS_TYPE": 0, "CLASSIFICATION_TYPE": "U", "NORAD_CAT_ID": 33331, "ELEMENT_SET_NO": 999, "REV_AT_EPOCH": 92593, "BSTAR": 0.00023696, "MEAN_MOTION_DOT": 1.215e-05, "MEAN_MOTION_DDOT": 0}, "tle": {"line1": "1 33331U 08042A   26002.76489142  .00001215  00000+0  23696-3 0  9995", "line2": "2 33331  98.1225  78.7778 0003485 198.6021 161.5055 14.64735514925934"}}, "geometry": {"type": "Point", "coordinates": [-102.07748706380966, -7.140551863943323]}}, {"type": "Feature", "properties": {"norad_id": 33396, "name": "THEOS", "group": "resource", "lat": -62.49260166161032, "lon": -131.46396712630565, "alt_km": 832.9730135524724, "timestamp": "2026-01-02T22:29:16.757674+00:00", "meta": {"OBJECT_NAME": "THEOS", "OBJECT_ID": "2008-049A", "EPOCH": "2026-01-02T17:57:42.940224", "MEAN_MOTION": 14.20100483, "ECCENTRICITY": 0.0001227, "INCLINATION": 98.5845, "RA_OF_ASC_NODE": 65.216, "ARG_OF_PERICENTER": 88.8011, "MEAN_ANOMALY": 271.3307, "EPHEMERIS_TYPE": 0, "CLASSIFICATION_TYPE": "U", "NORAD_CAT_ID": 33396, "ELEMENT_SET_NO": 999, "REV_AT_EPOCH": 89448, "BSTAR": -4.5268e-05, "MEAN_MOTION_DOT": -1.39e-06, "MEAN_MOTION_DDOT": 0}, "tle": {"line1": "1 33396U 08049A   26002.74841366 -.00000139  00000+0 -45268-4 0  9997", "line2": "2 33396  98.5845  65.2160 0001227  88.8011 271.3307 14.20100483894482"}}, "geometry": {"type": "Point", "coordinates": [-131.46396712630565, -62.49260166161032]}}, {"type": "Feature", "properties": {"norad_id": 33412, "name": "COSMO-SKYMED 3", "group": "resource", "lat": -6.057599476374219, "lon": -140.47445094790675, "alt_km": 557.6428001643108, "timestamp": "2026-01-02T22:29:16.757684+00:00", "meta": {"OBJECT_NAME": "COSMO-SKYMED 3", "OBJECT_ID": "2008-054A", "EPOCH": "2026-01-02T19:19:29.960832", "MEAN_MOTION": 15.05585355, "ECCENTRICITY": 0.0017218, "INCLINATION": 97.8458, "RA_OF_ASC_NODE": 218.5531, "ARG_OF_PERICENTER": 104.7928, "MEAN_ANOMALY": 255.5207, "EPHEMERIS_TYPE": 0, "CLASSIFICATION_TYPE": "U", "NORAD_CAT_ID": 33412, "ELEMENT_SET_NO": 999, "REV_AT_EPOCH": 93204, "BSTAR": 0.00065614, "MEAN_MOTION_DOT": 9.43e-05, "MEAN_MOTION_DDOT": 0}, "tle": {"line1": "1 33412U 08054A   26002.80520788  .00009430  00000+0  65614-3 0  9998", "line2": "2 33412  97.8458 218.5531 0017218 104.7928 255.5207 15.05585355932047"}}, "geometry": {"type": "Point", "coordinates": [-140.47445094790675, -6.057599476374219]}}, {"type": "Feature", "properties": {"norad_id": 33446, "name": "YAOGAN-4", "group": "resource", "lat": 42.39903166641011, "lon": -69.47183558947178, "alt_km": 625.4768793296544, "timestamp": "2026-01-02T22:29:16.757696+00:00", "meta": {"OBJECT_NAME": "YAOGAN-4", "OBJECT_ID": "2008-061A", "EPOCH": "2026-01-02T19:03:20.197728", "MEAN_MOTION": 14.82760092, "ECCENTRICITY": 0.0013024, "INCLINATION": 97.9202, "RA_OF_ASC_NODE": 297.6895, "ARG_OF_PERICENTER": 247.8374, "MEAN_ANOMALY": 112.1457, "EPHEMERIS_TYPE": 0, "CLASSIFICATION_TYPE": "U", "NORAD_CAT_ID": 33446, "ELEMENT_SET_NO": 999, "REV_AT_EPOCH": 92115, "BSTAR": 0.00033793, "MEAN_MOTION_DOT": 2.681e-05, "MEAN_MOTION_DDOT": 0}, "tle": {"line1": "1 33446U 08061A   26002.79398377  .00002681  00000+0  33793-3 0  9992", "line2": "2 33446  97.9202 297.6895 0013024 247.8374 112.1457 14.82760092921150"}}, "geometry": {"type": "Point", "coordinates": [-69.47183558947178, 42.39903166641011]}}, {"type": "Feature", "properties": {"norad_id": 33492, "name": "GOSAT (IBUKI)", "group": "resource", "lat": 18.781597792607645, "lon": 113.47786031167817, "alt_km": 669.124073472135, "timestamp": "2026-01-02T22:29:16.757708+00:00", "meta": {"OBJECT_NAME": "GOSAT (IBUKI)", "OBJECT_ID": "2009-002A", "EPOCH": "2026-01-02T07:40:28.298208", "MEAN_MOTION": 14.67547967, "ECCENTRICITY": 0.0001088, "INCLINATION": 98.0765, "RA_OF_ASC_NODE": 115.6372, "ARG_OF_PERICENTER": 107.7333, "MEAN_ANOMALY": 252.3991, "EPHEMERIS_TYPE": 0, "CLASSIFICATION_TYPE": "U", "NORAD_CAT_ID": 33492, "ELEMENT_SET_NO": 999, "REV_AT_EPOCH": 90713, "BSTAR": 0.00025333, "MEAN_MOTION_DOT": 1.389e-05, "MEAN_MOTION_DDOT": 0}, "tle": {"line1": "1 33492U 09002A   26002.31977197  .00001389  00000+0  25333-3 0  9995", "line2": "2 33492  98.0765 115.6372 0001088 107.7333 252.3991 14.67547967907131"}}, "geometry": {"type": "Point", "coordinates": [113.47786031167817, 18.781597792607645]}}, {"type": "Feature", "properties": {"norad_id": 35681, "name": "DEIMOS-1", "group": "resource", "lat": -57.13698728877667, "lon": 179.66948108334586, "alt_km": 652.6456496151641, "timestamp": "2026-01-02T22:29:16.757722+00:00", "meta": {"OBJECT_NAME": "DEIMOS-1", "OBJECT_ID": "2009-041A", "EPOCH": "2026-01-02T17:51:57.434400", "MEAN_MOTION": 14.7499251, "ECCENTRICITY": 0.0002122, "INCLINATION": 97.7154, "RA_OF_ASC_NODE": 167.372, "ARG_OF_PERICENTER": 47.2849, "MEAN_ANOMALY": 312.8539, "EPHEMERIS_TYPE": 0, "CLASSIFICATION_TYPE": "U", "NORAD_CAT_ID": 35681, "ELEMENT_SET_NO": 999, "REV_AT_EPOCH": 88249, "BSTAR": 0.00021961, "MEAN_MOTION_DOT": 1.43e-05, "MEAN_MOTION_DDOT": 0}, "tle": {"line1": "1 35681U 09041A   26002.74441475  .00001430  00000+0  21961-3 0  9992", "line2": "2 35681  97.7154 167.3720 0002122  47.2849 312.8539 14.74992510882499"}}, "geometry": {"type": "Point", "coordinates": [179.66948108334586, -57.13698728877667]}}, {"type": "Feature", "properties": {"norad_id": 35682, "name": "DUBAISAT-1", "group": "resource", "lat": -31.68724246398652, "lon": -46.660652098836415, "alt_km": 646.2961182174467, "timestamp": "2026-01-02T22:29:16.757733+00:00", "meta": {"OBJECT_NAME": "DUBAISAT-1", "OBJECT_ID": "2009-041B", "EPOCH": "2026-01-02T15:00:55.450656", "MEAN_MOTION": 14.74675891, "ECCENTRICITY": 0.0009485, "INCLINATION": 97.9796, "RA_OF_ASC_NODE": 138.0001, "ARG_OF_PERICENTER": 239.5597, "MEAN_ANOMALY": 120.4675, "EPHEMERIS_TYPE": 0, "CLASSIFICATION_TYPE": "U", "NORAD_CAT_ID": 35682, "ELEMENT_SET_NO": 999, "REV_AT_EPOCH": 88069, "BSTAR": 0.00039338, "MEAN_MOTION_DOT": 2.578e-05, "MEAN_MOTION_DDOT": 0}, "tle": {"line1": "1 35682U 09041B   26002.62564179  .00002578  00000+0  39338-3 0  9998", "line2": "2 35682  97.9796 138.0001 0009485 239.5597 120.4675 14.74675891880690"}}, "geometry": {"type": "Point", "coordinates": [-46.660652098836415, -31.68724246398652]}}, {"type": "Feature", "properties": {"norad_id": 35931, "name": "OCEANSAT-2", "group": "resource", "lat": 71.79091999607937, "lon": -19.687802957957814, "alt_km": 887.1477729900589, "timestamp": "2026-01-02T22:29:16.757744+00:00", "meta": {"OBJECT_NAME": "OCEANSAT-2", "OBJECT_ID": "2009-051A", "EPOCH": "2026-01-02T18:42:23.201280", "MEAN_MOTION": 13.99626466, "ECCENTRICITY": 0.0015641, "INCLINATION": 98.2223, "RA_OF_ASC_NODE": 6.245, "ARG_OF_PERICENTER": 349.1664, "MEAN_ANOMALY": 10.9164, "EPHEMERIS_TYPE": 0, "CLASSIFICATION_TYPE": "U", "NORAD_CAT_ID": 35931, "ELEMENT_SET_NO": 999, "REV_AT_EPOCH": 85619, "BSTAR": 0.0002429, "MEAN_MOTION_DOT": 3.18e-06, "MEAN_MOTION_DDOT": 0}, "tle": {"line1": "1 35931U 09051A   26002.77943520  .00000318  00000+0  24290-3 0  9994", "line2": "2 35931  98.2223   6.2450 0015641 349.1664  10.9164 13.99626466856198"}}, "geometry": {"type": "Point", "coordinates": [-19.687802957957814, 71.79091999607937]}}, {"type": "Feature", "properties": {"norad_id": 35946, "name": "WORLDVIEW-2 (WV-2)", "group": "resource", "lat": -38.788115809861544, "lon": -108.15369556956647, "alt_km": 775.2151062782323, "timestamp": "2026-01-02T22:29:16.757755+00:00", "meta": {"OBJECT_NAME": "WORLDVIEW-2 (WV-2)", "OBJECT_ID": "2009-055A", "EPOCH": "2026-01-02T18:07:51.601440", "MEAN_MOTION": 14.37735578, "ECCENTRICITY": 0.0004253, "INCLINATION": 98.4761, "RA_OF_ASC_NODE": 78.5505, "ARG_OF_PERICENTER": 16.8338, "MEAN_ANOMALY": 343.2989, "EPHEMERIS_TYPE": 0, "CLASSIFICATION_TYPE": "U", "NORAD_CAT_ID": 35946, "ELEMENT_SET_NO": 999, "REV_AT_EPOCH": 85187, "BSTAR": 0.00013707, "MEAN_MOTION_DOT": 3.69e-06, "MEAN_MOTION_DDOT": 0}, "tle": {"line1": "1 35946U 09055A   26002.75545835  .00000369  00000+0  13707-3 0  9996", "line2": "2 35946  98.4761  78.5505 0004253  16.8338 343.2989 14.37735578851874"}}, "geometry": {"type": "Point", "coordinates": [-108.15369556956647, -38.788115809861544]}}, {"type": "Feature", "properties": {"norad_id": 36036, "name": "SMOS", "group": "resource", "lat": 47.956125481657324, "lon": -176.80286046314055, "alt_km": 754.3647936588341, "timestamp": "2026-01-02T22:29:16.757765+00:00", "meta": {"OBJECT_NAME": "SMOS", "OBJECT_ID": "2009-059A", "EPOCH": "2026-01-02T12:15:19.337472", "MEAN_MOTION": 14.39764148, "ECCENTRICITY": 9.96e-05, "INCLINATION": 98.4383, "RA_OF_ASC_NODE": 192.252, "ARG_OF_PERICENTER": 81.4965, "MEAN_ANOMALY": 278.6336, "EPHEMERIS_TYPE": 0, "CLASSIFICATION_TYPE": "U", "NORAD_CAT_ID": 36036, "ELEMENT_SET_NO": 999, "REV_AT_EPOCH": 84961, "BSTAR": 0.00026642, "MEAN_MOTION_DOT": 7.92e-06, "MEAN_MOTION_DDOT": 0}, "tle": {"line1": "1 36036U 09059A   26002.51064048  .00000792  00000+0  26642-3 0  9999", "line2": "2 36036  98.4383 192.2520 0000996  81.4965 278.6336 14.39764148849613"}}, "geometry": {"type": "Point", "coordinates": [-176.80286046314055, 47.956125481657324]}}, {"type": "Feature", "properties": {"norad_id": 36110, "name": "YAOGAN-7", "group": "resource", "lat": -67.36978307916155, "lon": 49.826190604893554, "alt_km": 630.6009662329279, "timestamp": "2026-01-02T22:29:16.757776+00:00", "meta": {"OBJECT_NAME": "YAOGAN-7", "OBJECT_ID": "2009-069A", "EPOCH": "2026-01-02T16:29:26.800800", "MEAN_MOTION": 14.77770362, "ECCENTRICITY": 0.0023906, "INCLINATION": 98.029, "RA_OF_ASC_NODE": 249.3684, "ARG_OF_PERICENTER": 210.3675, "MEAN_ANOMALY": 149.6151, "EPHEMERIS_TYPE": 0, "CLASSIFICATION_TYPE": "U", "NORAD_CAT_ID": 36110, "ELEMENT_SET_NO": 999, "REV_AT_EPOCH": 86518, "BSTAR": 0.00018642, "MEAN_MOTION_DOT": 1.291e-05, "MEAN_MOTION_DDOT": 0}, "tle": {"line1": "1 36110U 09069A   26002.68711575  .00001291  00000+0  18642-3 0  9991", "line2": "2 36110  98.0290 249.3684 0023906 210.3675 149.6151 14.77770362865180"}}, "geometry": {"type": "Point", "coordinates": [49.826190604893554, -67.36978307916155]}}, {"type": "Feature", "properties": {"norad_id": 36605, "name": "TANDEM-X", "group": "resource", "lat": 47.45931186872257, "lon": 4.814726304373133, "alt_km": 503.38219600356024, "timestamp": "2026-01-02T22:29:16.757786+00:00", "meta": {"OBJECT_NAME": "TANDEM-X", "OBJECT_ID": "2010-030A", "EPOCH": "2026-01-02T14:22:23.906784", "MEAN_MOTION": 15.19155609, "ECCENTRICITY": 0.0001844, "INCLINATION": 97.4451, "RA_OF_ASC_NODE": 12.6744, "ARG_OF_PERICENTER": 97.4519, "MEAN_ANOMALY": 262.6925, "EPHEMERIS_TYPE": 0, "CLASSIFICATION_TYPE": "U", "NORAD_CAT_ID": 36605, "ELEMENT_SET_NO": 999, "REV_AT_EPOCH": 86150, "BSTAR": 0.00012031, "MEAN_MOTION_DOT": 2.461e-05, "MEAN_MOTION_DDOT": 0}, "tle": {"line1": "1 36605U 10030A   26002.59888781  .00002461  00000+0  12031-3 0  9990", "line2": "2 36605  97.4451  12.6744 0001844  97.4519 262.6925 15.19155609861502"}}, "geometry": {"type": "Point", "coordinates": [4.814726304373133, 47.45931186872257]}}, {"type": "Feature", "properties": {"norad_id": 36795, "name": "CARTOSAT-2B", "group": "resource", "lat": -69.60541876608306, "lon": -145.31008861909012, "alt_km": 644.9249239540368, "timestamp": "2026-01-02T22:29:16.757796+00:00", "meta": {"OBJECT_NAME": "CARTOSAT-2B", "OBJECT_ID": "2010-035A", "EPOCH": "2026-01-02T18:06:27.808992", "MEAN_MOTION": 14.78763113, "ECCENTRICITY": 0.0011968, "INCLINATION": 97.7833, "RA_OF_ASC_NODE": 56.099, "ARG_OF_PERICENTER": 13.4079, "MEAN_ANOMALY": 346.7448, "EPHEMERIS_TYPE": 0, "CLASSIFICATION_TYPE": "U", "NORAD_CAT_ID": 36795, "ELEMENT_SET_NO": 999, "REV_AT_EPOCH": 83540, "BSTAR": 0.00016339, "MEAN_MOTION_DOT": 1.151e-05, "MEAN_MOTION_DDOT": 0}, "tle": {"line1": "1 36795U 10035A   26002.75448853  .00001151  00000+0  16339-3 0  9995", "line2": "2 36795  97.7833  56.0990 0011968  13.4079 346.7448 14.78763113835404"}}, "geometry": {"type": "Point", "coordinates": [-145.31008861909012, -69.60541876608306]}}, {"type": "Feature", "properties": {"norad_id": 36834, "name": "YAOGAN-10", "group": "resource", "lat": 60.74809241395441, "lon": 13.220418312117959, "alt_km": 607.8332021817505, "timestamp": "2026-01-02T22:29:16.757807+00:00", "meta": {"OBJECT_NAME": "YAOGAN-10", "OBJECT_ID": "2010-038A", "EPOCH": "2026-01-02T19:45:04.016160", "MEAN_MOTION": 14.8470261, "ECCENTRICITY": 0.0001228, "INCLINATION": 97.9123, "RA_OF_ASC_NODE": 27.4851, "ARG_OF_PERICENTER": 85.0672, "MEAN_ANOMALY": 87.595, "EPHEMERIS_TYPE": 0, "CLASSIFICATION_TYPE": "U", "NORAD_CAT_ID": 36834, "ELEMENT_SET_NO": 999, "REV_AT_EPOCH": 83266, "BSTAR": 0.00026314, "MEAN_MOTION_DOT": 2.174e-05, "MEAN_MOTION_DDOT": 0}, "tle": {"line1": "1 36834U 10038A   26002.82296315  .00002174  00000+0  26314-3 0  9994", "line2": "2 36834  97.9123  27.4851 0001228  85.0672  87.5950 14.84702610832667"}}, "geometry": {"type": "Point", "coordinates": [13.220418312117959, 60.74809241395441]}}, {"type": "Feature", "properties": {"norad_id": 37216, "name": "COSMO-SKYMED 4", "group": "resource", "lat": 24.670890835576696, "lon": 12.589030253869147, "alt_km": 621.6039685645146, "timestamp": "2026-01-02T22:29:16.757817+00:00", "meta": {"OBJECT_NAME": "COSMO-SKYMED 4", "OBJECT_ID": "2010-060A", "EPOCH": "2026-01-02T16:55:49.742976", "MEAN_MOTION": 14.82169206, "ECCENTRICITY": 0.0001388, "INCLINATION": 97.8806, "RA_OF_ASC_NODE": 188.7133, "ARG_OF_PERICENTER": 79.7345, "MEAN_ANOMALY": 280.4024, "EPHEMERIS_TYPE": 0, "CLASSIFICATION_TYPE": "U", "NORAD_CAT_ID": 37216, "ELEMENT_SET_NO": 999, "REV_AT_EPOCH": 82005, "BSTAR": 0.00011149, "MEAN_MOTION_DOT": 8.36e-06, "MEAN_MOTION_DDOT": 0}, "tle": {"line1": "1 37216U 10060A   26002.70543684  .00000836  00000+0  11149-3 0  9998", "line2": "2 37216  97.8806 188.7133 0001388  79.7345 280.4024 14.82169206820059"}}, "geometry": {"type": "Point", "coordinates": [12.589030253869147, 24.670890835576696]}}, {"type": "Feature", "properties": {"norad_id": 37387, "name": "RESOURCESAT-2", "group": "resource", "lat": -6.665727750419962, "lon": -109.64450551605383, "alt_km": 827.2544798798099, "timestamp": "2026-01-02T22:29:16.757828+00:00", "meta": {"OBJECT_NAME": "RESOURCESAT-2", "OBJECT_ID": "2011-015A", "EPOCH": "2026-01-02T18:14:03.284736", "MEAN_MOTION": 14.21592361, "ECCENTRICITY": 0.0005385, "INCLINATION": 98.7846, "RA_OF_ASC_NODE": 71.2146, "ARG_OF_PERICENTER": 343.1141, "MEAN_ANOMALY": 16.9856, "EPHEMERIS_TYPE": 0, "CLASSIFICATION_TYPE": "U", "NORAD_CAT_ID": 37387, "ELEMENT_SET_NO": 999, "REV_AT_EPOCH": 76267, "BSTAR": 0.00016368, "MEAN_MOTION_DOT": 3.14e-06, "MEAN_MOTION_DDOT": 0}, "tle": {"line1": "1 37387U 11015A   26002.75976024  .00000314  00000+0  16368-3 0  9990", "line2": "2 37387  98.7846  71.2146 0005385 343.1141  16.9856 14.21592361762678"}}, "geometry": {"type": "Point", "coordinates": [-109.64450551605383, -6.665727750419962]}}, {"type": "Feature", "properties": {"norad_id": 37781, "name": "HAIYANG-2A", "group": "resource", "lat": -35.992521115389835, "lon": -178.3180556224696, "alt_km": 975.2258735175492, "timestamp": "2026-01-02T22:29:16.757838+00:00", "meta": {"OBJECT_NAME": "HAIYANG-2A", "OBJECT_ID": "2011-043A", "EPOCH": "2026-01-02T17:57:30.508128", "MEAN_MOTION": 13.78837303, "ECCENTRICITY": 0.0001458, "INCLINATION": 99.3377, "RA_OF_ASC_NODE": 8.3598, "ARG_OF_PERICENTER": 56.293, "MEAN_ANOMALY": 303.836, "EPHEMERIS_TYPE": 0, "CLASSIFICATION_TYPE": "U", "NORAD_CAT_ID": 37781, "ELEMENT_SET_NO": 999, "REV_AT_EPOCH": 72388, "BSTAR": 8.9859e-05, "MEAN_MOTION_DOT": 4.7e-07, "MEAN_MOTION_DDOT": 0}, "tle": {"line1": "1 37781U 11043A   26002.74826977  .00000047  00000+0  89859-4 0  9998", "line2": "2 37781  99.3377   8.3598 0001458  56.2930 303.8360 13.78837303723886"}}, "geometry": {"type": "Point", "coordinates": [-178.3180556224696, -35.992521115389835]}}, {"type": "Feature", "properties": {"norad_id": 37791, "name": "RASAT", "group": "resource", "lat": -77.16664628815728, "lon": 135.36668283071725, "alt_km": 672.4286149750442, "timestamp": "2026-01-02T22:29:16.757849+00:00", "meta": {"OBJECT_NAME": "RASAT", "OBJECT_ID": "2011-044D", "EPOCH": "2026-01-02T18:27:58.663872", "MEAN_MOTION": 14.67945405, "ECCENTRICITY": 0.0020708, "INCLINATION": 98.0639, "RA_OF_ASC_NODE": 96.7146, "ARG_OF_PERICENTER": 0.6741, "MEAN_ANOMALY": 114.5823, "EPHEMERIS_TYPE": 0, "CLASSIFICATION_TYPE": "U", "NORAD_CAT_ID": 37791, "ELEMENT_SET_NO": 999, "REV_AT_EPOCH": 76891, "BSTAR": 0.00021929, "MEAN_MOTION_DOT": 1.21e-05, "MEAN_MOTION_DDOT": 0}, "tle": {"line1": "1 37791U 11044D   26002.76942898  .00001210  00000+0  21929-3 0  9999", "line2": "2 37791  98.0639  96.7146 0020708   0.6741 114.5823 14.67945405768912"}}, "geometry": {"type": "Point", "coordinates": [135.36668283071725, -77.16664628815728]}}, {"type": "Feature", "properties": {"norad_id": 37841, "name": "SRMSAT", "group": "resource", "lat": 6.839342678969484, "lon": -1.0497306519025447, "alt_km": 859.1447959841598, "timestamp": "2026-01-02T22:29:16.757859+00:00", "meta": {"OBJECT_NAME": "SRMSAT", "OBJECT_ID": "2011-058D", "EPOCH": "2026-01-02T14:39:42.471936", "MEAN_MOTION": 14.11520404, "ECCENTRICITY": 0.0011813, "INCLINATION": 19.9737, "RA_OF_ASC_NODE": 341.6408, "ARG_OF_PERICENTER": 181.3975, "MEAN_ANOMALY": 338.4821, "EPHEMERIS_TYPE": 0, "CLASSIFICATION_TYPE": "U", "NORAD_CAT_ID": 37841, "ELEMENT_SET_NO": 999, "REV_AT_EPOCH": 73439, "BSTAR": 0.000176, "MEAN_MOTION_DOT": 5.89e-06, "MEAN_MOTION_DDOT": 0}, "tle": {"line1": "1 37841U 11058D   26002.61090824  .00000589  00000+0  17600-3 0  9996", "line2": "2 37841  19.9737 341.6408 0011813 181.3975 338.4821 14.11520404734392"}}, "geometry": {"type": "Point", "coordinates": [-1.0497306519025447, 6.839342678969484]}}, {"type": "Feature", "properties": {"norad_id": 38012, "name": "PLEIADES 1A", "group": "resource", "lat": 79.1389664207562, "lon": 31.807540869847074, "alt_km": 689.6999522453652, "timestamp": "2026-01-02T22:29:16.757869+00:00", "meta": {"OBJECT_NAME": "PLEIADES 1A", "OBJECT_ID": "2011-076F", "EPOCH": "2026-01-02T19:20:16.696320", "MEAN_MOTION": 14.58585654, "ECCENTRICITY": 9.68e-05, "INCLINATION": 98.1806, "RA_OF_ASC_NODE": 80.2476, "ARG_OF_PERICENTER": 78.7889, "MEAN_ANOMALY": 35.2841, "EPHEMERIS_TYPE": 0, "CLASSIFICATION_TYPE": "U", "NORAD_CAT_ID": 38012, "ELEMENT_SET_NO": 999, "REV_AT_EPOCH": 74788, "BSTAR": 0.00018664, "MEAN_MOTION_DOT": 8.23e-06, "MEAN_MOTION_DDOT": 0}, "tle": {"line1": "1 38012U 11076F   26002.80574880  .00000823  00000+0  18664-3 0  9999", "line2": "2 38012  98.1806  80.2476 0000968  78.7889  35.2841 14.58585654747883"}}, "geometry": {"type": "Point", "coordinates": [31.807540869847074, 79.1389664207562]}}, {"type": "Feature", "properties": {"norad_id": 38038, "name": "ZIYUAN 1-02C (ZY 1-02C)", "group": "resource", "lat": -44.78370599717283, "lon": -114.90717911303408, "alt_km": 775.9301343367015, "timestamp": "2026-01-02T22:29:16.757879+00:00", "meta": {"OBJECT_NAME": "ZIYUAN 1-02C (ZY 1-02C)", "OBJECT_ID": "2011-079A", "EPOCH": "2026-01-02T18:46:17.263200", "MEAN_MOTION": 14.38039797, "ECCENTRICITY": 0.0007579, "INCLINATION": 98.4314, "RA_OF_ASC_NODE": 73.406, "ARG_OF_PERICENTER": 83.9442, "MEAN_ANOMALY": 60.108, "EPHEMERIS_TYPE": 0, "CLASSIFICATION_TYPE": "U", "NORAD_CAT_ID": 38038, "ELEMENT_SET_NO": 999, "REV_AT_EPOCH": 73543, "BSTAR": 0.00027465, "MEAN_MOTION_DOT": 7.88e-06, "MEAN_MOTION_DDOT": 0}, "tle": {"line1": "1 38038U 11079A   26002.78214425  .00000788  00000+0  27465-3 0  9992", "line2": "2 38038  98.4314  73.4060 0007579  83.9442  60.1080 14.38039797735439"}}, "geometry": {"type": "Point", "coordinates": [-114.90717911303408, -44.78370599717283]}}, {"type": "Feature", "properties": {"norad_id": 38338, "name": "ARIRANG-3 (KOMPSAT-3)", "group": "resource", "lat": -40.559218073478725, "lon": 135.4814739946783, "alt_km": 691.5243870796758, "timestamp": "2026-01-02T22:29:16.757890+00:00", "meta": {"OBJECT_NAME": "ARIRANG-3 (KOMPSAT-3)", "OBJECT_ID": "2012-025B", "EPOCH": "2026-01-02T19:50:12.612768", "MEAN_MOTION": 14.61747671, "ECCENTRICITY": 0.0004589, "INCLINATION": 98.3352, "RA_OF_ASC_NODE": 322.5785, "ARG_OF_PERICENTER": 259.6466, "MEAN_ANOMALY": 100.4217, "EPHEMERIS_TYPE": 0, "CLASSIFICATION_TYPE": "U", "NORAD_CAT_ID": 38338, "ELEMENT_SET_NO": 999, "REV_AT_EPOCH": 72718, "BSTAR": 0.00024792, "MEAN_MOTION_DOT": 1.188e-05, "MEAN_MOTION_DDOT": 0}, "tle": {"line1": "1 38338U 12025B   26002.82653487  .00001188  00000+0  24792-3 0  9992", "line2": "2 38338  98.3352 322.5785 0004589 259.6466 100.4217 14.61747671727187"}}, "geometry": {"type": "Point", "coordinates": [135.4814739946783, -40.559218073478725]}}, {"type": "Feature", "properties": {"norad_id": 38709, "name": "EXACTVIEW-1 (ADS-1B)", "group": "resource", "lat": -64.14206080261826, "lon": 135.77708526697145, "alt_km": 808.7075030304441, "timestamp": "2026-01-02T22:29:16.757900+00:00", "meta": {"OBJECT_NAME": "EXACTVIEW-1 (ADS-1B)", "OBJECT_ID": "2012-039C", "EPOCH": "2026-01-02T17:44:21.756480", "MEAN_MOTION": 14.2491859, "ECCENTRICITY": 0.0010096, "INCLINATION": 98.9635, "RA_OF_ASC_NODE": 116.5701, "ARG_OF_PERICENTER": 289.9232, "MEAN_ANOMALY": 70.0858, "EPHEMERIS_TYPE": 0, "CLASSIFICATION_TYPE": "U", "NORAD_CAT_ID": 38709, "ELEMENT_SET_NO": 999, "REV_AT_EPOCH": 69914, "BSTAR": 0.00016449, "MEAN_MOTION_DOT": 3.38e-06, "MEAN_MOTION_DDOT": 0}, "tle": {"line1": "1 38709U 12039C   26002.73914070  .00000338  00000+0  16449-3 0  9993", "line2": "2 38709  98.9635 116.5701 0010096 289.9232  70.0858 14.24918590699141"}}, "geometry": {"type": "Point", "coordinates": [135.77708526697145, -64.14206080261826]}}, {"type": "Feature", "properties": {"norad_id": 38755, "name": "SPOT 6", "group": "resource", "lat": 4.828222845542255, "lon": 71.63381499656953, "alt_km": 699.9898109093901, "timestamp": "2026-01-02T22:29:16.757910+00:00", "meta": {"OBJECT_NAME": "SPOT 6", "OBJECT_ID": "2012-047A", "EPOCH": "2026-01-02T19:10:22.016352", "MEAN_MOTION": 14.58543999, "ECCENTRICITY": 0.0001144, "INCLINATION": 98.1552, "RA_OF_ASC_NODE": 72.1923, "ARG_OF_PERICENTER": 79.5592, "MEAN_ANOMALY": 280.5737, "EPHEMERIS_TYPE": 0, "CLASSIFICATION_TYPE": "U", "NORAD_CAT_ID": 38755, "ELEMENT_SET_NO": 999, "REV_AT_EPOCH": 70894, "BSTAR": 0.00017228, "MEAN_MOTION_DOT": 7.55e-06, "MEAN_MOTION_DDOT": 0}, "tle": {"line1": "1 38755U 12047A   26002.79886593  .00000755  00000+0  17228-3 0  9996", "line2": "2 38755  98.1552  72.1923 0001144  79.5592 280.5737 14.58543999708948"}}, "geometry": {"type": "Point", "coordinates": [71.63381499656953, 4.828222845542255]}}, {"type": "Feature", "properties": {"norad_id": 39019, "name": "PLEIADES 1B", "group": "resource", "lat": -80.0431116221047, "lon": -154.74465591492122, "alt_km": 705.9148065758354, "timestamp": "2026-01-02T22:29:16.757920+00:00", "meta": {"OBJECT_NAME": "PLEIADES 1B", "OBJECT_ID": "2012-068A", "EPOCH": "2026-01-02T17:59:13.382880", "MEAN_MOTION": 14.58577445, "ECCENTRICITY": 0.0001136, "INCLINATION": 98.1776, "RA_OF_ASC_NODE": 80.0679, "ARG_OF_PERICENTER": 87.2392, "MEAN_ANOMALY": 272.8938, "EPHEMERIS_TYPE": 0, "CLASSIFICATION_TYPE": "U", "NORAD_CAT_ID": 39019, "ELEMENT_SET_NO": 999, "REV_AT_EPOCH": 69673, "BSTAR": 0.00022463, "MEAN_MOTION_DOT": 9.99e-06, "MEAN_MOTION_DDOT": 0}, "tle": {"line1": "1 39019U 12068A   26002.74946045  .00000999  00000+0  22463-3 0  9994", "line2": "2 39019  98.1776  80.0679 0001136  87.2392 272.8938 14.58577445696734"}}, "geometry": {"type": "Point", "coordinates": [-154.74465591492122, -80.0431116221047]}}, {"type": "Feature", "properties": {"norad_id": 39030, "name": "GOKTURK 2", "group": "resource", "lat": -44.88987584446972, "lon": -143.7178721780272, "alt_km": 651.8711105100319, "timestamp": "2026-01-02T22:29:16.757933+00:00", "meta": {"OBJECT_NAME": "GOKTURK 2", "OBJECT_ID": "2012-073A", "EPOCH": "2026-01-02T19:26:16.772640", "MEAN_MOTION": 14.75329449, "ECCENTRICITY": 0.0001728, "INCLINATION": 97.6888, "RA_OF_ASC_NODE": 208.4271, "ARG_OF_PERICENTER": 102.5502, "MEAN_ANOMALY": 257.5901, "EPHEMERIS_TYPE": 0, "CLASSIFICATION_TYPE": "U", "NORAD_CAT_ID": 39030, "ELEMENT_SET_NO": 999, "REV_AT_EPOCH": 70012, "BSTAR": 0.0002714, "MEAN_MOTION_DOT": 1.792e-05, "MEAN_MOTION_DDOT": 0}, "tle": {"line1": "1 39030U 12073A   26002.80991635  .00001792  00000+0  27140-3 0  9994", "line2": "2 39030  97.6888 208.4271 0001728 102.5502 257.5901 14.75329449700127"}}, "geometry": {"type": "Point", "coordinates": [-143.7178721780272, -44.88987584446972]}}, {"type": "Feature", "properties": {"norad_id": 39084, "name": "LANDSAT 8", "group": "resource", "lat": -35.567998150461165, "lon": 81.61652588659035, "alt_km": 709.2460942205453, "timestamp": "2026-01-02T22:29:16.757945+00:00", "meta": {"OBJECT_NAME": "LANDSAT 8", "OBJECT_ID": "2013-008A", "EPOCH": "2026-01-02T17:42:31.331232", "MEAN_MOTION": 14.57128057, "ECCENTRICITY": 0.0001056, "INCLINATION": 98.2044, "RA_OF_ASC_NODE": 75.4987, "ARG_OF_PERICENTER": 96.8178, "MEAN_ANOMALY": 263.314, "EPHEMERIS_TYPE": 0, "CLASSIFICATION_TYPE": "U", "NORAD_CAT_ID": 39084, "ELEMENT_SET_NO": 999, "REV_AT_EPOCH": 67380, "BSTAR": 0.00019577, "MEAN_MOTION_DOT": 8.37e-06, "MEAN_MOTION_DDOT": 0}, "tle": {"line1": "1 39084U 13008A   26002.73786263  .00000837  00000+0  19577-3 0  9997", "line2": "2 39084  98.2044  75.4987 0001056  96.8178 263.3140 14.57128057673807"}}, "geometry": {"type": "Point", "coordinates": [81.61652588659035, -35.567998150461165]}}, {"type": "Feature", "properties": {"norad_id": 39086, "name": "SARAL", "group": "resource", "lat": -72.2671263154269, "lon": -16.475706375834225, "alt_km": 791.8095534643426, "timestamp": "2026-01-02T22:29:16.757955+00:00", "meta": {"OBJECT_NAME": "SARAL", "OBJECT_ID": "2013-009A", "EPOCH": "2026-01-02T17:57:08.279136", "MEAN_MOTION": 14.32766347, "ECCENTRICITY": 0.000285, "INCLINATION": 98.5507, "RA_OF_ASC_NODE": 191.4045, "ARG_OF_PERICENTER": 69.0743, "MEAN_ANOMALY": 291.0746, "EPHEMERIS_TYPE": 0, "CLASSIFICATION_TYPE": "U", "NORAD_CAT_ID": 39086, "ELEMENT_SET_NO": 999, "REV_AT_EPOCH": 67191, "BSTAR": 0.00012129, "MEAN_MOTION_DOT": 2.87e-06, "MEAN_MOTION_DDOT": 0}, "tle": {"line1": "1 39086U 13009A   26002.74801249  .00000287  00000+0  12129-3 0  9998", "line2": "2 39086  98.5507 191.4045 0002850  69.0743 291.0746 14.32766347671916"}}, "geometry": {"type": "Point", "coordinates": [-16.475706375834225, -72.2671263154269]}}, {"type": "Feature", "properties": {"norad_id": 39150, "name": "GAOFEN-1", "group": "resource", "lat": 53.789423364133924, "lon": -90.80520688594359, "alt_km": 626.2391856011509, "timestamp": "2026-01-02T22:29:16.757965+00:00", "meta": {"OBJECT_NAME": "GAOFEN-1", "OBJECT_ID": "2013-018A", "EPOCH": "2026-01-02T18:40:15.123648", "MEAN_MOTION": 14.76525123, "ECCENTRICITY": 0.0018579, "INCLINATION": 97.9308, "RA_OF_ASC_NODE": 78.0627, "ARG_OF_PERICENTER": 79.5352, "MEAN_ANOMALY": 280.795, "EPHEMERIS_TYPE": 0, "CLASSIFICATION_TYPE": "U", "NORAD_CAT_ID": 39150, "ELEMENT_SET_NO": 999, "REV_AT_EPOCH": 68383, "BSTAR": 0.00026392, "MEAN_MOTION_DOT": 1.794e-05, "MEAN_MOTION_DDOT": 0}, "tle": {"line1": "1 39150U 13018A   26002.77795282  .00001794  00000+0  26392-3 0  9993", "line2": "2 39150  97.9308  78.0627 0018579  79.5352 280.7950 14.76525123683832"}}, "geometry": {"type": "Point", "coordinates": [-90.80520688594359, 53.789423364133924]}}, {"type": "Feature", "properties": {"norad_id": 39160, "name": "VNREDSAT 1", "group": "resource", "lat": 25.256308360575243, "lon": 58.694199978752486, "alt_km": 676.0421071425999, "timestamp": "2026-01-02T22:29:16.757975+00:00", "meta": {"OBJECT_NAME": "VNREDSAT 1", "OBJECT_ID": "2013-021B", "EPOCH": "2026-01-02T17:27:14.821632", "MEAN_MOTION": 14.64960917, "ECCENTRICITY": 0.0001135, "INCLINATION": 97.9353, "RA_OF_ASC_NODE": 62.2648, "ARG_OF_PERICENTER": 86.5134, "MEAN_ANOMALY": 273.6199, "EPHEMERIS_TYPE": 0, "CLASSIFICATION_TYPE": "U", "NORAD_CAT_ID": 39160, "ELEMENT_SET_NO": 999, "REV_AT_EPOCH": 67606, "BSTAR": 0.00024305, "MEAN_MOTION_DOT": 1.255e-05, "MEAN_MOTION_DDOT": 0}, "tle": {"line1": "1 39160U 13021B   26002.72725488  .00001255  00000+0  24305-3 0  9998", "line2": "2 39160  97.9353  62.2648 0001135  86.5134 273.6199 14.64960917676061"}}, "geometry": {"type": "Point", "coordinates": [58.694199978752486, 25.256308360575243]}}, {"type": "Feature", "properties": {"norad_id": 39227, "name": "ARIRANG-5 (KOMPSAT-5)", "group": "resource", "lat": -58.3398047456167, "lon": -0.5898591788781427, "alt_km": 561.1461934226545, "timestamp": "2026-01-02T22:29:16.757985+00:00", "meta": {"OBJECT_NAME": "ARIRANG-5 (KOMPSAT-5)", "OBJECT_ID": "2013-042A", "EPOCH": "2026-01-02T18:14:09.383712", "MEAN_MOTION": 15.0453317, "ECCENTRICITY": 0.0002307, "INCLINATION": 97.615, "RA_OF_ASC_NODE": 191.7659, "ARG_OF_PERICENTER": 11.8536, "MEAN_ANOMALY": 348.2744, "EPHEMERIS_TYPE": 0, "CLASSIFICATION_TYPE": "U", "NORAD_CAT_ID": 39227, "ELEMENT_SET_NO": 999, "REV_AT_EPOCH": 67898, "BSTAR": 0.00011062, "MEAN_MOTION_DOT": 1.489e-05, "MEAN_MOTION_DDOT": 0}, "tle": {"line1": "1 39227U 13042A   26002.75983083  .00001489  00000+0  11062-3 0  9990", "line2": "2 39227  97.6150 191.7659 0002307  11.8536 348.2744 15.04533170678986"}}, "geometry": {"type": "Point", "coordinates": [-0.5898591788781427, -58.3398047456167]}}, {"type": "Feature", "properties": {"norad_id": 39418, "name": "SKYSAT-A", "group": "resource", "lat": 75.84165360142863, "lon": 26.453120018472234, "alt_km": 521.8571874757572, "timestamp": "2026-01-02T22:29:16.757995+00:00", "meta": {"OBJECT_NAME": "SKYSAT-A", "OBJECT_ID": "2013-066C", "EPOCH": "2026-01-02T17:22:41.894400", "MEAN_MOTION": 15.11788876, "ECCENTRICITY": 0.0022405, "INCLINATION": 97.4077, "RA_OF_ASC_NODE": 57.2938, "ARG_OF_PERICENTER": 162.4372, "MEAN_ANOMALY": 197.7638, "EPHEMERIS_TYPE": 0, "CLASSIFICATION_TYPE": "U", "NORAD_CAT_ID": 39418, "ELEMENT_SET_NO": 999, "REV_AT_EPOCH": 66347, "BSTAR": 0.00035007, "MEAN_MOTION_DOT": 5.948e-05, "MEAN_MOTION_DDOT": 0}, "tle": {"line1": "1 39418U 13066C   26002.72409600  .00005948  00000+0  35007-3 0  9992", "line2": "2 39418  97.4077  57.2938 0022405 162.4372 197.7638 15.11788876663472"}}, "geometry": {"type": "Point", "coordinates": [26.453120018472234, 75.84165360142863]}}, {"type": "Feature", "properties": {"norad_id": 39419, "name": "DUBAISAT-2", "group": "resource", "lat": -24.910259703933217, "lon": 1.1764889606870446, "alt_km": 547.1178764060714, "timestamp": "2026-01-02T22:29:16.758005+00:00", "meta": {"OBJECT_NAME": "DUBAISAT-2", "OBJECT_ID": "2013-066D", "EPOCH": "2026-01-02T19:24:55.673280", "MEAN_MOTION": 15.08593438, "ECCENTRICITY": 0.0009951, "INCLINATION": 97.4447, "RA_OF_ASC_NODE": 357.5709, "ARG_OF_PERICENTER": 237.3106, "MEAN_ANOMALY": 122.7164, "EPHEMERIS_TYPE": 0, "CLASSIFICATION_TYPE": "U", "NORAD_CAT_ID": 39419, "ELEMENT_SET_NO": 999, "REV_AT_EPOCH": 66144, "BSTAR": 0.00044268, "MEAN_MOTION_DOT": 6.869e-05, "MEAN_MOTION_DDOT": 0}, "tle": {"line1": "1 39419U 13066D   26002.80897770  .00006869  00000+0  44268-3 0  9993", "line2": "2 39419  97.4447 357.5709 0009951 237.3106 122.7164 15.08593438661445"}}, "geometry": {"type": "Point", "coordinates": [1.1764889606870446, -24.910259703933217]}}, {"type": "Feature", "properties": {"norad_id": 39574, "name": "GPM-CORE", "group": "resource", "lat": 48.029060984839795, "lon": 172.98050302431102, "alt_km": 431.93181849308075, "timestamp": "2026-01-02T22:29:16.758015+00:00", "meta": {"OBJECT_NAME": "GPM-CORE", "OBJECT_ID": "2014-009C", "EPOCH": "2026-01-02T17:35:20.579712", "MEAN_MOTION": 15.44876157, "ECCENTRICITY": 0.0008651, "INCLINATION": 64.9732, "RA_OF_ASC_NODE": 142.3708, "ARG_OF_PERICENTER": 256.8202, "MEAN_ANOMALY": 103.1973, "EPHEMERIS_TYPE": 0, "CLASSIFICATION_TYPE": "U", "NORAD_CAT_ID": 39574, "ELEMENT_SET_NO": 999, "REV_AT_EPOCH": 67225, "BSTAR": 0.00030855, "MEAN_MOTION_DOT": 0.00014363, "MEAN_MOTION_DDOT": 0}, "tle": {"line1": "1 39574U 14009C   26002.73287708  .00014363  00000+0  30855-3 0  9994", "line2": "2 39574  64.9732 142.3708 0008651 256.8202 103.1973 15.44876157672255"}}, "geometry": {"type": "Point", "coordinates": [172.98050302431102, 48.029060984839795]}}, {"type": "Feature", "properties": {"norad_id": 39634, "name": "SENTINEL-1A", "group": "resource", "lat": 10.052766551015466, "lon": -165.67330576803218, "alt_km": 697.255178501423, "timestamp": "2026-01-02T22:29:16.758025+00:00", "meta": {"OBJECT_NAME": "SENTINEL-1A", "OBJECT_ID": "2014-016A", "EPOCH": "2026-01-02T18:25:16.868640", "MEAN_MOTION": 14.59200724, "ECCENTRICITY": 0.0001267, "INCLINATION": 98.1799, "RA_OF_ASC_NODE": 12.6986, "ARG_OF_PERICENTER": 85.6513, "MEAN_ANOMALY": 274.4832, "EPHEMERIS_TYPE": 0, "CLASSIFICATION_TYPE": "U", "NORAD_CAT_ID": 39634, "ELEMENT_SET_NO": 999, "REV_AT_EPOCH": 62589, "BSTAR": 7.9205e-05, "MEAN_MOTION_DOT": 3.28e-06, "MEAN_MOTION_DDOT": 0}, "tle": {"line1": "1 39634U 14016A   26002.76755635  .00000328  00000+0  79205-4 0  9990", "line2": "2 39634  98.1799  12.6986 0001267  85.6513 274.4832 14.59200724625890"}}, "geometry": {"type": "Point", "coordinates": [-165.67330576803218, 10.052766551015466]}}, {"type": "Feature", "properties": {"norad_id": 39731, "name": "KAZEOSAT 1", "group": "resource", "lat": -78.22890629459759, "lon": 124.12200673414118, "alt_km": 759.9081595978887, "timestamp": "2026-01-02T22:29:16.758048+00:00", "meta": {"OBJECT_NAME": "KAZEOSAT 1", "OBJECT_ID": "2014-024A", "EPOCH": "2026-01-02T17:52:13.637856", "MEAN_MOTION": 14.42040587, "ECCENTRICITY": 0.0001201, "INCLINATION": 98.3415, "RA_OF_ASC_NODE": 79.1787, "ARG_OF_PERICENTER": 81.2833, "MEAN_ANOMALY": 278.8493, "EPHEMERIS_TYPE": 0, "CLASSIFICATION_TYPE": "U", "NORAD_CAT_ID": 39731, "ELEMENT_SET_NO": 999, "REV_AT_EPOCH": 61471, "BSTAR": 0.0001569, "MEAN_MOTION_DOT": 4.72e-06, "MEAN_MOTION_DDOT": 0}, "tle": {"line1": "1 39731U 14024A   26002.74460229  .00000472  00000+0  15690-3 0  9994", "line2": "2 39731  98.3415  79.1787 0001201  81.2833 278.8493 14.42040587614718"}}, "geometry": {"type": "Point", "coordinates": [124.12200673414118, -78.22890629459759]}}, {"type": "Feature", "properties": {"norad_id": 39766, "name": "ALOS-2", "group": "resource", "lat": 46.8182615422135, "lon": -68.9851695725471, "alt_km": 626.1045007337589, "timestamp": "2026-01-02T22:29:16.758061+00:00", "meta": {"OBJECT_NAME": "ALOS-2", "OBJECT_ID": "2014-029A", "EPOCH": "2026-01-02T18:38:41.218944", "MEAN_MOTION": 14.79471312, "ECCENTRICITY": 0.0001343, "INCLINATION": 97.9222, "RA_OF_ASC_NODE": 102.3239, "ARG_OF_PERICENTER": 98.7293, "MEAN_ANOMALY": 261.407, "EPHEMERIS_TYPE": 0, "CLASSIFICATION_TYPE": "U", "NORAD_CAT_ID": 39766, "ELEMENT_SET_NO": 999, "REV_AT_EPOCH": 62712, "BSTAR": 0.0011334, "MEAN_MOTION_DOT": 8.423e-05, "MEAN_MOTION_DDOT": 0}, "tle": {"line1": "1 39766U 14029A   26002.77686596  .00008423  00000+0  11334-2 0  9991", "line2": "2 39766  97.9222 102.3239 0001343  98.7293 261.4070 14.79471312627120"}}, "geometry": {"type": "Point", "coordinates": [-68.9851695725471, 46.8182615422135]}}, {"type": "Feature", "properties": {"norad_id": 40010, "name": "KAZEOSAT 2", "group": "resource", "lat": 61.47905816705236, "lon": 45.28270769223018, "alt_km": 600.7653010367321, "timestamp": "2026-01-02T22:29:16.758072+00:00", "meta": {"OBJECT_NAME": "KAZEOSAT 2", "OBJECT_ID": "2014-033A", "EPOCH": "2026-01-02T17:06:36.031392", "MEAN_MOTION": 14.85209024, "ECCENTRICITY": 0.0009406, "INCLINATION": 97.5499, "RA_OF_ASC_NODE": 210.9441, "ARG_OF_PERICENTER": 137.7831, "MEAN_ANOMALY": 222.4111, "EPHEMERIS_TYPE": 0, "CLASSIFICATION_TYPE": "U", "NORAD_CAT_ID": 40010, "ELEMENT_SET_NO": 999, "REV_AT_EPOCH": 62439, "BSTAR": 0.00015789, "MEAN_MOTION_DOT": 1.304e-05, "MEAN_MOTION_DDOT": 0}, "tle": {"line1": "1 40010U 14033A   26002.71291703  .00001304  00000+0  15789-3 0  9996", "line2": "2 40010  97.5499 210.9441 0009406 137.7831 222.4111 14.85209024624392"}}, "geometry": {"type": "Point", "coordinates": [45.28270769223018, 61.47905816705236]}}, {"type": "Feature", "properties": {"norad_id": 40011, "name": "HODOYOSHI-4", "group": "resource", "lat": 22.718380358267343, "lon": -167.40249058077757, "alt_km": 610.5228301963643, "timestamp": "2026-01-02T22:29:16.758083+00:00", "meta": {"OBJECT_NAME": "HODOYOSHI-4", "OBJECT_ID": "2014-033B", "EPOCH": "2026-01-02T19:09:22.504032", "MEAN_MOTION": 14.87573601, "ECCENTRICITY": 0.0024718, "INCLINATION": 97.5407, "RA_OF_ASC_NODE": 195.6449, "ARG_OF_PERICENTER": 131.5829, "MEAN_ANOMALY": 228.7512, "EPHEMERIS_TYPE": 0, "CLASSIFICATION_TYPE": "U", "NORAD_CAT_ID": 40011, "ELEMENT_SET_NO": 999, "REV_AT_EPOCH": 62421, "BSTAR": 0.0002962, "MEAN_MOTION_DOT": 2.653e-05, "MEAN_MOTION_DDOT": 0}, "tle": {"line1": "1 40011U 14033B   26002.79817713  .00002653  00000+0  29620-3 0  9997", "line2": "2 40011  97.5407 195.6449 0024718 131.5829 228.7512 14.87573601624213"}}, "geometry": {"type": "Point", "coordinates": [-167.40249058077757, 22.718380358267343]}}, {"type": "Feature", "properties": {"norad_id": 40013, "name": "DEIMOS-2", "group": "resource", "lat": -58.92350323095602, "lon": 50.22717684923732, "alt_km": 596.5109609259744, "timestamp": "2026-01-02T22:29:16.758093+00:00", "meta": {"OBJECT_NAME": "DEIMOS-2", "OBJECT_ID": "2014-033D", "EPOCH": "2026-01-02T18:12:03.287232", "MEAN_MOTION": 14.93088413, "ECCENTRICITY": 0.0002042, "INCLINATION": 97.6065, "RA_OF_ASC_NODE": 242.8654, "ARG_OF_PERICENTER": 102.1707, "MEAN_ANOMALY": 257.9742, "EPHEMERIS_TYPE": 0, "CLASSIFICATION_TYPE": "U", "NORAD_CAT_ID": 40013, "ELEMENT_SET_NO": 999, "REV_AT_EPOCH": 61303, "BSTAR": 0.00037239, "MEAN_MOTION_DOT": 3.825e-05, "MEAN_MOTION_DDOT": 0}, "tle": {"line1": "1 40013U 14033D   26002.75837138  .00003825  00000+0  37239-3 0  9995", "line2": "2 40013  97.6065 242.8654 0002042 102.1707 257.9742 14.93088413613030"}}, "geometry": {"type": "Point", "coordinates": [50.22717684923732, -58.92350323095602]}}, {"type": "Feature", "properties": {"norad_id": 40015, "name": "HODOYOSHI-3", "group": "resource", "lat": 73.62181052236637, "lon": 19.950996660787748, "alt_km": 599.662366157092, "timestamp": "2026-01-02T22:29:16.758103+00:00", "meta": {"OBJECT_NAME": "HODOYOSHI-3", "OBJECT_ID": "2014-033F", "EPOCH": "2026-01-02T18:46:58.668672", "MEAN_MOTION": 14.84899926, "ECCENTRICITY": 0.0033157, "INCLINATION": 97.6202, "RA_OF_ASC_NODE": 172.7051, "ARG_OF_PERICENTER": 177.1141, "MEAN_ANOMALY": 183.0272, "EPHEMERIS_TYPE": 0, "CLASSIFICATION_TYPE": "U", "NORAD_CAT_ID": 40015, "ELEMENT_SET_NO": 999, "REV_AT_EPOCH": 62307, "BSTAR": 0.00040764, "MEAN_MOTION_DOT": 3.45e-05, "MEAN_MOTION_DDOT": 0}, "tle": {"line1": "1 40015U 14033F   26002.78262348  .00003450  00000+0  40764-3 0  9996", "line2": "2 40015  97.6202 172.7051 0033157 177.1141 183.0272 14.84899926623073"}}, "geometry": {"type": "Point", "coordinates": [19.950996660787748, 73.62181052236637]}}, {"type": "Feature", "properties": {"norad_id": 40053, "name": "SPOT 7", "group": "resource", "lat": 27.4318111500356, "lon": -106.24495372580736, "alt_km": 689.3312486284676, "timestamp": "2026-01-02T22:29:16.758114+00:00", "meta": {"OBJECT_NAME": "SPOT 7", "OBJECT_ID": "2014-034A", "EPOCH": "2026-01-02T18:30:21.250656", "MEAN_MOTION": 14.60766912, "ECCENTRICITY": 0.0001435, "INCLINATION": 98.0886, "RA_OF_ASC_NODE": 69.3598, "ARG_OF_PERICENTER": 76.9016, "MEAN_ANOMALY": 283.2345, "EPHEMERIS_TYPE": 0, "CLASSIFICATION_TYPE": "U", "NORAD_CAT_ID": 40053, "ELEMENT_SET_NO": 999, "REV_AT_EPOCH": 61298, "BSTAR": 0.00026552, "MEAN_MOTION_DOT": 1.25e-05, "MEAN_MOTION_DDOT": 0}, "tle": {"line1": "1 40053U 14034A   26002.77107929  .00001250  00000+0  26552-3 0  9996", "line2": "2 40053  98.0886  69.3598 0001435  76.9016 283.2345 14.60766912612980"}}, "geometry": {"type": "Point", "coordinates": [-106.24495372580736, 27.4318111500356]}}, {"type": "Feature", "properties": {"norad_id": 40072, "name": "SKYSAT-B", "group": "resource", "lat": -43.38752791955393, "lon": -39.24037306587194, "alt_km": 616.223702456522, "timestamp": "2026-01-02T22:29:16.758124+00:00", "meta": {"OBJECT_NAME": "SKYSAT-B", "OBJECT_ID": "2014-037D", "EPOCH": "2026-01-02T17:50:30.907392", "MEAN_MOTION": 14.87423609, "ECCENTRICITY": 0.0007041, "INCLINATION": 98.3635, "RA_OF_ASC_NODE": 312.5623, "ARG_OF_PERICENTER": 93.2554, "MEAN_ANOMALY": 266.9466, "EPHEMERIS_TYPE": 0, "CLASSIFICATION_TYPE": "U", "NORAD_CAT_ID": 40072, "ELEMENT_SET_NO": 999, "REV_AT_EPOCH": 62136, "BSTAR": 0.00042587, "MEAN_MOTION_DOT": 3.795e-05, "MEAN_MOTION_DDOT": 0}, "tle": {"line1": "1 40072U 14037D   26002.74341328  .00003795  00000+0  42587-3 0  9992", "line2": "2 40072  98.3635 312.5623 0007041  93.2554 266.9466 14.87423609621362"}}, "geometry": {"type": "Point", "coordinates": [-39.24037306587194, -43.38752791955393]}}, {"type": "Feature", "properties": {"norad_id": 40115, "name": "WORLDVIEW-3 (WV-3)", "group": "resource", "lat": 16.4464571985246, "lon": 77.61836034579447, "alt_km": 615.3995861072835, "timestamp": "2026-01-02T22:29:16.758134+00:00", "meta": {"OBJECT_NAME": "WORLDVIEW-3 (WV-3)", "OBJECT_ID": "2014-048A", "EPOCH": "2026-01-02T17:33:39.571200", "MEAN_MOTION": 14.84708121, "ECCENTRICITY": 0.00024, "INCLINATION": 97.8756, "RA_OF_ASC_NODE": 79.7574, "ARG_OF_PERICENTER": 115.6798, "MEAN_ANOMALY": 244.4665, "EPHEMERIS_TYPE": 0, "CLASSIFICATION_TYPE": "U", "NORAD_CAT_ID": 40115, "ELEMENT_SET_NO": 999, "REV_AT_EPOCH": 61735, "BSTAR": 0.00025711, "MEAN_MOTION_DOT": 2.124e-05, "MEAN_MOTION_DDOT": 0}, "tle": {"line1": "1 40115U 14048A   26002.73170800  .00002124  00000+0  25711-3 0  9991", "line2": "2 40115  97.8756  79.7574 0002400 115.6798 244.4665 14.84708121617356"}}, "geometry": {"type": "Point", "coordinates": [77.61836034579447, 16.4464571985246]}}, {"type": "Feature", "properties": {"norad_id": 40118, "name": "GAOFEN-2", "group": "resource", "lat": -49.53251358707729, "lon": -122.39264060646501, "alt_km": 640.1437812858303, "timestamp": "2026-01-02T22:29:16.758148+00:00", "meta": {"OBJECT_NAME": "GAOFEN-2", "OBJECT_ID": "2014-049A", "EPOCH": "2026-01-02T18:12:30.186144", "MEAN_MOTION": 14.80650447, "ECCENTRICITY": 0.0008552, "INCLINATION": 98.0365, "RA_OF_ASC_NODE": 66.9617, "ARG_OF_PERICENTER": 54.68, "MEAN_ANOMALY": 305.521, "EPHEMERIS_TYPE": 0, "CLASSIFICATION_TYPE": "U", "NORAD_CAT_ID": 40118, "ELEMENT_SET_NO": 999, "REV_AT_EPOCH": 61475, "BSTAR": 0.00016932, "MEAN_MOTION_DOT": 1.248e-05, "MEAN_MOTION_DDOT": 0}, "tle": {"line1": "1 40118U 14049A   26002.75868271  .00001248  00000+0  16932-3 0  9994", "line2": "2 40118  98.0365  66.9617 0008552  54.6800 305.5210 14.80650447614753"}}, "geometry": {"type": "Point", "coordinates": [-122.39264060646501, -49.53251358707729]}}, {"type": "Feature", "properties": {"norad_id": 40143, "name": "YAOGAN-21", "group": "resource", "lat": -60.08306127908555, "lon": -142.31491044295126, "alt_km": 500.9990516437465, "timestamp": "2026-01-02T22:29:16.758158+00:00", "meta": {"OBJECT_NAME": "YAOGAN-21", "OBJECT_ID": "2014-053A", "EPOCH": "2026-01-02T18:16:55.282080", "MEAN_MOTION": 15.23931253, "ECCENTRICITY": 0.0007624, "INCLINATION": 97.1734, "RA_OF_ASC_NODE": 50.1605, "ARG_OF_PERICENTER": 329.5591, "MEAN_ANOMALY": 30.5203, "EPHEMERIS_TYPE": 0, "CLASSIFICATION_TYPE": "U", "NORAD_CAT_ID": 40143, "ELEMENT_SET_NO": 999, "REV_AT_EPOCH": 62974, "BSTAR": 0.00030721, "MEAN_MOTION_DOT": 7.365e-05, "MEAN_MOTION_DDOT": 0}, "tle": {"line1": "1 40143U 14053A   26002.76175095  .00007365  00000+0  30721-3 0  9991", "line2": "2 40143  97.1734  50.1605 0007624 329.5591  30.5203 15.23931253629740"}}, "geometry": {"type": "Point", "coordinates": [-142.31491044295126, -60.08306127908555]}}, {"type": "Feature", "properties": {"norad_id": 40275, "name": "YAOGAN-22", "group": "resource", "lat": 49.01734769899707, "lon": 139.0342236592031, "alt_km": 1201.3029682502402, "timestamp": "2026-01-02T22:29:16.758169+00:00", "meta": {"OBJECT_NAME": "YAOGAN-22", "OBJECT_ID": "2014-063A", "EPOCH": "2026-01-02T09:27:24.084000", "MEAN_MOTION": 13.15523936, "ECCENTRICITY": 0.0006243, "INCLINATION": 100.7435, "RA_OF_ASC_NODE": 151.1064, "ARG_OF_PERICENTER": 200.0461, "MEAN_ANOMALY": 160.0405, "EPHEMERIS_TYPE": 0, "CLASSIFICATION_TYPE": "U", "NORAD_CAT_ID": 40275, "ELEMENT_SET_NO": 999, "REV_AT_EPOCH": 53801, "BSTAR": 5.8722e-05, "MEAN_MOTION_DOT": -2.5e-07, "MEAN_MOTION_DDOT": 0}, "tle": {"line1": "1 40275U 14063A   26002.39402875 -.00000025  00000+0  58722-4 0  9995", "line2": "2 40275 100.7435 151.1064 0006243 200.0461 160.0405 13.15523936538017"}}, "geometry": {"type": "Point", "coordinates": [139.0342236592031, 49.01734769899707]}}, {"type": "Feature", "properties": {"norad_id": 40298, "name": "ASNARO", "group": "resource", "lat": -26.33628067227267, "lon": 87.03620279183048, "alt_km": 512.6831563741098, "timestamp": "2026-01-02T22:29:16.758179+00:00", "meta": {"OBJECT_NAME": "ASNARO", "OBJECT_ID": "2014-070A", "EPOCH": "2026-01-02T19:26:37.365216", "MEAN_MOTION": 15.19505648, "ECCENTRICITY": 0.0003415, "INCLINATION": 97.3638, "RA_OF_ASC_NODE": 83.242, "ARG_OF_PERICENTER": 53.7347, "MEAN_ANOMALY": 306.4203, "EPHEMERIS_TYPE": 0, "CLASSIFICATION_TYPE": "U", "NORAD_CAT_ID": 40298, "ELEMENT_SET_NO": 999, "REV_AT_EPOCH": 61889, "BSTAR": 0.00078285, "MEAN_MOTION_DOT": 0.00016581, "MEAN_MOTION_DDOT": 0}, "tle": {"line1": "1 40298U 14070A   26002.81015469  .00016581  00000+0  78285-3 0  9992", "line2": "2 40298  97.3638  83.2420 0003415  53.7347 306.4203 15.19505648618896"}}, "geometry": {"type": "Point", "coordinates": [87.03620279183048, -26.33628067227267]}}, {"type": "Feature", "properties": {"norad_id": 40310, "name": "YAOGAN-24", "group": "resource", "lat": -55.86925999091242, "lon": -53.01766899013371, "alt_km": 658.4286401344916, "timestamp": "2026-01-02T22:29:16.758189+00:00", "meta": {"OBJECT_NAME": "YAOGAN-24", "OBJECT_ID": "2014-072A", "EPOCH": "2026-01-02T18:09:59.895936", "MEAN_MOTION": 14.76232176, "ECCENTRICITY": 0.0015199, "INCLINATION": 98.1226, "RA_OF_ASC_NODE": 138.9647, "ARG_OF_PERICENTER": 75.5382, "MEAN_ANOMALY": 284.7512, "EPHEMERIS_TYPE": 0, "CLASSIFICATION_TYPE": "U", "NORAD_CAT_ID": 40310, "ELEMENT_SET_NO": 999, "REV_AT_EPOCH": 59931, "BSTAR": 0.00034022, "MEAN_MOTION_DOT": 2.307e-05, "MEAN_MOTION_DDOT": 0}, "tle": {"line1": "1 40310U 14072A   26002.75694324  .00002307  00000+0  34022-3 0  9997", "line2": "2 40310  98.1226 138.9647 0015199  75.5382 284.7512 14.76232176599316"}}, "geometry": {"type": "Point", "coordinates": [-53.01766899013371, -55.86925999091242]}}, {"type": "Feature", "properties": {"norad_id": 40336, "name": "CBERS 4", "group": "resource", "lat": 61.20524499819305, "lon": -99.31649124978735, "alt_km": 766.153824350441, "timestamp": "2026-01-02T22:29:16.758199+00:00", "meta": {"OBJECT_NAME": "CBERS 4", "OBJECT_ID": "2014-079A", "EPOCH": "2026-01-02T18:35:47.508288", "MEAN_MOTION": 14.35527532, "ECCENTRICITY": 0.0001921, "INCLINATION": 98.3287, "RA_OF_ASC_NODE": 65.0695, "ARG_OF_PERICENTER": 88.1032, "MEAN_ANOMALY": 272.0374, "EPHEMERIS_TYPE": 0, "CLASSIFICATION_TYPE": "U", "NORAD_CAT_ID": 40336, "ELEMENT_SET_NO": 999, "REV_AT_EPOCH": 58022, "BSTAR": 0.00012039, "MEAN_MOTION_DOT": 3.04e-06, "MEAN_MOTION_DDOT": 0}, "tle": {"line1": "1 40336U 14079A   26002.77485542  .00000304  00000+0  12039-3 0  9993", "line2": "2 40336  98.3287  65.0695 0001921  88.1032 272.0374 14.35527532580220"}}, "geometry": {"type": "Point", "coordinates": [-99.31649124978735, 61.20524499819305]}}, {"type": "Feature", "properties": {"norad_id": 40362, "name": "YAOGAN-26", "group": "resource", "lat": 82.4570828771992, "lon": -61.590799740328926, "alt_km": 439.5412049569386, "timestamp": "2026-01-02T22:29:16.758209+00:00", "meta": {"OBJECT_NAME": "YAOGAN-26", "OBJECT_ID": "2014-088A", "EPOCH": "2026-01-02T18:59:29.635872", "MEAN_MOTION": 15.40185302, "ECCENTRICITY": 0.0002877, "INCLINATION": 97.0633, "RA_OF_ASC_NODE": 7.7254, "ARG_OF_PERICENTER": 310.0024, "MEAN_ANOMALY": 50.097, "EPHEMERIS_TYPE": 0, "CLASSIFICATION_TYPE": "U", "NORAD_CAT_ID": 40362, "ELEMENT_SET_NO": 999, "REV_AT_EPOCH": 61218, "BSTAR": 0.00068124, "MEAN_MOTION_DOT": 0.00027331, "MEAN_MOTION_DDOT": 0}, "tle": {"line1": "1 40362U 14088A   26002.79131523  .00027331  00000+0  68124-3 0  9996", "line2": "2 40362  97.0633   7.7254 0002877 310.0024  50.0970 15.40185302612182"}}, "geometry": {"type": "Point", "coordinates": [-61.590799740328926, 82.4570828771992]}}, {"type": "Feature", "properties": {"norad_id": 40376, "name": "SMAP", "group": "resource", "lat": -76.04894047786887, "lon": 47.48060751517318, "alt_km": 690.5014640698764, "timestamp": "2026-01-02T22:29:16.758221+00:00", "meta": {"OBJECT_NAME": "SMAP", "OBJECT_ID": "2015-003A", "EPOCH": "2026-01-02T17:55:25.794048", "MEAN_MOTION": 14.63378368, "ECCENTRICITY": 0.0001278, "INCLINATION": 98.129, "RA_OF_ASC_NODE": 12.1681, "ARG_OF_PERICENTER": 93.859, "MEAN_ANOMALY": 266.2758, "EPHEMERIS_TYPE": 0, "CLASSIFICATION_TYPE": "U", "NORAD_CAT_ID": 40376, "ELEMENT_SET_NO": 999, "REV_AT_EPOCH": 58342, "BSTAR": 0.0002379, "MEAN_MOTION_DOT": 1.183e-05, "MEAN_MOTION_DDOT": 0}, "tle": {"line1": "1 40376U 15003A   26002.74682632  .00001183  00000+0  23790-3 0  9993", "line2": "2 40376  98.1290  12.1681 0001278  93.8590 266.2758 14.63378368583429"}}, "geometry": {"type": "Point", "coordinates": [47.48060751517318, -76.04894047786887]}}, {"type": "Feature", "properties": {"norad_id": 40536, "name": "KOMPSAT-3A", "group": "resource", "lat": 20.85107417731187, "lon": -19.489282039680557, "alt_km": 393.6958480741632, "timestamp": "2026-01-02T22:29:16.758231+00:00", "meta": {"OBJECT_NAME": "KOMPSAT-3A", "OBJECT_ID": "2015-014A", "EPOCH": "2026-01-02T17:44:02.673312", "MEAN_MOTION": 15.44751167, "ECCENTRICITY": 0.0071098, "INCLINATION": 97.6786, "RA_OF_ASC_NODE": 343.2471, "ARG_OF_PERICENTER": 59.623, "MEAN_ANOMALY": 301.2021, "EPHEMERIS_TYPE": 0, "CLASSIFICATION_TYPE": "U", "NORAD_CAT_ID": 40536, "ELEMENT_SET_NO": 999, "REV_AT_EPOCH": 59619, "BSTAR": 0.0007229, "MEAN_MOTION_DOT": 0.00037219, "MEAN_MOTION_DDOT": 0}, "tle": {"line1": "1 40536U 15014A   26002.73891983  .00037219  00000+0  72290-3 0  9991", "line2": "2 40536  97.6786 343.2471 0071098  59.6230 301.2021 15.44751167596197"}}, "geometry": {"type": "Point", "coordinates": [-19.489282039680557, 20.85107417731187]}}, {"type": "Feature", "properties": {"norad_id": 40697, "name": "SENTINEL-2A", "group": "resource", "lat": -10.239832747238847, "lon": -101.38736306329113, "alt_km": 793.3294698816808, "timestamp": "2026-01-02T22:29:16.758242+00:00", "meta": {"OBJECT_NAME": "SENTINEL-2A", "OBJECT_ID": "2015-028A", "EPOCH": "2026-01-02T18:14:42.377280", "MEAN_MOTION": 14.30815509, "ECCENTRICITY": 0.0001015, "INCLINATION": 98.5726, "RA_OF_ASC_NODE": 79.9998, "ARG_OF_PERICENTER": 88.2999, "MEAN_ANOMALY": 271.83, "EPHEMERIS_TYPE": 0, "CLASSIFICATION_TYPE": "U", "NORAD_CAT_ID": 40697, "ELEMENT_SET_NO": 999, "REV_AT_EPOCH": 55007, "BSTAR": 0.00013126, "MEAN_MOTION_DOT": 3e-06, "MEAN_MOTION_DDOT": 0}, "tle": {"line1": "1 40697U 15028A   26002.76021270  .00000300  00000+0  13126-3 0  9995", "line2": "2 40697  98.5726  79.9998 0001015  88.2999 271.8300 14.30815509550072"}}, "geometry": {"type": "Point", "coordinates": [-101.38736306329113, -10.239832747238847]}}, {"type": "Feature", "properties": {"norad_id": 40701, "name": "GAOFEN-8", "group": "resource", "lat": -15.349349004767918, "lon": 4.997430665231501, "alt_km": 457.451725796318, "timestamp": "2026-01-02T22:29:16.758252+00:00", "meta": {"OBJECT_NAME": "GAOFEN-8", "OBJECT_ID": "2015-030A", "EPOCH": "2026-01-02T18:31:22.571328", "MEAN_MOTION": 15.39466271, "ECCENTRICITY": 0.0011456, "INCLINATION": 97.6891, "RA_OF_ASC_NODE": 186.9494, "ARG_OF_PERICENTER": 66.7735, "MEAN_ANOMALY": 293.4715, "EPHEMERIS_TYPE": 0, "CLASSIFICATION_TYPE": "U", "NORAD_CAT_ID": 40701, "ELEMENT_SET_NO": 999, "REV_AT_EPOCH": 58594, "BSTAR": 0.00090303, "MEAN_MOTION_DOT": 0.00035515, "MEAN_MOTION_DDOT": 0}, "tle": {"line1": "1 40701U 15030A   26002.77178902  .00035515  00000+0  90303-3 0  9998", "line2": "2 40701  97.6891 186.9494 0011456  66.7735 293.4715 15.39466271585942"}}, "geometry": {"type": "Point", "coordinates": [4.997430665231501, -15.349349004767918]}}, {"type": "Feature", "properties": {"norad_id": 40718, "name": "CARBONITE 1 (CBNT-1)", "group": "resource", "lat": 11.427642256097371, "lon": 9.603695681390873, "alt_km": 615.2754761117103, "timestamp": "2026-01-02T22:29:16.758262+00:00", "meta": {"OBJECT_NAME": "CARBONITE 1 (CBNT-1)", "OBJECT_ID": "2015-032D", "EPOCH": "2026-01-02T16:52:26.785056", "MEAN_MOTION": 14.8286039, "ECCENTRICITY": 0.0015642, "INCLINATION": 97.6398, "RA_OF_ASC_NODE": 187.8254, "ARG_OF_PERICENTER": 115.1914, "MEAN_ANOMALY": 245.0924, "EPHEMERIS_TYPE": 0, "CLASSIFICATION_TYPE": "U", "NORAD_CAT_ID": 40718, "ELEMENT_SET_NO": 999, "REV_AT_EPOCH": 56481, "BSTAR": 0.00030301, "MEAN_MOTION_DOT": 2.409e-05, "MEAN_MOTION_DDOT": 0}, "tle": {"line1": "1 40718U 15032D   26002.70308779  .00002409  00000+0  30301-3 0  9996", "line2": "2 40718  97.6398 187.8254 0015642 115.1914 245.0924 14.82860390564810"}}, "geometry": {"type": "Point", "coordinates": [9.603695681390873, 11.427642256097371]}}, {"type": "Feature", "properties": {"norad_id": 40878, "name": "YAOGAN-27", "group": "resource", "lat": 55.19141192186061, "lon": -168.54383824992837, "alt_km": 1196.484580163853, "timestamp": "2026-01-02T22:29:16.758272+00:00", "meta": {"OBJECT_NAME": "YAOGAN-27", "OBJECT_ID": "2015-040A", "EPOCH": "2026-01-02T18:12:47.481696", "MEAN_MOTION": 13.16060355, "ECCENTRICITY": 0.0007664, "INCLINATION": 100.1017, "RA_OF_ASC_NODE": 356.4295, "ARG_OF_PERICENTER": 234.566, "MEAN_ANOMALY": 125.4738, "EPHEMERIS_TYPE": 0, "CLASSIFICATION_TYPE": "U", "NORAD_CAT_ID": 40878, "ELEMENT_SET_NO": 999, "REV_AT_EPOCH": 49590, "BSTAR": -0.0011845, "MEAN_MOTION_DOT": -4.92e-06, "MEAN_MOTION_DDOT": 0}, "tle": {"line1": "1 40878U 15040A   26002.75888289 -.00000492  00000+0 -11845-2 0  9999", "line2": "2 40878 100.1017 356.4295 0007664 234.5660 125.4738 13.16060355495909"}}, "geometry": {"type": "Point", "coordinates": [-168.54383824992837, 55.19141192186061]}}, {"type": "Feature", "properties": {"norad_id": 40894, "name": "GAOFEN-9 01", "group": "resource", "lat": 61.91976450822368, "lon": 31.379964870917256, "alt_km": 618.0568899122736, "timestamp": "2026-01-02T22:29:16.758285+00:00", "meta": {"OBJECT_NAME": "GAOFEN-9 01", "OBJECT_ID": "2015-047A", "EPOCH": "2026-01-02T18:57:57.807360", "MEAN_MOTION": 14.82487663, "ECCENTRICITY": 0.0026656, "INCLINATION": 97.6516, "RA_OF_ASC_NODE": 45.8346, "ARG_OF_PERICENTER": 325.3038, "MEAN_ANOMALY": 34.6436, "EPHEMERIS_TYPE": 0, "CLASSIFICATION_TYPE": "U", "NORAD_CAT_ID": 40894, "ELEMENT_SET_NO": 999, "REV_AT_EPOCH": 55568, "BSTAR": 0.0003264, "MEAN_MOTION_DOT": 2.585e-05, "MEAN_MOTION_DDOT": 0}, "tle": {"line1": "1 40894U 15047A   26002.79025240  .00002585  00000+0  32640-3 0  9998", "line2": "2 40894  97.6516  45.8346 0026656 325.3038  34.6436 14.82487663555684"}}, "geometry": {"type": "Point", "coordinates": [31.379964870917256, 61.91976450822368]}}, {"type": "Feature", "properties": {"norad_id": 41026, "name": "YAOGAN-28", "group": "resource", "lat": -0.047208316991879044, "lon": -34.86830209427226, "alt_km": 499.0993713068128, "timestamp": "2026-01-02T22:29:16.758295+00:00", "meta": {"OBJECT_NAME": "YAOGAN-28", "OBJECT_ID": "2015-064A", "EPOCH": "2026-01-02T18:33:08.355168", "MEAN_MOTION": 15.24746167, "ECCENTRICITY": 0.0012451, "INCLINATION": 97.2815, "RA_OF_ASC_NODE": 144.9783, "ARG_OF_PERICENTER": 59.042, "MEAN_ANOMALY": 301.204, "EPHEMERIS_TYPE": 0, "CLASSIFICATION_TYPE": "U", "NORAD_CAT_ID": 41026, "ELEMENT_SET_NO": 999, "REV_AT_EPOCH": 56545, "BSTAR": 0.00050964, "MEAN_MOTION_DOT": 0.00012588, "MEAN_MOTION_DDOT": 0}, "tle": {"line1": "1 41026U 15064A   26002.77301337  .00012588  00000+0  50964-3 0  9990", "line2": "2 41026  97.2815 144.9783 0012451  59.0420 301.2040 15.24746167565454"}}, "geometry": {"type": "Point", "coordinates": [-34.86830209427226, -0.047208316991879044]}}, {"type": "Feature", "properties": {"norad_id": 41038, "name": "YAOGAN-29", "group": "resource", "lat": -14.962279152126635, "lon": 33.334962811722086, "alt_km": 625.8826111975677, "timestamp": "2026-01-02T22:29:16.758306+00:00", "meta": {"OBJECT_NAME": "YAOGAN-29", "OBJECT_ID": "2015-069A", "EPOCH": "2026-01-02T19:19:01.720128", "MEAN_MOTION": 14.8290806, "ECCENTRICITY": 0.0001466, "INCLINATION": 98.0206, "RA_OF_ASC_NODE": 31.0429, "ARG_OF_PERICENTER": 147.9603, "MEAN_ANOMALY": 212.17, "EPHEMERIS_TYPE": 0, "CLASSIFICATION_TYPE": "U", "NORAD_CAT_ID": 41038, "ELEMENT_SET_NO": 999, "REV_AT_EPOCH": 54611, "BSTAR": 4.0463e-05, "MEAN_MOTION_DOT": 2.74e-06, "MEAN_MOTION_DDOT": 0}, "tle": {"line1": "1 41038U 15069A   26002.80488102  .00000274  00000+0  40463-4 0  9991", "line2": "2 41038  98.0206  31.0429 0001466 147.9603 212.1700 14.82908060546117"}}, "geometry": {"type": "Point", "coordinates": [33.334962811722086, -14.962279152126635]}}, {"type": "Feature", "properties": {"norad_id": 41167, "name": "KENT RIDGE 1", "group": "resource", "lat": -10.026263331825104, "lon": 12.451535904766272, "alt_km": 501.04417675230707, "timestamp": "2026-01-02T22:29:16.758316+00:00", "meta": {"OBJECT_NAME": "KENT RIDGE 1", "OBJECT_ID": "2015-077B", "EPOCH": "2026-01-02T10:05:20.617728", "MEAN_MOTION": 15.21825006, "ECCENTRICITY": 0.0008649, "INCLINATION": 14.9813, "RA_OF_ASC_NODE": 57.6687, "ARG_OF_PERICENTER": 63.0542, "MEAN_ANOMALY": 297.0663, "EPHEMERIS_TYPE": 0, "CLASSIFICATION_TYPE": "U", "NORAD_CAT_ID": 41167, "ELEMENT_SET_NO": 999, "REV_AT_EPOCH": 55579, "BSTAR": 0.00029071, "MEAN_MOTION_DOT": 7.575e-05, "MEAN_MOTION_DDOT": 0}, "tle": {"line1": "1 41167U 15077B   26002.42037752  .00007575  00000+0  29071-3 0  9994", "line2": "2 41167  14.9813  57.6687 0008649  63.0542 297.0663 15.21825006555797"}}, "geometry": {"type": "Point", "coordinates": [12.451535904766272, -10.026263331825104]}}, {"type": "Feature", "properties": {"norad_id": 41194, "name": "GAOFEN-4", "group": "resource", "lat": 0.22251777553208574, "lon": -174.40236712433511, "alt_km": 35773.068514768594, "timestamp": "2026-01-02T22:29:16.758328+00:00", "meta": {"OBJECT_NAME": "GAOFEN-4", "OBJECT_ID": "2015-083A", "EPOCH": "2026-01-02T18:26:37.985280", "MEAN_MOTION": 1.00272268, "ECCENTRICITY": 0.0003079, "INCLINATION": 0.2225, "RA_OF_ASC_NODE": 82.3818, "ARG_OF_PERICENTER": 98.8219, "MEAN_ANOMALY": 303.5502, "EPHEMERIS_TYPE": 0, "CLASSIFICATION_TYPE": "U", "NORAD_CAT_ID": 41194, "ELEMENT_SET_NO": 999, "REV_AT_EPOCH": 3687, "BSTAR": 0, "MEAN_MOTION_DOT": -3.29e-06, "MEAN_MOTION_DDOT": 0}, "tle": {"line1": "1 41194U 15083A   26002.76849520 -.00000329  00000+0  00000+0 0  9990", "line2": "2 41194   0.2225  82.3818 0003079  98.8219 303.5502  1.00272268 36878"}}, "geometry": {"type": "Point", "coordinates": [-174.40236712433511, 0.22251777553208574]}}, {"type": "Feature", "properties": {"norad_id": 41240, "name": "JASON-3", "group": "resource", "lat": -63.854931104311106, "lon": 48.334599452994254, "alt_km": 1311.616106841684, "timestamp": "2026-01-02T22:29:16.758339+00:00", "meta": {"OBJECT_NAME": "JASON-3", "OBJECT_ID": "2016-002A", "EPOCH": "2026-01-02T17:18:21.934080", "MEAN_MOTION": 12.87627826, "ECCENTRICITY": 0.0007455, "INCLINATION": 66.0415, "RA_OF_ASC_NODE": 113.7138, "ARG_OF_PERICENTER": 272.1411, "MEAN_ANOMALY": 87.8754, "EPHEMERIS_TYPE": 0, "CLASSIFICATION_TYPE": "U", "NORAD_CAT_ID": 41240, "ELEMENT_SET_NO": 999, "REV_AT_EPOCH": 46594, "BSTAR": 0.00016838, "MEAN_MOTION_DOT": -2e-07, "MEAN_MOTION_DDOT": 0}, "tle": {"line1": "1 41240U 16002A   26002.72108720 -.00000020  00000+0  16838-3 0  9998", "line2": "2 41240  66.0415 113.7138 0007455 272.1411  87.8754 12.87627826465944"}}, "geometry": {"type": "Point", "coordinates": [48.334599452994254, -63.854931104311106]}}, {"type": "Feature", "properties": {"norad_id": 41335, "name": "SENTINEL-3A", "group": "resource", "lat": 80.31548705984348, "lon": 9.81101533915266, "alt_km": 794.6128476063122, "timestamp": "2026-01-02T22:29:16.758349+00:00", "meta": {"OBJECT_NAME": "SENTINEL-3A", "OBJECT_ID": "2016-011A", "EPOCH": "2026-01-02T18:43:19.578144", "MEAN_MOTION": 14.2673336, "ECCENTRICITY": 9.12e-05, "INCLINATION": 98.6284, "RA_OF_ASC_NODE": 72.4981, "ARG_OF_PERICENTER": 100.7915, "MEAN_ANOMALY": 259.3368, "EPHEMERIS_TYPE": 0, "CLASSIFICATION_TYPE": "U", "NORAD_CAT_ID": 41335, "ELEMENT_SET_NO": 999, "REV_AT_EPOCH": 51447, "BSTAR": 0.0002405, "MEAN_MOTION_DOT": 5.38e-06, "MEAN_MOTION_DDOT": 0}, "tle": {"line1": "1 41335U 16011A   26002.78008771  .00000538  00000+0  24050-3 0  9992", "line2": "2 41335  98.6284  72.4981 0000912 100.7915 259.3368 14.26733360514473"}}, "geometry": {"type": "Point", "coordinates": [9.81101533915266, 80.31548705984348]}}, {"type": "Feature", "properties": {"norad_id": 41556, "name": "ZIYUAN 3-02 (ZY 3-02)", "group": "resource", "lat": -20.14720420451537, "lon": -100.98540230719085, "alt_km": 499.696709936351, "timestamp": "2026-01-02T22:29:16.758359+00:00", "meta": {"OBJECT_NAME": "ZIYUAN 3-02 (ZY 3-02)", "OBJECT_ID": "2016-033A", "EPOCH": "2026-01-02T18:27:14.915232", "MEAN_MOTION": 15.21414332, "ECCENTRICITY": 0.0012107, "INCLINATION": 97.4024, "RA_OF_ASC_NODE": 81.5833, "ARG_OF_PERICENTER": 169.9315, "MEAN_ANOMALY": 190.2165, "EPHEMERIS_TYPE": 0, "CLASSIFICATION_TYPE": "U", "NORAD_CAT_ID": 41556, "ELEMENT_SET_NO": 999, "REV_AT_EPOCH": 53283, "BSTAR": 0.00056833, "MEAN_MOTION_DOT": 0.00012723, "MEAN_MOTION_DDOT": 0}, "tle": {"line1": "1 41556U 16033A   26002.76892263  .00012723  00000+0  56833-3 0  9999", "line2": "2 41556  97.4024  81.5833 0012107 169.9315 190.2165 15.21414332532833"}}, "geometry": {"type": "Point", "coordinates": [-100.98540230719085, -20.14720420451537]}}, {"type": "Feature", "properties": {"norad_id": 41599, "name": "CARTOSAT-2C", "group": "resource", "lat": -11.659127428952312, "lon": 66.51920133227644, "alt_km": 505.4575542713319, "timestamp": "2026-01-02T22:29:16.758369+00:00", "meta": {"OBJECT_NAME": "CARTOSAT-2C", "OBJECT_ID": "2016-040A", "EPOCH": "2026-01-02T17:47:51.520992", "MEAN_MOTION": 15.19350972, "ECCENTRICITY": 0.0009937, "INCLINATION": 97.4744, "RA_OF_ASC_NODE": 64.7734, "ARG_OF_PERICENTER": 355.3208, "MEAN_ANOMALY": 4.7932, "EPHEMERIS_TYPE": 0, "CLASSIFICATION_TYPE": "U", "NORAD_CAT_ID": 41599, "ELEMENT_SET_NO": 999, "REV_AT_EPOCH": 52859, "BSTAR": 0.00037079, "MEAN_MOTION_DOT": 7.781e-05, "MEAN_MOTION_DDOT": 0}, "tle": {"line1": "1 41599U 16040A   26002.74156853  .00007781  00000+0  37079-3 0  9999", "line2": "2 41599  97.4744  64.7734 0009937 355.3208   4.7932 15.19350972528596"}}, "geometry": {"type": "Point", "coordinates": [66.51920133227644, -11.659127428952312]}}, {"type": "Feature", "properties": {"norad_id": 41601, "name": "SKYSAT-C1", "group": "resource", "lat": -4.974090232760004, "lon": 44.368657914094285, "alt_km": 470.82781633354807, "timestamp": "2026-01-02T22:29:16.758379+00:00", "meta": {"OBJECT_NAME": "SKYSAT-C1", "OBJECT_ID": "2016-040C", "EPOCH": "2026-01-02T14:40:37.604640", "MEAN_MOTION": 15.33038027, "ECCENTRICITY": 8.65e-05, "INCLINATION": 96.9797, "RA_OF_ASC_NODE": 43.4505, "ARG_OF_PERICENTER": 229.1396, "MEAN_ANOMALY": 130.9772, "EPHEMERIS_TYPE": 0, "CLASSIFICATION_TYPE": "U", "NORAD_CAT_ID": 41601, "ELEMENT_SET_NO": 999, "REV_AT_EPOCH": 53247, "BSTAR": 0.00047697, "MEAN_MOTION_DOT": 0.00015163, "MEAN_MOTION_DDOT": 0}, "tle": {"line1": "1 41601U 16040C   26002.61154635  .00015163  00000+0  47697-3 0  9995", "line2": "2 41601  96.9797  43.4505 0000865 229.1396 130.9772 15.33038027532475"}}, "geometry": {"type": "Point", "coordinates": [44.368657914094285, -4.974090232760004]}}, {"type": "Feature", "properties": {"norad_id": 41603, "name": "LAPAN-A3", "group": "resource", "lat": 51.102942054177554, "lon": -4.216648482017237, "alt_km": 471.7934428341214, "timestamp": "2026-01-02T22:29:16.758389+00:00", "meta": {"OBJECT_NAME": "LAPAN-A3", "OBJECT_ID": "2016-040E", "EPOCH": "2026-01-02T19:07:38.040384", "MEAN_MOTION": 15.31758733, "ECCENTRICITY": 0.0008778, "INCLINATION": 97.1427, "RA_OF_ASC_NODE": 4.59, "ARG_OF_PERICENTER": 243.9778, "MEAN_ANOMALY": 116.056, "EPHEMERIS_TYPE": 0, "CLASSIFICATION_TYPE": "U", "NORAD_CAT_ID": 41603, "ELEMENT_SET_NO": 999, "REV_AT_EPOCH": 52948, "BSTAR": 0.00021942, "MEAN_MOTION_DOT": 6.661e-05, "MEAN_MOTION_DDOT": 0}, "tle": {"line1": "1 41603U 16040E   26002.79696806  .00006661  00000+0  21942-3 0  9995", "line2": "2 41603  97.1427   4.5900 0008778 243.9778 116.0560 15.31758733529484"}}, "geometry": {"type": "Point", "coordinates": [-4.216648482017237, 51.102942054177554]}}, {"type": "Feature", "properties": {"norad_id": 41604, "name": "BIROS", "group": "resource", "lat": -29.23525442432346, "lon": 44.340909125439026, "alt_km": 280.14764046206074, "timestamp": "2026-01-02T22:29:16.758400+00:00", "meta": {"OBJECT_NAME": "BIROS", "OBJECT_ID": "2016-040F", "EPOCH": "2026-01-02T15:06:30.622176", "MEAN_MOTION": 16.00453244, "ECCENTRICITY": 0.000354, "INCLINATION": 97.0639, "RA_OF_ASC_NODE": 40.0362, "ARG_OF_PERICENTER": 104.4605, "MEAN_ANOMALY": 255.7067, "EPHEMERIS_TYPE": 0, "CLASSIFICATION_TYPE": "U", "NORAD_CAT_ID": 41604, "ELEMENT_SET_NO": 999, "REV_AT_EPOCH": 53205, "BSTAR": 0.00081091, "MEAN_MOTION_DOT": 0.00420907, "MEAN_MOTION_DDOT": 7.8116e-05}, "tle": {"line1": "1 41604U 16040F   26002.62952109  .00420907  78116-4  81091-3 0  9991", "line2": "2 41604  97.0639  40.0362 0003540 104.4605 255.7067 16.00453244532054"}}, "geometry": {"type": "Point", "coordinates": [44.340909125439026, -29.23525442432346]}}, {"type": "Feature", "properties": {"norad_id": 41727, "name": "GAOFEN-3", "group": "resource", "lat": -36.46739832872214, "lon": -173.07229808875508, "alt_km": 758.0619229641234, "timestamp": "2026-01-02T22:29:16.758410+00:00", "meta": {"OBJECT_NAME": "GAOFEN-3", "OBJECT_ID": "2016-049A", "EPOCH": "2026-01-02T18:09:20.108736", "MEAN_MOTION": 14.42219748, "ECCENTRICITY": 8.56e-05, "INCLINATION": 98.4036, "RA_OF_ASC_NODE": 13.0224, "ARG_OF_PERICENTER": 56.9244, "MEAN_ANOMALY": 303.2027, "EPHEMERIS_TYPE": 0, "CLASSIFICATION_TYPE": "U", "NORAD_CAT_ID": 41727, "ELEMENT_SET_NO": 999, "REV_AT_EPOCH": 49480, "BSTAR": 5.2575e-05, "MEAN_MOTION_DOT": 1.3e-06, "MEAN_MOTION_DDOT": 0}, "tle": {"line1": "1 41727U 16049A   26002.75648274  .00000130  00000+0  52575-4 0  9995", "line2": "2 41727  98.4036  13.0224 0000856  56.9244 303.2027 14.42219748494808"}}, "geometry": {"type": "Point", "coordinates": [-173.07229808875508, -36.46739832872214]}}, {"type": "Feature", "properties": {"norad_id": 41771, "name": "SKYSAT-C4", "group": "resource", "lat": -44.549238966577306, "lon": 38.98152806752414, "alt_km": 446.0696495996217, "timestamp": "2026-01-02T22:29:16.758420+00:00", "meta": {"OBJECT_NAME": "SKYSAT-C4", "OBJECT_ID": "2016-058B", "EPOCH": "2026-01-02T14:54:00.879264", "MEAN_MOTION": 15.42956049, "ECCENTRICITY": 0.0003066, "INCLINATION": 96.9351, "RA_OF_ASC_NODE": 31.7987, "ARG_OF_PERICENTER": 113.3679, "MEAN_ANOMALY": 246.7892, "EPHEMERIS_TYPE": 0, "CLASSIFICATION_TYPE": "U", "NORAD_CAT_ID": 41771, "ELEMENT_SET_NO": 999, "REV_AT_EPOCH": 51989, "BSTAR": 0.0005436, "MEAN_MOTION_DOT": 0.00023886, "MEAN_MOTION_DDOT": 0}, "tle": {"line1": "1 41771U 16058B   26002.62084351  .00023886  00000+0  54360-3 0  9996", "line2": "2 41771  96.9351  31.7987 0003066 113.3679 246.7892 15.42956049519890"}}, "geometry": {"type": "Point", "coordinates": [38.98152806752414, -44.549238966577306]}}, {"type": "Feature", "properties": {"norad_id": 41772, "name": "SKYSAT-C5", "group": "resource", "lat": -54.865952654541275, "lon": 60.96548800263931, "alt_km": 471.20086684039507, "timestamp": "2026-01-02T22:29:16.758432+00:00", "meta": {"OBJECT_NAME": "SKYSAT-C5", "OBJECT_ID": "2016-058C", "EPOCH": "2026-01-02T16:28:03.194976", "MEAN_MOTION": 15.34032162, "ECCENTRICITY": 0.0004219, "INCLINATION": 97.0732, "RA_OF_ASC_NODE": 50.562, "ARG_OF_PERICENTER": 208.751, "MEAN_ANOMALY": 151.3502, "EPHEMERIS_TYPE": 0, "CLASSIFICATION_TYPE": "U", "NORAD_CAT_ID": 41772, "ELEMENT_SET_NO": 999, "REV_AT_EPOCH": 51837, "BSTAR": 0.00045838, "MEAN_MOTION_DOT": 0.00015035, "MEAN_MOTION_DDOT": 0}, "tle": {"line1": "1 41772U 16058C   26002.68614809  .00015035  00000+0  45838-3 0  9997", "line2": "2 41772  97.0732  50.5620 0004219 208.7510 151.3502 15.34032162518376"}}, "geometry": {"type": "Point", "coordinates": [60.96548800263931, -54.865952654541275]}}, {"type": "Feature", "properties": {"norad_id": 41773, "name": "SKYSAT-C2", "group": "resource", "lat": -35.338611050404495, "lon": -153.45306271813683, "alt_km": 459.0401140695012, "timestamp": "2026-01-02T22:29:16.758442+00:00", "meta": {"OBJECT_NAME": "SKYSAT-C2", "OBJECT_ID": "2016-058D", "EPOCH": "2026-01-02T15:18:24.287040", "MEAN_MOTION": 15.37829289, "ECCENTRICITY": 0.0001782, "INCLINATION": 97.0339, "RA_OF_ASC_NODE": 31.2828, "ARG_OF_PERICENTER": 314.5993, "MEAN_ANOMALY": 45.5107, "EPHEMERIS_TYPE": 0, "CLASSIFICATION_TYPE": "U", "NORAD_CAT_ID": 41773, "ELEMENT_SET_NO": 999, "REV_AT_EPOCH": 51957, "BSTAR": 0.0005143, "MEAN_MOTION_DOT": 0.00019066, "MEAN_MOTION_DDOT": 0}, "tle": {"line1": "1 41773U 16058D   26002.63778110  .00019066  00000+0  51430-3 0  9992", "line2": "2 41773  97.0339  31.2828 0001782 314.5993  45.5107 15.37829289519574"}}, "geometry": {"type": "Point", "coordinates": [-153.45306271813683, -35.338611050404495]}}, {"type": "Feature", "properties": {"norad_id": 41774, "name": "SKYSAT-C3", "group": "resource", "lat": -57.48334249864302, "lon": -150.2914804660829, "alt_km": 438.86364415860317, "timestamp": "2026-01-02T22:29:16.758452+00:00", "meta": {"OBJECT_NAME": "SKYSAT-C3", "OBJECT_ID": "2016-058E", "EPOCH": "2026-01-02T15:14:39.684192", "MEAN_MOTION": 15.45274057, "ECCENTRICITY": 0.000234, "INCLINATION": 96.9272, "RA_OF_ASC_NODE": 40.4154, "ARG_OF_PERICENTER": 100.9054, "MEAN_ANOMALY": 259.2459, "EPHEMERIS_TYPE": 0, "CLASSIFICATION_TYPE": "U", "NORAD_CAT_ID": 41774, "ELEMENT_SET_NO": 999, "REV_AT_EPOCH": 52048, "BSTAR": 0.00061809, "MEAN_MOTION_DOT": 0.00029402, "MEAN_MOTION_DDOT": 0}, "tle": {"line1": "1 41774U 16058E   26002.63518153  .00029402  00000+0  61809-3 0  9998", "line2": "2 41774  96.9272  40.4154 0002340 100.9054 259.2459 15.45274057520481"}}, "geometry": {"type": "Point", "coordinates": [-150.2914804660829, -57.48334249864302]}}, {"type": "Feature", "properties": {"norad_id": 41785, "name": "ALSAT 1B", "group": "resource", "lat": -41.72648128837935, "lon": 25.815660455061188, "alt_km": 660.4361571694926, "timestamp": "2026-01-02T22:29:16.758463+00:00", "meta": {"OBJECT_NAME": "ALSAT 1B", "OBJECT_ID": "2016-059C", "EPOCH": "2026-01-02T17:47:06.910080", "MEAN_MOTION": 14.721031, "ECCENTRICITY": 0.0010429, "INCLINATION": 97.7807, "RA_OF_ASC_NODE": 18.6243, "ARG_OF_PERICENTER": 44.3982, "MEAN_ANOMALY": 315.806, "EPHEMERIS_TYPE": 0, "CLASSIFICATION_TYPE": "U", "NORAD_CAT_ID": 41785, "ELEMENT_SET_NO": 999, "REV_AT_EPOCH": 49623, "BSTAR": 0.00017861, "MEAN_MOTION_DOT": 1.077e-05, "MEAN_MOTION_DDOT": 0}, "tle": {"line1": "1 41785U 16059C   26002.74105220  .00001077  00000+0  17861-3 0  9997", "line2": "2 41785  97.7807  18.6243 0010429  44.3982 315.8060 14.72103100496231"}}, "geometry": {"type": "Point", "coordinates": [25.815660455061188, -41.72648128837935]}}, {"type": "Feature", "properties": {"norad_id": 41787, "name": "PATHFINDER 1", "group": "resource", "lat": 34.65476801887353, "lon": 4.28048916362749, "alt_km": 647.8936695425455, "timestamp": "2026-01-02T22:29:16.758472+00:00", "meta": {"OBJECT_NAME": "PATHFINDER 1", "OBJECT_ID": "2016-059E", "EPOCH": "2026-01-02T14:08:49.129728", "MEAN_MOTION": 14.67369341, "ECCENTRICITY": 0.0029012, "INCLINATION": 97.8138, "RA_OF_ASC_NODE": 9.396, "ARG_OF_PERICENTER": 17.0773, "MEAN_ANOMALY": 343.1402, "EPHEMERIS_TYPE": 0, "CLASSIFICATION_TYPE": "U", "NORAD_CAT_ID": 41787, "ELEMENT_SET_NO": 999, "REV_AT_EPOCH": 49542, "BSTAR": 0.00032189, "MEAN_MOTION_DOT": 1.783e-05, "MEAN_MOTION_DDOT": 0}, "tle": {"line1": "1 41787U 16059E   26002.58945752  .00001783  00000+0  32189-3 0  9997", "line2": "2 41787  97.8138   9.3960 0029012  17.0773 343.1402 14.67369341495426"}}, "geometry": {"type": "Point", "coordinates": [4.28048916362749, 34.65476801887353]}}, {"type": "Feature", "properties": {"norad_id": 41790, "name": "SCATSAT 1", "group": "resource", "lat": -14.962880768685196, "lon": -117.32336377220383, "alt_km": 664.3461238513855, "timestamp": "2026-01-02T22:29:16.758482+00:00", "meta": {"OBJECT_NAME": "SCATSAT 1", "OBJECT_ID": "2016-059H", "EPOCH": "2026-01-02T18:21:58.814784", "MEAN_MOTION": 14.79019235, "ECCENTRICITY": 0.0056183, "INCLINATION": 98.1436, "RA_OF_ASC_NODE": 64.696, "ARG_OF_PERICENTER": 61.6708, "MEAN_ANOMALY": 299.0154, "EPHEMERIS_TYPE": 0, "CLASSIFICATION_TYPE": "U", "NORAD_CAT_ID": 41790, "ELEMENT_SET_NO": 999, "REV_AT_EPOCH": 7713, "BSTAR": 0.00041198, "MEAN_MOTION_DOT": 3.07e-05, "MEAN_MOTION_DDOT": 0}, "tle": {"line1": "1 41790U 16059H   26002.76526406  .00003070  00000+0  41198-3 0  9993", "line2": "2 41790  98.1436  64.6960 0056183  61.6708 299.0154 14.79019235 77135"}}, "geometry": {"type": "Point", "coordinates": [-117.32336377220383, -14.962880768685196]}}, {"type": "Feature", "properties": {"norad_id": 41875, "name": "GOKTURK 1A", "group": "resource", "lat": 54.02410762792076, "lon": 91.39527491801188, "alt_km": 678.599429008048, "timestamp": "2026-01-02T22:29:16.758492+00:00", "meta": {"OBJECT_NAME": "GOKTURK 1A", "OBJECT_ID": "2016-073A", "EPOCH": "2026-01-02T18:38:04.861824", "MEAN_MOTION": 14.62740514, "ECCENTRICITY": 0.0001295, "INCLINATION": 98.1432, "RA_OF_ASC_NODE": 259.8606, "ARG_OF_PERICENTER": 79.7436, "MEAN_ANOMALY": 280.3912, "EPHEMERIS_TYPE": 0, "CLASSIFICATION_TYPE": "U", "NORAD_CAT_ID": 41875, "ELEMENT_SET_NO": 999, "REV_AT_EPOCH": 48464, "BSTAR": -3.0434e-06, "MEAN_MOTION_DOT": -6.2e-07, "MEAN_MOTION_DDOT": 0}, "tle": {"line1": "1 41875U 16073A   26002.77644516 -.00000062  00000+0 -30434-5 0  9990", "line2": "2 41875  98.1432 259.8606 0001295  79.7436 280.3912 14.62740514484648"}}, "geometry": {"type": "Point", "coordinates": [91.39527491801188, 54.02410762792076]}}, {"type": "Feature", "properties": {"norad_id": 41877, "name": "RESOURCESAT-2A", "group": "resource", "lat": -78.56276602608283, "lon": 127.42916054279158, "alt_km": 827.5301874040251, "timestamp": "2026-01-02T22:29:16.758503+00:00", "meta": {"OBJECT_NAME": "RESOURCESAT-2A", "OBJECT_ID": "2016-074A", "EPOCH": "2026-01-02T14:25:49.668384", "MEAN_MOTION": 14.21612138, "ECCENTRICITY": 0.0002041, "INCLINATION": 98.7737, "RA_OF_ASC_NODE": 77.3342, "ARG_OF_PERICENTER": 176.1595, "MEAN_ANOMALY": 183.9598, "EPHEMERIS_TYPE": 0, "CLASSIFICATION_TYPE": "U", "NORAD_CAT_ID": 41877, "ELEMENT_SET_NO": 999, "REV_AT_EPOCH": 47077, "BSTAR": 0.00035594, "MEAN_MOTION_DOT": 7.36e-06, "MEAN_MOTION_DDOT": 0}, "tle": {"line1": "1 41877U 16074A   26002.60126931  .00000736  00000+0  35594-3 0  9997", "line2": "2 41877  98.7737  77.3342 0002041 176.1595 183.9598 14.21612138470774"}}, "geometry": {"type": "Point", "coordinates": [127.42916054279158, -78.56276602608283]}}, {"type": "Feature", "properties": {"norad_id": 41948, "name": "CARTOSAT-2D", "group": "resource", "lat": 16.43125241610739, "lon": -112.68319854260577, "alt_km": 507.27055109104367, "timestamp": "2026-01-02T22:29:16.758513+00:00", "meta": {"OBJECT_NAME": "CARTOSAT-2D", "OBJECT_ID": "2017-008A", "EPOCH": "2026-01-02T18:36:38.440224", "MEAN_MOTION": 15.19314102, "ECCENTRICITY": 0.0005513, "INCLINATION": 97.4367, "RA_OF_ASC_NODE": 64.9501, "ARG_OF_PERICENTER": 94.6813, "MEAN_ANOMALY": 265.5052, "EPHEMERIS_TYPE": 0, "CLASSIFICATION_TYPE": "U", "NORAD_CAT_ID": 41948, "ELEMENT_SET_NO": 999, "REV_AT_EPOCH": 49246, "BSTAR": 0.00039184, "MEAN_MOTION_DOT": 8.212e-05, "MEAN_MOTION_DDOT": 0}, "tle": {"line1": "1 41948U 17008A   26002.77544491  .00008212  00000+0  39184-3 0  9993", "line2": "2 41948  97.4367  64.9501 0005513  94.6813 265.5052 15.19314102492461"}}, "geometry": {"type": "Point", "coordinates": [-112.68319854260577, 16.43125241610739]}}, {"type": "Feature", "properties": {"norad_id": 42063, "name": "SENTINEL-2B", "group": "resource", "lat": -47.003583955652616, "lon": -109.22342019414891, "alt_km": 796.3842220895076, "timestamp": "2026-01-02T22:29:16.758523+00:00", "meta": {"OBJECT_NAME": "SENTINEL-2B", "OBJECT_ID": "2017-013A", "EPOCH": "2026-01-02T18:04:15.085632", "MEAN_MOTION": 14.30821096, "ECCENTRICITY": 0.0001162, "INCLINATION": 98.5697, "RA_OF_ASC_NODE": 79.9022, "ARG_OF_PERICENTER": 88.9446, "MEAN_ANOMALY": 271.187, "EPHEMERIS_TYPE": 0, "CLASSIFICATION_TYPE": "U", "NORAD_CAT_ID": 42063, "ELEMENT_SET_NO": 999, "REV_AT_EPOCH": 46098, "BSTAR": 0.00016629, "MEAN_MOTION_DOT": 3.92e-06, "MEAN_MOTION_DDOT": 0}, "tle": {"line1": "1 42063U 17013A   26002.75295238  .00000392  00000+0  16629-3 0  9998", "line2": "2 42063  98.5697  79.9022 0001162  88.9446 271.1870 14.30821096460986"}}, "geometry": {"type": "Point", "coordinates": [-109.22342019414891, -47.003583955652616]}}, {"type": "Feature", "properties": {"norad_id": 42767, "name": "CARTOSAT-2E", "group": "resource", "lat": 71.18507433623502, "lon": 42.64971952742062, "alt_km": 500.4479203125511, "timestamp": "2026-01-02T22:29:16.758533+00:00", "meta": {"OBJECT_NAME": "CARTOSAT-2E", "OBJECT_ID": "2017-036C", "EPOCH": "2026-01-02T17:25:38.013888", "MEAN_MOTION": 15.19319469, "ECCENTRICITY": 0.0003222, "INCLINATION": 97.4531, "RA_OF_ASC_NODE": 65.037, "ARG_OF_PERICENTER": 148.1905, "MEAN_ANOMALY": 211.9524, "EPHEMERIS_TYPE": 0, "CLASSIFICATION_TYPE": "U", "NORAD_CAT_ID": 42767, "ELEMENT_SET_NO": 999, "REV_AT_EPOCH": 47302, "BSTAR": 0.00035413, "MEAN_MOTION_DOT": 7.414e-05, "MEAN_MOTION_DDOT": 0}, "tle": {"line1": "1 42767U 17036C   26002.72613442  .00007414  00000+0  35413-3 0  9996", "line2": "2 42767  97.4531  65.0370 0003222 148.1905 211.9524 15.19319469473023"}}, "geometry": {"type": "Point", "coordinates": [42.64971952742062, 71.18507433623502]}}, {"type": "Feature", "properties": {"norad_id": 42920, "name": "FORMOSAT-5", "group": "resource", "lat": -46.65926173301551, "lon": 90.66255506984643, "alt_km": 729.0927053965343, "timestamp": "2026-01-02T22:29:16.758543+00:00", "meta": {"OBJECT_NAME": "FORMOSAT-5", "OBJECT_ID": "2017-049A", "EPOCH": "2026-01-02T17:44:23.830944", "MEAN_MOTION": 14.5077616, "ECCENTRICITY": 0.0010064, "INCLINATION": 98.2427, "RA_OF_ASC_NODE": 81.6328, "ARG_OF_PERICENTER": 229.7472, "MEAN_ANOMALY": 130.2843, "EPHEMERIS_TYPE": 0, "CLASSIFICATION_TYPE": "U", "NORAD_CAT_ID": 42920, "ELEMENT_SET_NO": 999, "REV_AT_EPOCH": 44268, "BSTAR": 0.00014664, "MEAN_MOTION_DOT": 5.34e-06, "MEAN_MOTION_DDOT": 0}, "tle": {"line1": "1 42920U 17049A   26002.73916471  .00000534  00000+0  14664-3 0  9991", "line2": "2 42920  98.2427  81.6328 0010064 229.7472 130.2843 14.50776160442685"}}, "geometry": {"type": "Point", "coordinates": [90.66255506984643, -46.65926173301551]}}, {"type": "Feature", "properties": {"norad_id": 42969, "name": "SENTINEL-5P", "group": "resource", "lat": 54.24426625992908, "lon": 138.73077519277103, "alt_km": 821.1802328344611, "timestamp": "2026-01-02T22:29:16.758553+00:00", "meta": {"OBJECT_NAME": "SENTINEL-5P", "OBJECT_ID": "2017-064A", "EPOCH": "2026-01-02T18:31:09.022944", "MEAN_MOTION": 14.19529992, "ECCENTRICITY": 9.95e-05, "INCLINATION": 98.7803, "RA_OF_ASC_NODE": 306.1722, "ARG_OF_PERICENTER": 91.0529, "MEAN_ANOMALY": 269.0761, "EPHEMERIS_TYPE": 0, "CLASSIFICATION_TYPE": "U", "NORAD_CAT_ID": 42969, "ELEMENT_SET_NO": 999, "REV_AT_EPOCH": 42609, "BSTAR": 0.00011227, "MEAN_MOTION_DOT": 1.92e-06, "MEAN_MOTION_DDOT": 0}, "tle": {"line1": "1 42969U 17064A   26002.77163221  .00000192  00000+0  11227-3 0  9994", "line2": "2 42969  98.7803 306.1722 0000995  91.0529 269.0761 14.19529992426090"}}, "geometry": {"type": "Point", "coordinates": [138.73077519277103, 54.24426625992908]}}, {"type": "Feature", "properties": {"norad_id": 42987, "name": "SKYSAT-C11", "group": "resource", "lat": -58.84662670024218, "lon": 158.41034021928667, "alt_km": 428.84326658397276, "timestamp": "2026-01-02T22:29:16.758564+00:00", "meta": {"OBJECT_NAME": "SKYSAT-C11", "OBJECT_ID": "2017-068A", "EPOCH": "2026-01-02T08:47:13.900704", "MEAN_MOTION": 15.48486713, "ECCENTRICITY": 0.0001237, "INCLINATION": 97.4144, "RA_OF_ASC_NODE": 145.3841, "ARG_OF_PERICENTER": 82.2569, "MEAN_ANOMALY": 277.8821, "EPHEMERIS_TYPE": 0, "CLASSIFICATION_TYPE": "U", "NORAD_CAT_ID": 42987, "ELEMENT_SET_NO": 999, "REV_AT_EPOCH": 45750, "BSTAR": 0.00067529, "MEAN_MOTION_DOT": 0.00035911, "MEAN_MOTION_DDOT": 0}, "tle": {"line1": "1 42987U 17068A   26002.36613311  .00035911  00000+0  67529-3 0  9996", "line2": "2 42987  97.4144 145.3841 0001237  82.2569 277.8821 15.48486713457505"}}, "geometry": {"type": "Point", "coordinates": [158.41034021928667, -58.84662670024218]}}, {"type": "Feature", "properties": {"norad_id": 42988, "name": "SKYSAT-C10", "group": "resource", "lat": -61.991042762743824, "lon": -55.35284350575359, "alt_km": 479.82689573217067, "timestamp": "2026-01-02T22:29:16.758574+00:00", "meta": {"OBJECT_NAME": "SKYSAT-C10", "OBJECT_ID": "2017-068B", "EPOCH": "2026-01-02T15:09:33.049728", "MEAN_MOTION": 15.31638979, "ECCENTRICITY": 0.0002882, "INCLINATION": 97.4269, "RA_OF_ASC_NODE": 138.5373, "ARG_OF_PERICENTER": 93.0913, "MEAN_ANOMALY": 267.0658, "EPHEMERIS_TYPE": 0, "CLASSIFICATION_TYPE": "U", "NORAD_CAT_ID": 42988, "ELEMENT_SET_NO": 999, "REV_AT_EPOCH": 45699, "BSTAR": 0.00055543, "MEAN_MOTION_DOT": 0.00016911, "MEAN_MOTION_DDOT": 0}, "tle": {"line1": "1 42988U 17068B   26002.63163252  .00016911  00000+0  55543-3 0  9993", "line2": "2 42988  97.4269 138.5373 0002882  93.0913 267.0658 15.31638979456994"}}, "geometry": {"type": "Point", "coordinates": [-55.35284350575359, -61.991042762743824]}}, {"type": "Feature", "properties": {"norad_id": 42989, "name": "SKYSAT-C9", "group": "resource", "lat": 64.20361195837242, "lon": 122.7259888633926, "alt_km": 445.18082407180736, "timestamp": "2026-01-02T22:29:16.758584+00:00", "meta": {"OBJECT_NAME": "SKYSAT-C9", "OBJECT_ID": "2017-068C", "EPOCH": "2026-01-02T15:57:15.874848", "MEAN_MOTION": 15.36676888, "ECCENTRICITY": 0.0009732, "INCLINATION": 97.4196, "RA_OF_ASC_NODE": 138.0929, "ARG_OF_PERICENTER": 18.767, "MEAN_ANOMALY": 341.3931, "EPHEMERIS_TYPE": 0, "CLASSIFICATION_TYPE": "U", "NORAD_CAT_ID": 42989, "ELEMENT_SET_NO": 999, "REV_AT_EPOCH": 45729, "BSTAR": 0.00059316, "MEAN_MOTION_DOT": 0.0002123, "MEAN_MOTION_DDOT": 0}, "tle": {"line1": "1 42989U 17068C   26002.66476707  .00021230  00000+0  59316-3 0  9991", "line2": "2 42989  97.4196 138.0929 0009732  18.7670 341.3931 15.36676888457291"}}, "geometry": {"type": "Point", "coordinates": [122.7259888633926, 64.20361195837242]}}, {"type": "Feature", "properties": {"norad_id": 42990, "name": "SKYSAT-C8", "group": "resource", "lat": 24.75287066814087, "lon": -38.51274270551121, "alt_km": 464.38370901797134, "timestamp": "2026-01-02T22:29:16.758594+00:00", "meta": {"OBJECT_NAME": "SKYSAT-C8", "OBJECT_ID": "2017-068D", "EPOCH": "2026-01-02T15:33:00.752832", "MEAN_MOTION": 15.33474013, "ECCENTRICITY": 0.0001206, "INCLINATION": 97.4288, "RA_OF_ASC_NODE": 137.7477, "ARG_OF_PERICENTER": 212.6516, "MEAN_ANOMALY": 147.4652, "EPHEMERIS_TYPE": 0, "CLASSIFICATION_TYPE": "U", "NORAD_CAT_ID": 42990, "ELEMENT_SET_NO": 999, "REV_AT_EPOCH": 45691, "BSTAR": 0.00058988, "MEAN_MOTION_DOT": 0.00019032, "MEAN_MOTION_DDOT": 0}, "tle": {"line1": "1 42990U 17068D   26002.64792538  .00019032  00000+0  58988-3 0  9995", "line2": "2 42990  97.4288 137.7477 0001206 212.6516 147.4652 15.33474013456917"}}, "geometry": {"type": "Point", "coordinates": [-38.51274270551121, 24.75287066814087]}}, {"type": "Feature", "properties": {"norad_id": 42991, "name": "SKYSAT-C7", "group": "resource", "lat": -35.49563366643607, "lon": 144.4017773569838, "alt_km": 469.5835872387697, "timestamp": "2026-01-02T22:29:16.758604+00:00", "meta": {"OBJECT_NAME": "SKYSAT-C7", "OBJECT_ID": "2017-068E", "EPOCH": "2026-01-02T14:48:37.100448", "MEAN_MOTION": 15.32855431, "ECCENTRICITY": 0.0006351, "INCLINATION": 97.4296, "RA_OF_ASC_NODE": 138.7405, "ARG_OF_PERICENTER": 346.8329, "MEAN_ANOMALY": 13.2746, "EPHEMERIS_TYPE": 0, "CLASSIFICATION_TYPE": "U", "NORAD_CAT_ID": 42991, "ELEMENT_SET_NO": 999, "REV_AT_EPOCH": 45697, "BSTAR": 0.00056223, "MEAN_MOTION_DOT": 0.00017794, "MEAN_MOTION_DDOT": 0}, "tle": {"line1": "1 42991U 17068E   26002.61709607  .00017794  00000+0  56223-3 0  9991", "line2": "2 42991  97.4296 138.7405 0006351 346.8329  13.2746 15.32855431456973"}}, "geometry": {"type": "Point", "coordinates": [144.4017773569838, -35.49563366643607]}}, {"type": "Feature", "properties": {"norad_id": 42992, "name": "SKYSAT-C6", "group": "resource", "lat": 16.614028633949367, "lon": 137.2503171711551, "alt_km": 467.567830150856, "timestamp": "2026-01-02T22:29:16.758614+00:00", "meta": {"OBJECT_NAME": "SKYSAT-C6", "OBJECT_ID": "2017-068F", "EPOCH": "2026-01-02T08:18:24.585696", "MEAN_MOTION": 15.31992974, "ECCENTRICITY": 0.0004305, "INCLINATION": 97.4328, "RA_OF_ASC_NODE": 138.8899, "ARG_OF_PERICENTER": 23.1345, "MEAN_ANOMALY": 337.009, "EPHEMERIS_TYPE": 0, "CLASSIFICATION_TYPE": "U", "NORAD_CAT_ID": 42992, "ELEMENT_SET_NO": 999, "REV_AT_EPOCH": 45691, "BSTAR": 0.00055779, "MEAN_MOTION_DOT": 0.00017175, "MEAN_MOTION_DDOT": 0}, "tle": {"line1": "1 42992U 17068F   26002.34611789  .00017175  00000+0  55779-3 0  9993", "line2": "2 42992  97.4328 138.8899 0004305  23.1345 337.0090 15.31992974456914"}}, "geometry": {"type": "Point", "coordinates": [137.2503171711551, 16.614028633949367]}}, {"type": "Feature", "properties": {"norad_id": 43111, "name": "CARTOSAT-2F", "group": "resource", "lat": -72.60883751479558, "lon": -139.39307979614046, "alt_km": 516.9553497962543, "timestamp": "2026-01-02T22:29:16.758624+00:00", "meta": {"OBJECT_NAME": "CARTOSAT-2F", "OBJECT_ID": "2018-004A", "EPOCH": "2026-01-02T18:12:39.263328", "MEAN_MOTION": 15.19208177, "ECCENTRICITY": 0.000207, "INCLINATION": 97.4296, "RA_OF_ASC_NODE": 65.0537, "ARG_OF_PERICENTER": 84.152, "MEAN_ANOMALY": 275.9951, "EPHEMERIS_TYPE": 0, "CLASSIFICATION_TYPE": "U", "NORAD_CAT_ID": 43111, "ELEMENT_SET_NO": 999, "REV_AT_EPOCH": 44221, "BSTAR": 0.00034714, "MEAN_MOTION_DOT": 7.242e-05, "MEAN_MOTION_DDOT": 0}, "tle": {"line1": "1 43111U 18004A   26002.75878777  .00007242  00000+0  34714-3 0  9995", "line2": "2 43111  97.4296  65.0537 0002070  84.1520 275.9951 15.19208177442216"}}, "geometry": {"type": "Point", "coordinates": [-139.39307979614046, -72.60883751479558]}}, {"type": "Feature", "properties": {"norad_id": 43259, "name": "GAOFEN-1 02", "group": "resource", "lat": -1.486227503241392, "lon": 65.94279634210373, "alt_km": 645.6017771883471, "timestamp": "2026-01-02T22:29:16.758634+00:00", "meta": {"OBJECT_NAME": "GAOFEN-1 02", "OBJECT_ID": "2018-031A", "EPOCH": "2026-01-02T17:36:55.168704", "MEAN_MOTION": 14.76468579, "ECCENTRICITY": 0.0003185, "INCLINATION": 98.0786, "RA_OF_ASC_NODE": 65.5286, "ARG_OF_PERICENTER": 147.8508, "MEAN_ANOMALY": 212.2897, "EPHEMERIS_TYPE": 0, "CLASSIFICATION_TYPE": "U", "NORAD_CAT_ID": 43259, "ELEMENT_SET_NO": 999, "REV_AT_EPOCH": 41828, "BSTAR": 0.00030208, "MEAN_MOTION_DOT": 2.051e-05, "MEAN_MOTION_DDOT": 0}, "tle": {"line1": "1 43259U 18031A   26002.73397186  .00002051  00000+0  30208-3 0  9993", "line2": "2 43259  98.0786  65.5286 0003185 147.8508 212.2897 14.76468579418286"}}, "geometry": {"type": "Point", "coordinates": [65.94279634210373, -1.486227503241392]}}, {"type": "Feature", "properties": {"norad_id": 43260, "name": "GAOFEN-1 03", "group": "resource", "lat": 64.39066969963442, "lon": -97.16117796077786, "alt_km": 634.5211747819767, "timestamp": "2026-01-02T22:29:16.758644+00:00", "meta": {"OBJECT_NAME": "GAOFEN-1 03", "OBJECT_ID": "2018-031B", "EPOCH": "2026-01-02T18:43:07.649760", "MEAN_MOTION": 14.76452413, "ECCENTRICITY": 0.0001967, "INCLINATION": 98.0768, "RA_OF_ASC_NODE": 65.4487, "ARG_OF_PERICENTER": 215.7401, "MEAN_ANOMALY": 144.3677, "EPHEMERIS_TYPE": 0, "CLASSIFICATION_TYPE": "U", "NORAD_CAT_ID": 43260, "ELEMENT_SET_NO": 999, "REV_AT_EPOCH": 41828, "BSTAR": 0.00027707, "MEAN_MOTION_DOT": 1.876e-05, "MEAN_MOTION_DDOT": 0}, "tle": {"line1": "1 43260U 18031B   26002.77994965  .00001876  00000+0  27707-3 0  9991", "line2": "2 43260  98.0768  65.4487 0001967 215.7401 144.3677 14.76452413418284"}}, "geometry": {"type": "Point", "coordinates": [-97.16117796077786, 64.39066969963442]}}, {"type": "Feature", "properties": {"norad_id": 43262, "name": "GAOFEN-1 04", "group": "resource", "lat": -62.418836779733944, "lon": -129.9999530923414, "alt_km": 647.9755306033067, "timestamp": "2026-01-02T22:29:16.758654+00:00", "meta": {"OBJECT_NAME": "GAOFEN-1 04", "OBJECT_ID": "2018-031D", "EPOCH": "2026-01-02T18:08:07.912032", "MEAN_MOTION": 14.76459162, "ECCENTRICITY": 5.02e-05, "INCLINATION": 98.0787, "RA_OF_ASC_NODE": 65.5966, "ARG_OF_PERICENTER": 104.0108, "MEAN_ANOMALY": 256.1157, "EPHEMERIS_TYPE": 0, "CLASSIFICATION_TYPE": "U", "NORAD_CAT_ID": 43262, "ELEMENT_SET_NO": 999, "REV_AT_EPOCH": 41827, "BSTAR": 0.000267, "MEAN_MOTION_DOT": 1.806e-05, "MEAN_MOTION_DDOT": 0}, "tle": {"line1": "1 43262U 18031D   26002.75564713  .00001806  00000+0  26700-3 0  9990", "line2": "2 43262  98.0787  65.5966 0000502 104.0108 256.1157 14.76459162418270"}}, "geometry": {"type": "Point", "coordinates": [-129.9999530923414, -62.418836779733944]}}, {"type": "Feature", "properties": {"norad_id": 43437, "name": "SENTINEL-3B", "group": "resource", "lat": -42.805415041279495, "lon": -115.26588971452485, "alt_km": 810.0017725767011, "timestamp": "2026-01-02T22:29:16.758663+00:00", "meta": {"OBJECT_NAME": "SENTINEL-3B", "OBJECT_ID": "2018-039A", "EPOCH": "2026-01-02T18:04:41.918016", "MEAN_MOTION": 14.26735468, "ECCENTRICITY": 0.0001375, "INCLINATION": 98.624, "RA_OF_ASC_NODE": 72.6333, "ARG_OF_PERICENTER": 85.2807, "MEAN_ANOMALY": 274.853, "EPHEMERIS_TYPE": 0, "CLASSIFICATION_TYPE": "U", "NORAD_CAT_ID": 43437, "ELEMENT_SET_NO": 999, "REV_AT_EPOCH": 40053, "BSTAR": 0.00013985, "MEAN_MOTION_DOT": 2.95e-06, "MEAN_MOTION_DDOT": 0}, "tle": {"line1": "1 43437U 18039A   26002.75326294  .00000295  00000+0  13985-3 0  9994", "line2": "2 43437  98.6240  72.6333 0001375  85.2807 274.8530 14.26735468400539"}}, "geometry": {"type": "Point", "coordinates": [-115.26588971452485, -42.805415041279495]}}, {"type": "Feature", "properties": {"norad_id": 43461, "name": "GAOFEN-5 01", "group": "resource", "lat": -76.23770093785376, "lon": 113.9859450908091, "alt_km": 698.8010360175731, "timestamp": "2026-01-02T22:29:16.758674+00:00", "meta": {"OBJECT_NAME": "GAOFEN-5 01", "OBJECT_ID": "2018-043A", "EPOCH": "2026-01-02T14:43:40.948032", "MEAN_MOTION": 14.60438642, "ECCENTRICITY": 0.0001014, "INCLINATION": 98.4353, "RA_OF_ASC_NODE": 330.9488, "ARG_OF_PERICENTER": 192.1101, "MEAN_ANOMALY": 168.0074, "EPHEMERIS_TYPE": 0, "CLASSIFICATION_TYPE": "U", "NORAD_CAT_ID": 43461, "ELEMENT_SET_NO": 999, "REV_AT_EPOCH": 40752, "BSTAR": 0.00022217, "MEAN_MOTION_DOT": 1.027e-05, "MEAN_MOTION_DDOT": 0}, "tle": {"line1": "1 43461U 18043A   26002.61366838  .00001027  00000+0  22217-3 0  9991", "line2": "2 43461  98.4353 330.9488 0001014 192.1101 168.0074 14.60438642407520"}}, "geometry": {"type": "Point", "coordinates": [113.9859450908091, -76.23770093785376]}}, {"type": "Feature", "properties": {"norad_id": 43484, "name": "GAOFEN-6", "group": "resource", "lat": 44.62674457500849, "lon": 63.71292214479471, "alt_km": 630.4491551777346, "timestamp": "2026-01-02T22:29:16.758684+00:00", "meta": {"OBJECT_NAME": "GAOFEN-6", "OBJECT_ID": "2018-048A", "EPOCH": "2026-01-02T19:01:55.000416", "MEAN_MOTION": 14.76610649, "ECCENTRICITY": 0.001195, "INCLINATION": 97.8011, "RA_OF_ASC_NODE": 71.3509, "ARG_OF_PERICENTER": 359.5048, "MEAN_ANOMALY": 0.6148, "EPHEMERIS_TYPE": 0, "CLASSIFICATION_TYPE": "U", "NORAD_CAT_ID": 43484, "ELEMENT_SET_NO": 999, "REV_AT_EPOCH": 40898, "BSTAR": 0.00018175, "MEAN_MOTION_DOT": 1.221e-05, "MEAN_MOTION_DDOT": 0}, "tle": {"line1": "1 43484U 18048A   26002.79299769  .00001221  00000+0  18175-3 0  9992", "line2": "2 43484  97.8011  71.3509 0011950 359.5048   0.6148 14.76610649408988"}}, "geometry": {"type": "Point", "coordinates": [63.71292214479471, 44.62674457500849]}}, {"type": "Feature", "properties": {"norad_id": 43585, "name": "GAOFEN-11 01", "group": "resource", "lat": 8.629479452129882, "lon": 69.60807004066706, "alt_km": 421.7440912092552, "timestamp": "2026-01-02T22:29:16.758694+00:00", "meta": {"OBJECT_NAME": "GAOFEN-11 01", "OBJECT_ID": "2018-063A", "EPOCH": "2026-01-02T17:48:07.269120", "MEAN_MOTION": 15.49902201, "ECCENTRICITY": 0.0004277, "INCLINATION": 97.153, "RA_OF_ASC_NODE": 70.5064, "ARG_OF_PERICENTER": 205.0795, "MEAN_ANOMALY": 155.025, "EPHEMERIS_TYPE": 0, "CLASSIFICATION_TYPE": "U", "NORAD_CAT_ID": 43585, "ELEMENT_SET_NO": 999, "REV_AT_EPOCH": 41467, "BSTAR": 0.0001789, "MEAN_MOTION_DOT": 9.902e-05, "MEAN_MOTION_DDOT": 0}, "tle": {"line1": "1 43585U 18063A   26002.74175080  .00009902  00000+0  17890-3 0  9992", "line2": "2 43585  97.1530  70.5064 0004277 205.0795 155.0250 15.49902201414675"}}, "geometry": {"type": "Point", "coordinates": [69.60807004066706, 8.629479452129882]}}, {"type": "Feature", "properties": {"norad_id": 43613, "name": "ICESAT-2", "group": "resource", "lat": -79.24693519024618, "lon": -102.91866601684981, "alt_km": 490.75336322663225, "timestamp": "2026-01-02T22:29:16.758704+00:00", "meta": {"OBJECT_NAME": "ICESAT-2", "OBJECT_ID": "2018-070A", "EPOCH": "2026-01-02T18:07:14.579904", "MEAN_MOTION": 15.28240967, "ECCENTRICITY": 0.0003466, "INCLINATION": 92.0039, "RA_OF_ASC_NODE": 246.408, "ARG_OF_PERICENTER": 81.9796, "MEAN_ANOMALY": 278.1847, "EPHEMERIS_TYPE": 0, "CLASSIFICATION_TYPE": "U", "NORAD_CAT_ID": 43613, "ELEMENT_SET_NO": 999, "REV_AT_EPOCH": 40719, "BSTAR": 0.00072372, "MEAN_MOTION_DOT": 0.00019932, "MEAN_MOTION_DDOT": 0}, "tle": {"line1": "1 43613U 18070A   26002.75502986  .00019932  00000+0  72372-3 0  9992", "line2": "2 43613  92.0039 246.4080 0003466  81.9796 278.1847 15.28240967407197"}}, "geometry": {"type": "Point", "coordinates": [-102.91866601684981, -79.24693519024618]}}, {"type": "Feature", "properties": {"norad_id": 43719, "name": "HYSIS", "group": "resource", "lat": -57.46825063101327, "lon": -121.94087159181416, "alt_km": 641.4317747955611, "timestamp": "2026-01-02T22:29:16.758714+00:00", "meta": {"OBJECT_NAME": "HYSIS", "OBJECT_ID": "2018-096A", "EPOCH": "2026-01-02T18:09:54.787104", "MEAN_MOTION": 14.7860671, "ECCENTRICITY": 8.99e-05, "INCLINATION": 98.0075, "RA_OF_ASC_NODE": 70.6297, "ARG_OF_PERICENTER": 44.1325, "MEAN_ANOMALY": 315.9957, "EPHEMERIS_TYPE": 0, "CLASSIFICATION_TYPE": "U", "NORAD_CAT_ID": 43719, "ELEMENT_SET_NO": 999, "REV_AT_EPOCH": 38297, "BSTAR": 0.00016047, "MEAN_MOTION_DOT": 1.122e-05, "MEAN_MOTION_DDOT": 0}, "tle": {"line1": "1 43719U 18096A   26002.75688411  .00001122  00000+0  16047-3 0  9994", "line2": "2 43719  98.0075  70.6297 0000899  44.1325 315.9957 14.78606710382979"}}, "geometry": {"type": "Point", "coordinates": [-121.94087159181416, -57.46825063101327]}}, {"type": "Feature", "properties": {"norad_id": 43783, "name": "KAZSTSAT", "group": "resource", "lat": -70.94474033125225, "lon": -160.05388315246222, "alt_km": 571.3556962336288, "timestamp": "2026-01-02T22:29:16.758724+00:00", "meta": {"OBJECT_NAME": "KAZSTSAT", "OBJECT_ID": "2018-099AB", "EPOCH": "2026-01-02T14:57:32.241312", "MEAN_MOTION": 14.99402626, "ECCENTRICITY": 0.0006988, "INCLINATION": 97.4487, "RA_OF_ASC_NODE": 41.9039, "ARG_OF_PERICENTER": 238.3574, "MEAN_ANOMALY": 121.6968, "EPHEMERIS_TYPE": 0, "CLASSIFICATION_TYPE": "U", "NORAD_CAT_ID": 43783, "ELEMENT_SET_NO": 999, "REV_AT_EPOCH": 38649, "BSTAR": 0.00019868, "MEAN_MOTION_DOT": 2.377e-05, "MEAN_MOTION_DDOT": 0}, "tle": {"line1": "1 43783U 18099AB  26002.62328983  .00002377  00000+0  19868-3 0  9996", "line2": "2 43783  97.4487  41.9039 0006988 238.3574 121.6968 14.99402626386491"}}, "geometry": {"type": "Point", "coordinates": [-160.05388315246222, -70.94474033125225]}}, {"type": "Feature", "properties": {"norad_id": 43831, "name": "SAUDISAT 5A", "group": "resource", "lat": 21.585022777654284, "lon": -109.36014775839271, "alt_km": 493.8907282108785, "timestamp": "2026-01-02T22:29:16.758734+00:00", "meta": {"OBJECT_NAME": "SAUDISAT 5A", "OBJECT_ID": "2018-102A", "EPOCH": "2026-01-02T18:39:00.252000", "MEAN_MOTION": 15.25965908, "ECCENTRICITY": 0.0010289, "INCLINATION": 97.3328, "RA_OF_ASC_NODE": 67.5627, "ARG_OF_PERICENTER": 8.9845, "MEAN_ANOMALY": 351.1576, "EPHEMERIS_TYPE": 0, "CLASSIFICATION_TYPE": "U", "NORAD_CAT_ID": 43831, "ELEMENT_SET_NO": 999, "REV_AT_EPOCH": 39043, "BSTAR": 0.0004076, "MEAN_MOTION_DOT": 0.00010418, "MEAN_MOTION_DDOT": 0}, "tle": {"line1": "1 43831U 18102A   26002.77708625  .00010418  00000+0  40760-3 0  9996", "line2": "2 43831  97.3328  67.5627 0010289   8.9845 351.1576 15.25965908390437"}}, "geometry": {"type": "Point", "coordinates": [-109.36014775839271, 21.585022777654284]}}, {"type": "Feature", "properties": {"norad_id": 43833, "name": "SAUDISAT 5B", "group": "resource", "lat": -55.99901347055258, "lon": -120.52425211059926, "alt_km": 499.20292592215446, "timestamp": "2026-01-02T22:29:16.758744+00:00", "meta": {"OBJECT_NAME": "SAUDISAT 5B", "OBJECT_ID": "2018-102C", "EPOCH": "2026-01-02T18:18:25.602048", "MEAN_MOTION": 15.2630402, "ECCENTRICITY": 0.0011044, "INCLINATION": 97.3422, "RA_OF_ASC_NODE": 70.3249, "ARG_OF_PERICENTER": 10.967, "MEAN_ANOMALY": 349.1807, "EPHEMERIS_TYPE": 0, "CLASSIFICATION_TYPE": "U", "NORAD_CAT_ID": 43833, "ELEMENT_SET_NO": 999, "REV_AT_EPOCH": 39054, "BSTAR": 0.00037219, "MEAN_MOTION_DOT": 9.605e-05, "MEAN_MOTION_DDOT": 0}, "tle": {"line1": "1 43833U 18102C   26002.76279632  .00009605  00000+0  37219-3 0  9999", "line2": "2 43833  97.3422  70.3249 0011044  10.9670 349.1807 15.26304020390544"}}, "geometry": {"type": "Point", "coordinates": [-120.52425211059926, -55.99901347055258]}}, {"type": "Feature", "properties": {"norad_id": 44622, "name": "GAOFEN-10R", "group": "resource", "lat": 57.893327929953074, "lon": 148.53233855058818, "alt_km": 618.2097059202888, "timestamp": "2026-01-02T22:29:16.758754+00:00", "meta": {"OBJECT_NAME": "GAOFEN-10R", "OBJECT_ID": "2019-066A", "EPOCH": "2026-01-02T18:42:17.193024", "MEAN_MOTION": 14.82882519, "ECCENTRICITY": 0.0006218, "INCLINATION": 98.0304, "RA_OF_ASC_NODE": 315.3713, "ARG_OF_PERICENTER": 337.1488, "MEAN_ANOMALY": 22.9448, "EPHEMERIS_TYPE": 0, "CLASSIFICATION_TYPE": "U", "NORAD_CAT_ID": 44622, "ELEMENT_SET_NO": 999, "REV_AT_EPOCH": 33786, "BSTAR": 0.00040874, "MEAN_MOTION_DOT": 3.259e-05, "MEAN_MOTION_DDOT": 0}, "tle": {"line1": "1 44622U 19066A   26002.77936566  .00003259  00000+0  40874-3 0  9993", "line2": "2 44622  98.0304 315.3713 0006218 337.1488  22.9448 14.82882519337862"}}, "geometry": {"type": "Point", "coordinates": [148.53233855058818, 57.893327929953074]}}, {"type": "Feature", "properties": {"norad_id": 44804, "name": "CARTOSAT-3", "group": "resource", "lat": 2.401468044376522, "lon": -112.43608374637388, "alt_km": 520.1988490459207, "timestamp": "2026-01-02T22:29:16.758764+00:00", "meta": {"OBJECT_NAME": "CARTOSAT-3", "OBJECT_ID": "2019-081A", "EPOCH": "2026-01-02T18:32:52.969056", "MEAN_MOTION": 15.19169628, "ECCENTRICITY": 0.0013809, "INCLINATION": 97.4561, "RA_OF_ASC_NODE": 67.0872, "ARG_OF_PERICENTER": 15.1866, "MEAN_ANOMALY": 344.978, "EPHEMERIS_TYPE": 0, "CLASSIFICATION_TYPE": "U", "NORAD_CAT_ID": 44804, "ELEMENT_SET_NO": 999, "REV_AT_EPOCH": 33835, "BSTAR": 0.00028261, "MEAN_MOTION_DOT": 5.889e-05, "MEAN_MOTION_DDOT": 0}, "tle": {"line1": "1 44804U 19081A   26002.77283529  .00005889  00000+0  28261-3 0  9993", "line2": "2 44804  97.4561  67.0872 0013809  15.1866 344.9780 15.19169628338357"}}, "geometry": {"type": "Point", "coordinates": [-112.43608374637388, 2.401468044376522]}}, {"type": "Feature", "properties": {"norad_id": 44819, "name": "GAOFEN-12 01", "group": "resource", "lat": -42.724205021385735, "lon": -173.62315713057743, "alt_km": 633.09290328109, "timestamp": "2026-01-02T22:29:16.758775+00:00", "meta": {"OBJECT_NAME": "GAOFEN-12 01", "OBJECT_ID": "2019-082A", "EPOCH": "2026-01-02T18:14:23.265600", "MEAN_MOTION": 14.80688089, "ECCENTRICITY": 0.0002902, "INCLINATION": 97.8125, "RA_OF_ASC_NODE": 13.4893, "ARG_OF_PERICENTER": 154.3318, "MEAN_ANOMALY": 205.8039, "EPHEMERIS_TYPE": 0, "CLASSIFICATION_TYPE": "U", "NORAD_CAT_ID": 44819, "ELEMENT_SET_NO": 999, "REV_AT_EPOCH": 32961, "BSTAR": 0.00014523, "MEAN_MOTION_DOT": 1.066e-05, "MEAN_MOTION_DDOT": 0}, "tle": {"line1": "1 44819U 19082A   26002.75999150  .00001066  00000+0  14523-3 0  9991", "line2": "2 44819  97.8125  13.4893 0002902 154.3318 205.8039 14.80688089329616"}}, "geometry": {"type": "Point", "coordinates": [-173.62315713057743, -42.724205021385735]}}, {"type": "Feature", "properties": {"norad_id": 44873, "name": "CSG-1", "group": "resource", "lat": 81.74640319131473, "lon": 116.2133234565106, "alt_km": 614.0394134314984, "timestamp": "2026-01-02T22:29:16.758785+00:00", "meta": {"OBJECT_NAME": "CSG-1", "OBJECT_ID": "2019-092A", "EPOCH": "2026-01-02T18:51:14.435136", "MEAN_MOTION": 14.82151776, "ECCENTRICITY": 0.0001492, "INCLINATION": 97.881, "RA_OF_ASC_NODE": 188.7934, "ARG_OF_PERICENTER": 86.6552, "MEAN_ANOMALY": 273.4832, "EPHEMERIS_TYPE": 0, "CLASSIFICATION_TYPE": "U", "NORAD_CAT_ID": 44873, "ELEMENT_SET_NO": 999, "REV_AT_EPOCH": 32697, "BSTAR": 0.00016945, "MEAN_MOTION_DOT": 1.297e-05, "MEAN_MOTION_DDOT": 0}, "tle": {"line1": "1 44873U 19092A   26002.78558374  .00001297  00000+0  16945-3 0  9990", "line2": "2 44873  97.8810 188.7934 0001492  86.6552 273.4832 14.82151776326977"}}, "geometry": {"type": "Point", "coordinates": [116.2133234565106, 81.74640319131473]}}, {"type": "Feature", "properties": {"norad_id": 46277, "name": "NEMO-HD", "group": "resource", "lat": 14.66688694554088, "lon": 64.86713679289791, "alt_km": 444.36825595512437, "timestamp": "2026-01-02T22:29:16.758797+00:00", "meta": {"OBJECT_NAME": "NEMO-HD", "OBJECT_ID": "2020-061F", "EPOCH": "2026-01-02T17:44:53.498976", "MEAN_MOTION": 15.40843219, "ECCENTRICITY": 6.41e-05, "INCLINATION": 97.2185, "RA_OF_ASC_NODE": 66.5731, "ARG_OF_PERICENTER": 70.2505, "MEAN_ANOMALY": 289.8811, "EPHEMERIS_TYPE": 0, "CLASSIFICATION_TYPE": "U", "NORAD_CAT_ID": 46277, "ELEMENT_SET_NO": 999, "REV_AT_EPOCH": 29647, "BSTAR": 0.00042893, "MEAN_MOTION_DOT": 0.0001753, "MEAN_MOTION_DDOT": 0}, "tle": {"line1": "1 46277U 20061F   26002.73950809  .00017530  00000+0  42893-3 0  9990", "line2": "2 46277  97.2185  66.5731 0000641  70.2505 289.8811 15.40843219296470"}}, "geometry": {"type": "Point", "coordinates": [64.86713679289791, 14.66688694554088]}}, {"type": "Feature", "properties": {"norad_id": 46984, "name": "SENTINEL-6A", "group": "resource", "lat": -64.93417742221965, "lon": 46.36326790222547, "alt_km": 1338.0596244667277, "timestamp": "2026-01-02T22:29:16.758807+00:00", "meta": {"OBJECT_NAME": "SENTINEL-6A", "OBJECT_ID": "2020-086A", "EPOCH": "2026-01-02T17:17:44.522016", "MEAN_MOTION": 12.8093094, "ECCENTRICITY": 0.0007878, "INCLINATION": 66.0414, "RA_OF_ASC_NODE": 118.731, "ARG_OF_PERICENTER": 269.6452, "MEAN_ANOMALY": 90.366, "EPHEMERIS_TYPE": 0, "CLASSIFICATION_TYPE": "U", "NORAD_CAT_ID": 46984, "ELEMENT_SET_NO": 999, "REV_AT_EPOCH": 23913, "BSTAR": -8.9034e-06, "MEAN_MOTION_DOT": -6.3e-07, "MEAN_MOTION_DDOT": 0}, "tle": {"line1": "1 46984U 20086A   26002.72065419 -.00000063  00000+0 -89034-5 0  9990", "line2": "2 46984  66.0414 118.7310 0007878 269.6452  90.3660 12.80930940239137"}}, "geometry": {"type": "Point", "coordinates": [46.36326790222547, -64.93417742221965]}}, {"type": "Feature", "properties": {"norad_id": 48079, "name": "GAOFEN-12 02", "group": "resource", "lat": -55.336707991482555, "lon": 170.1285249839036, "alt_km": 636.4613100646102, "timestamp": "2026-01-02T22:29:16.758817+00:00", "meta": {"OBJECT_NAME": "GAOFEN-12 02", "OBJECT_ID": "2021-026A", "EPOCH": "2026-01-02T18:10:53.183136", "MEAN_MOTION": 14.80706963, "ECCENTRICITY": 0.0003309, "INCLINATION": 97.9862, "RA_OF_ASC_NODE": 1.6639, "ARG_OF_PERICENTER": 59.1, "MEAN_ANOMALY": 301.0537, "EPHEMERIS_TYPE": 0, "CLASSIFICATION_TYPE": "U", "NORAD_CAT_ID": 48079, "ELEMENT_SET_NO": 999, "REV_AT_EPOCH": 25728, "BSTAR": 0.00015004, "MEAN_MOTION_DOT": 1.101e-05, "MEAN_MOTION_DDOT": 0}, "tle": {"line1": "1 48079U 21026A   26002.75755999  .00001101  00000+0  15004-3 0  9990", "line2": "2 48079  97.9862   1.6639 0003309  59.1000 301.0537 14.80706963257283"}}, "geometry": {"type": "Point", "coordinates": [170.1285249839036, -55.336707991482555]}}, {"type": "Feature", "properties": {"norad_id": 48268, "name": "PLEIADES NEO 3", "group": "resource", "lat": 17.591414459279587, "lon": 77.55311555647894, "alt_km": 624.1141939762074, "timestamp": "2026-01-02T22:29:16.758832+00:00", "meta": {"OBJECT_NAME": "PLEIADES NEO 3", "OBJECT_ID": "2021-034A", "EPOCH": "2026-01-02T19:09:59.377824", "MEAN_MOTION": 14.81672255, "ECCENTRICITY": 0.0001382, "INCLINATION": 97.8949, "RA_OF_ASC_NODE": 79.9383, "ARG_OF_PERICENTER": 83.0905, "MEAN_ANOMALY": 277.0465, "EPHEMERIS_TYPE": 0, "CLASSIFICATION_TYPE": "U", "NORAD_CAT_ID": 48268, "ELEMENT_SET_NO": 999, "REV_AT_EPOCH": 25316, "BSTAR": -3.6109e-05, "MEAN_MOTION_DOT": -3.36e-06, "MEAN_MOTION_DDOT": 0}, "tle": {"line1": "1 48268U 21034A   26002.79860391 -.00000336  00000+0 -36109-4 0  9997", "line2": "2 48268  97.8949  79.9383 0001382  83.0905 277.0465 14.81672255253163"}}, "geometry": {"type": "Point", "coordinates": [77.55311555647894, 17.591414459279587]}}, {"type": "Feature", "properties": {"norad_id": 49070, "name": "PLEIADES NEO 4", "group": "resource", "lat": -17.903084673183187, "lon": -102.49901334226305, "alt_km": 629.4018234276728, "timestamp": "2026-01-02T22:29:16.758842+00:00", "meta": {"OBJECT_NAME": "PLEIADES NEO 4", "OBJECT_ID": "2021-073E", "EPOCH": "2026-01-02T18:21:21.051072", "MEAN_MOTION": 14.81672704, "ECCENTRICITY": 0.0001279, "INCLINATION": 97.8952, "RA_OF_ASC_NODE": 79.9007, "ARG_OF_PERICENTER": 87.214, "MEAN_ANOMALY": 272.9219, "EPHEMERIS_TYPE": 0, "CLASSIFICATION_TYPE": "U", "NORAD_CAT_ID": 49070, "ELEMENT_SET_NO": 999, "REV_AT_EPOCH": 23687, "BSTAR": 2.6606e-05, "MEAN_MOTION_DOT": 1.57e-06, "MEAN_MOTION_DDOT": 0}, "tle": {"line1": "1 49070U 21073E   26002.76482698  .00000157  00000+0  26606-4 0  9999", "line2": "2 49070  97.8952  79.9007 0001279  87.2140 272.9219 14.81672704236873"}}, "geometry": {"type": "Point", "coordinates": [-102.49901334226305, -17.903084673183187]}}, {"type": "Feature", "properties": {"norad_id": 49260, "name": "LANDSAT 9", "group": "resource", "lat": 36.085560567141336, "lon": -98.22452419373828, "alt_km": 699.4808019336942, "timestamp": "2026-01-02T22:29:16.758852+00:00", "meta": {"OBJECT_NAME": "LANDSAT 9", "OBJECT_ID": "2021-088A", "EPOCH": "2026-01-02T18:32:09.932352", "MEAN_MOTION": 14.57124288, "ECCENTRICITY": 0.0001037, "INCLINATION": 98.2066, "RA_OF_ASC_NODE": 75.5757, "ARG_OF_PERICENTER": 95.8067, "MEAN_ANOMALY": 264.325, "EPHEMERIS_TYPE": 0, "CLASSIFICATION_TYPE": "U", "NORAD_CAT_ID": 49260, "ELEMENT_SET_NO": 999, "REV_AT_EPOCH": 22691, "BSTAR": 0.00020528, "MEAN_MOTION_DOT": 8.8e-06, "MEAN_MOTION_DDOT": 0}, "tle": {"line1": "1 49260U 21088A   26002.77233718  .00000880  00000+0  20528-3 0  9993", "line2": "2 49260  98.2066  75.5757 0001037  95.8067 264.3250 14.57124288226910"}}, "geometry": {"type": "Point", "coordinates": [-98.22452419373828, 36.085560567141336]}}, {"type": "Feature", "properties": {"norad_id": 51444, "name": "CSG-2", "group": "resource", "lat": -81.7291012685702, "lon": -63.392407808604304, "alt_km": 630.8585542240435, "timestamp": "2026-01-02T22:29:16.758862+00:00", "meta": {"OBJECT_NAME": "CSG-2", "OBJECT_ID": "2022-008A", "EPOCH": "2026-01-02T18:02:39.293088", "MEAN_MOTION": 14.82173269, "ECCENTRICITY": 0.0001485, "INCLINATION": 97.8806, "RA_OF_ASC_NODE": 188.7585, "ARG_OF_PERICENTER": 80.7373, "MEAN_ANOMALY": 279.4008, "EPHEMERIS_TYPE": 0, "CLASSIFICATION_TYPE": "U", "NORAD_CAT_ID": 51444, "ELEMENT_SET_NO": 999, "REV_AT_EPOCH": 21208, "BSTAR": 0.00019682, "MEAN_MOTION_DOT": 1.516e-05, "MEAN_MOTION_DDOT": 0}, "tle": {"line1": "1 51444U 22008A   26002.75184367  .00001516  00000+0  19682-3 0  9992", "line2": "2 51444  97.8806 188.7585 0001485  80.7373 279.4008 14.82173269212082"}}, "geometry": {"type": "Point", "coordinates": [-63.392407808604304, -81.7291012685702]}}, {"type": "Feature", "properties": {"norad_id": 52912, "name": "GAOFEN-12 03", "group": "resource", "lat": -8.219248449293241, "lon": -104.06213988051283, "alt_km": 633.7649869711449, "timestamp": "2026-01-02T22:29:16.758872+00:00", "meta": {"OBJECT_NAME": "GAOFEN-12 03", "OBJECT_ID": "2022-069A", "EPOCH": "2026-01-02T19:16:46.020288", "MEAN_MOTION": 14.79673355, "ECCENTRICITY": 0.0001407, "INCLINATION": 97.8486, "RA_OF_ASC_NODE": 254.6656, "ARG_OF_PERICENTER": 43.6225, "MEAN_ANOMALY": 316.5098, "EPHEMERIS_TYPE": 0, "CLASSIFICATION_TYPE": "U", "NORAD_CAT_ID": 52912, "ELEMENT_SET_NO": 999, "REV_AT_EPOCH": 19015, "BSTAR": 0.00039818, "MEAN_MOTION_DOT": 2.938e-05, "MEAN_MOTION_DDOT": 0}, "tle": {"line1": "1 52912U 22069A   26002.80331042  .00002938  00000+0  39818-3 0  9992", "line2": "2 52912  97.8486 254.6656 0001407  43.6225 316.5098 14.79673355190159"}}, "geometry": {"type": "Point", "coordinates": [-104.06213988051283, -8.219248449293241]}}, {"type": "Feature", "properties": {"norad_id": 54754, "name": "SWOT", "group": "resource", "lat": 39.46003690490012, "lon": -91.19808640506294, "alt_km": 889.6860816242997, "timestamp": "2026-01-02T22:29:16.758884+00:00", "meta": {"OBJECT_NAME": "SWOT", "OBJECT_ID": "2022-173A", "EPOCH": "2026-01-02T18:51:53.912160", "MEAN_MOTION": 14.00170786, "ECCENTRICITY": 4.35e-05, "INCLINATION": 77.61, "RA_OF_ASC_NODE": 258.5807, "ARG_OF_PERICENTER": 64.9471, "MEAN_ANOMALY": 295.1726, "EPHEMERIS_TYPE": 0, "CLASSIFICATION_TYPE": "U", "NORAD_CAT_ID": 54754, "ELEMENT_SET_NO": 999, "REV_AT_EPOCH": 15600, "BSTAR": 7.4972e-05, "MEAN_MOTION_DOT": 1.08e-06, "MEAN_MOTION_DDOT": 0}, "tle": {"line1": "1 54754U 22173A   26002.78604065  .00000108  00000+0  74972-4 0  9997", "line2": "2 54754  77.6100 258.5807 0000435  64.9471 295.1726 14.00170786156004"}}, "geometry": {"type": "Point", "coordinates": [-91.19808640506294, 39.46003690490012]}}, {"type": "Feature", "properties": {"norad_id": 57654, "name": "GAOFEN-12 04", "group": "resource", "lat": 10.833593769786658, "lon": 104.89954812759473, "alt_km": 631.4175218147357, "timestamp": "2026-01-02T22:29:16.758894+00:00", "meta": {"OBJECT_NAME": "GAOFEN-12 04", "OBJECT_ID": "2023-123A", "EPOCH": "2026-01-02T18:28:52.912704", "MEAN_MOTION": 14.79776258, "ECCENTRICITY": 0.000123, "INCLINATION": 97.9136, "RA_OF_ASC_NODE": 283.2098, "ARG_OF_PERICENTER": 87.0635, "MEAN_ANOMALY": 273.0717, "EPHEMERIS_TYPE": 0, "CLASSIFICATION_TYPE": "U", "NORAD_CAT_ID": 57654, "ELEMENT_SET_NO": 999, "REV_AT_EPOCH": 12816, "BSTAR": 0.00037239, "MEAN_MOTION_DOT": 2.751e-05, "MEAN_MOTION_DDOT": 0}, "tle": {"line1": "1 57654U 23123A   26002.77005686  .00002751  00000+0  37239-3 0  9998", "line2": "2 57654  97.9136 283.2098 0001230  87.0635 273.0717 14.79776258128162"}}, "geometry": {"type": "Point", "coordinates": [104.89954812759473, 10.833593769786658]}}, {"type": "Feature", "properties": {"norad_id": 59065, "name": "PARS 1", "group": "resource", "lat": -30.336624932879236, "lon": 154.92807384754553, "alt_km": 453.92260797859035, "timestamp": "2026-01-02T22:29:16.758904+00:00", "meta": {"OBJECT_NAME": "PARS 1", "OBJECT_ID": "2024-039Q", "EPOCH": "2026-01-02T18:27:41.757984", "MEAN_MOTION": 15.41543955, "ECCENTRICITY": 0.0010243, "INCLINATION": 97.4652, "RA_OF_ASC_NODE": 339.1576, "ARG_OF_PERICENTER": 5.7851, "MEAN_ANOMALY": 354.3512, "EPHEMERIS_TYPE": 0, "CLASSIFICATION_TYPE": "U", "NORAD_CAT_ID": 59065, "ELEMENT_SET_NO": 999, "REV_AT_EPOCH": 10312, "BSTAR": 0.0004299, "MEAN_MOTION_DOT": 0.00018013, "MEAN_MOTION_DDOT": 0}, "tle": {"line1": "1 59065U 24039Q   26002.76923331  .00018013  00000+0  42990-3 0  9996", "line2": "2 59065  97.4652 339.1576 0010243   5.7851 354.3512 15.41543955103122"}}, "geometry": {"type": "Point", "coordinates": [154.92807384754553, -30.336624932879236]}}, {"type": "Feature", "properties": {"norad_id": 59371, "name": "RESURS-P 4", "group": "resource", "lat": 22.473405835904302, "lon": -49.18407758645714, "alt_km": 468.8510910310788, "timestamp": "2026-01-02T22:29:16.758915+00:00", "meta": {"OBJECT_NAME": "RESURS-P 4", "OBJECT_ID": "2024-061A", "EPOCH": "2026-01-02T19:15:17.221824", "MEAN_MOTION": 15.32295503, "ECCENTRICITY": 0.0001109, "INCLINATION": 97.2571, "RA_OF_ASC_NODE": 313.7056, "ARG_OF_PERICENTER": 121.4651, "MEAN_ANOMALY": 238.67, "EPHEMERIS_TYPE": 0, "CLASSIFICATION_TYPE": "U", "NORAD_CAT_ID": 59371, "ELEMENT_SET_NO": 999, "REV_AT_EPOCH": 9843, "BSTAR": 0.00021346, "MEAN_MOTION_DOT": 6.58e-05, "MEAN_MOTION_DDOT": 0}, "tle": {"line1": "1 59371U 24061A   26002.80228266  .00006580  00000+0  21346-3 0  9999", "line2": "2 59371  97.2571 313.7056 0001109 121.4651 238.6700 15.32295503 98439"}}, "geometry": {"type": "Point", "coordinates": [-49.18407758645714, 22.473405835904302]}}, {"type": "Feature", "properties": {"norad_id": 59625, "name": "LEGION 1", "group": "resource", "lat": 39.130552732050596, "lon": -91.43558382556942, "alt_km": 512.3188572318322, "timestamp": "2026-01-02T22:29:16.758925+00:00", "meta": {"OBJECT_NAME": "LEGION 1", "OBJECT_ID": "2024-081A", "EPOCH": "2026-01-02T18:42:14.733216", "MEAN_MOTION": 15.16729802, "ECCENTRICITY": 0.0003988, "INCLINATION": 97.5193, "RA_OF_ASC_NODE": 82.2391, "ARG_OF_PERICENTER": 220.5365, "MEAN_ANOMALY": 139.5572, "EPHEMERIS_TYPE": 0, "CLASSIFICATION_TYPE": "U", "NORAD_CAT_ID": 59625, "ELEMENT_SET_NO": 999, "REV_AT_EPOCH": 9246, "BSTAR": 0.00043479, "MEAN_MOTION_DOT": 8.463e-05, "MEAN_MOTION_DDOT": 0}, "tle": {"line1": "1 59625U 24081A   26002.77933719  .00008463  00000+0  43479-3 0  9998", "line2": "2 59625  97.5193  82.2391 0003988 220.5365 139.5572 15.16729802 92463"}}, "geometry": {"type": "Point", "coordinates": [-91.43558382556942, 39.130552732050596]}}, {"type": "Feature", "properties": {"norad_id": 59626, "name": "LEGION 2", "group": "resource", "lat": -38.426074154122716, "lon": 88.49928613627294, "alt_km": 524.1152552895192, "timestamp": "2026-01-02T22:29:16.758935+00:00", "meta": {"OBJECT_NAME": "LEGION 2", "OBJECT_ID": "2024-081B", "EPOCH": "2026-01-02T17:54:32.251968", "MEAN_MOTION": 15.16746527, "ECCENTRICITY": 0.0006265, "INCLINATION": 97.5199, "RA_OF_ASC_NODE": 82.2946, "ARG_OF_PERICENTER": 205.1873, "MEAN_ANOMALY": 154.9056, "EPHEMERIS_TYPE": 0, "CLASSIFICATION_TYPE": "U", "NORAD_CAT_ID": 59626, "ELEMENT_SET_NO": 999, "REV_AT_EPOCH": 9246, "BSTAR": 0.00045327, "MEAN_MOTION_DOT": 8.833e-05, "MEAN_MOTION_DDOT": 0}, "tle": {"line1": "1 59626U 24081B   26002.74620662  .00008833  00000+0  45327-3 0  9991", "line2": "2 59626  97.5199  82.2946 0006265 205.1873 154.9056 15.16746527 92461"}}, "geometry": {"type": "Point", "coordinates": [88.49928613627294, -38.426074154122716]}}, {"type": "Feature", "properties": {"norad_id": 60182, "name": "ALOS-4 (DAICHI-4)", "group": "resource", "lat": 29.213270736439547, "lon": 98.01569395031396, "alt_km": 629.2655956684239, "timestamp": "2026-01-02T22:29:16.758945+00:00", "meta": {"OBJECT_NAME": "ALOS-4 (DAICHI-4)", "OBJECT_ID": "2024-123A", "EPOCH": "2026-01-02T19:06:31.031136", "MEAN_MOTION": 14.79481613, "ECCENTRICITY": 0.0001429, "INCLINATION": 97.9219, "RA_OF_ASC_NODE": 102.3427, "ARG_OF_PERICENTER": 101.8537, "MEAN_ANOMALY": 258.2835, "EPHEMERIS_TYPE": 0, "CLASSIFICATION_TYPE": "U", "NORAD_CAT_ID": 60182, "ELEMENT_SET_NO": 999, "REV_AT_EPOCH": 8142, "BSTAR": 0.00057079, "MEAN_MOTION_DOT": 4.215e-05, "MEAN_MOTION_DDOT": 0}, "tle": {"line1": "1 60182U 24123A   26002.79619249  .00004215  00000+0  57079-3 0  9998", "line2": "2 60182  97.9219 102.3427 0001429 101.8537 258.2835 14.79481613 81428"}}, "geometry": {"type": "Point", "coordinates": [98.01569395031396, 29.213270736439547]}}, {"type": "Feature", "properties": {"norad_id": 60452, "name": "LEGION 3", "group": "resource", "lat": 22.091663346592973, "lon": -7.489271028795114, "alt_km": 524.922988311806, "timestamp": "2026-01-02T22:29:16.758957+00:00", "meta": {"OBJECT_NAME": "LEGION 3", "OBJECT_ID": "2024-146A", "EPOCH": "2026-01-02T17:05:38.242752", "MEAN_MOTION": 15.16004184, "ECCENTRICITY": 0.0015571, "INCLINATION": 44.9984, "RA_OF_ASC_NODE": 197.6826, "ARG_OF_PERICENTER": 309.5141, "MEAN_ANOMALY": 50.436, "EPHEMERIS_TYPE": 0, "CLASSIFICATION_TYPE": "U", "NORAD_CAT_ID": 60452, "ELEMENT_SET_NO": 999, "REV_AT_EPOCH": 7691, "BSTAR": 0.00037872, "MEAN_MOTION_DOT": 7.16e-05, "MEAN_MOTION_DDOT": 0}, "tle": {"line1": "1 60452U 24146A   26002.71224818  .00007160  00000+0  37872-3 0  9990", "line2": "2 60452  44.9984 197.6826 0015571 309.5141  50.4360 15.16004184 76919"}}, "geometry": {"type": "Point", "coordinates": [-7.489271028795114, 22.091663346592973]}}, {"type": "Feature", "properties": {"norad_id": 60453, "name": "LEGION 4", "group": "resource", "lat": 20.686283062283955, "lon": 86.1211216050319, "alt_km": 513.11490538204, "timestamp": "2026-01-02T22:29:16.758967+00:00", "meta": {"OBJECT_NAME": "LEGION 4", "OBJECT_ID": "2024-146B", "EPOCH": "2026-01-02T18:40:03.453600", "MEAN_MOTION": 15.16105235, "ECCENTRICITY": 0.0007395, "INCLINATION": 45.0385, "RA_OF_ASC_NODE": 289.1444, "ARG_OF_PERICENTER": 75.7188, "MEAN_ANOMALY": 284.4512, "EPHEMERIS_TYPE": 0, "CLASSIFICATION_TYPE": "U", "NORAD_CAT_ID": 60453, "ELEMENT_SET_NO": 999, "REV_AT_EPOCH": 7577, "BSTAR": 0.00050778, "MEAN_MOTION_DOT": 9.702e-05, "MEAN_MOTION_DDOT": 0}, "tle": {"line1": "1 60453U 24146B   26002.77781775  .00009702  00000+0  50778-3 0  9991", "line2": "2 60453  45.0385 289.1444 0007395  75.7188 284.4512 15.16105235 75778"}}, "geometry": {"type": "Point", "coordinates": [86.1211216050319, 20.686283062283955]}}, {"type": "Feature", "properties": {"norad_id": 60989, "name": "SENTINEL-2C", "group": "resource", "lat": 46.36013400375592, "lon": 71.01787316382438, "alt_km": 784.2997664709937, "timestamp": "2026-01-02T22:29:16.758977+00:00", "meta": {"OBJECT_NAME": "SENTINEL-2C", "OBJECT_ID": "2024-157A", "EPOCH": "2026-01-02T18:54:44.145216", "MEAN_MOTION": 14.30822625, "ECCENTRICITY": 0.0001281, "INCLINATION": 98.5654, "RA_OF_ASC_NODE": 79.9646, "ARG_OF_PERICENTER": 97.1114, "MEAN_ANOMALY": 263.0215, "EPHEMERIS_TYPE": 0, "CLASSIFICATION_TYPE": "U", "NORAD_CAT_ID": 60989, "ELEMENT_SET_NO": 999, "REV_AT_EPOCH": 6933, "BSTAR": 0.0001338, "MEAN_MOTION_DOT": 3.07e-06, "MEAN_MOTION_DDOT": 0}, "tle": {"line1": "1 60989U 24157A   26002.78801094  .00000307  00000+0  13380-3 0  9995", "line2": "2 60989  98.5654  79.9646 0001281  97.1114 263.0215 14.30822625 69330"}}, "geometry": {"type": "Point", "coordinates": [71.01787316382438, 46.36013400375592]}}, {"type": "Feature", "properties": {"norad_id": 61735, "name": "IONOSFERA-M 1", "group": "resource", "lat": 55.28205537618414, "lon": -135.20518619893465, "alt_km": 810.8991941615877, "timestamp": "2026-01-02T22:29:16.758988+00:00", "meta": {"OBJECT_NAME": "IONOSFERA-M 1", "OBJECT_ID": "2024-199A", "EPOCH": "2026-01-02T18:50:55.404672", "MEAN_MOTION": 14.22719703, "ECCENTRICITY": 1e-05, "INCLINATION": 98.7392, "RA_OF_ASC_NODE": 237.4707, "ARG_OF_PERICENTER": 168.2733, "MEAN_ANOMALY": 191.8447, "EPHEMERIS_TYPE": 0, "CLASSIFICATION_TYPE": "U", "NORAD_CAT_ID": 61735, "ELEMENT_SET_NO": 999, "REV_AT_EPOCH": 10418, "BSTAR": 8.8012e-05, "MEAN_MOTION_DOT": 1.53e-06, "MEAN_MOTION_DDOT": 0}, "tle": {"line1": "1 61735U 24199A   26002.78536348  .00000153  00000+0  88012-4 0  9992", "line2": "2 61735  98.7392 237.4707 0000100 168.2733 191.8447 14.22719703104187"}}, "geometry": {"type": "Point", "coordinates": [-135.20518619893465, 55.28205537618414]}}, {"type": "Feature", "properties": {"norad_id": 61736, "name": "IONOSFERA-M 2", "group": "resource", "lat": -58.13110421050967, "lon": 43.20849843208186, "alt_km": 824.4704757493319, "timestamp": "2026-01-02T22:29:16.758997+00:00", "meta": {"OBJECT_NAME": "IONOSFERA-M 2", "OBJECT_ID": "2024-199B", "EPOCH": "2026-01-02T17:59:29.868000", "MEAN_MOTION": 14.22721959, "ECCENTRICITY": 0.0001882, "INCLINATION": 98.7391, "RA_OF_ASC_NODE": 237.3475, "ARG_OF_PERICENTER": 83.4674, "MEAN_ANOMALY": 276.6718, "EPHEMERIS_TYPE": 0, "CLASSIFICATION_TYPE": "U", "NORAD_CAT_ID": 61736, "ELEMENT_SET_NO": 999, "REV_AT_EPOCH": 10730, "BSTAR": 9.1971e-05, "MEAN_MOTION_DOT": 1.62e-06, "MEAN_MOTION_DDOT": 0}, "tle": {"line1": "1 61736U 24199B   26002.74965125  .00000162  00000+0  91971-4 0  9996", "line2": "2 61736  98.7391 237.3475 0001882  83.4674 276.6718 14.22721959107304"}}, "geometry": {"type": "Point", "coordinates": [43.20849843208186, -58.13110421050967]}}, {"type": "Feature", "properties": {"norad_id": 63772, "name": "BIOMASS", "group": "resource", "lat": -64.47897422444662, "lon": -4.650966754680475, "alt_km": 676.8285972772164, "timestamp": "2026-01-02T22:29:16.759007+00:00", "meta": {"OBJECT_NAME": "BIOMASS", "OBJECT_ID": "2025-090A", "EPOCH": "2026-01-02T11:33:13.289184", "MEAN_MOTION": 14.67530903, "ECCENTRICITY": 9.56e-05, "INCLINATION": 98.0703, "RA_OF_ASC_NODE": 192.1892, "ARG_OF_PERICENTER": 79.941, "MEAN_ANOMALY": 280.1902, "EPHEMERIS_TYPE": 0, "CLASSIFICATION_TYPE": "U", "NORAD_CAT_ID": 63772, "ELEMENT_SET_NO": 999, "REV_AT_EPOCH": 3638, "BSTAR": 0.00017455, "MEAN_MOTION_DOT": 9.42e-06, "MEAN_MOTION_DDOT": 0}, "tle": {"line1": "1 63772U 25090A   26002.48140381  .00000942  00000+0  17455-3 0  9999", "line2": "2 63772  98.0703 192.1892 0000956  79.9410 280.1902 14.67530903 36386"}}, "geometry": {"type": "Point", "coordinates": [-4.650966754680475, -64.47897422444662]}}, {"type": "Feature", "properties": {"norad_id": 64694, "name": "GOSAT-GW (IBUKI GW)", "group": "resource", "lat": 79.28719991306149, "lon": 171.45095600586654, "alt_km": 660.4630644330846, "timestamp": "2026-01-02T22:29:16.759017+00:00", "meta": {"OBJECT_NAME": "GOSAT-GW (IBUKI GW)", "OBJECT_ID": "2025-141A", "EPOCH": "2026-01-02T18:46:28.915968", "MEAN_MOTION": 14.6757167, "ECCENTRICITY": 0.0001454, "INCLINATION": 98.0449, "RA_OF_ASC_NODE": 302.9158, "ARG_OF_PERICENTER": 85.5875, "MEAN_ANOMALY": 274.5496, "EPHEMERIS_TYPE": 0, "CLASSIFICATION_TYPE": "U", "NORAD_CAT_ID": 64694, "ELEMENT_SET_NO": 999, "REV_AT_EPOCH": 2758, "BSTAR": 0.0003868, "MEAN_MOTION_DOT": 2.148e-05, "MEAN_MOTION_DDOT": 0}, "tle": {"line1": "1 64694U 25141A   26002.78227912  .00002148  00000+0  38680-3 0  9992", "line2": "2 64694  98.0449 302.9158 0001454  85.5875 274.5496 14.67571670 27588"}}, "geometry": {"type": "Point", "coordinates": [171.45095600586654, 79.28719991306149]}}, {"type": "Feature", "properties": {"norad_id": 64876, "name": "IONOSFERA-M 3", "group": "resource", "lat": -6.022771830515926, "lon": 148.29333582940103, "alt_km": 825.1207109395782, "timestamp": "2026-01-02T22:29:16.759027+00:00", "meta": {"OBJECT_NAME": "IONOSFERA-M 3", "OBJECT_ID": "2025-155A", "EPOCH": "2026-01-02T18:14:13.661376", "MEAN_MOTION": 14.21447507, "ECCENTRICITY": 0.0001447, "INCLINATION": 98.5811, "RA_OF_ASC_NODE": 329.034, "ARG_OF_PERICENTER": 25.0814, "MEAN_ANOMALY": 335.0433, "EPHEMERIS_TYPE": 0, "CLASSIFICATION_TYPE": "U", "NORAD_CAT_ID": 64876, "ELEMENT_SET_NO": 999, "REV_AT_EPOCH": 2290, "BSTAR": 9.6774e-05, "MEAN_MOTION_DOT": 1.69e-06, "MEAN_MOTION_DDOT": 0}, "tle": {"line1": "1 64876U 25155A   26002.75988034  .00000169  00000+0  96774-4 0  9995", "line2": "2 64876  98.5811 329.0340 0001447  25.0814 335.0433 14.21447507 22901"}}, "geometry": {"type": "Point", "coordinates": [148.29333582940103, -6.022771830515926]}}, {"type": "Feature", "properties": {"norad_id": 64877, "name": "IONOSFERA-M 4", "group": "resource", "lat": 6.515997005314955, "lon": -31.862803495498735, "alt_km": 821.9395000150789, "timestamp": "2026-01-02T22:29:16.759054+00:00", "meta": {"OBJECT_NAME": "IONOSFERA-M 4", "OBJECT_ID": "2025-155B", "EPOCH": "2026-01-02T19:04:41.981376", "MEAN_MOTION": 14.214488, "ECCENTRICITY": 9.91e-05, "INCLINATION": 98.581, "RA_OF_ASC_NODE": 328.9873, "ARG_OF_PERICENTER": 46.728, "MEAN_ANOMALY": 313.3981, "EPHEMERIS_TYPE": 0, "CLASSIFICATION_TYPE": "U", "NORAD_CAT_ID": 64877, "ELEMENT_SET_NO": 999, "REV_AT_EPOCH": 2290, "BSTAR": 0.00010436, "MEAN_MOTION_DOT": 1.85e-06, "MEAN_MOTION_DDOT": 0}, "tle": {"line1": "1 64877U 25155B   26002.79493034  .00000185  00000+0  10436-3 0  9999", "line2": "2 64877  98.5810 328.9873 0000991  46.7280 313.3981 14.21448800 22904"}}, "geometry": {"type": "Point", "coordinates": [-31.862803495498735, 6.515997005314955]}}, {"type": "Feature", "properties": {"norad_id": 64899, "name": "MICROCARB", "group": "resource", "lat": 57.565297841430386, "lon": 70.15443948068912, "alt_km": 637.4666699657118, "timestamp": "2026-01-02T22:29:16.759067+00:00", "meta": {"OBJECT_NAME": "MICROCARB", "OBJECT_ID": "2025-156A", "EPOCH": "2026-01-02T18:57:40.618080", "MEAN_MOTION": 14.72099047, "ECCENTRICITY": 0.0017535, "INCLINATION": 98, "RA_OF_ASC_NODE": 82.7958, "ARG_OF_PERICENTER": 81.7902, "MEAN_ANOMALY": 278.5293, "EPHEMERIS_TYPE": 0, "CLASSIFICATION_TYPE": "U", "NORAD_CAT_ID": 64899, "ELEMENT_SET_NO": 999, "REV_AT_EPOCH": 2363, "BSTAR": 0.00023313, "MEAN_MOTION_DOT": 1.42e-05, "MEAN_MOTION_DDOT": 0}, "tle": {"line1": "1 64899U 25156A   26002.79005345  .00001420  00000+0  23313-3 0  9999", "line2": "2 64899  98.0000  82.7958 0017535  81.7902 278.5293 14.72099047 23635"}}, "geometry": {"type": "Point", "coordinates": [70.15443948068912, 57.565297841430386]}}, {"type": "Feature", "properties": {"norad_id": 64900, "name": "CO3D 3", "group": "resource", "lat": 13.557132068439744, "lon": -95.28732523589134, "alt_km": 659.5577176672114, "timestamp": "2026-01-02T22:29:16.759078+00:00", "meta": {"OBJECT_NAME": "CO3D 3", "OBJECT_ID": "2025-156B", "EPOCH": "2026-01-02T17:03:12.847968", "MEAN_MOTION": 15.21189417, "ECCENTRICITY": 0.0398205, "INCLINATION": 100.6115, "RA_OF_ASC_NODE": 81.8023, "ARG_OF_PERICENTER": 39.8753, "MEAN_ANOMALY": 323.1017, "EPHEMERIS_TYPE": 0, "CLASSIFICATION_TYPE": "U", "NORAD_CAT_ID": 64900, "ELEMENT_SET_NO": 999, "REV_AT_EPOCH": 2439, "BSTAR": 0.0024054, "MEAN_MOTION_DOT": 0.0060305, "MEAN_MOTION_DDOT": 7.9928e-05}, "tle": {"line1": "1 64900U 25156B   26002.71056537  .00603050  79928-4  24054-2 0  9992", "line2": "2 64900 100.6115  81.8023 0398205  39.8753 323.1017 15.21189417 24393"}}, "geometry": {"type": "Point", "coordinates": [-95.28732523589134, 13.557132068439744]}}, {"type": "Feature", "properties": {"norad_id": 64901, "name": "CO3D 4", "group": "resource", "lat": 14.181188573497835, "lon": -94.10874381903376, "alt_km": 505.4518575368893, "timestamp": "2026-01-02T22:29:16.759088+00:00", "meta": {"OBJECT_NAME": "CO3D 4", "OBJECT_ID": "2025-156C", "EPOCH": "2025-12-30T03:43:01.324416", "MEAN_MOTION": 15.20202331, "ECCENTRICITY": 0.0001514, "INCLINATION": 97.4342, "RA_OF_ASC_NODE": 80.2726, "ARG_OF_PERICENTER": 137.9354, "MEAN_ANOMALY": 222.1998, "EPHEMERIS_TYPE": 0, "CLASSIFICATION_TYPE": "U", "NORAD_CAT_ID": 64901, "ELEMENT_SET_NO": 999, "REV_AT_EPOCH": 2385, "BSTAR": 0.0001059642, "MEAN_MOTION_DOT": 2.227e-05, "MEAN_MOTION_DDOT": 0}, "tle": {"line1": "1 64901U 25156C   25364.15487644  .00002227  00000+0  10596-3 0  9994", "line2": "2 64901  97.4342  80.2726 0001514 137.9354 222.1998 15.20202331 23859"}}, "geometry": {"type": "Point", "coordinates": [-94.10874381903376, 14.181188573497835]}}, {"type": "Feature", "properties": {"norad_id": 64902, "name": "CO3D 2", "group": "resource", "lat": -12.20463045631583, "lon": 85.51822344834295, "alt_km": 509.3309277663993, "timestamp": "2026-01-02T22:29:16.759098+00:00", "meta": {"OBJECT_NAME": "CO3D 2", "OBJECT_ID": "2025-156D", "EPOCH": "2026-01-02T17:48:09.920736", "MEAN_MOTION": 15.20197474, "ECCENTRICITY": 8.94e-05, "INCLINATION": 97.4347, "RA_OF_ASC_NODE": 83.7073, "ARG_OF_PERICENTER": 34.925, "MEAN_ANOMALY": 325.2043, "EPHEMERIS_TYPE": 0, "CLASSIFICATION_TYPE": "U", "NORAD_CAT_ID": 64902, "ELEMENT_SET_NO": 999, "REV_AT_EPOCH": 2439, "BSTAR": 0.00068844, "MEAN_MOTION_DOT": 0.00014863, "MEAN_MOTION_DDOT": 0}, "tle": {"line1": "1 64902U 25156D   26002.74178149  .00014863  00000+0  68844-3 0  9995", "line2": "2 64902  97.4347  83.7073 0000894  34.9250 325.2043 15.20197474 24396"}}, "geometry": {"type": "Point", "coordinates": [85.51822344834295, -12.20463045631583]}}, {"type": "Feature", "properties": {"norad_id": 64903, "name": "CO3D 1", "group": "resource", "lat": -13.025615882870248, "lon": 85.63072199210362, "alt_km": 509.4773172879932, "timestamp": "2026-01-02T22:29:16.759109+00:00", "meta": {"OBJECT_NAME": "CO3D 1", "OBJECT_ID": "2025-156E", "EPOCH": "2026-01-02T19:23:10.190976", "MEAN_MOTION": 15.20210602, "ECCENTRICITY": 9.38e-05, "INCLINATION": 97.4347, "RA_OF_ASC_NODE": 83.7722, "ARG_OF_PERICENTER": 46.4137, "MEAN_ANOMALY": 313.7176, "EPHEMERIS_TYPE": 0, "CLASSIFICATION_TYPE": "U", "NORAD_CAT_ID": 64903, "ELEMENT_SET_NO": 999, "REV_AT_EPOCH": 2440, "BSTAR": 0.00049967, "MEAN_MOTION_DOT": 0.00010767, "MEAN_MOTION_DDOT": 0}, "tle": {"line1": "1 64903U 25156E   26002.80775684  .00010767  00000+0  49967-3 0  9994", "line2": "2 64903  97.4347  83.7722 0000938  46.4137 313.7176 15.20210602 24409"}}, "geometry": {"type": "Point", "coordinates": [85.63072199210362, -13.025615882870248]}}, {"type": "Feature", "properties": {"norad_id": 66514, "name": "SENTINEL-6B", "group": "resource", "lat": -65.36366236020913, "lon": 42.59954944155156, "alt_km": 1337.9587849988893, "timestamp": "2026-01-02T22:29:16.759120+00:00", "meta": {"OBJECT_NAME": "SENTINEL-6B", "OBJECT_ID": "2025-264A", "EPOCH": "2026-01-02T17:18:16.148736", "MEAN_MOTION": 12.80929593, "ECCENTRICITY": 0.000799, "INCLINATION": 66.0415, "RA_OF_ASC_NODE": 118.8567, "ARG_OF_PERICENTER": 270.1051, "MEAN_ANOMALY": 89.9049, "EPHEMERIS_TYPE": 0, "CLASSIFICATION_TYPE": "U", "NORAD_CAT_ID": 66514, "ELEMENT_SET_NO": 999, "REV_AT_EPOCH": 597, "BSTAR": -5.2493e-05, "MEAN_MOTION_DOT": -7.3e-07, "MEAN_MOTION_DDOT": 0}, "tle": {"line1": "1 66514U 25264A   26002.72102024 -.00000073  00000+0 -52493-4 0  9997", "line2": "2 66514  66.0415 118.8567 0007990 270.1051  89.9049 12.80929593  5971"}}, "geometry": {"type": "Point", "coordinates": [42.59954944155156, -65.36366236020913]}}]}