{
  "type": "FeatureCollection",
  "features": [
    {
      "type": "Feature",
      "properties": {
        "norad_id": 22675,
        "name": "COSMOS 2251",
        "group": "cosmos-2251-debris",
        "lat": -2.9471386504819,
        "lon": 4.143055602689409,
        "alt_km": 777.0244582160722,
        "timestamp": "2026-02-23T07:17:29.430953+00:00",
        "meta_object_name": "COSMOS 2251",
        "meta_object_id": "1993-036A",
        "meta_epoch": "2026-02-22T18:42:41.887872",
        "meta_mean_motion": 14.33229538,
        "meta_eccentricity": 0.00258575,
        "meta_inclination": 74.0399,
        "meta_ra_of_asc_node": 184.2562,
        "meta_arg_of_pericenter": 252.2387,
        "meta_mean_anomaly": 107.5943,
        "meta_ephemeris_type": 0,
        "meta_classification_type": "U",
        "meta_norad_cat_id": 22675,
        "meta_element_set_no": 999,
        "meta_rev_at_epoch": 70805,
        "meta_bstar": 5.2559206e-05,
        "meta_mean_motion_dot": 1.19e-06,
        "meta_mean_motion_ddot": 0,
        "tle_line1": "1 22675U 93036A   26053.77965148  .00000119  00000+0  52559-4 0  9996",
        "tle_line2": "2 22675  74.0399 184.2562 0025857 252.2387 107.5943 14.33229538708059"
      },
      "geometry": {
        "type": "Point",
        "coordinates": [
          4.143055602689409,
          -2.9471386504819
        ]
      }
    },
    {
      "type": "Feature",
      "properties": {
        "norad_id": 33757,
        "name": "COSMOS 2251 DEB",
        "group": "cosmos-2251-debris",
        "lat": 55.12373578725211,
        "lon": -144.61384651944488,
        "alt_km": 785.3017227433229,
        "timestamp": "2026-02-23T07:17:29.430977+00:00",
        "meta_object_name": "COSMOS 2251 DEB",
        "meta_object_id": "1993-036E",
        "meta_epoch": "2026-02-22T18:09:23.259744",
        "meta_mean_motion": 14.32602074,
        "meta_eccentricity": 0.00150666,
        "meta_inclination": 74.0366,
        "meta_ra_of_asc_node": 192.1376,
        "meta_arg_of_pericenter": 196.5137,
        "meta_mean_anomaly": 280.7729,
        "meta_ephemeris_type": 0,
        "meta_classification_type": "U",
        "meta_norad_cat_id": 33757,
        "meta_element_set_no": 999,
        "meta_rev_at_epoch": 89027,
        "meta_bstar": 5.0801892e-05,
        "meta_mean_motion_dot": 1.12e-06,
        "meta_mean_motion_ddot": 0,
        "tle_line1": "1 33757U 93036E   26053.75651921  .00000112  00000+0  50802-4 0  9990",
        "tle_line2": "2 33757  74.0366 192.1376 0015066 196.5137 280.7729 14.32602074890272"
      },
      "geometry": {
        "type": "Point",
        "coordinates": [
          -144.61384651944488,
          55.12373578725211
        ]
      }
    },
    {
      "type": "Feature",
      "properties": {
        "norad_id": 33758,
        "name": "COSMOS 2251 DEB",
        "group": "cosmos-2251-debris",
        "lat": 3.872587621156923,
        "lon": 79.3966715194651,
        "alt_km": 727.539366854654,
        "timestamp": "2026-02-23T07:17:29.430991+00:00",
        "meta_object_name": "COSMOS 2251 DEB",
        "meta_object_id": "1993-036F",
        "meta_epoch": "2026-02-22T03:27:32.755968",
        "meta_mean_motion": 14.52191441,
        "meta_eccentricity": 0.00141812,
        "meta_inclination": 74.0264,
        "meta_ra_of_asc_node": 80.4714,
        "meta_arg_of_pericenter": 140.3354,
        "meta_mean_anomaly": 283.6876,
        "meta_ephemeris_type": 0,
        "meta_classification_type": "U",
        "meta_norad_cat_id": 33758,
        "meta_element_set_no": 999,
        "meta_rev_at_epoch": 89341,
        "meta_bstar": 0.00066846482,
        "meta_mean_motion_dot": 2.688e-05,
        "meta_mean_motion_ddot": 0,
        "tle_line1": "1 33758U 93036F   26053.14412912  .00002688  00000+0  66846-3 0  9993",
        "tle_line2": "2 33758  74.0264  80.4714 0014181 140.3354 283.6876 14.52191441893417"
      },
      "geometry": {
        "type": "Point",
        "coordinates": [
          79.3966715194651,
          3.872587621156923
        ]
      }
    },
    {
      "type": "Feature",
      "properties": {
        "norad_id": 33760,
        "name": "COSMOS 2251 DEB",
        "group": "cosmos-2251-debris",
        "lat": 35.54683178101416,
        "lon": 160.08537639871773,
        "alt_km": 784.4763979263798,
        "timestamp": "2026-02-23T07:17:29.431003+00:00",
        "meta_object_name": "COSMOS 2251 DEB",
        "meta_object_id": "1993-036H",
        "meta_epoch": "2026-02-22T16:36:23.105376",
        "meta_mean_motion": 14.3572648,
        "meta_eccentricity": 0.00213981,
        "meta_inclination": 74.0328,
        "meta_ra_of_asc_node": 149.4032,
        "meta_arg_of_pericenter": 235.9493,
        "meta_mean_anomaly": 239.9776,
        "meta_ephemeris_type": 0,
        "meta_classification_type": "U",
        "meta_norad_cat_id": 33760,
        "meta_element_set_no": 999,
        "meta_rev_at_epoch": 89157,
        "meta_bstar": 9.9550422e-05,
        "meta_mean_motion_dot": 2.62e-06,
        "meta_mean_motion_ddot": 0,
        "tle_line1": "1 33760U 93036H   26053.69193409  .00000262  00000+0  99550-4 0  9998",
        "tle_line2": "2 33760  74.0328 149.4032 0021398 235.9493 239.9776 14.35726480891579"
      },
      "geometry": {
        "type": "Point",
        "coordinates": [
          160.08537639871773,
          35.54683178101416
        ]
      }
    },
    {
      "type": "Feature",
      "properties": {
        "norad_id": 33761,
        "name": "COSMOS 2251 DEB",
        "group": "cosmos-2251-debris",
        "lat": -14.572243156671114,
        "lon": 113.24115029357591,
        "alt_km": 768.3950669693704,
        "timestamp": "2026-02-23T07:17:29.431014+00:00",
        "meta_object_name": "COSMOS 2251 DEB",
        "meta_object_id": "1993-036J",
        "meta_epoch": "2026-02-22T15:26:07.315008",
        "meta_mean_motion": 14.42796228,
        "meta_eccentricity": 0.0022687,
        "meta_inclination": 74.0353,
        "meta_ra_of_asc_node": 118.7348,
        "meta_arg_of_pericenter": 189.8887,
        "meta_mean_anomaly": 324.7597,
        "meta_ephemeris_type": 0,
        "meta_classification_type": "U",
        "meta_norad_cat_id": 33761,
        "meta_element_set_no": 999,
        "meta_rev_at_epoch": 89271,
        "meta_bstar": 0.00033292,
        "meta_mean_motion_dot": 1.087e-05,
        "meta_mean_motion_ddot": 0,
        "tle_line1": "1 33761U 93036J   26053.64314022  .00001087  00000+0  33292-3 0  9996",
        "tle_line2": "2 33761  74.0353 118.7348 0022687 189.8887 324.7597 14.42796228892719"
      },
      "geometry": {
        "type": "Point",
        "coordinates": [
          113.24115029357591,
          -14.572243156671114
        ]
      }
    },
    {
      "type": "Feature",
      "properties": {
        "norad_id": 33762,
        "name": "COSMOS 2251 DEB",
        "group": "cosmos-2251-debris",
        "lat": 12.370638124415422,
        "lon": -6.236129494523973,
        "alt_km": 774.7489575266736,
        "timestamp": "2026-02-23T07:17:29.431026+00:00",
        "meta_object_name": "COSMOS 2251 DEB",
        "meta_object_id": "1993-036K",
        "meta_epoch": "2026-02-22T17:38:53.109888",
        "meta_mean_motion": 14.33690614,
        "meta_eccentricity": 0.00161394,
        "meta_inclination": 74.0419,
        "meta_ra_of_asc_node": 178.4009,
        "meta_arg_of_pericenter": 229.6398,
        "meta_mean_anomaly": 244.648,
        "meta_ephemeris_type": 0,
        "meta_classification_type": "U",
        "meta_norad_cat_id": 33762,
        "meta_element_set_no": 999,
        "meta_rev_at_epoch": 89079,
        "meta_bstar": 6.4120801e-05,
        "meta_mean_motion_dot": 1.52e-06,
        "meta_mean_motion_ddot": 0,
        "tle_line1": "1 33762U 93036K   26053.73533692  .00000152  00000+0  64121-4 0  9991",
        "tle_line2": "2 33762  74.0419 178.4009 0016139 229.6398 244.6480 14.33690614890794"
      },
      "geometry": {
        "type": "Point",
        "coordinates": [
          -6.236129494523973,
          12.370638124415422
        ]
      }
    },
    {
      "type": "Feature",
      "properties": {
        "norad_id": 33764,
        "name": "COSMOS 2251 DEB",
        "group": "cosmos-2251-debris",
        "lat": 48.789751210491126,
        "lon": 157.73239018459006,
        "alt_km": 742.2487307079546,
        "timestamp": "2026-02-23T07:17:29.431037+00:00",
        "meta_object_name": "COSMOS 2251 DEB",
        "meta_object_id": "1993-036M",
        "meta_epoch": "2026-02-22T23:30:46.307232",
        "meta_mean_motion": 14.39683633,
        "meta_eccentricity": 0.00207941,
        "meta_inclination": 74.0339,
        "meta_ra_of_asc_node": 139.2495,
        "meta_arg_of_pericenter": 84.6691,
        "meta_mean_anomaly": 87.8759,
        "meta_ephemeris_type": 0,
        "meta_classification_type": "U",
        "meta_norad_cat_id": 33764,
        "meta_element_set_no": 999,
        "meta_rev_at_epoch": 89196,
        "meta_bstar": 0.00027461165,
        "meta_mean_motion_dot": 8.35e-06,
        "meta_mean_motion_ddot": 0,
        "tle_line1": "1 33764U 93036M   26053.97970263  .00000835  00000+0  27461-3 0  9991",
        "tle_line2": "2 33764  74.0339 139.2495 0020794  84.6691  87.8759 14.39683633891963"
      },
      "geometry": {
        "type": "Point",
        "coordinates": [
          157.73239018459006,
          48.789751210491126
        ]
      }
    },
    {
      "type": "Feature",
      "properties": {
        "norad_id": 33765,
        "name": "COSMOS 2251 DEB",
        "group": "cosmos-2251-debris",
        "lat": 33.79645912806229,
        "lon": -168.55846648510558,
        "alt_km": 492.23139005743906,
        "timestamp": "2026-02-23T07:17:29.431048+00:00",
        "meta_object_name": "COSMOS 2251 DEB",
        "meta_object_id": "1993-036N",
        "meta_epoch": "2026-02-22T22:44:16.630944",
        "meta_mean_motion": 15.15211202,
        "meta_eccentricity": 0.00580809,
        "meta_inclination": 74.0028,
        "meta_ra_of_asc_node": 23.2557,
        "meta_arg_of_pericenter": 94.7528,
        "meta_mean_anomaly": 266.0302,
        "meta_ephemeris_type": 0,
        "meta_classification_type": "U",
        "meta_norad_cat_id": 33765,
        "meta_element_set_no": 999,
        "meta_rev_at_epoch": 90710,
        "meta_bstar": 0.0028813684,
        "meta_mean_motion_dot": 0.00056878,
        "meta_mean_motion_ddot": 0,
        "tle_line1": "1 33765U 93036N   26053.94741471  .00056878  00000+0  28814-2 0  9996",
        "tle_line2": "2 33765  74.0028  23.2557 0058080  94.7528 266.0302 15.15211202907103"
      },
      "geometry": {
        "type": "Point",
        "coordinates": [
          -168.55846648510558,
          33.79645912806229
        ]
      }
    },
    {
      "type": "Feature",
      "properties": {
        "norad_id": 33766,
        "name": "COSMOS 2251 DEB",
        "group": "cosmos-2251-debris",
        "lat": -7.96442153743368,
        "lon": 0.9011234946517838,
        "alt_km": 822.0852528919886,
        "timestamp": "2026-02-23T07:17:29.431058+00:00",
        "meta_object_name": "COSMOS 2251 DEB",
        "meta_object_id": "1993-036P",
        "meta_epoch": "2026-02-22T12:55:42.280320",
        "meta_mean_motion": 14.35211663,
        "meta_eccentricity": 0.006424,
        "meta_inclination": 74.1879,
        "meta_ra_of_asc_node": 4.5627,
        "meta_arg_of_pericenter": 189.5229,
        "meta_mean_anomaly": 170.4712,
        "meta_ephemeris_type": 0,
        "meta_classification_type": "U",
        "meta_norad_cat_id": 33766,
        "meta_element_set_no": 999,
        "meta_rev_at_epoch": 88775,
        "meta_bstar": 0.00050758,
        "meta_mean_motion_dot": 1.461e-05,
        "meta_mean_motion_ddot": 0,
        "tle_line1": "1 33766U 93036P   26053.53868380  .00001461  00000+0  50758-3 0  9992",
        "tle_line2": "2 33766  74.1879   4.5627 0064240 189.5229 170.4712 14.35211663887758"
      },
      "geometry": {
        "type": "Point",
        "coordinates": [
          0.9011234946517838,
          -7.96442153743368
        ]
      }
    },
    {
      "type": "Feature",
      "properties": {
        "norad_id": 33768,
        "name": "COSMOS 2251 DEB",
        "group": "cosmos-2251-debris",
        "lat": 74.05731757504857,
        "lon": -166.57162687443372,
        "alt_km": 1278.475310302265,
        "timestamp": "2026-02-23T07:17:29.431069+00:00",
        "meta_object_name": "COSMOS 2251 DEB",
        "meta_object_id": "1993-036R",
        "meta_epoch": "2026-02-22T13:44:26.107296",
        "meta_mean_motion": 13.58534732,
        "meta_eccentricity": 0.0368762,
        "meta_inclination": 74.0675,
        "meta_ra_of_asc_node": 103.9247,
        "meta_arg_of_pericenter": 245.9556,
        "meta_mean_anomaly": 230.9131,
        "meta_ephemeris_type": 0,
        "meta_classification_type": "U",
        "meta_norad_cat_id": 33768,
        "meta_element_set_no": 999,
        "meta_rev_at_epoch": 84271,
        "meta_bstar": 0.00051634,
        "meta_mean_motion_dot": 5.64e-06,
        "meta_mean_motion_ddot": 0,
        "tle_line1": "1 33768U 93036R   26053.57252439  .00000564  00000+0  51634-3 0  9997",
        "tle_line2": "2 33768  74.0675 103.9247 0368762 245.9556 230.9131 13.58534732842714"
      },
      "geometry": {
        "type": "Point",
        "coordinates": [
          -166.57162687443372,
          74.05731757504857
        ]
      }
    },
    {
      "type": "Feature",
      "properties": {
        "norad_id": 33779,
        "name": "COSMOS 2251 DEB",
        "group": "cosmos-2251-debris",
        "lat": 15.59614347349282,
        "lon": -154.8414684804715,
        "alt_km": 658.8405469689551,
        "timestamp": "2026-02-23T07:17:29.431079+00:00",
        "meta_object_name": "COSMOS 2251 DEB",
        "meta_object_id": "1993-036U",
        "meta_epoch": "2026-02-22T22:29:58.323840",
        "meta_mean_motion": 14.72511314,
        "meta_eccentricity": 0.00116226,
        "meta_inclination": 74.045,
        "meta_ra_of_asc_node": 30.4512,
        "meta_arg_of_pericenter": 33.3349,
        "meta_mean_anomaly": 349.0803,
        "meta_ephemeris_type": 0,
        "meta_classification_type": "U",
        "meta_norad_cat_id": 33779,
        "meta_element_set_no": 999,
        "meta_rev_at_epoch": 89590,
        "meta_bstar": 0.00071912603,
        "meta_mean_motion_dot": 4.543e-05,
        "meta_mean_motion_ddot": 0,
        "tle_line1": "1 33779U 93036U   26053.93748060  .00004543  00000+0  71913-3 0  9992",
        "tle_line2": "2 33779  74.0450  30.4512 0011622  33.3349 349.0803 14.72511314895900"
      },
      "geometry": {
        "type": "Point",
        "coordinates": [
          -154.8414684804715,
          15.59614347349282
        ]
      }
    },
    {
      "type": "Feature",
      "properties": {
        "norad_id": 33782,
        "name": "COSMOS 2251 DEB",
        "group": "cosmos-2251-debris",
        "lat": 73.70720097637526,
        "lon": -138.2919161291803,
        "alt_km": 754.5646436857751,
        "timestamp": "2026-02-23T07:17:29.431090+00:00",
        "meta_object_name": "COSMOS 2251 DEB",
        "meta_object_id": "1993-036X",
        "meta_epoch": "2026-02-22T06:02:44.526336",
        "meta_mean_motion": 14.40673023,
        "meta_eccentricity": 0.00206441,
        "meta_inclination": 74.0337,
        "meta_ra_of_asc_node": 145.2723,
        "meta_arg_of_pericenter": 201.8431,
        "meta_mean_anomaly": 191.6974,
        "meta_ephemeris_type": 0,
        "meta_classification_type": "U",
        "meta_norad_cat_id": 33782,
        "meta_element_set_no": 999,
        "meta_rev_at_epoch": 89156,
        "meta_bstar": 0.00036473632,
        "meta_mean_motion_dot": 1.141e-05,
        "meta_mean_motion_ddot": 0,
        "tle_line1": "1 33782U 93036X   26053.25190424  .00001141  00000+0  36474-3 0  9990",
        "tle_line2": "2 33782  74.0337 145.2723 0020644 201.8431 191.6974 14.40673023891564"
      },
      "geometry": {
        "type": "Point",
        "coordinates": [
          -138.2919161291803,
          73.70720097637526
        ]
      }
    },
    {
      "type": "Feature",
      "properties": {
        "norad_id": 33785,
        "name": "COSMOS 2251 DEB",
        "group": "cosmos-2251-debris",
        "lat": 72.23718910879667,
        "lon": 32.78682047082886,
        "alt_km": 650.919254176576,
        "timestamp": "2026-02-23T07:17:29.431100+00:00",
        "meta_object_name": "COSMOS 2251 DEB",
        "meta_object_id": "1993-036AA",
        "meta_epoch": "2026-02-22T18:08:24.048960",
        "meta_mean_motion": 14.72368739,
        "meta_eccentricity": 0.00207601,
        "meta_inclination": 73.8644,
        "meta_ra_of_asc_node": 278.5137,
        "meta_arg_of_pericenter": 207.7549,
        "meta_mean_anomaly": 226.5685,
        "meta_ephemeris_type": 0,
        "meta_classification_type": "U",
        "meta_norad_cat_id": 33785,
        "meta_element_set_no": 999,
        "meta_rev_at_epoch": 89566,
        "meta_bstar": 0.0011620827,
        "meta_mean_motion_dot": 7.356e-05,
        "meta_mean_motion_ddot": 0,
        "tle_line1": "1 33785U 93036AA  26053.75583390  .00007356  00000+0  11621-2 0  9996",
        "tle_line2": "2 33785  73.8644 278.5137 0020760 207.7549 226.5685 14.72368739895660"
      },
      "geometry": {
        "type": "Point",
        "coordinates": [
          32.78682047082886,
          72.23718910879667
        ]
      }
    },
    {
      "type": "Feature",
      "properties": {
        "norad_id": 33789,
        "name": "COSMOS 2251 DEB",
        "group": "cosmos-2251-debris",
        "lat": -54.08267684009979,
        "lon": -58.98308724469832,
        "alt_km": 1022.8621723601036,
        "timestamp": "2026-02-23T07:17:29.431110+00:00",
        "meta_object_name": "COSMOS 2251 DEB",
        "meta_object_id": "1993-036AE",
        "meta_epoch": "2026-02-22T17:53:32.725824",
        "meta_mean_motion": 13.88920765,
        "meta_eccentricity": 0.0238402,
        "meta_inclination": 74.0658,
        "meta_ra_of_asc_node": 325.1927,
        "meta_arg_of_pericenter": 63.6891,
        "meta_mean_anomaly": 330.9214,
        "meta_ephemeris_type": 0,
        "meta_classification_type": "U",
        "meta_norad_cat_id": 33789,
        "meta_element_set_no": 999,
        "meta_rev_at_epoch": 86095,
        "meta_bstar": 0.00055963281,
        "meta_mean_motion_dot": 8.28e-06,
        "meta_mean_motion_ddot": 0,
        "tle_line1": "1 33789U 93036AE  26053.74551766  .00000828  00000+0  55963-3 0  9996",
        "tle_line2": "2 33789  74.0658 325.1927 0238402  63.6891 330.9214 13.88920765860952"
      },
      "geometry": {
        "type": "Point",
        "coordinates": [
          -58.98308724469832,
          -54.08267684009979
        ]
      }
    },
    {
      "type": "Feature",
      "properties": {
        "norad_id": 33791,
        "name": "COSMOS 2251 DEB",
        "group": "cosmos-2251-debris",
        "lat": 2.2472826447900225,
        "lon": -95.4609204683614,
        "alt_km": 744.1154150260991,
        "timestamp": "2026-02-23T07:17:29.431120+00:00",
        "meta_object_name": "COSMOS 2251 DEB",
        "meta_object_id": "1993-036AG",
        "meta_epoch": "2026-02-22T16:36:50.640192",
        "meta_mean_motion": 14.43569553,
        "meta_eccentricity": 0.00287798,
        "meta_inclination": 74.1714,
        "meta_ra_of_asc_node": 265.0279,
        "meta_arg_of_pericenter": 79.9839,
        "meta_mean_anomaly": 345.8987,
        "meta_ephemeris_type": 0,
        "meta_classification_type": "U",
        "meta_norad_cat_id": 33791,
        "meta_element_set_no": 999,
        "meta_rev_at_epoch": 89090,
        "meta_bstar": 0.00054915739,
        "meta_mean_motion_dot": 1.845e-05,
        "meta_mean_motion_ddot": 0,
        "tle_line1": "1 33791U 93036AG  26053.69225278  .00001845  00000+0  54916-3 0  9996",
        "tle_line2": "2 33791  74.1714 265.0279 0028779  79.9839 345.8987 14.43569553890903"
      },
      "geometry": {
        "type": "Point",
        "coordinates": [
          -95.4609204683614,
          2.2472826447900225
        ]
      }
    },
    {
      "type": "Feature",
      "properties": {
        "norad_id": 33792,
        "name": "COSMOS 2251 DEB",
        "group": "cosmos-2251-debris",
        "lat": 5.5371806474671645,
        "lon": 47.83208293267568,
        "alt_km": 1171.5385605462689,
        "timestamp": "2026-02-23T07:17:29.431130+00:00",
        "meta_object_name": "COSMOS 2251 DEB",
        "meta_object_id": "1993-036AH",
        "meta_epoch": "2026-02-22T16:32:24.307872",
        "meta_mean_motion": 13.45981051,
        "meta_eccentricity": 0.04290906,
        "meta_inclination": 73.8981,
        "meta_ra_of_asc_node": 230.4183,
        "meta_arg_of_pericenter": 282.543,
        "meta_mean_anomaly": 159.1424,
        "meta_ephemeris_type": 0,
        "meta_classification_type": "U",
        "meta_norad_cat_id": 33792,
        "meta_element_set_no": 999,
        "meta_rev_at_epoch": 83410,
        "meta_bstar": 0.00049935421,
        "meta_mean_motion_dot": 4.97e-06,
        "meta_mean_motion_ddot": 0,
        "tle_line1": "1 33792U 93036AH  26053.68917023  .00000497  00000+0  49935-3 0  9999",
        "tle_line2": "2 33792  73.8981 230.4183 0429090 282.5430 159.1424 13.45981051834100"
      },
      "geometry": {
        "type": "Point",
        "coordinates": [
          47.83208293267568,
          5.5371806474671645
        ]
      }
    },
    {
      "type": "Feature",
      "properties": {
        "norad_id": 33793,
        "name": "COSMOS 2251 DEB",
        "group": "cosmos-2251-debris",
        "lat": 12.5995555827855,
        "lon": -165.68447453692892,
        "alt_km": 745.1621246914674,
        "timestamp": "2026-02-23T07:17:29.431140+00:00",
        "meta_object_name": "COSMOS 2251 DEB",
        "meta_object_id": "1993-036AJ",
        "meta_epoch": "2026-02-22T16:12:22.303296",
        "meta_mean_motion": 14.28011836,
        "meta_eccentricity": 0.00773197,
        "meta_inclination": 73.9821,
        "meta_ra_of_asc_node": 19.1394,
        "meta_arg_of_pericenter": 154.7869,
        "meta_mean_anomaly": 21.7653,
        "meta_ephemeris_type": 0,
        "meta_classification_type": "U",
        "meta_norad_cat_id": 33793,
        "meta_element_set_no": 999,
        "meta_rev_at_epoch": 88233,
        "meta_bstar": 0.00051015885,
        "meta_mean_motion_dot": 1.281e-05,
        "meta_mean_motion_ddot": 0,
        "tle_line1": "1 33793U 93036AJ  26053.67525814  .00001281  00000+0  51016-3 0  9997",
        "tle_line2": "2 33793  73.9821  19.1394 0077319 154.7869  21.7653 14.28011836882333"
      },
      "geometry": {
        "type": "Point",
        "coordinates": [
          -165.68447453692892,
          12.5995555827855
        ]
      }
    },
    {
      "type": "Feature",
      "properties": {
        "norad_id": 33795,
        "name": "COSMOS 2251 DEB",
        "group": "cosmos-2251-debris",
        "lat": -19.701229407142456,
        "lon": -78.37407706069708,
        "alt_km": 521.9747147163635,
        "timestamp": "2026-02-23T07:17:29.431150+00:00",
        "meta_object_name": "COSMOS 2251 DEB",
        "meta_object_id": "1993-036AL",
        "meta_epoch": "2026-02-22T17:23:10.676832",
        "meta_mean_motion": 15.0958509,
        "meta_eccentricity": 0.00298565,
        "meta_inclination": 74.0285,
        "meta_ra_of_asc_node": 288.7074,
        "meta_arg_of_pericenter": 352.0968,
        "meta_mean_anomaly": 80.2132,
        "meta_ephemeris_type": 0,
        "meta_classification_type": "U",
        "meta_norad_cat_id": 33795,
        "meta_element_set_no": 999,
        "meta_rev_at_epoch": 91106,
        "meta_bstar": 0.0016205637,
        "meta_mean_motion_dot": 0.00026367,
        "meta_mean_motion_ddot": 0,
        "tle_line1": "1 33795U 93036AL  26053.72442913  .00026367  00000+0  16206-2 0  9996",
        "tle_line2": "2 33795  74.0285 288.7074 0029856 352.0968  80.2132 15.09585090911069"
      },
      "geometry": {
        "type": "Point",
        "coordinates": [
          -78.37407706069708,
          -19.701229407142456
        ]
      }
    },
    {
      "type": "Feature",
      "properties": {
        "norad_id": 33797,
        "name": "COSMOS 2251 DEB",
        "group": "cosmos-2251-debris",
        "lat": -59.18153759378679,
        "lon": 105.66621210404696,
        "alt_km": 699.2254283663005,
        "timestamp": "2026-02-23T07:17:29.431161+00:00",
        "meta_object_name": "COSMOS 2251 DEB",
        "meta_object_id": "1993-036AN",
        "meta_epoch": "2026-02-22T22:14:39.280128",
        "meta_mean_motion": 14.58238472,
        "meta_eccentricity": 0.0062294,
        "meta_inclination": 74.0437,
        "meta_ra_of_asc_node": 257.7236,
        "meta_arg_of_pericenter": 326.0311,
        "meta_mean_anomaly": 99.7548,
        "meta_ephemeris_type": 0,
        "meta_classification_type": "U",
        "meta_norad_cat_id": 33797,
        "meta_element_set_no": 999,
        "meta_rev_at_epoch": 90037,
        "meta_bstar": 0.00034343514,
        "meta_mean_motion_dot": 1.598e-05,
        "meta_mean_motion_ddot": 0,
        "tle_line1": "1 33797U 93036AN  26053.92684352  .00001598  00000+0  34344-3 0  9998",
        "tle_line2": "2 33797  74.0437 257.7236 0062294 326.0311  99.7548 14.58238472900372"
      },
      "geometry": {
        "type": "Point",
        "coordinates": [
          105.66621210404696,
          -59.18153759378679
        ]
      }
    },
    {
      "type": "Feature",
      "properties": {
        "norad_id": 33798,
        "name": "COSMOS 2251 DEB",
        "group": "cosmos-2251-debris",
        "lat": -50.86664344375087,
        "lon": -158.6634244940376,
        "alt_km": 789.773877304222,
        "timestamp": "2026-02-23T07:17:29.431171+00:00",
        "meta_object_name": "COSMOS 2251 DEB",
        "meta_object_id": "1993-036AP",
        "meta_epoch": "2026-02-22T22:11:58.676352",
        "meta_mean_motion": 14.44714513,
        "meta_eccentricity": 0.00900487,
        "meta_inclination": 74.0315,
        "meta_ra_of_asc_node": 1.4372,
        "meta_arg_of_pericenter": 105.2505,
        "meta_mean_anomaly": 318.1864,
        "meta_ephemeris_type": 0,
        "meta_classification_type": "U",
        "meta_norad_cat_id": 33798,
        "meta_element_set_no": 999,
        "meta_rev_at_epoch": 89636,
        "meta_bstar": 0.00014318643,
        "meta_mean_motion_dot": 4.94e-06,
        "meta_mean_motion_ddot": 0,
        "tle_line1": "1 33798U 93036AP  26053.92498468  .00000494  00000+0  14319-3 0  9994",
        "tle_line2": "2 33798  74.0315   1.4372 0090048 105.2505 318.1864 14.44714513896365"
      },
      "geometry": {
        "type": "Point",
        "coordinates": [
          -158.6634244940376,
          -50.86664344375087
        ]
      }
    },
    {
      "type": "Feature",
      "properties": {
        "norad_id": 33799,
        "name": "COSMOS 2251 DEB",
        "group": "cosmos-2251-debris",
        "lat": 68.23933254576386,
        "lon": 72.87566562195602,
        "alt_km": 625.3648995182502,
        "timestamp": "2026-02-23T07:17:29.431181+00:00",
        "meta_object_name": "COSMOS 2251 DEB",
        "meta_object_id": "1993-036AQ",
        "meta_epoch": "2026-02-22T18:08:18.023424",
        "meta_mean_motion": 14.81486466,
        "meta_eccentricity": 0.00229855,
        "meta_inclination": 74.0314,
        "meta_ra_of_asc_node": 299.793,
        "meta_arg_of_pericenter": 347.1892,
        "meta_mean_anomaly": 75.7942,
        "meta_ephemeris_type": 0,
        "meta_classification_type": "U",
        "meta_norad_cat_id": 33799,
        "meta_element_set_no": 999,
        "meta_rev_at_epoch": 89877,
        "meta_bstar": 0.0019178262,
        "meta_mean_motion_dot": 0.000151,
        "meta_mean_motion_ddot": 0,
        "tle_line1": "1 33799U 93036AQ  26053.75576416  .00015100  00000+0  19178-2 0  9993",
        "tle_line2": "2 33799  74.0314 299.7930 0022985 347.1892  75.7942 14.81486466898772"
      },
      "geometry": {
        "type": "Point",
        "coordinates": [
          72.87566562195602,
          68.23933254576386
        ]
      }
    },
    {
      "type": "Feature",
      "properties": {
        "norad_id": 33805,
        "name": "COSMOS 2251 DEB",
        "group": "cosmos-2251-debris",
        "lat": 56.66040661954809,
        "lon": -32.53185133990007,
        "alt_km": 725.9070139789492,
        "timestamp": "2026-02-23T07:17:29.431191+00:00",
        "meta_object_name": "COSMOS 2251 DEB",
        "meta_object_id": "1993-036AW",
        "meta_epoch": "2026-02-22T17:34:21.156384",
        "meta_mean_motion": 14.58054515,
        "meta_eccentricity": 0.00616151,
        "meta_inclination": 74.0315,
        "meta_ra_of_asc_node": 174.3569,
        "meta_arg_of_pericenter": 342.9581,
        "meta_mean_anomaly": 16.9513,
        "meta_ephemeris_type": 0,
        "meta_classification_type": "U",
        "meta_norad_cat_id": 33805,
        "meta_element_set_no": 999,
        "meta_rev_at_epoch": 90276,
        "meta_bstar": 0.00023555327,
        "meta_mean_motion_dot": 1.081e-05,
        "meta_mean_motion_ddot": 0,
        "tle_line1": "1 33805U 93036AW  26053.73218931  .00001081  00000+0  23555-3 0  9992",
        "tle_line2": "2 33805  74.0315 174.3569 0061615 342.9581  16.9513 14.58054515902764"
      },
      "geometry": {
        "type": "Point",
        "coordinates": [
          -32.53185133990007,
          56.66040661954809
        ]
      }
    },
    {
      "type": "Feature",
      "properties": {
        "norad_id": 33811,
        "name": "COSMOS 2251 DEB",
        "group": "cosmos-2251-debris",
        "lat": 63.84038523775195,
        "lon": -64.36817358974906,
        "alt_km": 544.0922984585031,
        "timestamp": "2026-02-23T07:17:29.431202+00:00",
        "meta_object_name": "COSMOS 2251 DEB",
        "meta_object_id": "1993-036BC",
        "meta_epoch": "2026-02-22T23:21:43.354080",
        "meta_mean_motion": 15.08471871,
        "meta_eccentricity": 0.00299555,
        "meta_inclination": 73.8366,
        "meta_ra_of_asc_node": 152.5111,
        "meta_arg_of_pericenter": 230.156,
        "meta_mean_anomaly": 247.4915,
        "meta_ephemeris_type": 0,
        "meta_classification_type": "U",
        "meta_norad_cat_id": 33811,
        "meta_element_set_no": 999,
        "meta_rev_at_epoch": 91106,
        "meta_bstar": 0.0018799918,
        "meta_mean_motion_dot": 0.0002969,
        "meta_mean_motion_ddot": 0,
        "tle_line1": "1 33811U 93036BC  26053.97341845  .00029690  00000+0  18800-2 0  9998",
        "tle_line2": "2 33811  73.8366 152.5111 0029955 230.1560 247.4915 15.08471871911065"
      },
      "geometry": {
        "type": "Point",
        "coordinates": [
          -64.36817358974906,
          63.84038523775195
        ]
      }
    },
    {
      "type": "Feature",
      "properties": {
        "norad_id": 33815,
        "name": "COSMOS 2251 DEB",
        "group": "cosmos-2251-debris",
        "lat": 63.47869495757379,
        "lon": 163.98883976448562,
        "alt_km": 286.3930078549056,
        "timestamp": "2026-02-23T07:17:29.431212+00:00",
        "meta_object_name": "COSMOS 2251 DEB",
        "meta_object_id": "1993-036BG",
        "meta_epoch": "2026-02-22T18:44:07.313280",
        "meta_mean_motion": 15.86361815,
        "meta_eccentricity": 0.00171163,
        "meta_inclination": 73.9218,
        "meta_ra_of_asc_node": 20.5209,
        "meta_arg_of_pericenter": 174.9513,
        "meta_mean_anomaly": 185.1894,
        "meta_ephemeris_type": 0,
        "meta_classification_type": "U",
        "meta_norad_cat_id": 33815,
        "meta_element_set_no": 999,
        "meta_rev_at_epoch": 89478,
        "meta_bstar": 0.018153759,
        "meta_mean_motion_dot": 0.03745524,
        "meta_mean_motion_ddot": 0.016787291,
        "tle_line1": "1 33815U 93036BG  26053.78064020  .03745524  16787-1  18154-1 0  9994",
        "tle_line2": "2 33815  73.9218  20.5209 0017116 174.9513 185.1894 15.86361815894782"
      },
      "geometry": {
        "type": "Point",
        "coordinates": [
          163.98883976448562,
          63.47869495757379
        ]
      }
    },
    {
      "type": "Feature",
      "properties": {
        "norad_id": 33816,
        "name": "COSMOS 2251 DEB",
        "group": "cosmos-2251-debris",
        "lat": -28.693072857598914,
        "lon": 171.48862981613448,
        "alt_km": 1088.3872434526047,
        "timestamp": "2026-02-23T07:17:29.431222+00:00",
        "meta_object_name": "COSMOS 2251 DEB",
        "meta_object_id": "1993-036BH",
        "meta_epoch": "2026-02-22T18:06:07.292448",
        "meta_mean_motion": 13.81921123,
        "meta_eccentricity": 0.02653983,
        "meta_inclination": 73.8979,
        "meta_ra_of_asc_node": 343.3234,
        "meta_arg_of_pericenter": 342.3434,
        "meta_mean_anomaly": 16.8592,
        "meta_ephemeris_type": 0,
        "meta_classification_type": "U",
        "meta_norad_cat_id": 33816,
        "meta_element_set_no": 999,
        "meta_rev_at_epoch": 85668,
        "meta_bstar": 0.00075781356,
        "meta_mean_motion_dot": 1.039e-05,
        "meta_mean_motion_ddot": 0,
        "tle_line1": "1 33816U 93036BH  26053.75425107  .00001039  00000+0  75781-3 0  9992",
        "tle_line2": "2 33816  73.8979 343.3234 0265398 342.3434  16.8592 13.81921123856689"
      },
      "geometry": {
        "type": "Point",
        "coordinates": [
          171.48862981613448,
          -28.693072857598914
        ]
      }
    },
    {
      "type": "Feature",
      "properties": {
        "norad_id": 33818,
        "name": "COSMOS 2251 DEB",
        "group": "cosmos-2251-debris",
        "lat": 26.539493341037144,
        "lon": 23.623701207230052,
        "alt_km": 497.1386084481255,
        "timestamp": "2026-02-23T07:17:29.431233+00:00",
        "meta_object_name": "COSMOS 2251 DEB",
        "meta_object_id": "1993-036BK",
        "meta_epoch": "2026-02-22T06:11:13.129440",
        "meta_mean_motion": 15.20114442,
        "meta_eccentricity": 0.00192583,
        "meta_inclination": 74.0819,
        "meta_ra_of_asc_node": 17.6149,
        "meta_arg_of_pericenter": 330.4011,
        "meta_mean_anomaly": 95.1555,
        "meta_ephemeris_type": 0,
        "meta_classification_type": "U",
        "meta_norad_cat_id": 33818,
        "meta_element_set_no": 999,
        "meta_rev_at_epoch": 90946,
        "meta_bstar": 0.0031518478,
        "meta_mean_motion_dot": 0.0006908,
        "meta_mean_motion_ddot": 0,
        "tle_line1": "1 33818U 93036BK  26053.25779085  .00069080  00000+0  31518-2 0  9995",
        "tle_line2": "2 33818  74.0819  17.6149 0019258 330.4011  95.1555 15.20114442909461"
      },
      "geometry": {
        "type": "Point",
        "coordinates": [
          23.623701207230052,
          26.539493341037144
        ]
      }
    },
    {
      "type": "Feature",
      "properties": {
        "norad_id": 33819,
        "name": "COSMOS 2251 DEB",
        "group": "cosmos-2251-debris",
        "lat": -43.020175286959145,
        "lon": -86.09577130208763,
        "alt_km": 750.5480167954829,
        "timestamp": "2026-02-23T07:17:29.431243+00:00",
        "meta_object_name": "COSMOS 2251 DEB",
        "meta_object_id": "1993-036BL",
        "meta_epoch": "2026-02-22T19:20:01.323168",
        "meta_mean_motion": 14.32501743,
        "meta_eccentricity": 0.00921595,
        "meta_inclination": 74.1772,
        "meta_ra_of_asc_node": 79.4605,
        "meta_arg_of_pericenter": 280.2029,
        "meta_mean_anomaly": 257.3304,
        "meta_ephemeris_type": 0,
        "meta_classification_type": "U",
        "meta_norad_cat_id": 33819,
        "meta_element_set_no": 999,
        "meta_rev_at_epoch": 88527,
        "meta_bstar": 0.00062261548,
        "meta_mean_motion_dot": 1.743e-05,
        "meta_mean_motion_ddot": 0,
        "tle_line1": "1 33819U 93036BL  26053.80557087  .00001743  00000+0  62262-3 0  9996",
        "tle_line2": "2 33819  74.1772  79.4605 0092159 280.2029 257.3304 14.32501743885278"
      },
      "geometry": {
        "type": "Point",
        "coordinates": [
          -86.09577130208763,
          -43.020175286959145
        ]
      }
    },
    {
      "type": "Feature",
      "properties": {
        "norad_id": 33821,
        "name": "COSMOS 2251 DEB",
        "group": "cosmos-2251-debris",
        "lat": -16.399103117311927,
        "lon": -16.00505228587199,
        "alt_km": 449.35381939851686,
        "timestamp": "2026-02-23T07:17:29.431253+00:00",
        "meta_object_name": "COSMOS 2251 DEB",
        "meta_object_id": "1993-036BN",
        "meta_epoch": "2026-02-22T06:15:55.075968",
        "meta_mean_motion": 15.30499319,
        "meta_eccentricity": 0.00443146,
        "meta_inclination": 74.0308,
        "meta_ra_of_asc_node": 351.0504,
        "meta_arg_of_pericenter": 0.8471,
        "meta_mean_anomaly": 359.2799,
        "meta_ephemeris_type": 0,
        "meta_classification_type": "U",
        "meta_norad_cat_id": 33821,
        "meta_element_set_no": 999,
        "meta_rev_at_epoch": 76093,
        "meta_bstar": 0.0014422233,
        "meta_mean_motion_dot": 0.00044055,
        "meta_mean_motion_ddot": 0,
        "tle_line1": "1 33821U 93036BN  26053.26105412  .00044055  00000+0  14422-2 0  9997",
        "tle_line2": "2 33821  74.0308 351.0504 0044314   0.8471 359.2799 15.30499319760938"
      },
      "geometry": {
        "type": "Point",
        "coordinates": [
          -16.00505228587199,
          -16.399103117311927
        ]
      }
    },
    {
      "type": "Feature",
      "properties": {
        "norad_id": 33822,
        "name": "COSMOS 2251 DEB",
        "group": "cosmos-2251-debris",
        "lat": 41.329172795021066,
        "lon": -129.03009445770354,
        "alt_km": 763.1216606032531,
        "timestamp": "2026-02-23T07:17:29.431263+00:00",
        "meta_object_name": "COSMOS 2251 DEB",
        "meta_object_id": "1993-036BP",
        "meta_epoch": "2026-02-22T00:13:16.200192",
        "meta_mean_motion": 14.13588613,
        "meta_eccentricity": 0.01473908,
        "meta_inclination": 74.0671,
        "meta_ra_of_asc_node": 67.8061,
        "meta_arg_of_pericenter": 97.5179,
        "meta_mean_anomaly": 292.4015,
        "meta_ephemeris_type": 0,
        "meta_classification_type": "U",
        "meta_norad_cat_id": 33822,
        "meta_element_set_no": 999,
        "meta_rev_at_epoch": 87061,
        "meta_bstar": 0.00095576907,
        "meta_mean_motion_dot": 1.976e-05,
        "meta_mean_motion_ddot": 0,
        "tle_line1": "1 33822U 93036BP  26053.00921528  .00001976  00000+0  95577-3 0  9990",
        "tle_line2": "2 33822  74.0671  67.8061 0147390  97.5179 292.4015 14.13588613870610"
      },
      "geometry": {
        "type": "Point",
        "coordinates": [
          -129.03009445770354,
          41.329172795021066
        ]
      }
    },
    {
      "type": "Feature",
      "properties": {
        "norad_id": 33823,
        "name": "COSMOS 2251 DEB",
        "group": "cosmos-2251-debris",
        "lat": -11.131129271876652,
        "lon": -154.5919889800326,
        "alt_km": 814.6098672556927,
        "timestamp": "2026-02-23T07:17:29.431274+00:00",
        "meta_object_name": "COSMOS 2251 DEB",
        "meta_object_id": "1993-036BQ",
        "meta_epoch": "2026-02-22T06:41:32.055072",
        "meta_mean_motion": 13.99152046,
        "meta_eccentricity": 0.02067713,
        "meta_inclination": 73.8109,
        "meta_ra_of_asc_node": 23.9274,
        "meta_arg_of_pericenter": 137.3443,
        "meta_mean_anomaly": 291.4424,
        "meta_ephemeris_type": 0,
        "meta_classification_type": "U",
        "meta_norad_cat_id": 33823,
        "meta_element_set_no": 999,
        "meta_rev_at_epoch": 86610,
        "meta_bstar": 0.00042059986,
        "meta_mean_motion_dot": 7.08e-06,
        "meta_mean_motion_ddot": 0,
        "tle_line1": "1 33823U 93036BQ  26053.27884323  .00000708  00000+0  42060-3 0  9992",
        "tle_line2": "2 33823  73.8109  23.9274 0206771 137.3443 291.4424 13.99152046866101"
      },
      "geometry": {
        "type": "Point",
        "coordinates": [
          -154.5919889800326,
          -11.131129271876652
        ]
      }
    },
    {
      "type": "Feature",
      "properties": {
        "norad_id": 33825,
        "name": "COSMOS 2251 DEB",
        "group": "cosmos-2251-debris",
        "lat": 67.65955221078312,
        "lon": 22.175729295093117,
        "alt_km": 651.4357337272932,
        "timestamp": "2026-02-23T07:17:29.431284+00:00",
        "meta_object_name": "COSMOS 2251 DEB",
        "meta_object_id": "1993-036BS",
        "meta_epoch": "2026-02-22T23:19:54.789024",
        "meta_mean_motion": 14.71133862,
        "meta_eccentricity": 0.00813678,
        "meta_inclination": 73.9813,
        "meta_ra_of_asc_node": 247.1751,
        "meta_arg_of_pericenter": 197.885,
        "meta_mean_anomaly": 313.0616,
        "meta_ephemeris_type": 0,
        "meta_classification_type": "U",
        "meta_norad_cat_id": 33825,
        "meta_element_set_no": 999,
        "meta_rev_at_epoch": 89941,
        "meta_bstar": 0.0015911021,
        "meta_mean_motion_dot": 0.00010292,
        "meta_mean_motion_ddot": 0,
        "tle_line1": "1 33825U 93036BS  26053.97216191  .00010292  00000+0  15911-2 0  9996",
        "tle_line2": "2 33825  73.9813 247.1751 0081367 197.8850 313.0616 14.71133862899411"
      },
      "geometry": {
        "type": "Point",
        "coordinates": [
          22.175729295093117,
          67.65955221078312
        ]
      }
    },
    {
      "type": "Feature",
      "properties": {
        "norad_id": 33826,
        "name": "COSMOS 2251 DEB",
        "group": "cosmos-2251-debris",
        "lat": -57.92931889559542,
        "lon": 120.50641158010009,
        "alt_km": 691.6853049143128,
        "timestamp": "2026-02-23T07:17:29.431294+00:00",
        "meta_object_name": "COSMOS 2251 DEB",
        "meta_object_id": "1993-036BT",
        "meta_epoch": "2026-02-22T15:33:27.491040",
        "meta_mean_motion": 14.52642571,
        "meta_eccentricity": 0.00845402,
        "meta_inclination": 74.0628,
        "meta_ra_of_asc_node": 274.6086,
        "meta_arg_of_pericenter": 301.2478,
        "meta_mean_anomaly": 114.3489,
        "meta_ephemeris_type": 0,
        "meta_classification_type": "U",
        "meta_norad_cat_id": 33826,
        "meta_element_set_no": 999,
        "meta_rev_at_epoch": 88813,
        "meta_bstar": 0.0019571523,
        "meta_mean_motion_dot": 8.38e-05,
        "meta_mean_motion_ddot": 0,
        "tle_line1": "1 33826U 93036BT  26053.64823485  .00008380  00000+0  19572-2 0  9993",
        "tle_line2": "2 33826  74.0628 274.6086 0084540 301.2478 114.3489 14.52642571888135"
      },
      "geometry": {
        "type": "Point",
        "coordinates": [
          120.50641158010009,
          -57.92931889559542
        ]
      }
    },
    {
      "type": "Feature",
      "properties": {
        "norad_id": 33828,
        "name": "COSMOS 2251 DEB",
        "group": "cosmos-2251-debris",
        "lat": -42.70933450478874,
        "lon": 87.81632781685943,
        "alt_km": 766.9011186137759,
        "timestamp": "2026-02-23T07:17:29.431305+00:00",
        "meta_object_name": "COSMOS 2251 DEB",
        "meta_object_id": "1993-036BV",
        "meta_epoch": "2026-02-22T20:24:01.372032",
        "meta_mean_motion": 14.44607359,
        "meta_eccentricity": 0.00278255,
        "meta_inclination": 74.045,
        "meta_ra_of_asc_node": 103.9723,
        "meta_arg_of_pericenter": 165.2342,
        "meta_mean_anomaly": 310.7753,
        "meta_ephemeris_type": 0,
        "meta_classification_type": "U",
        "meta_norad_cat_id": 33828,
        "meta_element_set_no": 999,
        "meta_rev_at_epoch": 89354,
        "meta_bstar": 0.00034034371,
        "meta_mean_motion_dot": 1.157e-05,
        "meta_mean_motion_ddot": 0,
        "tle_line1": "1 33828U 93036BV  26053.85001588  .00001157  00000+0  34034-3 0  9996",
        "tle_line2": "2 33828  74.0450 103.9723 0027825 165.2342 310.7753 14.44607359893546"
      },
      "geometry": {
        "type": "Point",
        "coordinates": [
          87.81632781685943,
          -42.70933450478874
        ]
      }
    },
    {
      "type": "Feature",
      "properties": {
        "norad_id": 33830,
        "name": "COSMOS 2251 DEB",
        "group": "cosmos-2251-debris",
        "lat": 27.8050382450312,
        "lon": -100.70632114723733,
        "alt_km": 613.1353623274672,
        "timestamp": "2026-02-23T07:17:29.431315+00:00",
        "meta_object_name": "COSMOS 2251 DEB",
        "meta_object_id": "1993-036BX",
        "meta_epoch": "2026-02-22T13:17:42.398016",
        "meta_mean_motion": 14.77967462,
        "meta_eccentricity": 0.0042009,
        "meta_inclination": 74.0305,
        "meta_ra_of_asc_node": 89.4515,
        "meta_arg_of_pericenter": 197.048,
        "meta_mean_anomaly": 286.1062,
        "meta_ephemeris_type": 0,
        "meta_classification_type": "U",
        "meta_norad_cat_id": 33830,
        "meta_element_set_no": 999,
        "meta_rev_at_epoch": 90532,
        "meta_bstar": 0.00076519,
        "meta_mean_motion_dot": 5.569e-05,
        "meta_mean_motion_ddot": 0,
        "tle_line1": "1 33830U 93036BX  26053.55396294  .00005569  00000+0  76519-3 0  9992",
        "tle_line2": "2 33830  74.0305  89.4515 0042009 197.0480 286.1062 14.77967462905321"
      },
      "geometry": {
        "type": "Point",
        "coordinates": [
          -100.70632114723733,
          27.8050382450312
        ]
      }
    },
    {
      "type": "Feature",
      "properties": {
        "norad_id": 33832,
        "name": "COSMOS 2251 DEB",
        "group": "cosmos-2251-debris",
        "lat": -61.634525563992696,
        "lon": 39.413523126217335,
        "alt_km": 706.0819205059925,
        "timestamp": "2026-02-23T07:17:29.431325+00:00",
        "meta_object_name": "COSMOS 2251 DEB",
        "meta_object_id": "1993-036BZ",
        "meta_epoch": "2026-02-22T02:17:01.637376",
        "meta_mean_motion": 14.6174566,
        "meta_eccentricity": 0.00194592,
        "meta_inclination": 74.0528,
        "meta_ra_of_asc_node": 73.7009,
        "meta_arg_of_pericenter": 85.2612,
        "meta_mean_anomaly": 330.9821,
        "meta_ephemeris_type": 0,
        "meta_classification_type": "U",
        "meta_norad_cat_id": 33832,
        "meta_element_set_no": 999,
        "meta_rev_at_epoch": 89467,
        "meta_bstar": 0.00096749014,
        "meta_mean_motion_dot": 4.81e-05,
        "meta_mean_motion_ddot": 0,
        "tle_line1": "1 33832U 93036BZ  26053.09515784  .00004810  00000+0  96749-3 0  9995",
        "tle_line2": "2 33832  74.0528  73.7009 0019459  85.2612 330.9821 14.61745660894675"
      },
      "geometry": {
        "type": "Point",
        "coordinates": [
          39.413523126217335,
          -61.634525563992696
        ]
      }
    },
    {
      "type": "Feature",
      "properties": {
        "norad_id": 33835,
        "name": "COSMOS 2251 DEB",
        "group": "cosmos-2251-debris",
        "lat": 36.50476618770058,
        "lon": 130.01466951551197,
        "alt_km": 712.4325377822925,
        "timestamp": "2026-02-23T07:17:29.431338+00:00",
        "meta_object_name": "COSMOS 2251 DEB",
        "meta_object_id": "1993-036CC",
        "meta_epoch": "2026-02-22T17:39:24.657120",
        "meta_mean_motion": 14.63075366,
        "meta_eccentricity": 0.0054223,
        "meta_inclination": 74.0588,
        "meta_ra_of_asc_node": 323.3145,
        "meta_arg_of_pericenter": 355.8182,
        "meta_mean_anomaly": 34.4857,
        "meta_ephemeris_type": 0,
        "meta_classification_type": "U",
        "meta_norad_cat_id": 33835,
        "meta_element_set_no": 999,
        "meta_rev_at_epoch": 89842,
        "meta_bstar": 0.00086002153,
        "meta_mean_motion_dot": 4.482e-05,
        "meta_mean_motion_ddot": 0,
        "tle_line1": "1 33835U 93036CC  26053.73570205  .00004482  00000+0  86002-3 0  9994",
        "tle_line2": "2 33835  74.0588 323.3145 0054223 355.8182  34.4857 14.63075366898428"
      },
      "geometry": {
        "type": "Point",
        "coordinates": [
          130.01466951551197,
          36.50476618770058
        ]
      }
    },
    {
      "type": "Feature",
      "properties": {
        "norad_id": 33836,
        "name": "COSMOS 2251 DEB",
        "group": "cosmos-2251-debris",
        "lat": 63.554191100849536,
        "lon": -99.64511871132154,
        "alt_km": 637.4121309559787,
        "timestamp": "2026-02-23T07:17:29.431361+00:00",
        "meta_object_name": "COSMOS 2251 DEB",
        "meta_object_id": "1993-036CD",
        "meta_epoch": "2026-02-22T15:16:17.819040",
        "meta_mean_motion": 14.81156493,
        "meta_eccentricity": 0.0027005,
        "meta_inclination": 73.9958,
        "meta_ra_of_asc_node": 116.917,
        "meta_arg_of_pericenter": 307.0514,
        "meta_mean_anomaly": 206.4396,
        "meta_ephemeris_type": 0,
        "meta_classification_type": "U",
        "meta_norad_cat_id": 33836,
        "meta_element_set_no": 999,
        "meta_rev_at_epoch": 65152,
        "meta_bstar": 0.0012178,
        "meta_mean_motion_dot": 9.508e-05,
        "meta_mean_motion_ddot": 0,
        "tle_line1": "1 33836U 93036CD  26053.63631735  .00009508  00000+0  12178-2 0  9996",
        "tle_line2": "2 33836  73.9958 116.9170 0027005 307.0514 206.4396 14.81156493651526"
      },
      "geometry": {
        "type": "Point",
        "coordinates": [
          -99.64511871132154,
          63.554191100849536
        ]
      }
    },
    {
      "type": "Feature",
      "properties": {
        "norad_id": 33837,
        "name": "COSMOS 2251 DEB",
        "group": "cosmos-2251-debris",
        "lat": -65.26733690261347,
        "lon": -119.53278689724684,
        "alt_km": 752.7455269231277,
        "timestamp": "2026-02-23T07:17:29.431374+00:00",
        "meta_object_name": "COSMOS 2251 DEB",
        "meta_object_id": "1993-036CE",
        "meta_epoch": "2026-02-22T01:49:56.623584",
        "meta_mean_motion": 14.50877569,
        "meta_eccentricity": 0.00336756,
        "meta_inclination": 74.0107,
        "meta_ra_of_asc_node": 281.2743,
        "meta_arg_of_pericenter": 126.7618,
        "meta_mean_anomaly": 233.6643,
        "meta_ephemeris_type": 0,
        "meta_classification_type": "U",
        "meta_norad_cat_id": 33837,
        "meta_element_set_no": 999,
        "meta_rev_at_epoch": 89830,
        "meta_bstar": 0.00016411436,
        "meta_mean_motion_dot": 6.24e-06,
        "meta_mean_motion_ddot": 0,
        "tle_line1": "1 33837U 93036CE  26053.07634981  .00000624  00000+0  16411-3 0  9996",
        "tle_line2": "2 33837  74.0107 281.2743 0033675 126.7618 233.6643 14.50877569898304"
      },
      "geometry": {
        "type": "Point",
        "coordinates": [
          -119.53278689724684,
          -65.26733690261347
        ]
      }
    },
    {
      "type": "Feature",
      "properties": {
        "norad_id": 33838,
        "name": "COSMOS 2251 DEB",
        "group": "cosmos-2251-debris",
        "lat": -70.14598962696304,
        "lon": -38.544864455122436,
        "alt_km": 754.0804994251157,
        "timestamp": "2026-02-23T07:17:29.431385+00:00",
        "meta_object_name": "COSMOS 2251 DEB",
        "meta_object_id": "1993-036CF",
        "meta_epoch": "2026-02-22T22:00:15.219648",
        "meta_mean_motion": 14.48623675,
        "meta_eccentricity": 0.00252094,
        "meta_inclination": 74.0382,
        "meta_ra_of_asc_node": 14.6124,
        "meta_arg_of_pericenter": 121.1368,
        "meta_mean_anomaly": 303.5032,
        "meta_ephemeris_type": 0,
        "meta_classification_type": "U",
        "meta_norad_cat_id": 33838,
        "meta_element_set_no": 999,
        "meta_rev_at_epoch": 89614,
        "meta_bstar": 0.00040289904,
        "meta_mean_motion_dot": 1.495e-05,
        "meta_mean_motion_ddot": 0,
        "tle_line1": "1 33838U 93036CF  26053.91684282  .00001495  00000+0  40290-3 0  9998",
        "tle_line2": "2 33838  74.0382  14.6124 0025209 121.1368 303.5032 14.48623675896149"
      },
      "geometry": {
        "type": "Point",
        "coordinates": [
          -38.544864455122436,
          -70.14598962696304
        ]
      }
    },
    {
      "type": "Feature",
      "properties": {
        "norad_id": 33839,
        "name": "COSMOS 2251 DEB",
        "group": "cosmos-2251-debris",
        "lat": 70.06856556443701,
        "lon": 119.14263378855694,
        "alt_km": 664.7272937048083,
        "timestamp": "2026-02-23T07:17:29.431395+00:00",
        "meta_object_name": "COSMOS 2251 DEB",
        "meta_object_id": "1993-036CG",
        "meta_epoch": "2026-02-22T01:42:29.729088",
        "meta_mean_motion": 14.64680805,
        "meta_eccentricity": 0.00835936,
        "meta_inclination": 74.0372,
        "meta_ra_of_asc_node": 69.3861,
        "meta_arg_of_pericenter": 165.0431,
        "meta_mean_anomaly": 257.0279,
        "meta_ephemeris_type": 0,
        "meta_classification_type": "U",
        "meta_norad_cat_id": 33839,
        "meta_element_set_no": 999,
        "meta_rev_at_epoch": 90624,
        "meta_bstar": 0.00015309293,
        "meta_mean_motion_dot": 8.24e-06,
        "meta_mean_motion_ddot": 0,
        "tle_line1": "1 33839U 93036CG  26053.07117742  .00000824  00000+0  15309-3 0  9996",
        "tle_line2": "2 33839  74.0372  69.3861 0083593 165.0431 257.0279 14.64680805906247"
      },
      "geometry": {
        "type": "Point",
        "coordinates": [
          119.14263378855694,
          70.06856556443701
        ]
      }
    },
    {
      "type": "Feature",
      "properties": {
        "norad_id": 33841,
        "name": "COSMOS 2251 DEB",
        "group": "cosmos-2251-debris",
        "lat": 54.61947183561635,
        "lon": 168.19954221755492,
        "alt_km": 773.608447031278,
        "timestamp": "2026-02-23T07:17:29.431405+00:00",
        "meta_object_name": "COSMOS 2251 DEB",
        "meta_object_id": "1993-036CJ",
        "meta_epoch": "2026-02-22T23:30:20.129760",
        "meta_mean_motion": 14.37979145,
        "meta_eccentricity": 0.0021302,
        "meta_inclination": 74.0383,
        "meta_ra_of_asc_node": 145.0294,
        "meta_arg_of_pericenter": 215.2942,
        "meta_mean_anomaly": 324.1389,
        "meta_ephemeris_type": 0,
        "meta_classification_type": "U",
        "meta_norad_cat_id": 33841,
        "meta_element_set_no": 999,
        "meta_rev_at_epoch": 89152,
        "meta_bstar": 0.00020489811,
        "meta_mean_motion_dot": 5.95e-06,
        "meta_mean_motion_ddot": 0,
        "tle_line1": "1 33841U 93036CJ  26053.97939965  .00000595  00000+0  20490-3 0  9999",
        "tle_line2": "2 33841  74.0383 145.0294 0021302 215.2942 324.1389 14.37979145891529"
      },
      "geometry": {
        "type": "Point",
        "coordinates": [
          168.19954221755492,
          54.61947183561635
        ]
      }
    },
    {
      "type": "Feature",
      "properties": {
        "norad_id": 33842,
        "name": "COSMOS 2251 DEB",
        "group": "cosmos-2251-debris",
        "lat": 33.4192199354188,
        "lon": -105.94889498307799,
        "alt_km": 718.6052976801175,
        "timestamp": "2026-02-23T07:17:29.431415+00:00",
        "meta_object_name": "COSMOS 2251 DEB",
        "meta_object_id": "1993-036CK",
        "meta_epoch": "2026-02-22T02:19:57.268704",
        "meta_mean_motion": 14.42887294,
        "meta_eccentricity": 0.00467128,
        "meta_inclination": 74.0314,
        "meta_ra_of_asc_node": 87.182,
        "meta_arg_of_pericenter": 180.6319,
        "meta_mean_anomaly": 179.4787,
        "meta_ephemeris_type": 0,
        "meta_classification_type": "U",
        "meta_norad_cat_id": 33842,
        "meta_element_set_no": 999,
        "meta_rev_at_epoch": 89366,
        "meta_bstar": 0.0002046006,
        "meta_mean_motion_dot": 6.66e-06,
        "meta_mean_motion_ddot": 0,
        "tle_line1": "1 33842U 93036CK  26053.09719061  .00000666  00000+0  20460-3 0  9992",
        "tle_line2": "2 33842  74.0314  87.1820 0046712 180.6319 179.4787 14.42887294893669"
      },
      "geometry": {
        "type": "Point",
        "coordinates": [
          -105.94889498307799,
          33.4192199354188
        ]
      }
    },
    {
      "type": "Feature",
      "properties": {
        "norad_id": 33844,
        "name": "COSMOS 2251 DEB",
        "group": "cosmos-2251-debris",
        "lat": -67.11159856555679,
        "lon": 142.866985536589,
        "alt_km": 755.524365605077,
        "timestamp": "2026-02-23T07:17:29.431425+00:00",
        "meta_object_name": "COSMOS 2251 DEB",
        "meta_object_id": "1993-036CM",
        "meta_epoch": "2026-02-22T17:05:11.990976",
        "meta_mean_motion": 14.33924735,
        "meta_eccentricity": 0.00488974,
        "meta_inclination": 74.065,
        "meta_ra_of_asc_node": 281.3586,
        "meta_arg_of_pericenter": 285.6611,
        "meta_mean_anomaly": 153.8782,
        "meta_ephemeris_type": 0,
        "meta_classification_type": "U",
        "meta_norad_cat_id": 33844,
        "meta_element_set_no": 999,
        "meta_rev_at_epoch": 88757,
        "meta_bstar": 0.00028976456,
        "meta_mean_motion_dot": 7.92e-06,
        "meta_mean_motion_ddot": 0,
        "tle_line1": "1 33844U 93036CM  26053.71194434  .00000792  00000+0  28976-3 0  9994",
        "tle_line2": "2 33844  74.0650 281.3586 0048897 285.6611 153.8782 14.33924735887574"
      },
      "geometry": {
        "type": "Point",
        "coordinates": [
          142.866985536589,
          -67.11159856555679
        ]
      }
    },
    {
      "type": "Feature",
      "properties": {
        "norad_id": 33848,
        "name": "COSMOS 2251 DEB",
        "group": "cosmos-2251-debris",
        "lat": -47.00485219503867,
        "lon": -155.33089880386592,
        "alt_km": 728.1779316030215,
        "timestamp": "2026-02-23T07:17:29.431435+00:00",
        "meta_object_name": "COSMOS 2251 DEB",
        "meta_object_id": "1993-036CR",
        "meta_epoch": "2026-02-22T22:17:42.645984",
        "meta_mean_motion": 14.44660168,
        "meta_eccentricity": 0.00432905,
        "meta_inclination": 74.0296,
        "meta_ra_of_asc_node": 223.2545,
        "meta_arg_of_pericenter": 265.1073,
        "meta_mean_anomaly": 256.3728,
        "meta_ephemeris_type": 0,
        "meta_classification_type": "U",
        "meta_norad_cat_id": 33848,
        "meta_element_set_no": 999,
        "meta_rev_at_epoch": 88873,
        "meta_bstar": 0.0010348919,
        "meta_mean_motion_dot": 3.601e-05,
        "meta_mean_motion_ddot": 0,
        "tle_line1": "1 33848U 93036CR  26053.92896581  .00003601  00000+0  10349-2 0  9999",
        "tle_line2": "2 33848  74.0296 223.2545 0043290 265.1073 256.3728 14.44660168888738"
      },
      "geometry": {
        "type": "Point",
        "coordinates": [
          -155.33089880386592,
          -47.00485219503867
        ]
      }
    },
    {
      "type": "Feature",
      "properties": {
        "norad_id": 33892,
        "name": "COSMOS 2251 DEB",
        "group": "cosmos-2251-debris",
        "lat": 0.48399621300370727,
        "lon": 149.5101914830252,
        "alt_km": 895.2311151326703,
        "timestamp": "2026-02-23T07:17:29.431446+00:00",
        "meta_object_name": "COSMOS 2251 DEB",
        "meta_object_id": "1993-036CV",
        "meta_epoch": "2026-02-22T05:52:34.180320",
        "meta_mean_motion": 14.23625956,
        "meta_eccentricity": 0.0113388,
        "meta_inclination": 73.8045,
        "meta_ra_of_asc_node": 331.5827,
        "meta_arg_of_pericenter": 349.1075,
        "meta_mean_anomaly": 165.3777,
        "meta_ephemeris_type": 0,
        "meta_classification_type": "U",
        "meta_norad_cat_id": 33892,
        "meta_element_set_no": 999,
        "meta_rev_at_epoch": 87972,
        "meta_bstar": 0.00068522512,
        "meta_mean_motion_dot": 1.642e-05,
        "meta_mean_motion_ddot": 0,
        "tle_line1": "1 33892U 93036CV  26053.24484005  .00001642  00000+0  68523-3 0  9998",
        "tle_line2": "2 33892  73.8045 331.5827 0113388 349.1075 165.3777 14.23625956879728"
      },
      "geometry": {
        "type": "Point",
        "coordinates": [
          149.5101914830252,
          0.48399621300370727
        ]
      }
    },
    {
      "type": "Feature",
      "properties": {
        "norad_id": 33894,
        "name": "COSMOS 2251 DEB",
        "group": "cosmos-2251-debris",
        "lat": 66.57255883298579,
        "lon": -80.94534324073712,
        "alt_km": 1022.7023673840868,
        "timestamp": "2026-02-23T07:17:29.431460+00:00",
        "meta_object_name": "COSMOS 2251 DEB",
        "meta_object_id": "1993-036CX",
        "meta_epoch": "2026-02-22T21:49:39.279360",
        "meta_mean_motion": 13.21437963,
        "meta_eccentricity": 0.05730514,
        "meta_inclination": 73.7628,
        "meta_ra_of_asc_node": 237.4041,
        "meta_arg_of_pericenter": 146.4815,
        "meta_mean_anomaly": 217.396,
        "meta_ephemeris_type": 0,
        "meta_classification_type": "U",
        "meta_norad_cat_id": 33894,
        "meta_element_set_no": 999,
        "meta_rev_at_epoch": 81661,
        "meta_bstar": 0.0017878667,
        "meta_mean_motion_dot": 1.734e-05,
        "meta_mean_motion_ddot": 0,
        "tle_line1": "1 33894U 93036CX  26053.90948240  .00001734  00000+0  17879-2 0  9998",
        "tle_line2": "2 33894  73.7628 237.4041 0573051 146.4815 217.3960 13.21437963816612"
      },
      "geometry": {
        "type": "Point",
        "coordinates": [
          -80.94534324073712,
          66.57255883298579
        ]
      }
    },
    {
      "type": "Feature",
      "properties": {
        "norad_id": 33896,
        "name": "COSMOS 2251 DEB",
        "group": "cosmos-2251-debris",
        "lat": -26.159176625841617,
        "lon": -146.86266501814544,
        "alt_km": 745.7566226155677,
        "timestamp": "2026-02-23T07:17:29.431470+00:00",
        "meta_object_name": "COSMOS 2251 DEB",
        "meta_object_id": "1993-036CZ",
        "meta_epoch": "2026-02-21T09:22:07.675104",
        "meta_mean_motion": 14.19298797,
        "meta_eccentricity": 0.01267916,
        "meta_inclination": 73.7674,
        "meta_ra_of_asc_node": 28.3843,
        "meta_arg_of_pericenter": 193.4981,
        "meta_mean_anomaly": 320.3737,
        "meta_ephemeris_type": 0,
        "meta_classification_type": "U",
        "meta_norad_cat_id": 33896,
        "meta_element_set_no": 999,
        "meta_rev_at_epoch": 87742,
        "meta_bstar": 0.00035886243,
        "meta_mean_motion_dot": 7.89e-06,
        "meta_mean_motion_ddot": 0,
        "tle_line1": "1 33896U 93036CZ  26052.39036661  .00000789  00000+0  35886-3 0  9995",
        "tle_line2": "2 33896  73.7674  28.3843 0126791 193.4981 320.3737 14.19298797877424"
      },
      "geometry": {
        "type": "Point",
        "coordinates": [
          -146.86266501814544,
          -26.159176625841617
        ]
      }
    },
    {
      "type": "Feature",
      "properties": {
        "norad_id": 33899,
        "name": "COSMOS 2251 DEB",
        "group": "cosmos-2251-debris",
        "lat": 53.28198129177049,
        "lon": 104.51161959552319,
        "alt_km": 709.7163391186468,
        "timestamp": "2026-02-23T07:17:29.431484+00:00",
        "meta_object_name": "COSMOS 2251 DEB",
        "meta_object_id": "1993-036DC",
        "meta_epoch": "2026-02-22T17:50:44.955168",
        "meta_mean_motion": 14.61911257,
        "meta_eccentricity": 0.00568312,
        "meta_inclination": 74.0537,
        "meta_ra_of_asc_node": 308.1231,
        "meta_arg_of_pericenter": 350.0951,
        "meta_mean_anomaly": 65.6512,
        "meta_ephemeris_type": 0,
        "meta_classification_type": "U",
        "meta_norad_cat_id": 33899,
        "meta_element_set_no": 999,
        "meta_rev_at_epoch": 89891,
        "meta_bstar": 0.00060877101,
        "meta_mean_motion_dot": 3.087e-05,
        "meta_mean_motion_ddot": 0,
        "tle_line1": "1 33899U 93036DC  26053.74357587  .00003087  00000+0  60877-3 0  9993",
        "tle_line2": "2 33899  74.0537 308.1231 0056831 350.0951  65.6512 14.61911257898911"
      },
      "geometry": {
        "type": "Point",
        "coordinates": [
          104.51161959552319,
          53.28198129177049
        ]
      }
    },
    {
      "type": "Feature",
      "properties": {
        "norad_id": 33900,
        "name": "COSMOS 2251 DEB",
        "group": "cosmos-2251-debris",
        "lat": 74.00442753474513,
        "lon": -47.611129221586495,
        "alt_km": 694.1525493110039,
        "timestamp": "2026-02-23T07:17:29.431497+00:00",
        "meta_object_name": "COSMOS 2251 DEB",
        "meta_object_id": "1993-036DD",
        "meta_epoch": "2026-02-22T19:39:31.271616",
        "meta_mean_motion": 14.58699419,
        "meta_eccentricity": 0.00479266,
        "meta_inclination": 74.016,
        "meta_ra_of_asc_node": 222.4917,
        "meta_arg_of_pericenter": 353.8706,
        "meta_mean_anomaly": 71.5338,
        "meta_ephemeris_type": 0,
        "meta_classification_type": "U",
        "meta_norad_cat_id": 33900,
        "meta_element_set_no": 999,
        "meta_rev_at_epoch": 90087,
        "meta_bstar": 0.0003964899,
        "meta_mean_motion_dot": 1.849e-05,
        "meta_mean_motion_ddot": 0,
        "tle_line1": "1 33900U 93036DD  26053.81911194  .00001849  00000+0  39649-3 0  9991",
        "tle_line2": "2 33900  74.0160 222.4917 0047926 353.8706  71.5338 14.58699419900879"
      },
      "geometry": {
        "type": "Point",
        "coordinates": [
          -47.611129221586495,
          74.00442753474513
        ]
      }
    },
    {
      "type": "Feature",
      "properties": {
        "norad_id": 33901,
        "name": "COSMOS 2251 DEB",
        "group": "cosmos-2251-debris",
        "lat": -14.030043652054237,
        "lon": 78.65945353740669,
        "alt_km": 509.6703607793597,
        "timestamp": "2026-02-23T07:17:29.431507+00:00",
        "meta_object_name": "COSMOS 2251 DEB",
        "meta_object_id": "1993-036DE",
        "meta_epoch": "2026-02-22T22:34:41.357280",
        "meta_mean_motion": 15.26462331,
        "meta_eccentricity": 0.00278639,
        "meta_inclination": 73.7711,
        "meta_ra_of_asc_node": 255.2661,
        "meta_arg_of_pericenter": 18.368,
        "meta_mean_anomaly": 341.8519,
        "meta_ephemeris_type": 0,
        "meta_classification_type": "U",
        "meta_norad_cat_id": 33901,
        "meta_element_set_no": 999,
        "meta_rev_at_epoch": 90611,
        "meta_bstar": 0.0026123076,
        "meta_mean_motion_dot": 0.00069504,
        "meta_mean_motion_ddot": 0,
        "tle_line1": "1 33901U 93036DE  26053.94075645  .00069504  00000+0  26123-2 0  9992",
        "tle_line2": "2 33901  73.7711 255.2661 0027863  18.3680 341.8519 15.26462331906114"
      },
      "geometry": {
        "type": "Point",
        "coordinates": [
          78.65945353740669,
          -14.030043652054237
        ]
      }
    },
    {
      "type": "Feature",
      "properties": {
        "norad_id": 33905,
        "name": "COSMOS 2251 DEB",
        "group": "cosmos-2251-debris",
        "lat": -73.71653691146301,
        "lon": 84.06116863519091,
        "alt_km": 813.4648774009511,
        "timestamp": "2026-02-23T07:17:29.431517+00:00",
        "meta_object_name": "COSMOS 2251 DEB",
        "meta_object_id": "1993-036DJ",
        "meta_epoch": "2026-02-21T19:30:22.382784",
        "meta_mean_motion": 14.35686034,
        "meta_eccentricity": 0.0056748,
        "meta_inclination": 73.886,
        "meta_ra_of_asc_node": 185.0679,
        "meta_arg_of_pericenter": 57.1674,
        "meta_mean_anomaly": 67.4685,
        "meta_ephemeris_type": 0,
        "meta_classification_type": "U",
        "meta_norad_cat_id": 33905,
        "meta_element_set_no": 999,
        "meta_rev_at_epoch": 88707,
        "meta_bstar": 0.000532,
        "meta_mean_motion_dot": 1.538e-05,
        "meta_mean_motion_ddot": 0,
        "tle_line1": "1 33905U 93036DJ  26052.81275906  .00001538  00000+0  53200-3 0  9993",
        "tle_line2": "2 33905  73.8860 185.0679 0056748  57.1674  67.4685 14.35686034887076"
      },
      "geometry": {
        "type": "Point",
        "coordinates": [
          84.06116863519091,
          -73.71653691146301
        ]
      }
    },
    {
      "type": "Feature",
      "properties": {
        "norad_id": 33906,
        "name": "COSMOS 2251 DEB",
        "group": "cosmos-2251-debris",
        "lat": -12.973638291215076,
        "lon": 7.224229628713805,
        "alt_km": 678.1412451998813,
        "timestamp": "2026-02-23T07:17:29.431527+00:00",
        "meta_object_name": "COSMOS 2251 DEB",
        "meta_object_id": "1993-036DK",
        "meta_epoch": "2026-02-22T07:27:43.315200",
        "meta_mean_motion": 14.58448611,
        "meta_eccentricity": 0.00346281,
        "meta_inclination": 74.03,
        "meta_ra_of_asc_node": 185.3313,
        "meta_arg_of_pericenter": 205.4346,
        "meta_mean_anomaly": 177.0146,
        "meta_ephemeris_type": 0,
        "meta_classification_type": "U",
        "meta_norad_cat_id": 33906,
        "meta_element_set_no": 999,
        "meta_rev_at_epoch": 89051,
        "meta_bstar": 0.0022255507,
        "meta_mean_motion_dot": 0.00010397,
        "meta_mean_motion_ddot": 0,
        "tle_line1": "1 33906U 93036DK  26053.31091800  .00010397  00000+0  22256-2 0  9998",
        "tle_line2": "2 33906  74.0300 185.3313 0034628 205.4346 177.0146 14.58448611890519"
      },
      "geometry": {
        "type": "Point",
        "coordinates": [
          7.224229628713805,
          -12.973638291215076
        ]
      }
    },
    {
      "type": "Feature",
      "properties": {
        "norad_id": 33907,
        "name": "COSMOS 2251 DEB",
        "group": "cosmos-2251-debris",
        "lat": 37.68198004782531,
        "lon": -85.51946822287493,
        "alt_km": 795.1991944108568,
        "timestamp": "2026-02-23T07:17:29.431537+00:00",
        "meta_object_name": "COSMOS 2251 DEB",
        "meta_object_id": "1993-036DL",
        "meta_epoch": "2026-02-22T14:41:22.975008",
        "meta_mean_motion": 14.3160787,
        "meta_eccentricity": 0.0113034,
        "meta_inclination": 74.0689,
        "meta_ra_of_asc_node": 262.9935,
        "meta_arg_of_pericenter": 301.8506,
        "meta_mean_anomaly": 132.7619,
        "meta_ephemeris_type": 0,
        "meta_classification_type": "U",
        "meta_norad_cat_id": 33907,
        "meta_element_set_no": 999,
        "meta_rev_at_epoch": 87608,
        "meta_bstar": 0.0013819,
        "meta_mean_motion_dot": 3.922e-05,
        "meta_mean_motion_ddot": 0,
        "tle_line1": "1 33907U 93036DL  26053.61207147  .00003922  00000+0  13819-2 0  9996",
        "tle_line2": "2 33907  74.0689 262.9935 0113034 301.8506 132.7619 14.31607870876084"
      },
      "geometry": {
        "type": "Point",
        "coordinates": [
          -85.51946822287493,
          37.68198004782531
        ]
      }
    },
    {
      "type": "Feature",
      "properties": {
        "norad_id": 33908,
        "name": "COSMOS 2251 DEB",
        "group": "cosmos-2251-debris",
        "lat": 64.62866135627694,
        "lon": -140.7799983421204,
        "alt_km": 714.6778058306236,
        "timestamp": "2026-02-23T07:17:29.431548+00:00",
        "meta_object_name": "COSMOS 2251 DEB",
        "meta_object_id": "1993-036DM",
        "meta_epoch": "2026-02-22T03:30:21.337920",
        "meta_mean_motion": 14.08053177,
        "meta_eccentricity": 0.02152462,
        "meta_inclination": 73.8359,
        "meta_ra_of_asc_node": 78.9807,
        "meta_arg_of_pericenter": 89.666,
        "meta_mean_anomaly": 272.9137,
        "meta_ephemeris_type": 0,
        "meta_classification_type": "U",
        "meta_norad_cat_id": 33908,
        "meta_element_set_no": 999,
        "meta_rev_at_epoch": 86478,
        "meta_bstar": 0.00061431657,
        "meta_mean_motion_dot": 1.269e-05,
        "meta_mean_motion_ddot": 0,
        "tle_line1": "1 33908U 93036DM  26053.14608030  .00001269  00000+0  61432-3 0  9998",
        "tle_line2": "2 33908  73.8359  78.9807 0215246  89.6660 272.9137 14.08053177864784"
      },
      "geometry": {
        "type": "Point",
        "coordinates": [
          -140.7799983421204,
          64.62866135627694
        ]
      }
    },
    {
      "type": "Feature",
      "properties": {
        "norad_id": 33911,
        "name": "COSMOS 2251 DEB",
        "group": "cosmos-2251-debris",
        "lat": 27.66853317283527,
        "lon": 28.904715473691976,
        "alt_km": 639.0774624040714,
        "timestamp": "2026-02-23T07:17:29.431558+00:00",
        "meta_object_name": "COSMOS 2251 DEB",
        "meta_object_id": "1993-036DQ",
        "meta_epoch": "2026-02-22T16:49:09.438816",
        "meta_mean_motion": 14.76987601,
        "meta_eccentricity": 0.00165938,
        "meta_inclination": 74.0918,
        "meta_ra_of_asc_node": 21.4823,
        "meta_arg_of_pericenter": 291.4309,
        "meta_mean_anomaly": 132.3806,
        "meta_ephemeris_type": 0,
        "meta_classification_type": "U",
        "meta_norad_cat_id": 33911,
        "meta_element_set_no": 999,
        "meta_rev_at_epoch": 89706,
        "meta_bstar": 0.002423289,
        "meta_mean_motion_dot": 0.00017126,
        "meta_mean_motion_ddot": 0,
        "tle_line1": "1 33911U 93036DQ  26053.70080369  .00017126  00000+0  24233-2 0  9999",
        "tle_line2": "2 33911  74.0918  21.4823 0016593 291.4309 132.3806 14.76987601897062"
      },
      "geometry": {
        "type": "Point",
        "coordinates": [
          28.904715473691976,
          27.66853317283527
        ]
      }
    },
    {
      "type": "Feature",
      "properties": {
        "norad_id": 33912,
        "name": "COSMOS 2251 DEB",
        "group": "cosmos-2251-debris",
        "lat": -13.03942767665226,
        "lon": -123.22858302592984,
        "alt_km": 719.695017946322,
        "timestamp": "2026-02-23T07:17:29.431568+00:00",
        "meta_object_name": "COSMOS 2251 DEB",
        "meta_object_id": "1993-036DR",
        "meta_epoch": "2026-02-21T23:06:57.178656",
        "meta_mean_motion": 14.52432561,
        "meta_eccentricity": 0.00083281,
        "meta_inclination": 74.0334,
        "meta_ra_of_asc_node": 55.4963,
        "meta_arg_of_pericenter": 127.7011,
        "meta_mean_anomaly": 258.5745,
        "meta_ephemeris_type": 0,
        "meta_classification_type": "U",
        "meta_norad_cat_id": 33912,
        "meta_element_set_no": 999,
        "meta_rev_at_epoch": 89467,
        "meta_bstar": 0.00059784102,
        "meta_mean_motion_dot": 2.411e-05,
        "meta_mean_motion_ddot": 0,
        "tle_line1": "1 33912U 93036DR  26052.96316179  .00002411  00000+0  59784-3 0  9999",
        "tle_line2": "2 33912  74.0334  55.4963 0008328 127.7011 258.5745 14.52432561894676"
      },
      "geometry": {
        "type": "Point",
        "coordinates": [
          -123.22858302592984,
          -13.03942767665226
        ]
      }
    },
    {
      "type": "Feature",
      "properties": {
        "norad_id": 33913,
        "name": "COSMOS 2251 DEB",
        "group": "cosmos-2251-debris",
        "lat": 73.34781974484797,
        "lon": 120.8339062297958,
        "alt_km": 700.8792177047962,
        "timestamp": "2026-02-23T07:17:29.431578+00:00",
        "meta_object_name": "COSMOS 2251 DEB",
        "meta_object_id": "1993-036DS",
        "meta_epoch": "2026-02-22T01:19:53.065056",
        "meta_mean_motion": 14.48846203,
        "meta_eccentricity": 0.00456712,
        "meta_inclination": 74.0327,
        "meta_ra_of_asc_node": 49.9891,
        "meta_arg_of_pericenter": 137.4529,
        "meta_mean_anomaly": 279.7017,
        "meta_ephemeris_type": 0,
        "meta_classification_type": "U",
        "meta_norad_cat_id": 33913,
        "meta_element_set_no": 999,
        "meta_rev_at_epoch": 89490,
        "meta_bstar": 0.00039251777,
        "meta_mean_motion_dot": 1.476e-05,
        "meta_mean_motion_ddot": 0,
        "tle_line1": "1 33913U 93036DS  26053.05547529  .00001476  00000+0  39252-3 0  9994",
        "tle_line2": "2 33913  74.0327  49.9891 0045671 137.4529 279.7017 14.48846203894901"
      },
      "geometry": {
        "type": "Point",
        "coordinates": [
          120.8339062297958,
          73.34781974484797
        ]
      }
    },
    {
      "type": "Feature",
      "properties": {
        "norad_id": 33914,
        "name": "COSMOS 2251 DEB",
        "group": "cosmos-2251-debris",
        "lat": -25.439063330780517,
        "lon": 83.29487442786682,
        "alt_km": 1152.0794028381251,
        "timestamp": "2026-02-23T07:17:29.431588+00:00",
        "meta_object_name": "COSMOS 2251 DEB",
        "meta_object_id": "1993-036DT",
        "meta_epoch": "2026-02-22T22:01:09.181632",
        "meta_mean_motion": 13.72099408,
        "meta_eccentricity": 0.03032684,
        "meta_inclination": 74.0875,
        "meta_ra_of_asc_node": 256.1329,
        "meta_arg_of_pericenter": 342.2329,
        "meta_mean_anomaly": 119.0387,
        "meta_ephemeris_type": 0,
        "meta_classification_type": "U",
        "meta_norad_cat_id": 33914,
        "meta_element_set_no": 999,
        "meta_rev_at_epoch": 85071,
        "meta_bstar": 0.00027275942,
        "meta_mean_motion_dot": 3.21e-06,
        "meta_mean_motion_ddot": 0,
        "tle_line1": "1 33914U 93036DT  26053.91746738  .00000321  00000+0  27276-3 0  9994",
        "tle_line2": "2 33914  74.0875 256.1329 0303268 342.2329 119.0387 13.72099408850711"
      },
      "geometry": {
        "type": "Point",
        "coordinates": [
          83.29487442786682,
          -25.439063330780517
        ]
      }
    },
    {
      "type": "Feature",
      "properties": {
        "norad_id": 33915,
        "name": "COSMOS 2251 DEB",
        "group": "cosmos-2251-debris",
        "lat": -68.35762007097141,
        "lon": 127.25025194779802,
        "alt_km": 766.854842248722,
        "timestamp": "2026-02-23T07:17:29.431598+00:00",
        "meta_object_name": "COSMOS 2251 DEB",
        "meta_object_id": "1993-036DU",
        "meta_epoch": "2026-02-22T22:01:40.079136",
        "meta_mean_motion": 14.35327999,
        "meta_eccentricity": 0.01058469,
        "meta_inclination": 74.0404,
        "meta_ra_of_asc_node": 261.8027,
        "meta_arg_of_pericenter": 335.8847,
        "meta_mean_anomaly": 86.8057,
        "meta_ephemeris_type": 0,
        "meta_classification_type": "U",
        "meta_norad_cat_id": 33915,
        "meta_element_set_no": 999,
        "meta_rev_at_epoch": 88793,
        "meta_bstar": 0.00032048263,
        "meta_mean_motion_dot": 9.51e-06,
        "meta_mean_motion_ddot": 0,
        "tle_line1": "1 33915U 93036DU  26053.91782499  .00000951  00000+0  32048-3 0  9991",
        "tle_line2": "2 33915  74.0404 261.8027 0105846 335.8847  86.8057 14.35327999887931"
      },
      "geometry": {
        "type": "Point",
        "coordinates": [
          127.25025194779802,
          -68.35762007097141
        ]
      }
    },
    {
      "type": "Feature",
      "properties": {
        "norad_id": 33916,
        "name": "COSMOS 2251 DEB",
        "group": "cosmos-2251-debris",
        "lat": -50.52410832049228,
        "lon": -98.95426432661483,
        "alt_km": 1161.4765707988208,
        "timestamp": "2026-02-23T07:17:29.431620+00:00",
        "meta_object_name": "COSMOS 2251 DEB",
        "meta_object_id": "1993-036DV",
        "meta_epoch": "2026-02-22T17:49:41.007072",
        "meta_mean_motion": 13.6868296,
        "meta_eccentricity": 0.03236296,
        "meta_inclination": 74.05,
        "meta_ra_of_asc_node": 282.2842,
        "meta_arg_of_pericenter": 78.2199,
        "meta_mean_anomaly": 348.2799,
        "meta_ephemeris_type": 0,
        "meta_classification_type": "U",
        "meta_norad_cat_id": 33916,
        "meta_element_set_no": 999,
        "meta_rev_at_epoch": 84876,
        "meta_bstar": 0.00040817579,
        "meta_mean_motion_dot": 4.86e-06,
        "meta_mean_motion_ddot": 0,
        "tle_line1": "1 33916U 93036DV  26053.74283573  .00000486  00000+0  40818-3 0  9999",
        "tle_line2": "2 33916  74.0500 282.2842 0323629  78.2199 348.2799 13.68682960848763"
      },
      "geometry": {
        "type": "Point",
        "coordinates": [
          -98.95426432661483,
          -50.52410832049228
        ]
      }
    },
    {
      "type": "Feature",
      "properties": {
        "norad_id": 33917,
        "name": "COSMOS 2251 DEB",
        "group": "cosmos-2251-debris",
        "lat": -60.1606365401376,
        "lon": -146.83278233549544,
        "alt_km": 1229.6566054474642,
        "timestamp": "2026-02-23T07:17:29.431632+00:00",
        "meta_object_name": "COSMOS 2251 DEB",
        "meta_object_id": "1993-036DW",
        "meta_epoch": "2026-02-22T21:21:46.419840",
        "meta_mean_motion": 13.69609377,
        "meta_eccentricity": 0.03287777,
        "meta_inclination": 74.1097,
        "meta_ra_of_asc_node": 4.0714,
        "meta_arg_of_pericenter": 88.2512,
        "meta_mean_anomaly": 275.6227,
        "meta_ephemeris_type": 0,
        "meta_classification_type": "U",
        "meta_norad_cat_id": 33917,
        "meta_element_set_no": 999,
        "meta_rev_at_epoch": 84721,
        "meta_bstar": 0.0014560179,
        "meta_mean_motion_dot": 1.839e-05,
        "meta_mean_motion_ddot": 0,
        "tle_line1": "1 33917U 93036DW  26053.89012060  .00001839  00000+0  14560-2 0  9994",
        "tle_line2": "2 33917  74.1097   4.0714 0328777  88.2512 275.6227 13.69609377847213"
      },
      "geometry": {
        "type": "Point",
        "coordinates": [
          -146.83278233549544,
          -60.1606365401376
        ]
      }
    },
    {
      "type": "Feature",
      "properties": {
        "norad_id": 33920,
        "name": "COSMOS 2251 DEB",
        "group": "cosmos-2251-debris",
        "lat": -73.38764073004847,
        "lon": 87.08438930947575,
        "alt_km": 713.2090562302719,
        "timestamp": "2026-02-23T07:17:29.431643+00:00",
        "meta_object_name": "COSMOS 2251 DEB",
        "meta_object_id": "1993-036DZ",
        "meta_epoch": "2026-02-22T07:00:37.923840",
        "meta_mean_motion": 14.59656808,
        "meta_eccentricity": 0.00327322,
        "meta_inclination": 74.0607,
        "meta_ra_of_asc_node": 162.326,
        "meta_arg_of_pericenter": 155.4548,
        "meta_mean_anomaly": 204.8185,
        "meta_ephemeris_type": 0,
        "meta_classification_type": "U",
        "meta_norad_cat_id": 33920,
        "meta_element_set_no": 999,
        "meta_rev_at_epoch": 89158,
        "meta_bstar": 0.0017349373,
        "meta_mean_motion_dot": 8.306e-05,
        "meta_mean_motion_ddot": 0,
        "tle_line1": "1 33920U 93036DZ  26053.29210560  .00008306  00000+0  17349-2 0  9991",
        "tle_line2": "2 33920  74.0607 162.3260 0032732 155.4548 204.8185 14.59656808891583"
      },
      "geometry": {
        "type": "Point",
        "coordinates": [
          87.08438930947575,
          -73.38764073004847
        ]
      }
    },
    {
      "type": "Feature",
      "properties": {
        "norad_id": 33922,
        "name": "COSMOS 2251 DEB",
        "group": "cosmos-2251-debris",
        "lat": 24.40444873729294,
        "lon": -175.78798337052524,
        "alt_km": 715.4980453178559,
        "timestamp": "2026-02-23T07:17:29.431656+00:00",
        "meta_object_name": "COSMOS 2251 DEB",
        "meta_object_id": "1993-036EB",
        "meta_epoch": "2026-02-22T22:33:38.170368",
        "meta_mean_motion": 14.49802029,
        "meta_eccentricity": 0.00207714,
        "meta_inclination": 74.0487,
        "meta_ra_of_asc_node": 12.3503,
        "meta_arg_of_pericenter": 106.7526,
        "meta_mean_anomaly": 309.5784,
        "meta_ephemeris_type": 0,
        "meta_classification_type": "U",
        "meta_norad_cat_id": 33922,
        "meta_element_set_no": 999,
        "meta_rev_at_epoch": 89624,
        "meta_bstar": 0.00044788176,
        "meta_mean_motion_dot": 1.705e-05,
        "meta_mean_motion_ddot": 0,
        "tle_line1": "1 33922U 93036EB  26053.94002512  .00001705  00000+0  44788-3 0  9995",
        "tle_line2": "2 33922  74.0487  12.3503 0020771 106.7526 309.5784 14.49802029896243"
      },
      "geometry": {
        "type": "Point",
        "coordinates": [
          -175.78798337052524,
          24.40444873729294
        ]
      }
    },
    {
      "type": "Feature",
      "properties": {
        "norad_id": 33924,
        "name": "COSMOS 2251 DEB",
        "group": "cosmos-2251-debris",
        "lat": 58.606729758929795,
        "lon": -178.22519871980086,
        "alt_km": 1173.3137791287872,
        "timestamp": "2026-02-23T07:17:29.431666+00:00",
        "meta_object_name": "COSMOS 2251 DEB",
        "meta_object_id": "1993-036ED",
        "meta_epoch": "2026-02-22T16:44:19.077792",
        "meta_mean_motion": 13.50356892,
        "meta_eccentricity": 0.04022567,
        "meta_inclination": 73.914,
        "meta_ra_of_asc_node": 154.5308,
        "meta_arg_of_pericenter": 177.149,
        "meta_mean_anomaly": 183.2054,
        "meta_ephemeris_type": 0,
        "meta_classification_type": "U",
        "meta_norad_cat_id": 33924,
        "meta_element_set_no": 999,
        "meta_rev_at_epoch": 83710,
        "meta_bstar": 0.00086566361,
        "meta_mean_motion_dot": 8.96e-06,
        "meta_mean_motion_ddot": 0,
        "tle_line1": "1 33924U 93036ED  26053.69744303  .00000896  00000+0  86566-3 0  9990",
        "tle_line2": "2 33924  73.9140 154.5308 0402256 177.1490 183.2054 13.50356892837105"
      },
      "geometry": {
        "type": "Point",
        "coordinates": [
          -178.22519871980086,
          58.606729758929795
        ]
      }
    },
    {
      "type": "Feature",
      "properties": {
        "norad_id": 33928,
        "name": "COSMOS 2251 DEB",
        "group": "cosmos-2251-debris",
        "lat": 24.583667535426642,
        "lon": 88.34191007560568,
        "alt_km": 700.0515417634206,
        "timestamp": "2026-02-23T07:17:29.431676+00:00",
        "meta_object_name": "COSMOS 2251 DEB",
        "meta_object_id": "1993-036EH",
        "meta_epoch": "2026-02-22T15:39:03.132576",
        "meta_mean_motion": 14.47586177,
        "meta_eccentricity": 0.00612071,
        "meta_inclination": 73.9236,
        "meta_ra_of_asc_node": 277.15,
        "meta_arg_of_pericenter": 197.6347,
        "meta_mean_anomaly": 162.2688,
        "meta_ephemeris_type": 0,
        "meta_classification_type": "U",
        "meta_norad_cat_id": 33928,
        "meta_element_set_no": 999,
        "meta_rev_at_epoch": 89685,
        "meta_bstar": 0.00019884084,
        "meta_mean_motion_dot": 7.2e-06,
        "meta_mean_motion_ddot": 0,
        "tle_line1": "1 33928U 93036EH  26053.65211959  .00000720  00000+0  19884-3 0  9991",
        "tle_line2": "2 33928  73.9236 277.1500 0061207 197.6347 162.2688 14.47586177896851"
      },
      "geometry": {
        "type": "Point",
        "coordinates": [
          88.34191007560568,
          24.583667535426642
        ]
      }
    },
    {
      "type": "Feature",
      "properties": {
        "norad_id": 33932,
        "name": "COSMOS 2251 DEB",
        "group": "cosmos-2251-debris",
        "lat": -20.02491303327542,
        "lon": 8.048319299895248,
        "alt_km": 747.3641761391727,
        "timestamp": "2026-02-23T07:17:29.431686+00:00",
        "meta_object_name": "COSMOS 2251 DEB",
        "meta_object_id": "1993-036EM",
        "meta_epoch": "2026-02-22T17:00:37.409184",
        "meta_mean_motion": 14.38992495,
        "meta_eccentricity": 0.00372334,
        "meta_inclination": 74.0337,
        "meta_ra_of_asc_node": 183.1564,
        "meta_arg_of_pericenter": 245.6793,
        "meta_mean_anomaly": 114.0471,
        "meta_ephemeris_type": 0,
        "meta_classification_type": "U",
        "meta_norad_cat_id": 33932,
        "meta_element_set_no": 999,
        "meta_rev_at_epoch": 89033,
        "meta_bstar": 0.00045926144,
        "meta_mean_motion_dot": 1.402e-05,
        "meta_mean_motion_ddot": 0,
        "tle_line1": "1 33932U 93036EM  26053.70876631  .00001402  00000+0  45926-3 0  9990",
        "tle_line2": "2 33932  74.0337 183.1564 0037233 245.6793 114.0471 14.38992495890333"
      },
      "geometry": {
        "type": "Point",
        "coordinates": [
          8.048319299895248,
          -20.02491303327542
        ]
      }
    },
    {
      "type": "Feature",
      "properties": {
        "norad_id": 33933,
        "name": "COSMOS 2251 DEB",
        "group": "cosmos-2251-debris",
        "lat": 66.4717373463606,
        "lon": 66.92820232291965,
        "alt_km": 823.8366710841401,
        "timestamp": "2026-02-23T07:17:29.431696+00:00",
        "meta_object_name": "COSMOS 2251 DEB",
        "meta_object_id": "1993-036EN",
        "meta_epoch": "2026-02-22T02:19:04.185408",
        "meta_mean_motion": 14.3368478,
        "meta_eccentricity": 0.0072572,
        "meta_inclination": 74.0882,
        "meta_ra_of_asc_node": 290.0616,
        "meta_arg_of_pericenter": 280.5427,
        "meta_mean_anomaly": 78.7555,
        "meta_ephemeris_type": 0,
        "meta_classification_type": "U",
        "meta_norad_cat_id": 33933,
        "meta_element_set_no": 999,
        "meta_rev_at_epoch": 88807,
        "meta_bstar": 0.00019795066,
        "meta_mean_motion_dot": 5.39e-06,
        "meta_mean_motion_ddot": 0,
        "tle_line1": "1 33933U 93036EN  26053.09657622  .00000539  00000+0  19795-3 0  9995",
        "tle_line2": "2 33933  74.0882 290.0616 0072572 280.5427  78.7555 14.33684780888079"
      },
      "geometry": {
        "type": "Point",
        "coordinates": [
          66.92820232291965,
          66.4717373463606
        ]
      }
    },
    {
      "type": "Feature",
      "properties": {
        "norad_id": 33934,
        "name": "COSMOS 2251 DEB",
        "group": "cosmos-2251-debris",
        "lat": 43.869779162894055,
        "lon": 126.27164382702601,
        "alt_km": 686.4130461059203,
        "timestamp": "2026-02-23T07:17:29.431707+00:00",
        "meta_object_name": "COSMOS 2251 DEB",
        "meta_object_id": "1993-036EP",
        "meta_epoch": "2026-02-22T17:31:26.493600",
        "meta_mean_motion": 14.59781656,
        "meta_eccentricity": 0.00137857,
        "meta_inclination": 74.039,
        "meta_ra_of_asc_node": 323.3346,
        "meta_arg_of_pericenter": 65.4716,
        "meta_mean_anomaly": 294.7885,
        "meta_ephemeris_type": 0,
        "meta_classification_type": "U",
        "meta_norad_cat_id": 33934,
        "meta_element_set_no": 999,
        "meta_rev_at_epoch": 89789,
        "meta_bstar": 0.00076297557,
        "meta_mean_motion_dot": 3.621e-05,
        "meta_mean_motion_ddot": 0,
        "tle_line1": "1 33934U 93036EP  26053.73016775  .00003621  00000+0  76298-3 0  9991",
        "tle_line2": "2 33934  74.0390 323.3346 0013785  65.4716 294.7885 14.59781656897890"
      },
      "geometry": {
        "type": "Point",
        "coordinates": [
          126.27164382702601,
          43.869779162894055
        ]
      }
    },
    {
      "type": "Feature",
      "properties": {
        "norad_id": 33936,
        "name": "COSMOS 2251 DEB",
        "group": "cosmos-2251-debris",
        "lat": -8.987286214381225,
        "lon": -103.8627677024149,
        "alt_km": 679.6822721850558,
        "timestamp": "2026-02-23T07:17:29.431717+00:00",
        "meta_object_name": "COSMOS 2251 DEB",
        "meta_object_id": "1993-036ER",
        "meta_epoch": "2026-02-22T23:06:57.984768",
        "meta_mean_motion": 14.60821368,
        "meta_eccentricity": 0.00270489,
        "meta_inclination": 74.015,
        "meta_ra_of_asc_node": 259.3871,
        "meta_arg_of_pericenter": 31.9776,
        "meta_mean_anomaly": 328.3024,
        "meta_ephemeris_type": 0,
        "meta_classification_type": "U",
        "meta_norad_cat_id": 33936,
        "meta_element_set_no": 999,
        "meta_rev_at_epoch": 89944,
        "meta_bstar": 0.00056896914,
        "meta_mean_motion_dot": 2.765e-05,
        "meta_mean_motion_ddot": 0,
        "tle_line1": "1 33936U 93036ER  26053.96317112  .00002765  00000+0  56897-3 0  9998",
        "tle_line2": "2 33936  74.0150 259.3871 0027048  31.9776 328.3024 14.60821368899447"
      },
      "geometry": {
        "type": "Point",
        "coordinates": [
          -103.8627677024149,
          -8.987286214381225
        ]
      }
    },
    {
      "type": "Feature",
      "properties": {
        "norad_id": 33938,
        "name": "COSMOS 2251 DEB",
        "group": "cosmos-2251-debris",
        "lat": -68.23421285712487,
        "lon": -62.56583047603638,
        "alt_km": 745.5494610005126,
        "timestamp": "2026-02-23T07:17:29.431727+00:00",
        "meta_object_name": "COSMOS 2251 DEB",
        "meta_object_id": "1993-036ET",
        "meta_epoch": "2026-02-22T19:20:26.329920",
        "meta_mean_motion": 14.4710207,
        "meta_eccentricity": 0.00145783,
        "meta_inclination": 74.0434,
        "meta_ra_of_asc_node": 72.5918,
        "meta_arg_of_pericenter": 146.1429,
        "meta_mean_anomaly": 35.6132,
        "meta_ephemeris_type": 0,
        "meta_classification_type": "U",
        "meta_norad_cat_id": 33938,
        "meta_element_set_no": 999,
        "meta_rev_at_epoch": 89442,
        "meta_bstar": 0.00037539756,
        "meta_mean_motion_dot": 1.343e-05,
        "meta_mean_motion_ddot": 0,
        "tle_line1": "1 33938U 93036ET  26053.80586030  .00001343  00000+0  37540-3 0  9995",
        "tle_line2": "2 33938  74.0434  72.5918 0014578 146.1429  35.6132 14.47102070894427"
      },
      "geometry": {
        "type": "Point",
        "coordinates": [
          -62.56583047603638,
          -68.23421285712487
        ]
      }
    },
    {
      "type": "Feature",
      "properties": {
        "norad_id": 33939,
        "name": "COSMOS 2251 DEB",
        "group": "cosmos-2251-debris",
        "lat": 43.41878064139239,
        "lon": -52.23590641306222,
        "alt_km": 539.0591572395015,
        "timestamp": "2026-02-23T07:17:29.431737+00:00",
        "meta_object_name": "COSMOS 2251 DEB",
        "meta_object_id": "1993-036EU",
        "meta_epoch": "2026-02-22T16:45:43.392960",
        "meta_mean_motion": 15.08171521,
        "meta_eccentricity": 0.00021812,
        "meta_inclination": 74.0037,
        "meta_ra_of_asc_node": 293.2609,
        "meta_arg_of_pericenter": 240.5478,
        "meta_mean_anomaly": 119.5496,
        "meta_ephemeris_type": 0,
        "meta_classification_type": "U",
        "meta_norad_cat_id": 33939,
        "meta_element_set_no": 999,
        "meta_rev_at_epoch": 89834,
        "meta_bstar": 0.0045184063,
        "meta_mean_motion_dot": 0.00070525,
        "meta_mean_motion_ddot": 0,
        "tle_line1": "1 33939U 93036EU  26053.69841890  .00070525  00000+0  45184-2 0  9991",
        "tle_line2": "2 33939  74.0037 293.2609 0002181 240.5478 119.5496 15.08171521898341"
      },
      "geometry": {
        "type": "Point",
        "coordinates": [
          -52.23590641306222,
          43.41878064139239
        ]
      }
    },
    {
      "type": "Feature",
      "properties": {
        "norad_id": 33940,
        "name": "COSMOS 2251 DEB",
        "group": "cosmos-2251-debris",
        "lat": 70.18018498031712,
        "lon": 57.79142091331655,
        "alt_km": 681.502097262919,
        "timestamp": "2026-02-23T07:17:29.431747+00:00",
        "meta_object_name": "COSMOS 2251 DEB",
        "meta_object_id": "1993-036EV",
        "meta_epoch": "2026-02-22T21:12:21.294720",
        "meta_mean_motion": 14.5959736,
        "meta_eccentricity": 0.00085166,
        "meta_inclination": 74.042,
        "meta_ra_of_asc_node": 6.0382,
        "meta_arg_of_pericenter": 63.6403,
        "meta_mean_anomaly": 327.2269,
        "meta_ephemeris_type": 0,
        "meta_classification_type": "U",
        "meta_norad_cat_id": 33940,
        "meta_element_set_no": 999,
        "meta_rev_at_epoch": 89646,
        "meta_bstar": 0.0011592109,
        "meta_mean_motion_dot": 5.492e-05,
        "meta_mean_motion_ddot": 0,
        "tle_line1": "1 33940U 93036EV  26053.88357980  .00005492  00000+0  11592-2 0  9993",
        "tle_line2": "2 33940  74.0420   6.0382 0008516  63.6403 327.2269 14.59597360896462"
      },
      "geometry": {
        "type": "Point",
        "coordinates": [
          57.79142091331655,
          70.18018498031712
        ]
      }
    },
    {
      "type": "Feature",
      "properties": {
        "norad_id": 33942,
        "name": "COSMOS 2251 DEB",
        "group": "cosmos-2251-debris",
        "lat": 25.935071325558077,
        "lon": -46.820139103609876,
        "alt_km": 756.3119575999726,
        "timestamp": "2026-02-23T07:17:29.431757+00:00",
        "meta_object_name": "COSMOS 2251 DEB",
        "meta_object_id": "1993-036EX",
        "meta_epoch": "2026-02-22T22:46:24.280032",
        "meta_mean_motion": 14.38106713,
        "meta_eccentricity": 0.00210849,
        "meta_inclination": 74.037,
        "meta_ra_of_asc_node": 141.8351,
        "meta_arg_of_pericenter": 215.1299,
        "meta_mean_anomaly": 261.1749,
        "meta_ephemeris_type": 0,
        "meta_classification_type": "U",
        "meta_norad_cat_id": 33942,
        "meta_element_set_no": 999,
        "meta_rev_at_epoch": 89172,
        "meta_bstar": 0.00020058591,
        "meta_mean_motion_dot": 5.83e-06,
        "meta_mean_motion_ddot": 0,
        "tle_line1": "1 33942U 93036EX  26053.94889213  .00000583  00000+0  20059-3 0  9996",
        "tle_line2": "2 33942  74.0370 141.8351 0021084 215.1299 261.1749 14.38106713891722"
      },
      "geometry": {
        "type": "Point",
        "coordinates": [
          -46.820139103609876,
          25.935071325558077
        ]
      }
    },
    {
      "type": "Feature",
      "properties": {
        "norad_id": 33944,
        "name": "COSMOS 2251 DEB",
        "group": "cosmos-2251-debris",
        "lat": -44.98559274820407,
        "lon": 12.023422231652297,
        "alt_km": 702.5920065430619,
        "timestamp": "2026-02-23T07:17:29.431767+00:00",
        "meta_object_name": "COSMOS 2251 DEB",
        "meta_object_id": "1993-036EZ",
        "meta_epoch": "2026-02-22T17:25:59.087712",
        "meta_mean_motion": 14.37515753,
        "meta_eccentricity": 0.01143477,
        "meta_inclination": 74.0406,
        "meta_ra_of_asc_node": 176.4658,
        "meta_arg_of_pericenter": 259.1696,
        "meta_mean_anomaly": 221.6899,
        "meta_ephemeris_type": 0,
        "meta_classification_type": "U",
        "meta_norad_cat_id": 33944,
        "meta_element_set_no": 999,
        "meta_rev_at_epoch": 89062,
        "meta_bstar": 0.00031863287,
        "meta_mean_motion_dot": 1e-05,
        "meta_mean_motion_ddot": 0,
        "tle_line1": "1 33944U 93036EZ  26053.72637833  .00001000  00000+0  31863-3 0  9993",
        "tle_line2": "2 33944  74.0406 176.4658 0114347 259.1696 221.6899 14.37515753890624"
      },
      "geometry": {
        "type": "Point",
        "coordinates": [
          12.023422231652297,
          -44.98559274820407
        ]
      }
    },
    {
      "type": "Feature",
      "properties": {
        "norad_id": 33945,
        "name": "COSMOS 2251 DEB",
        "group": "cosmos-2251-debris",
        "lat": 9.564440964152347,
        "lon": 176.06516784882328,
        "alt_km": 786.8433404211819,
        "timestamp": "2026-02-23T07:17:29.431777+00:00",
        "meta_object_name": "COSMOS 2251 DEB",
        "meta_object_id": "1993-036FA",
        "meta_epoch": "2026-02-22T16:11:00.014208",
        "meta_mean_motion": 14.3466682,
        "meta_eccentricity": 0.00237659,
        "meta_inclination": 74.0303,
        "meta_ra_of_asc_node": 174.4526,
        "meta_arg_of_pericenter": 247.7384,
        "meta_mean_anomaly": 112.1247,
        "meta_ephemeris_type": 0,
        "meta_classification_type": "U",
        "meta_norad_cat_id": 33945,
        "meta_element_set_no": 999,
        "meta_rev_at_epoch": 89047,
        "meta_bstar": 0.00014124604,
        "meta_mean_motion_dot": 3.74e-06,
        "meta_mean_motion_ddot": 0,
        "tle_line1": "1 33945U 93036FA  26053.67430572  .00000374  00000+0  14125-3 0  9994",
        "tle_line2": "2 33945  74.0303 174.4526 0023765 247.7384 112.1247 14.34666820890476"
      },
      "geometry": {
        "type": "Point",
        "coordinates": [
          176.06516784882328,
          9.564440964152347
        ]
      }
    },
    {
      "type": "Feature",
      "properties": {
        "norad_id": 33948,
        "name": "COSMOS 2251 DEB",
        "group": "cosmos-2251-debris",
        "lat": 46.81280119731759,
        "lon": -25.767437818087686,
        "alt_km": 772.5953445340829,
        "timestamp": "2026-02-23T07:17:29.431787+00:00",
        "meta_object_name": "COSMOS 2251 DEB",
        "meta_object_id": "1993-036FD",
        "meta_epoch": "2026-02-22T17:18:16.503840",
        "meta_mean_motion": 14.35723074,
        "meta_eccentricity": 0.00242344,
        "meta_inclination": 74.0361,
        "meta_ra_of_asc_node": 173.0573,
        "meta_arg_of_pericenter": 236.6951,
        "meta_mean_anomaly": 123.1881,
        "meta_ephemeris_type": 0,
        "meta_classification_type": "U",
        "meta_norad_cat_id": 33948,
        "meta_element_set_no": 999,
        "meta_rev_at_epoch": 89056,
        "meta_bstar": 0.00019237258,
        "meta_mean_motion_dot": 5.31e-06,
        "meta_mean_motion_ddot": 0,
        "tle_line1": "1 33948U 93036FD  26053.72102435  .00000531  00000+0  19237-3 0  9991",
        "tle_line2": "2 33948  74.0361 173.0573 0024234 236.6951 123.1881 14.35723074890561"
      },
      "geometry": {
        "type": "Point",
        "coordinates": [
          -25.767437818087686,
          46.81280119731759
        ]
      }
    },
    {
      "type": "Feature",
      "properties": {
        "norad_id": 33971,
        "name": "COSMOS 2251 DEB",
        "group": "cosmos-2251-debris",
        "lat": -14.707610488488411,
        "lon": -56.07503265676622,
        "alt_km": 749.960728644829,
        "timestamp": "2026-02-23T07:17:29.431797+00:00",
        "meta_object_name": "COSMOS 2251 DEB",
        "meta_object_id": "1993-036FE",
        "meta_epoch": "2026-02-22T22:52:25.629888",
        "meta_mean_motion": 14.39879722,
        "meta_eccentricity": 0.00193369,
        "meta_inclination": 74.0244,
        "meta_ra_of_asc_node": 120.2607,
        "meta_arg_of_pericenter": 212.2336,
        "meta_mean_anomaly": 325.6841,
        "meta_ephemeris_type": 0,
        "meta_classification_type": "U",
        "meta_norad_cat_id": 33971,
        "meta_element_set_no": 999,
        "meta_rev_at_epoch": 89178,
        "meta_bstar": 0.00023320395,
        "meta_mean_motion_dot": 7.08e-06,
        "meta_mean_motion_ddot": 0,
        "tle_line1": "1 33971U 93036FE  26053.95307442  .00000708  00000+0  23320-3 0  9991",
        "tle_line2": "2 33971  74.0244 120.2607 0019336 212.2336 325.6841 14.39879722891789"
      },
      "geometry": {
        "type": "Point",
        "coordinates": [
          -56.07503265676622,
          -14.707610488488411
        ]
      }
    },
    {
      "type": "Feature",
      "properties": {
        "norad_id": 33972,
        "name": "COSMOS 2251 DEB",
        "group": "cosmos-2251-debris",
        "lat": 46.57940150506623,
        "lon": 74.57046835193213,
        "alt_km": 848.4428112033902,
        "timestamp": "2026-02-23T07:17:29.431808+00:00",
        "meta_object_name": "COSMOS 2251 DEB",
        "meta_object_id": "1993-036FF",
        "meta_epoch": "2026-02-22T01:15:32.427360",
        "meta_mean_motion": 14.37234021,
        "meta_eccentricity": 0.01266954,
        "meta_inclination": 73.9949,
        "meta_ra_of_asc_node": 59.2217,
        "meta_arg_of_pericenter": 212.3439,
        "meta_mean_anomaly": 205.3135,
        "meta_ephemeris_type": 0,
        "meta_classification_type": "U",
        "meta_norad_cat_id": 33972,
        "meta_element_set_no": 999,
        "meta_rev_at_epoch": 88098,
        "meta_bstar": 0.0011511395,
        "meta_mean_motion_dot": 3.734e-05,
        "meta_mean_motion_ddot": 0,
        "tle_line1": "1 33972U 93036FF  26053.05245865  .00003734  00000+0  11511-2 0  9993",
        "tle_line2": "2 33972  73.9949  59.2217 0126695 212.3439 205.3135 14.37234021880985"
      },
      "geometry": {
        "type": "Point",
        "coordinates": [
          74.57046835193213,
          46.57940150506623
        ]
      }
    },
    {
      "type": "Feature",
      "properties": {
        "norad_id": 33973,
        "name": "COSMOS 2251 DEB",
        "group": "cosmos-2251-debris",
        "lat": -73.27440693107714,
        "lon": -105.1899438392222,
        "alt_km": 773.8530638385446,
        "timestamp": "2026-02-23T07:17:29.431818+00:00",
        "meta_object_name": "COSMOS 2251 DEB",
        "meta_object_id": "1993-036FG",
        "meta_epoch": "2026-02-22T05:51:45.754848",
        "meta_mean_motion": 14.45476747,
        "meta_eccentricity": 0.00453109,
        "meta_inclination": 74.0107,
        "meta_ra_of_asc_node": 329.3746,
        "meta_arg_of_pericenter": 131.9916,
        "meta_mean_anomaly": 31.3831,
        "meta_ephemeris_type": 0,
        "meta_classification_type": "U",
        "meta_norad_cat_id": 33973,
        "meta_element_set_no": 999,
        "meta_rev_at_epoch": 89633,
        "meta_bstar": 0.00011725129,
        "meta_mean_motion_dot": 3.91e-06,
        "meta_mean_motion_ddot": 0,
        "tle_line1": "1 33973U 93036FG  26053.24427957  .00000391  00000+0  11725-3 0  9993",
        "tle_line2": "2 33973  74.0107 329.3746 0045310 131.9916  31.3831 14.45476747896330"
      },
      "geometry": {
        "type": "Point",
        "coordinates": [
          -105.1899438392222,
          -73.27440693107714
        ]
      }
    },
    {
      "type": "Feature",
      "properties": {
        "norad_id": 33975,
        "name": "COSMOS 2251 DEB",
        "group": "cosmos-2251-debris",
        "lat": 31.068567709825224,
        "lon": -33.02648382467379,
        "alt_km": 790.0189707354612,
        "timestamp": "2026-02-23T07:17:29.431829+00:00",
        "meta_object_name": "COSMOS 2251 DEB",
        "meta_object_id": "1993-036FJ",
        "meta_epoch": "2026-02-22T03:42:48.428352",
        "meta_mean_motion": 14.00649637,
        "meta_eccentricity": 0.01892318,
        "meta_inclination": 73.8027,
        "meta_ra_of_asc_node": 318.9073,
        "meta_arg_of_pericenter": 79.3047,
        "meta_mean_anomaly": 282.933,
        "meta_ephemeris_type": 0,
        "meta_classification_type": "U",
        "meta_norad_cat_id": 33975,
        "meta_element_set_no": 999,
        "meta_rev_at_epoch": 86829,
        "meta_bstar": 0.00036563683,
        "meta_mean_motion_dot": 6.12e-06,
        "meta_mean_motion_ddot": 0,
        "tle_line1": "1 33975U 93036FJ  26053.15472718  .00000612  00000+0  36564-3 0  9994",
        "tle_line2": "2 33975  73.8027 318.9073 0189231  79.3047 282.9330 14.00649637868291"
      },
      "geometry": {
        "type": "Point",
        "coordinates": [
          -33.02648382467379,
          31.068567709825224
        ]
      }
    },
    {
      "type": "Feature",
      "properties": {
        "norad_id": 33980,
        "name": "COSMOS 2251 DEB",
        "group": "cosmos-2251-debris",
        "lat": -30.396045261414727,
        "lon": -88.64130469781402,
        "alt_km": 696.7039737201085,
        "timestamp": "2026-02-23T07:17:29.431839+00:00",
        "meta_object_name": "COSMOS 2251 DEB",
        "meta_object_id": "1993-036FP",
        "meta_epoch": "2026-02-22T21:38:55.830912",
        "meta_mean_motion": 14.59176672,
        "meta_eccentricity": 0.00275247,
        "meta_inclination": 74.0188,
        "meta_ra_of_asc_node": 281.8027,
        "meta_arg_of_pericenter": 45.2426,
        "meta_mean_anomaly": 333.7203,
        "meta_ephemeris_type": 0,
        "meta_classification_type": "U",
        "meta_norad_cat_id": 33980,
        "meta_element_set_no": 999,
        "meta_rev_at_epoch": 89847,
        "meta_bstar": 0.00056756125,
        "meta_mean_motion_dot": 2.66e-05,
        "meta_mean_motion_ddot": 0,
        "tle_line1": "1 33980U 93036FP  26053.90203508  .00002660  00000+0  56756-3 0  9992",
        "tle_line2": "2 33980  74.0188 281.8027 0027524  45.2426 333.7203 14.59176672898479"
      },
      "geometry": {
        "type": "Point",
        "coordinates": [
          -88.64130469781402,
          -30.396045261414727
        ]
      }
    },
    {
      "type": "Feature",
      "properties": {
        "norad_id": 33982,
        "name": "COSMOS 2251 DEB",
        "group": "cosmos-2251-debris",
        "lat": -40.36446891745103,
        "lon": 55.692213850260174,
        "alt_km": 648.8518647629207,
        "timestamp": "2026-02-23T07:17:29.431848+00:00",
        "meta_object_name": "COSMOS 2251 DEB",
        "meta_object_id": "1993-036FR",
        "meta_epoch": "2026-02-22T17:11:30.352128",
        "meta_mean_motion": 14.60644688,
        "meta_eccentricity": 0.00761812,
        "meta_inclination": 74.0686,
        "meta_ra_of_asc_node": 222.7604,
        "meta_arg_of_pericenter": 249.7001,
        "meta_mean_anomaly": 124.9957,
        "meta_ephemeris_type": 0,
        "meta_classification_type": "U",
        "meta_norad_cat_id": 33982,
        "meta_element_set_no": 999,
        "meta_rev_at_epoch": 90210,
        "meta_bstar": 0.00051598312,
        "meta_mean_motion_dot": 2.585e-05,
        "meta_mean_motion_ddot": 0,
        "tle_line1": "1 33982U 93036FR  26053.71632352  .00002585  00000+0  51598-3 0  9991",
        "tle_line2": "2 33982  74.0686 222.7604 0076181 249.7001 124.9957 14.60644688902103"
      },
      "geometry": {
        "type": "Point",
        "coordinates": [
          55.692213850260174,
          -40.36446891745103
        ]
      }
    },
    {
      "type": "Feature",
      "properties": {
        "norad_id": 33983,
        "name": "COSMOS 2251 DEB",
        "group": "cosmos-2251-debris",
        "lat": 8.772385987111882,
        "lon": -171.8160729895104,
        "alt_km": 720.2273541696559,
        "timestamp": "2026-02-23T07:17:29.431858+00:00",
        "meta_object_name": "COSMOS 2251 DEB",
        "meta_object_id": "1993-036FS",
        "meta_epoch": "2026-02-22T22:29:40.574688",
        "meta_mean_motion": 14.51008115,
        "meta_eccentricity": 0.00187085,
        "meta_inclination": 74.0513,
        "meta_ra_of_asc_node": 11.4016,
        "meta_arg_of_pericenter": 96.9066,
        "meta_mean_anomaly": 319.7707,
        "meta_ephemeris_type": 0,
        "meta_classification_type": "U",
        "meta_norad_cat_id": 33983,
        "meta_element_set_no": 999,
        "meta_rev_at_epoch": 89676,
        "meta_bstar": 0.00046110798,
        "meta_mean_motion_dot": 1.801e-05,
        "meta_mean_motion_ddot": 0,
        "tle_line1": "1 33983U 93036FS  26053.93727517  .00001801  00000+0  46111-3 0  9999",
        "tle_line2": "2 33983  74.0513  11.4016 0018708  96.9066 319.7707 14.51008115896767"
      },
      "geometry": {
        "type": "Point",
        "coordinates": [
          -171.8160729895104,
          8.772385987111882
        ]
      }
    },
    {
      "type": "Feature",
      "properties": {
        "norad_id": 33984,
        "name": "COSMOS 2251 DEB",
        "group": "cosmos-2251-debris",
        "lat": 64.49731909242986,
        "lon": -10.060314331636524,
        "alt_km": 663.8461348368483,
        "timestamp": "2026-02-23T07:17:29.431869+00:00",
        "meta_object_name": "COSMOS 2251 DEB",
        "meta_object_id": "1993-036FT",
        "meta_epoch": "2026-02-22T03:47:10.469184",
        "meta_mean_motion": 14.6713381,
        "meta_eccentricity": 0.00233174,
        "meta_inclination": 74.0076,
        "meta_ra_of_asc_node": 209.1104,
        "meta_arg_of_pericenter": 21.4436,
        "meta_mean_anomaly": 157.7708,
        "meta_ephemeris_type": 0,
        "meta_classification_type": "U",
        "meta_norad_cat_id": 33984,
        "meta_element_set_no": 999,
        "meta_rev_at_epoch": 90113,
        "meta_bstar": 0.00073651967,
        "meta_mean_motion_dot": 4.127e-05,
        "meta_mean_motion_ddot": 0,
        "tle_line1": "1 33984U 93036FT  26053.15776006  .00004127  00000+0  73652-3 0  9995",
        "tle_line2": "2 33984  74.0076 209.1104 0023317  21.4436 157.7708 14.67133810901139"
      },
      "geometry": {
        "type": "Point",
        "coordinates": [
          -10.060314331636524,
          64.49731909242986
        ]
      }
    },
    {
      "type": "Feature",
      "properties": {
        "norad_id": 33986,
        "name": "COSMOS 2251 DEB",
        "group": "cosmos-2251-debris",
        "lat": 35.385807815578325,
        "lon": -23.885249145543415,
        "alt_km": 740.8420197608966,
        "timestamp": "2026-02-23T07:17:29.431879+00:00",
        "meta_object_name": "COSMOS 2251 DEB",
        "meta_object_id": "1993-036FV",
        "meta_epoch": "2026-02-22T18:01:37.217280",
        "meta_mean_motion": 14.43627905,
        "meta_eccentricity": 0.00417971,
        "meta_inclination": 74.0368,
        "meta_ra_of_asc_node": 168.8722,
        "meta_arg_of_pericenter": 228.6139,
        "meta_mean_anomaly": 283.5479,
        "meta_ephemeris_type": 0,
        "meta_classification_type": "U",
        "meta_norad_cat_id": 33986,
        "meta_element_set_no": 999,
        "meta_rev_at_epoch": 89067,
        "meta_bstar": 0.00079644958,
        "meta_mean_motion_dot": 2.704e-05,
        "meta_mean_motion_ddot": 0,
        "tle_line1": "1 33986U 93036FV  26053.75112520  .00002704  00000+0  79645-3 0  9995",
        "tle_line2": "2 33986  74.0368 168.8722 0041797 228.6139 283.5479 14.43627905890671"
      },
      "geometry": {
        "type": "Point",
        "coordinates": [
          -23.885249145543415,
          35.385807815578325
        ]
      }
    },
    {
      "type": "Feature",
      "properties": {
        "norad_id": 33990,
        "name": "COSMOS 2251 DEB",
        "group": "cosmos-2251-debris",
        "lat": -45.59204563633464,
        "lon": 152.37517855168727,
        "alt_km": 1287.1710322696972,
        "timestamp": "2026-02-23T07:17:29.431889+00:00",
        "meta_object_name": "COSMOS 2251 DEB",
        "meta_object_id": "1993-036FZ",
        "meta_epoch": "2026-02-22T06:47:09.206016",
        "meta_mean_motion": 13.50119437,
        "meta_eccentricity": 0.04054966,
        "meta_inclination": 73.9286,
        "meta_ra_of_asc_node": 171.1287,
        "meta_arg_of_pericenter": 178.4519,
        "meta_mean_anomaly": 209.266,
        "meta_ephemeris_type": 0,
        "meta_classification_type": "U",
        "meta_norad_cat_id": 33990,
        "meta_element_set_no": 999,
        "meta_rev_at_epoch": 83695,
        "meta_bstar": 0.00090651592,
        "meta_mean_motion_dot": 9.42e-06,
        "meta_mean_motion_ddot": 0,
        "tle_line1": "1 33990U 93036FZ  26053.28274544  .00000942  00000+0  90652-3 0  9996",
        "tle_line2": "2 33990  73.9286 171.1287 0405496 178.4519 209.2660 13.50119437836951"
      },
      "geometry": {
        "type": "Point",
        "coordinates": [
          152.37517855168727,
          -45.59204563633464
        ]
      }
    },
    {
      "type": "Feature",
      "properties": {
        "norad_id": 33992,
        "name": "COSMOS 2251 DEB",
        "group": "cosmos-2251-debris",
        "lat": -65.15520902585568,
        "lon": 159.4624068744183,
        "alt_km": 639.7169391658363,
        "timestamp": "2026-02-23T07:17:29.431899+00:00",
        "meta_object_name": "COSMOS 2251 DEB",
        "meta_object_id": "1993-036GB",
        "meta_epoch": "2026-02-22T20:53:28.249440",
        "meta_mean_motion": 14.66944967,
        "meta_eccentricity": 0.005441,
        "meta_inclination": 74.0232,
        "meta_ra_of_asc_node": 198.525,
        "meta_arg_of_pericenter": 298.3718,
        "meta_mean_anomaly": 223.4675,
        "meta_ephemeris_type": 0,
        "meta_classification_type": "U",
        "meta_norad_cat_id": 33992,
        "meta_element_set_no": 999,
        "meta_rev_at_epoch": 90182,
        "meta_bstar": 0.00083389924,
        "meta_mean_motion_dot": 4.742e-05,
        "meta_mean_motion_ddot": 0,
        "tle_line1": "1 33992U 93036GB  26053.87046585  .00004742  00000+0  83390-3 0  9998",
        "tle_line2": "2 33992  74.0232 198.5250 0054410 298.3718 223.4675 14.66944967901823"
      },
      "geometry": {
        "type": "Point",
        "coordinates": [
          159.4624068744183,
          -65.15520902585568
        ]
      }
    },
    {
      "type": "Feature",
      "properties": {
        "norad_id": 33994,
        "name": "COSMOS 2251 DEB",
        "group": "cosmos-2251-debris",
        "lat": 60.61999679416753,
        "lon": 86.66557980715979,
        "alt_km": 754.5137541308613,
        "timestamp": "2026-02-23T07:17:29.431909+00:00",
        "meta_object_name": "COSMOS 2251 DEB",
        "meta_object_id": "1993-036GD",
        "meta_epoch": "2026-02-22T18:27:42.270336",
        "meta_mean_motion": 14.41273366,
        "meta_eccentricity": 0.00230587,
        "meta_inclination": 74.0417,
        "meta_ra_of_asc_node": 57.1081,
        "meta_arg_of_pericenter": 179.425,
        "meta_mean_anomaly": 353.3099,
        "meta_ephemeris_type": 0,
        "meta_classification_type": "U",
        "meta_norad_cat_id": 33994,
        "meta_element_set_no": 999,
        "meta_rev_at_epoch": 89457,
        "meta_bstar": 8.2955864e-05,
        "meta_mean_motion_dot": 2.42e-06,
        "meta_mean_motion_ddot": 0,
        "tle_line1": "1 33994U 93036GD  26053.76923924  .00000242  00000+0  82956-4 0  9998",
        "tle_line2": "2 33994  74.0417  57.1081 0023058 179.4250 353.3099 14.41273366894573"
      },
      "geometry": {
        "type": "Point",
        "coordinates": [
          86.66557980715979,
          60.61999679416753
        ]
      }
    },
    {
      "type": "Feature",
      "properties": {
        "norad_id": 33995,
        "name": "COSMOS 2251 DEB",
        "group": "cosmos-2251-debris",
        "lat": -53.697962996404016,
        "lon": -36.332183253717815,
        "alt_km": 746.9346115766775,
        "timestamp": "2026-02-23T07:17:29.431919+00:00",
        "meta_object_name": "COSMOS 2251 DEB",
        "meta_object_id": "1993-036GE",
        "meta_epoch": "2026-02-22T06:27:34.572960",
        "meta_mean_motion": 14.35188862,
        "meta_eccentricity": 0.00602488,
        "meta_inclination": 74.0639,
        "meta_ra_of_asc_node": 348.4492,
        "meta_arg_of_pericenter": 343.1186,
        "meta_mean_anomaly": 16.796,
        "meta_ephemeris_type": 0,
        "meta_classification_type": "U",
        "meta_norad_cat_id": 33995,
        "meta_element_set_no": 999,
        "meta_rev_at_epoch": 88545,
        "meta_bstar": 0.00099691195,
        "meta_mean_motion_dot": 2.884e-05,
        "meta_mean_motion_ddot": 0,
        "tle_line1": "1 33995U 93036GE  26053.26915015  .00002884  00000+0  99691-3 0  9993",
        "tle_line2": "2 33995  74.0639 348.4492 0060248 343.1186  16.7960 14.35188862885455"
      },
      "geometry": {
        "type": "Point",
        "coordinates": [
          -36.332183253717815,
          -53.697962996404016
        ]
      }
    },
    {
      "type": "Feature",
      "properties": {
        "norad_id": 33999,
        "name": "COSMOS 2251 DEB",
        "group": "cosmos-2251-debris",
        "lat": 18.66125755467528,
        "lon": 91.43072598622521,
        "alt_km": 596.1131646522799,
        "timestamp": "2026-02-23T07:17:29.431929+00:00",
        "meta_object_name": "COSMOS 2251 DEB",
        "meta_object_id": "1993-036GJ",
        "meta_epoch": "2026-02-22T05:20:20.722848",
        "meta_mean_motion": 14.85198469,
        "meta_eccentricity": 0.00469677,
        "meta_inclination": 73.9162,
        "meta_ra_of_asc_node": 88.0011,
        "meta_arg_of_pericenter": 322.3681,
        "meta_mean_anomaly": 37.4213,
        "meta_ephemeris_type": 0,
        "meta_classification_type": "U",
        "meta_norad_cat_id": 33999,
        "meta_element_set_no": 999,
        "meta_rev_at_epoch": 90311,
        "meta_bstar": 0.0011864499,
        "meta_mean_motion_dot": 0.00010351,
        "meta_mean_motion_ddot": 0,
        "tle_line1": "1 33999U 93036GJ  26053.22246207  .00010351  00000+0  11864-2 0  9996",
        "tle_line2": "2 33999  73.9162  88.0011 0046967 322.3681  37.4213 14.85198469903117"
      },
      "geometry": {
        "type": "Point",
        "coordinates": [
          91.43072598622521,
          18.66125755467528
        ]
      }
    },
    {
      "type": "Feature",
      "properties": {
        "norad_id": 34001,
        "name": "COSMOS 2251 DEB",
        "group": "cosmos-2251-debris",
        "lat": -50.46276689677134,
        "lon": 127.8661707851407,
        "alt_km": 773.8054956076903,
        "timestamp": "2026-02-23T07:17:29.431939+00:00",
        "meta_object_name": "COSMOS 2251 DEB",
        "meta_object_id": "1993-036GL",
        "meta_epoch": "2026-02-22T17:06:19.808064",
        "meta_mean_motion": 14.37195801,
        "meta_eccentricity": 0.00208834,
        "meta_inclination": 74.0394,
        "meta_ra_of_asc_node": 149.2391,
        "meta_arg_of_pericenter": 219.865,
        "meta_mean_anomaly": 269.6528,
        "meta_ephemeris_type": 0,
        "meta_classification_type": "U",
        "meta_norad_cat_id": 34001,
        "meta_element_set_no": 999,
        "meta_rev_at_epoch": 89180,
        "meta_bstar": 0.00017456732,
        "meta_mean_motion_dot": 4.94e-06,
        "meta_mean_motion_ddot": 0,
        "tle_line1": "1 34001U 93036GL  26053.71272926  .00000494  00000+0  17457-3 0  9994",
        "tle_line2": "2 34001  74.0394 149.2391 0020883 219.8650 269.6528 14.37195801891801"
      },
      "geometry": {
        "type": "Point",
        "coordinates": [
          127.8661707851407,
          -50.46276689677134
        ]
      }
    },
    {
      "type": "Feature",
      "properties": {
        "norad_id": 34003,
        "name": "COSMOS 2251 DEB",
        "group": "cosmos-2251-debris",
        "lat": 73.84743388760369,
        "lon": -97.28530828037715,
        "alt_km": 1137.7719278513214,
        "timestamp": "2026-02-23T07:17:29.431949+00:00",
        "meta_object_name": "COSMOS 2251 DEB",
        "meta_object_id": "1993-036GN",
        "meta_epoch": "2026-02-22T06:32:56.752512",
        "meta_mean_motion": 13.84529723,
        "meta_eccentricity": 0.02780857,
        "meta_inclination": 74.0781,
        "meta_ra_of_asc_node": 164.7013,
        "meta_arg_of_pericenter": 260.6531,
        "meta_mean_anomaly": 96.3057,
        "meta_ephemeris_type": 0,
        "meta_classification_type": "U",
        "meta_norad_cat_id": 34003,
        "meta_element_set_no": 999,
        "meta_rev_at_epoch": 85415,
        "meta_bstar": 0.0019450061,
        "meta_mean_motion_dot": 2.921e-05,
        "meta_mean_motion_ddot": 0,
        "tle_line1": "1 34003U 93036GN  26053.27287908  .00002921  00000+0  19450-2 0  9994",
        "tle_line2": "2 34003  74.0781 164.7013 0278085 260.6531  96.3057 13.84529723854151"
      },
      "geometry": {
        "type": "Point",
        "coordinates": [
          -97.28530828037715,
          73.84743388760369
        ]
      }
    },
    {
      "type": "Feature",
      "properties": {
        "norad_id": 34004,
        "name": "COSMOS 2251 DEB",
        "group": "cosmos-2251-debris",
        "lat": 29.35238621888916,
        "lon": -12.300866683871709,
        "alt_km": 705.4550919903277,
        "timestamp": "2026-02-23T07:17:29.431959+00:00",
        "meta_object_name": "COSMOS 2251 DEB",
        "meta_object_id": "1993-036GP",
        "meta_epoch": "2026-02-22T17:21:22.130784",
        "meta_mean_motion": 14.49800219,
        "meta_eccentricity": 0.00305297,
        "meta_inclination": 74.0348,
        "meta_ra_of_asc_node": 178.0534,
        "meta_arg_of_pericenter": 179.1822,
        "meta_mean_anomaly": 180.9394,
        "meta_ephemeris_type": 0,
        "meta_classification_type": "U",
        "meta_norad_cat_id": 34004,
        "meta_element_set_no": 999,
        "meta_rev_at_epoch": 89073,
        "meta_bstar": 0.0014622701,
        "meta_mean_motion_dot": 5.65e-05,
        "meta_mean_motion_ddot": 0,
        "tle_line1": "1 34004U 93036GP  26053.72317281  .00005650  00000+0  14623-2 0  9992",
        "tle_line2": "2 34004  74.0348 178.0534 0030529 179.1822 180.9394 14.49800219890735"
      },
      "geometry": {
        "type": "Point",
        "coordinates": [
          -12.300866683871709,
          29.35238621888916
        ]
      }
    },
    {
      "type": "Feature",
      "properties": {
        "norad_id": 34005,
        "name": "COSMOS 2251 DEB",
        "group": "cosmos-2251-debris",
        "lat": -37.66282822993543,
        "lon": -87.6677276815644,
        "alt_km": 750.9255355986124,
        "timestamp": "2026-02-23T07:17:29.431968+00:00",
        "meta_object_name": "COSMOS 2251 DEB",
        "meta_object_id": "1993-036GQ",
        "meta_epoch": "2026-02-22T02:04:57.809280",
        "meta_mean_motion": 14.40371631,
        "meta_eccentricity": 0.00205867,
        "meta_inclination": 74.0432,
        "meta_ra_of_asc_node": 81.8222,
        "meta_arg_of_pericenter": 189.2877,
        "meta_mean_anomaly": 201.7724,
        "meta_ephemeris_type": 0,
        "meta_classification_type": "U",
        "meta_norad_cat_id": 34005,
        "meta_element_set_no": 999,
        "meta_rev_at_epoch": 89406,
        "meta_bstar": 7.8899396e-05,
        "meta_mean_motion_dot": 2.25e-06,
        "meta_mean_motion_ddot": 0,
        "tle_line1": "1 34005U 93036GQ  26053.08678020  .00000225  00000+0  78899-4 0  9993",
        "tle_line2": "2 34005  74.0432  81.8222 0020586 189.2877 201.7724 14.40371631894060"
      },
      "geometry": {
        "type": "Point",
        "coordinates": [
          -87.6677276815644,
          -37.66282822993543
        ]
      }
    },
    {
      "type": "Feature",
      "properties": {
        "norad_id": 34006,
        "name": "COSMOS 2251 DEB",
        "group": "cosmos-2251-debris",
        "lat": 73.73500001674671,
        "lon": 97.83866084278235,
        "alt_km": 561.1096543888871,
        "timestamp": "2026-02-23T07:17:29.431979+00:00",
        "meta_object_name": "COSMOS 2251 DEB",
        "meta_object_id": "1993-036GR",
        "meta_epoch": "2026-02-22T19:49:35.489280",
        "meta_mean_motion": 15.02046113,
        "meta_eccentricity": 0.0011781,
        "meta_inclination": 74.0531,
        "meta_ra_of_asc_node": 357.3492,
        "meta_arg_of_pericenter": 267.104,
        "meta_mean_anomaly": 124.0109,
        "meta_ephemeris_type": 0,
        "meta_classification_type": "U",
        "meta_norad_cat_id": 34006,
        "meta_element_set_no": 999,
        "meta_rev_at_epoch": 89748,
        "meta_bstar": 0.0047076262,
        "meta_mean_motion_dot": 0.00062386,
        "meta_mean_motion_ddot": 0,
        "tle_line1": "1 34006U 93036GR  26053.82610520  .00062386  00000+0  47076-2 0  9994",
        "tle_line2": "2 34006  74.0531 357.3492 0011781 267.1040 124.0109 15.02046113897482"
      },
      "geometry": {
        "type": "Point",
        "coordinates": [
          97.83866084278235,
          73.73500001674671
        ]
      }
    },
    {
      "type": "Feature",
      "properties": {
        "norad_id": 34007,
        "name": "COSMOS 2251 DEB",
        "group": "cosmos-2251-debris",
        "lat": 49.57785856444537,
        "lon": -133.20098161706105,
        "alt_km": 670.7010323057566,
        "timestamp": "2026-02-23T07:17:29.431988+00:00",
        "meta_object_name": "COSMOS 2251 DEB",
        "meta_object_id": "1993-036GS",
        "meta_epoch": "2026-02-22T21:13:26.307264",
        "meta_mean_motion": 14.65443621,
        "meta_eccentricity": 0.00468147,
        "meta_inclination": 74.0179,
        "meta_ra_of_asc_node": 207.944,
        "meta_arg_of_pericenter": 323.2225,
        "meta_mean_anomaly": 36.5734,
        "meta_ephemeris_type": 0,
        "meta_classification_type": "U",
        "meta_norad_cat_id": 34007,
        "meta_element_set_no": 999,
        "meta_rev_at_epoch": 90136,
        "meta_bstar": 0.00075893611,
        "meta_mean_motion_dot": 4.144e-05,
        "meta_mean_motion_ddot": 0,
        "tle_line1": "1 34007U 93036GS  26053.88433226  .00004144  00000+0  75894-3 0  9995",
        "tle_line2": "2 34007  74.0179 207.9440 0046814 323.2225  36.5734 14.65443621901365"
      },
      "geometry": {
        "type": "Point",
        "coordinates": [
          -133.20098161706105,
          49.57785856444537
        ]
      }
    },
    {
      "type": "Feature",
      "properties": {
        "norad_id": 34008,
        "name": "COSMOS 2251 DEB",
        "group": "cosmos-2251-debris",
        "lat": 53.06640265009152,
        "lon": -139.7153775736361,
        "alt_km": 785.2558711361644,
        "timestamp": "2026-02-23T07:17:29.431998+00:00",
        "meta_object_name": "COSMOS 2251 DEB",
        "meta_object_id": "1993-036GT",
        "meta_epoch": "2026-02-22T18:09:58.344192",
        "meta_mean_motion": 14.33202696,
        "meta_eccentricity": 0.00235045,
        "meta_inclination": 74.0334,
        "meta_ra_of_asc_node": 198.8975,
        "meta_arg_of_pericenter": 182.1033,
        "meta_mean_anomaly": 293.8732,
        "meta_ephemeris_type": 0,
        "meta_classification_type": "U",
        "meta_norad_cat_id": 34008,
        "meta_element_set_no": 999,
        "meta_rev_at_epoch": 88996,
        "meta_bstar": 0.00012911667,
        "meta_mean_motion_dot": 3.3e-06,
        "meta_mean_motion_ddot": 0,
        "tle_line1": "1 34008U 93036GT  26053.75692528  .00000330  00000+0  12912-3 0  9999",
        "tle_line2": "2 34008  74.0334 198.8975 0023504 182.1033 293.8732 14.33202696889967"
      },
      "geometry": {
        "type": "Point",
        "coordinates": [
          -139.7153775736361,
          53.06640265009152
        ]
      }
    },
    {
      "type": "Feature",
      "properties": {
        "norad_id": 34009,
        "name": "COSMOS 2251 DEB",
        "group": "cosmos-2251-debris",
        "lat": 61.61795406061059,
        "lon": -7.671354311409687,
        "alt_km": 791.1831805627344,
        "timestamp": "2026-02-23T07:17:29.432008+00:00",
        "meta_object_name": "COSMOS 2251 DEB",
        "meta_object_id": "1993-036GU",
        "meta_epoch": "2026-02-22T21:28:13.744128",
        "meta_mean_motion": 14.33289689,
        "meta_eccentricity": 0.00285527,
        "meta_inclination": 74.0359,
        "meta_ra_of_asc_node": 205.0688,
        "meta_arg_of_pericenter": 259.8361,
        "meta_mean_anomaly": 263.4747,
        "meta_ephemeris_type": 0,
        "meta_classification_type": "U",
        "meta_norad_cat_id": 34009,
        "meta_element_set_no": 999,
        "meta_rev_at_epoch": 88979,
        "meta_bstar": 0.00014282549,
        "meta_mean_motion_dot": 3.69e-06,
        "meta_mean_motion_ddot": 0,
        "tle_line1": "1 34009U 93036GU  26053.89460352  .00000369  00000+0  14283-3 0  9998",
        "tle_line2": "2 34009  74.0359 205.0688 0028552 259.8361 263.4747 14.33289689889798"
      },
      "geometry": {
        "type": "Point",
        "coordinates": [
          -7.671354311409687,
          61.61795406061059
        ]
      }
    },
    {
      "type": "Feature",
      "properties": {
        "norad_id": 34010,
        "name": "COSMOS 2251 DEB",
        "group": "cosmos-2251-debris",
        "lat": -60.20473485079264,
        "lon": -20.640771067149785,
        "alt_km": 456.546403846035,
        "timestamp": "2026-02-23T07:17:29.432018+00:00",
        "meta_object_name": "COSMOS 2251 DEB",
        "meta_object_id": "1993-036GV",
        "meta_epoch": "2026-02-22T22:25:02.418528",
        "meta_mean_motion": 15.36665767,
        "meta_eccentricity": 0.00171665,
        "meta_inclination": 73.9912,
        "meta_ra_of_asc_node": 130.0617,
        "meta_arg_of_pericenter": 305.8181,
        "meta_mean_anomaly": 54.1429,
        "meta_ephemeris_type": 0,
        "meta_classification_type": "U",
        "meta_norad_cat_id": 34010,
        "meta_element_set_no": 999,
        "meta_rev_at_epoch": 90387,
        "meta_bstar": 0.0052453531,
        "meta_mean_motion_dot": 0.00193578,
        "meta_mean_motion_ddot": 0,
        "tle_line1": "1 34010U 93036GV  26053.93405577  .00193578  00000+0  52454-2 0  9999",
        "tle_line2": "2 34010  73.9912 130.0617 0017166 305.8181  54.1429 15.36665767903870"
      },
      "geometry": {
        "type": "Point",
        "coordinates": [
          -20.640771067149785,
          -60.20473485079264
        ]
      }
    },
    {
      "type": "Feature",
      "properties": {
        "norad_id": 34011,
        "name": "COSMOS 2251 DEB",
        "group": "cosmos-2251-debris",
        "lat": -56.7107852527113,
        "lon": 41.3344999409731,
        "alt_km": 732.9544019293407,
        "timestamp": "2026-02-23T07:17:29.432028+00:00",
        "meta_object_name": "COSMOS 2251 DEB",
        "meta_object_id": "1993-036GW",
        "meta_epoch": "2026-02-21T19:13:03.573984",
        "meta_mean_motion": 14.42223213,
        "meta_eccentricity": 0.0038327,
        "meta_inclination": 74.0137,
        "meta_ra_of_asc_node": 198.2376,
        "meta_arg_of_pericenter": 267.923,
        "meta_mean_anomaly": 91.7537,
        "meta_ephemeris_type": 0,
        "meta_classification_type": "U",
        "meta_norad_cat_id": 34011,
        "meta_element_set_no": 999,
        "meta_rev_at_epoch": 88940,
        "meta_bstar": 0.00082103726,
        "meta_mean_motion_dot": 2.704e-05,
        "meta_mean_motion_ddot": 0,
        "tle_line1": "1 34011U 93036GW  26052.80073581  .00002704  00000+0  82104-3 0  9997",
        "tle_line2": "2 34011  74.0137 198.2376 0038327 267.9230  91.7537 14.42223213889406"
      },
      "geometry": {
        "type": "Point",
        "coordinates": [
          41.3344999409731,
          -56.7107852527113
        ]
      }
    },
    {
      "type": "Feature",
      "properties": {
        "norad_id": 34014,
        "name": "COSMOS 2251 DEB",
        "group": "cosmos-2251-debris",
        "lat": 21.261670550091015,
        "lon": -47.34918712754974,
        "alt_km": 654.9252621068636,
        "timestamp": "2026-02-23T07:17:29.432038+00:00",
        "meta_object_name": "COSMOS 2251 DEB",
        "meta_object_id": "1993-036GZ",
        "meta_epoch": "2026-02-22T23:13:58.231776",
        "meta_mean_motion": 14.74161268,
        "meta_eccentricity": 0.00403528,
        "meta_inclination": 74.0166,
        "meta_ra_of_asc_node": 139.7101,
        "meta_arg_of_pericenter": 264.228,
        "meta_mean_anomaly": 272.7231,
        "meta_ephemeris_type": 0,
        "meta_classification_type": "U",
        "meta_norad_cat_id": 34014,
        "meta_element_set_no": 999,
        "meta_rev_at_epoch": 90367,
        "meta_bstar": 0.00097563642,
        "meta_mean_motion_dot": 6.494e-05,
        "meta_mean_motion_ddot": 0,
        "tle_line1": "1 34014U 93036GZ  26053.96803509  .00006494  00000+0  97564-3 0  9995",
        "tle_line2": "2 34014  74.0166 139.7101 0040352 264.2280 272.7231 14.74161268903677"
      },
      "geometry": {
        "type": "Point",
        "coordinates": [
          -47.34918712754974,
          21.261670550091015
        ]
      }
    },
    {
      "type": "Feature",
      "properties": {
        "norad_id": 34015,
        "name": "COSMOS 2251 DEB",
        "group": "cosmos-2251-debris",
        "lat": 69.37015766756488,
        "lon": 151.18338928655209,
        "alt_km": 671.071418943824,
        "timestamp": "2026-02-23T07:17:29.432048+00:00",
        "meta_object_name": "COSMOS 2251 DEB",
        "meta_object_id": "1993-036HA",
        "meta_epoch": "2026-02-22T22:51:38.916864",
        "meta_mean_motion": 14.6080236,
        "meta_eccentricity": 0.00175743,
        "meta_inclination": 74.0252,
        "meta_ra_of_asc_node": 21.399,
        "meta_arg_of_pericenter": 102.5676,
        "meta_mean_anomaly": 314.0393,
        "meta_ephemeris_type": 0,
        "meta_classification_type": "U",
        "meta_norad_cat_id": 34015,
        "meta_element_set_no": 999,
        "meta_rev_at_epoch": 89585,
        "meta_bstar": 0.00063675351,
        "meta_mean_motion_dot": 3.088e-05,
        "meta_mean_motion_ddot": 0,
        "tle_line1": "1 34015U 93036HA  26053.95253376  .00003088  00000+0  63675-3 0  9998",
        "tle_line2": "2 34015  74.0252  21.3990 0017574 102.5676 314.0393 14.60802360895858"
      },
      "geometry": {
        "type": "Point",
        "coordinates": [
          151.18338928655209,
          69.37015766756488
        ]
      }
    },
    {
      "type": "Feature",
      "properties": {
        "norad_id": 34018,
        "name": "COSMOS 2251 DEB",
        "group": "cosmos-2251-debris",
        "lat": 29.747321038829522,
        "lon": -21.37193917539843,
        "alt_km": 806.8889037697081,
        "timestamp": "2026-02-23T07:17:29.432058+00:00",
        "meta_object_name": "COSMOS 2251 DEB",
        "meta_object_id": "1993-036HD",
        "meta_epoch": "2026-02-22T17:21:25.690464",
        "meta_mean_motion": 13.81186204,
        "meta_eccentricity": 0.02644237,
        "meta_inclination": 73.8804,
        "meta_ra_of_asc_node": 330.0991,
        "meta_arg_of_pericenter": 352.3498,
        "meta_mean_anomaly": 31.1204,
        "meta_ephemeris_type": 0,
        "meta_classification_type": "U",
        "meta_norad_cat_id": 34018,
        "meta_element_set_no": 999,
        "meta_rev_at_epoch": 85651,
        "meta_bstar": 0.00053186639,
        "meta_mean_motion_dot": 7.1e-06,
        "meta_mean_motion_ddot": 0,
        "tle_line1": "1 34018U 93036HD  26053.72321401  .00000710  00000+0  53187-3 0  9997",
        "tle_line2": "2 34018  73.8804 330.0991 0264423 352.3498  31.1204 13.81186204856518"
      },
      "geometry": {
        "type": "Point",
        "coordinates": [
          -21.37193917539843,
          29.747321038829522
        ]
      }
    },
    {
      "type": "Feature",
      "properties": {
        "norad_id": 34019,
        "name": "COSMOS 2251 DEB",
        "group": "cosmos-2251-debris",
        "lat": -52.26103733986468,
        "lon": -104.57888670910891,
        "alt_km": 815.3615851200502,
        "timestamp": "2026-02-23T07:17:29.432069+00:00",
        "meta_object_name": "COSMOS 2251 DEB",
        "meta_object_id": "1993-036HE",
        "meta_epoch": "2026-02-22T16:48:20.235744",
        "meta_mean_motion": 14.3428537,
        "meta_eccentricity": 0.00603321,
        "meta_inclination": 73.9514,
        "meta_ra_of_asc_node": 278.3649,
        "meta_arg_of_pericenter": 82.6829,
        "meta_mean_anomaly": 347.1919,
        "meta_ephemeris_type": 0,
        "meta_classification_type": "U",
        "meta_norad_cat_id": 34019,
        "meta_element_set_no": 999,
        "meta_rev_at_epoch": 88552,
        "meta_bstar": 0.00058680977,
        "meta_mean_motion_dot": 1.656e-05,
        "meta_mean_motion_ddot": 0,
        "tle_line1": "1 34019U 93036HE  26053.70023421  .00001656  00000+0  58681-3 0  9991",
        "tle_line2": "2 34019  73.9514 278.3649 0060332  82.6829 347.1919 14.34285370885525"
      },
      "geometry": {
        "type": "Point",
        "coordinates": [
          -104.57888670910891,
          -52.26103733986468
        ]
      }
    },
    {
      "type": "Feature",
      "properties": {
        "norad_id": 34021,
        "name": "COSMOS 2251 DEB",
        "group": "cosmos-2251-debris",
        "lat": -67.71567920127099,
        "lon": -142.15517189857684,
        "alt_km": 740.5767319803745,
        "timestamp": "2026-02-23T07:17:29.432079+00:00",
        "meta_object_name": "COSMOS 2251 DEB",
        "meta_object_id": "1993-036HG",
        "meta_epoch": "2026-02-22T20:19:57.813888",
        "meta_mean_motion": 14.50234051,
        "meta_eccentricity": 0.00188075,
        "meta_inclination": 74.0381,
        "meta_ra_of_asc_node": 354.403,
        "meta_arg_of_pericenter": 123.9474,
        "meta_mean_anomaly": 267.1589,
        "meta_ephemeris_type": 0,
        "meta_classification_type": "U",
        "meta_norad_cat_id": 34021,
        "meta_element_set_no": 999,
        "meta_rev_at_epoch": 89675,
        "meta_bstar": 0.00039161472,
        "meta_mean_motion_dot": 1.5e-05,
        "meta_mean_motion_ddot": 0,
        "tle_line1": "1 34021U 93036HG  26053.84719692  .00001500  00000+0  39161-3 0  9991",
        "tle_line2": "2 34021  74.0381 354.4030 0018807 123.9474 267.1589 14.50234051896756"
      },
      "geometry": {
        "type": "Point",
        "coordinates": [
          -142.15517189857684,
          -67.71567920127099
        ]
      }
    },
    {
      "type": "Feature",
      "properties": {
        "norad_id": 34022,
        "name": "COSMOS 2251 DEB",
        "group": "cosmos-2251-debris",
        "lat": 56.404479163388984,
        "lon": 162.5729802188993,
        "alt_km": 766.2757261766192,
        "timestamp": "2026-02-23T07:17:29.432093+00:00",
        "meta_object_name": "COSMOS 2251 DEB",
        "meta_object_id": "1993-036HH",
        "meta_epoch": "2026-02-22T14:38:41.254944",
        "meta_mean_motion": 14.3908666,
        "meta_eccentricity": 0.0022379,
        "meta_inclination": 74.0544,
        "meta_ra_of_asc_node": 138.3583,
        "meta_arg_of_pericenter": 192.7713,
        "meta_mean_anomaly": 235.5506,
        "meta_ephemeris_type": 0,
        "meta_classification_type": "U",
        "meta_norad_cat_id": 34022,
        "meta_element_set_no": 999,
        "meta_rev_at_epoch": 89229,
        "meta_bstar": 0.00019779,
        "meta_mean_motion_dot": 5.87e-06,
        "meta_mean_motion_ddot": 0,
        "tle_line1": "1 34022U 93036HH  26053.61019971  .00000587  00000+0  19779-3 0  9997",
        "tle_line2": "2 34022  74.0544 138.3583 0022379 192.7713 235.5506 14.39086660892290"
      },
      "geometry": {
        "type": "Point",
        "coordinates": [
          162.5729802188993,
          56.404479163388984
        ]
      }
    },
    {
      "type": "Feature",
      "properties": {
        "norad_id": 34023,
        "name": "COSMOS 2251 DEB",
        "group": "cosmos-2251-debris",
        "lat": 42.15888157455315,
        "lon": 132.47163851675498,
        "alt_km": 765.048913245073,
        "timestamp": "2026-02-23T07:17:29.432105+00:00",
        "meta_object_name": "COSMOS 2251 DEB",
        "meta_object_id": "1993-036HJ",
        "meta_epoch": "2026-02-22T14:59:21.063840",
        "meta_mean_motion": 14.40742938,
        "meta_eccentricity": 0.0018987,
        "meta_inclination": 74.0242,
        "meta_ra_of_asc_node": 118.6951,
        "meta_arg_of_pericenter": 206.6981,
        "meta_mean_anomaly": 276.0334,
        "meta_ephemeris_type": 0,
        "meta_classification_type": "U",
        "meta_norad_cat_id": 34023,
        "meta_element_set_no": 999,
        "meta_rev_at_epoch": 89249,
        "meta_bstar": 0.00025604,
        "meta_mean_motion_dot": 7.94e-06,
        "meta_mean_motion_ddot": 0,
        "tle_line1": "1 34023U 93036HJ  26053.62454935  .00000794  00000+0  25604-3 0  9996",
        "tle_line2": "2 34023  74.0242 118.6951 0018987 206.6981 276.0334 14.40742938892498"
      },
      "geometry": {
        "type": "Point",
        "coordinates": [
          132.47163851675498,
          42.15888157455315
        ]
      }
    },
    {
      "type": "Feature",
      "properties": {
        "norad_id": 34024,
        "name": "COSMOS 2251 DEB",
        "group": "cosmos-2251-debris",
        "lat": 43.09307552034329,
        "lon": -12.5376519490987,
        "alt_km": 768.8579617233445,
        "timestamp": "2026-02-23T07:17:29.432114+00:00",
        "meta_object_name": "COSMOS 2251 DEB",
        "meta_object_id": "1993-036HK",
        "meta_epoch": "2026-02-22T17:49:51.223872",
        "meta_mean_motion": 14.35489425,
        "meta_eccentricity": 0.00219134,
        "meta_inclination": 74.0466,
        "meta_ra_of_asc_node": 184.0125,
        "meta_arg_of_pericenter": 223.5703,
        "meta_mean_anomaly": 254.1027,
        "meta_ephemeris_type": 0,
        "meta_classification_type": "U",
        "meta_norad_cat_id": 34024,
        "meta_element_set_no": 999,
        "meta_rev_at_epoch": 89057,
        "meta_bstar": 0.00019107075,
        "meta_mean_motion_dot": 5.25e-06,
        "meta_mean_motion_ddot": 0,
        "tle_line1": "1 34024U 93036HK  26053.74295398  .00000525  00000+0  19107-3 0  9999",
        "tle_line2": "2 34024  74.0466 184.0125 0021913 223.5703 254.1027 14.35489425890576"
      },
      "geometry": {
        "type": "Point",
        "coordinates": [
          -12.5376519490987,
          43.09307552034329
        ]
      }
    },
    {
      "type": "Feature",
      "properties": {
        "norad_id": 34026,
        "name": "COSMOS 2251 DEB",
        "group": "cosmos-2251-debris",
        "lat": 71.7485933249076,
        "lon": -25.463758460905716,
        "alt_km": 770.9191685815913,
        "timestamp": "2026-02-23T07:17:29.432124+00:00",
        "meta_object_name": "COSMOS 2251 DEB",
        "meta_object_id": "1993-036HM",
        "meta_epoch": "2026-02-22T18:49:12.154080",
        "meta_mean_motion": 13.65463817,
        "meta_eccentricity": 0.03482247,
        "meta_inclination": 73.7642,
        "meta_ra_of_asc_node": 217.4761,
        "meta_arg_of_pericenter": 75.9544,
        "meta_mean_anomaly": 347.4582,
        "meta_ephemeris_type": 0,
        "meta_classification_type": "U",
        "meta_norad_cat_id": 34026,
        "meta_element_set_no": 999,
        "meta_rev_at_epoch": 84515,
        "meta_bstar": 0.00081618194,
        "meta_mean_motion_dot": 9.87e-06,
        "meta_mean_motion_ddot": 0,
        "tle_line1": "1 34026U 93036HM  26053.78416845  .00000987  00000+0  81618-3 0  9995",
        "tle_line2": "2 34026  73.7642 217.4761 0348224  75.9544 347.4582 13.65463817845151"
      },
      "geometry": {
        "type": "Point",
        "coordinates": [
          -25.463758460905716,
          71.7485933249076
        ]
      }
    },
    {
      "type": "Feature",
      "properties": {
        "norad_id": 34028,
        "name": "COSMOS 2251 DEB",
        "group": "cosmos-2251-debris",
        "lat": -40.37151629322398,
        "lon": -138.2422219946245,
        "alt_km": 880.111260025672,
        "timestamp": "2026-02-23T07:17:29.432135+00:00",
        "meta_object_name": "COSMOS 2251 DEB",
        "meta_object_id": "1993-036HP",
        "meta_epoch": "2026-02-22T18:51:18.509760",
        "meta_mean_motion": 13.20711635,
        "meta_eccentricity": 0.05453713,
        "meta_inclination": 73.8793,
        "meta_ra_of_asc_node": 236.7859,
        "meta_arg_of_pericenter": 2.3725,
        "meta_mean_anomaly": 16.6685,
        "meta_ephemeris_type": 0,
        "meta_classification_type": "U",
        "meta_norad_cat_id": 34028,
        "meta_element_set_no": 999,
        "meta_rev_at_epoch": 81959,
        "meta_bstar": 0.00035148124,
        "meta_mean_motion_dot": 2.92e-06,
        "meta_mean_motion_ddot": 0,
        "tle_line1": "1 34028U 93036HP  26053.78563090  .00000292  00000+0  35148-3 0  9998",
        "tle_line2": "2 34028  73.8793 236.7859 0545371   2.3725  16.6685 13.20711635819593"
      },
      "geometry": {
        "type": "Point",
        "coordinates": [
          -138.2422219946245,
          -40.37151629322398
        ]
      }
    },
    {
      "type": "Feature",
      "properties": {
        "norad_id": 34031,
        "name": "COSMOS 2251 DEB",
        "group": "cosmos-2251-debris",
        "lat": -64.15195246745874,
        "lon": -39.264694505785066,
        "alt_km": 712.1923213163209,
        "timestamp": "2026-02-23T07:17:29.432145+00:00",
        "meta_object_name": "COSMOS 2251 DEB",
        "meta_object_id": "1993-036HS",
        "meta_epoch": "2026-02-22T20:14:42.375264",
        "meta_mean_motion": 14.60581289,
        "meta_eccentricity": 0.00201066,
        "meta_inclination": 74.0155,
        "meta_ra_of_asc_node": 357.8915,
        "meta_arg_of_pericenter": 103.0604,
        "meta_mean_anomaly": 288.4602,
        "meta_ephemeris_type": 0,
        "meta_classification_type": "U",
        "meta_norad_cat_id": 34031,
        "meta_element_set_no": 999,
        "meta_rev_at_epoch": 89618,
        "meta_bstar": 0.0012532104,
        "meta_mean_motion_dot": 6.084e-05,
        "meta_mean_motion_ddot": 0,
        "tle_line1": "1 34031U 93036HS  26053.84354601  .00006084  00000+0  12532-2 0  9991",
        "tle_line2": "2 34031  74.0155 357.8915 0020106 103.0604 288.4602 14.60581289896182"
      },
      "geometry": {
        "type": "Point",
        "coordinates": [
          -39.264694505785066,
          -64.15195246745874
        ]
      }
    },
    {
      "type": "Feature",
      "properties": {
        "norad_id": 34035,
        "name": "COSMOS 2251 DEB",
        "group": "cosmos-2251-debris",
        "lat": -68.56448377834828,
        "lon": 79.25505504416782,
        "alt_km": 705.6028612396067,
        "timestamp": "2026-02-23T07:17:29.432155+00:00",
        "meta_object_name": "COSMOS 2251 DEB",
        "meta_object_id": "1993-036HW",
        "meta_epoch": "2026-02-22T20:53:50.761824",
        "meta_mean_motion": 14.529696,
        "meta_eccentricity": 0.00420393,
        "meta_inclination": 74.0641,
        "meta_ra_of_asc_node": 213.3724,
        "meta_arg_of_pericenter": 201.5361,
        "meta_mean_anomaly": 309.1046,
        "meta_ephemeris_type": 0,
        "meta_classification_type": "U",
        "meta_norad_cat_id": 34035,
        "meta_element_set_no": 999,
        "meta_rev_at_epoch": 89013,
        "meta_bstar": 0.0016754802,
        "meta_mean_motion_dot": 6.969e-05,
        "meta_mean_motion_ddot": 0,
        "tle_line1": "1 34035U 93036HW  26053.87072641  .00006969  00000+0  16755-2 0  9992",
        "tle_line2": "2 34035  74.0641 213.3724 0042039 201.5361 309.1046 14.52969600890133"
      },
      "geometry": {
        "type": "Point",
        "coordinates": [
          79.25505504416782,
          -68.56448377834828
        ]
      }
    },
    {
      "type": "Feature",
      "properties": {
        "norad_id": 34036,
        "name": "COSMOS 2251 DEB",
        "group": "cosmos-2251-debris",
        "lat": -73.56358853836186,
        "lon": -101.73374708079012,
        "alt_km": 567.3390651154923,
        "timestamp": "2026-02-23T07:17:29.432165+00:00",
        "meta_object_name": "COSMOS 2251 DEB",
        "meta_object_id": "1993-036HX",
        "meta_epoch": "2026-02-22T15:43:29.784576",
        "meta_mean_motion": 15.02144532,
        "meta_eccentricity": 0.00068725,
        "meta_inclination": 74.0187,
        "meta_ra_of_asc_node": 3.3099,
        "meta_arg_of_pericenter": 2.5358,
        "meta_mean_anomaly": 357.5864,
        "meta_ephemeris_type": 0,
        "meta_classification_type": "U",
        "meta_norad_cat_id": 34036,
        "meta_element_set_no": 999,
        "meta_rev_at_epoch": 89647,
        "meta_bstar": 0.0055148031,
        "meta_mean_motion_dot": 0.00073326,
        "meta_mean_motion_ddot": 0,
        "tle_line1": "1 34036U 93036HX  26053.65520584  .00073326  00000+0  55148-2 0  9993",
        "tle_line2": "2 34036  74.0187   3.3099 0006872   2.5358 357.5864 15.02144532896474"
      },
      "geometry": {
        "type": "Point",
        "coordinates": [
          -101.73374708079012,
          -73.56358853836186
        ]
      }
    },
    {
      "type": "Feature",
      "properties": {
        "norad_id": 34037,
        "name": "COSMOS 2251 DEB",
        "group": "cosmos-2251-debris",
        "lat": -73.266300884539,
        "lon": -154.4323775761207,
        "alt_km": 750.3011656458275,
        "timestamp": "2026-02-23T07:17:29.432175+00:00",
        "meta_object_name": "COSMOS 2251 DEB",
        "meta_object_id": "1993-036HY",
        "meta_epoch": "2026-02-22T23:19:00.076224",
        "meta_mean_motion": 14.34930805,
        "meta_eccentricity": 0.00538257,
        "meta_inclination": 74.0492,
        "meta_ra_of_asc_node": 278.2132,
        "meta_arg_of_pericenter": 309.8985,
        "meta_mean_anomaly": 49.7441,
        "meta_ephemeris_type": 0,
        "meta_classification_type": "U",
        "meta_norad_cat_id": 34037,
        "meta_element_set_no": 999,
        "meta_rev_at_epoch": 88753,
        "meta_bstar": 0.00037849033,
        "meta_mean_motion_dot": 1.068e-05,
        "meta_mean_motion_ddot": 0,
        "tle_line1": "1 34037U 93036HY  26053.97152866  .00001068  00000+0  37849-3 0  9996",
        "tle_line2": "2 34037  74.0492 278.2132 0053825 309.8985  49.7441 14.34930805887532"
      },
      "geometry": {
        "type": "Point",
        "coordinates": [
          -154.4323775761207,
          -73.266300884539
        ]
      }
    },
    {
      "type": "Feature",
      "properties": {
        "norad_id": 34040,
        "name": "COSMOS 2251 DEB",
        "group": "cosmos-2251-debris",
        "lat": 25.453529142839344,
        "lon": 118.047430394305,
        "alt_km": 1002.9259406912379,
        "timestamp": "2026-02-23T07:17:29.432185+00:00",
        "meta_object_name": "COSMOS 2251 DEB",
        "meta_object_id": "1993-036JB",
        "meta_epoch": "2026-02-22T04:11:49.625088",
        "meta_mean_motion": 13.6875728,
        "meta_eccentricity": 0.03403191,
        "meta_inclination": 73.9572,
        "meta_ra_of_asc_node": 307.7847,
        "meta_arg_of_pericenter": 247.4106,
        "meta_mean_anomaly": 109.0678,
        "meta_ephemeris_type": 0,
        "meta_classification_type": "U",
        "meta_norad_cat_id": 34040,
        "meta_element_set_no": 999,
        "meta_rev_at_epoch": 84577,
        "meta_bstar": 0.00089131502,
        "meta_mean_motion_dot": 1.125e-05,
        "meta_mean_motion_ddot": 0,
        "tle_line1": "1 34040U 93036JB  26053.17487992  .00001125  00000+0  89132-3 0  9999",
        "tle_line2": "2 34040  73.9572 307.7847 0340319 247.4106 109.0678 13.68757280845775"
      },
      "geometry": {
        "type": "Point",
        "coordinates": [
          118.047430394305,
          25.453529142839344
        ]
      }
    },
    {
      "type": "Feature",
      "properties": {
        "norad_id": 34045,
        "name": "COSMOS 2251 DEB",
        "group": "cosmos-2251-debris",
        "lat": 41.86106913421007,
        "lon": -16.80362191108453,
        "alt_km": 781.3697360048609,
        "timestamp": "2026-02-23T07:17:29.432196+00:00",
        "meta_object_name": "COSMOS 2251 DEB",
        "meta_object_id": "1993-036JG",
        "meta_epoch": "2026-02-22T19:41:48.805728",
        "meta_mean_motion": 14.34114529,
        "meta_eccentricity": 0.00274903,
        "meta_inclination": 74.0395,
        "meta_ra_of_asc_node": 178.9382,
        "meta_arg_of_pericenter": 248.3013,
        "meta_mean_anomaly": 274.7581,
        "meta_ephemeris_type": 0,
        "meta_classification_type": "U",
        "meta_norad_cat_id": 34045,
        "meta_element_set_no": 999,
        "meta_rev_at_epoch": 89066,
        "meta_bstar": 9.3464251e-05,
        "meta_mean_motion_dot": 2.36e-06,
        "meta_mean_motion_ddot": 0,
        "tle_line1": "1 34045U 93036JG  26053.82070377  .00000236  00000+0  93464-4 0  9997",
        "tle_line2": "2 34045  74.0395 178.9382 0027490 248.3013 274.7581 14.34114529890664"
      },
      "geometry": {
        "type": "Point",
        "coordinates": [
          -16.80362191108453,
          41.86106913421007
        ]
      }
    },
    {
      "type": "Feature",
      "properties": {
        "norad_id": 34046,
        "name": "COSMOS 2251 DEB",
        "group": "cosmos-2251-debris",
        "lat": -35.99920568205811,
        "lon": 66.9000800004967,
        "alt_km": 734.1024079398758,
        "timestamp": "2026-02-23T07:17:29.432206+00:00",
        "meta_object_name": "COSMOS 2251 DEB",
        "meta_object_id": "1993-036JH",
        "meta_epoch": "2026-02-21T23:28:33.036960",
        "meta_mean_motion": 14.47179288,
        "meta_eccentricity": 0.0076579,
        "meta_inclination": 74.0362,
        "meta_ra_of_asc_node": 237.3742,
        "meta_arg_of_pericenter": 303.7625,
        "meta_mean_anomaly": 211.0441,
        "meta_ephemeris_type": 0,
        "meta_classification_type": "U",
        "meta_norad_cat_id": 34046,
        "meta_element_set_no": 999,
        "meta_rev_at_epoch": 88856,
        "meta_bstar": 0.00072189,
        "meta_mean_motion_dot": 2.705e-05,
        "meta_mean_motion_ddot": 0,
        "tle_line1": "1 34046U 93036JH  26052.97816015  .00002705  00000+0  72189-3 0  9993",
        "tle_line2": "2 34046  74.0362 237.3742 0076579 303.7625 211.0441 14.47179288888568"
      },
      "geometry": {
        "type": "Point",
        "coordinates": [
          66.9000800004967,
          -35.99920568205811
        ]
      }
    },
    {
      "type": "Feature",
      "properties": {
        "norad_id": 34050,
        "name": "COSMOS 2251 DEB",
        "group": "cosmos-2251-debris",
        "lat": -36.96365799446615,
        "lon": 77.94543636434469,
        "alt_km": 865.568419387072,
        "timestamp": "2026-02-23T07:17:29.432216+00:00",
        "meta_object_name": "COSMOS 2251 DEB",
        "meta_object_id": "1993-036JM",
        "meta_epoch": "2026-02-22T22:13:56.512992",
        "meta_mean_motion": 13.96429822,
        "meta_eccentricity": 0.0216317,
        "meta_inclination": 74.0851,
        "meta_ra_of_asc_node": 246.1941,
        "meta_arg_of_pericenter": 293.3415,
        "meta_mean_anomaly": 190.81,
        "meta_ephemeris_type": 0,
        "meta_classification_type": "U",
        "meta_norad_cat_id": 34050,
        "meta_element_set_no": 999,
        "meta_rev_at_epoch": 86439,
        "meta_bstar": 0.0004722233,
        "meta_mean_motion_dot": 7.69e-06,
        "meta_mean_motion_ddot": 0,
        "tle_line1": "1 34050U 93036JM  26053.92634853  .00000769  00000+0  47222-3 0  9990",
        "tle_line2": "2 34050  74.0851 246.1941 0216317 293.3415 190.8100 13.96429822864398"
      },
      "geometry": {
        "type": "Point",
        "coordinates": [
          77.94543636434469,
          -36.96365799446615
        ]
      }
    },
    {
      "type": "Feature",
      "properties": {
        "norad_id": 34053,
        "name": "COSMOS 2251 DEB",
        "group": "cosmos-2251-debris",
        "lat": 40.368282419096026,
        "lon": -69.04380584972331,
        "alt_km": 1240.575664893392,
        "timestamp": "2026-02-23T07:17:29.432226+00:00",
        "meta_object_name": "COSMOS 2251 DEB",
        "meta_object_id": "1993-036JQ",
        "meta_epoch": "2026-02-22T14:33:12.534048",
        "meta_mean_motion": 13.49260692,
        "meta_eccentricity": 0.0424999,
        "meta_inclination": 73.8444,
        "meta_ra_of_asc_node": 126.3453,
        "meta_arg_of_pericenter": 263.0761,
        "meta_mean_anomaly": 92.1836,
        "meta_ephemeris_type": 0,
        "meta_classification_type": "U",
        "meta_norad_cat_id": 34053,
        "meta_element_set_no": 999,
        "meta_rev_at_epoch": 83653,
        "meta_bstar": 0.00065847,
        "meta_mean_motion_dot": 6.99e-06,
        "meta_mean_motion_ddot": 0,
        "tle_line1": "1 34053U 93036JQ  26053.60639507  .00000699  00000+0  65847-3 0  9994",
        "tle_line2": "2 34053  73.8444 126.3453 0424999 263.0761  92.1836 13.49260692836539"
      },
      "geometry": {
        "type": "Point",
        "coordinates": [
          -69.04380584972331,
          40.368282419096026
        ]
      }
    },
    {
      "type": "Feature",
      "properties": {
        "norad_id": 34056,
        "name": "COSMOS 2251 DEB",
        "group": "cosmos-2251-debris",
        "lat": -72.43253617760475,
        "lon": -117.9523475391692,
        "alt_km": 781.9192131400532,
        "timestamp": "2026-02-23T07:17:29.432236+00:00",
        "meta_object_name": "COSMOS 2251 DEB",
        "meta_object_id": "1993-036JT",
        "meta_epoch": "2026-02-22T16:36:18.608256",
        "meta_mean_motion": 14.21165853,
        "meta_eccentricity": 0.01252237,
        "meta_inclination": 74.0594,
        "meta_ra_of_asc_node": 307.6648,
        "meta_arg_of_pericenter": 338.3433,
        "meta_mean_anomaly": 50.845,
        "meta_ephemeris_type": 0,
        "meta_classification_type": "U",
        "meta_norad_cat_id": 34056,
        "meta_element_set_no": 999,
        "meta_rev_at_epoch": 87433,
        "meta_bstar": 0.0017352377,
        "meta_mean_motion_dot": 4.061e-05,
        "meta_mean_motion_ddot": 0,
        "tle_line1": "1 34056U 93036JT  26053.69188204  .00004061  00000+0  17352-2 0  9993",
        "tle_line2": "2 34056  74.0594 307.6648 0125223 338.3433  50.8450 14.21165853874338"
      },
      "geometry": {
        "type": "Point",
        "coordinates": [
          -117.9523475391692,
          -72.43253617760475
        ]
      }
    },
    {
      "type": "Feature",
      "properties": {
        "norad_id": 34058,
        "name": "COSMOS 2251 DEB",
        "group": "cosmos-2251-debris",
        "lat": 60.065982395183454,
        "lon": -149.54649304051958,
        "alt_km": 956.3362997994018,
        "timestamp": "2026-02-23T07:17:29.432246+00:00",
        "meta_object_name": "COSMOS 2251 DEB",
        "meta_object_id": "1993-036JV",
        "meta_epoch": "2026-02-22T00:48:18.314784",
        "meta_mean_motion": 13.56171755,
        "meta_eccentricity": 0.03762559,
        "meta_inclination": 73.9316,
        "meta_ra_of_asc_node": 62.5471,
        "meta_arg_of_pericenter": 43.9435,
        "meta_mean_anomaly": 348.0702,
        "meta_ephemeris_type": 0,
        "meta_classification_type": "U",
        "meta_norad_cat_id": 34058,
        "meta_element_set_no": 999,
        "meta_rev_at_epoch": 84109,
        "meta_bstar": 0.0003865288,
        "meta_mean_motion_dot": 4.08e-06,
        "meta_mean_motion_ddot": 0,
        "tle_line1": "1 34058U 93036JV  26053.03354531  .00000408  00000+0  38653-3 0  9990",
        "tle_line2": "2 34058  73.9316  62.5471 0376255  43.9435 348.0702 13.56171755841099"
      },
      "geometry": {
        "type": "Point",
        "coordinates": [
          -149.54649304051958,
          60.065982395183454
        ]
      }
    },
    {
      "type": "Feature",
      "properties": {
        "norad_id": 34059,
        "name": "COSMOS 2251 DEB",
        "group": "cosmos-2251-debris",
        "lat": 61.843067851841205,
        "lon": -163.00476459862702,
        "alt_km": 697.1898265083564,
        "timestamp": "2026-02-23T07:17:29.432256+00:00",
        "meta_object_name": "COSMOS 2251 DEB",
        "meta_object_id": "1993-036JW",
        "meta_epoch": "2026-02-22T22:37:45.735744",
        "meta_mean_motion": 14.53479281,
        "meta_eccentricity": 0.00151382,
        "meta_inclination": 74.038,
        "meta_ra_of_asc_node": 50.0037,
        "meta_arg_of_pericenter": 114.1903,
        "meta_mean_anomaly": 271.5024,
        "meta_ephemeris_type": 0,
        "meta_classification_type": "U",
        "meta_norad_cat_id": 34059,
        "meta_element_set_no": 999,
        "meta_rev_at_epoch": 89508,
        "meta_bstar": 0.00068489285,
        "meta_mean_motion_dot": 2.832e-05,
        "meta_mean_motion_ddot": 0,
        "tle_line1": "1 34059U 93036JW  26053.94289046  .00002832  00000+0  68489-3 0  9992",
        "tle_line2": "2 34059  74.0380  50.0037 0015138 114.1903 271.5024 14.53479281895082"
      },
      "geometry": {
        "type": "Point",
        "coordinates": [
          -163.00476459862702,
          61.843067851841205
        ]
      }
    },
    {
      "type": "Feature",
      "properties": {
        "norad_id": 34061,
        "name": "COSMOS 2251 DEB",
        "group": "cosmos-2251-debris",
        "lat": 3.6367380116906975,
        "lon": 130.28748028509202,
        "alt_km": 773.0767393112365,
        "timestamp": "2026-02-23T07:17:29.432266+00:00",
        "meta_object_name": "COSMOS 2251 DEB",
        "meta_object_id": "1993-036JY",
        "meta_epoch": "2026-02-22T15:10:18.780384",
        "meta_mean_motion": 14.40538887,
        "meta_eccentricity": 0.0020495,
        "meta_inclination": 74.0392,
        "meta_ra_of_asc_node": 130.4866,
        "meta_arg_of_pericenter": 198.5879,
        "meta_mean_anomaly": 283.5189,
        "meta_ephemeris_type": 0,
        "meta_classification_type": "U",
        "meta_norad_cat_id": 34061,
        "meta_element_set_no": 999,
        "meta_rev_at_epoch": 89215,
        "meta_bstar": 0.00027492,
        "meta_mean_motion_dot": 8.51e-06,
        "meta_mean_motion_ddot": 0,
        "tle_line1": "1 34061U 93036JY  26053.63216181  .00000851  00000+0  27492-3 0  9999",
        "tle_line2": "2 34061  74.0392 130.4866 0020495 198.5879 283.5189 14.40538887892155"
      },
      "geometry": {
        "type": "Point",
        "coordinates": [
          130.28748028509202,
          3.6367380116906975
        ]
      }
    },
    {
      "type": "Feature",
      "properties": {
        "norad_id": 34062,
        "name": "COSMOS 2251 DEB",
        "group": "cosmos-2251-debris",
        "lat": 31.384173153762873,
        "lon": 5.05863555087664,
        "alt_km": 578.2414955330514,
        "timestamp": "2026-02-23T07:17:29.432277+00:00",
        "meta_object_name": "COSMOS 2251 DEB",
        "meta_object_id": "1993-036JZ",
        "meta_epoch": "2026-02-22T05:55:40.429344",
        "meta_mean_motion": 14.81382627,
        "meta_eccentricity": 0.00683649,
        "meta_inclination": 74.0297,
        "meta_ra_of_asc_node": 357.0839,
        "meta_arg_of_pericenter": 56.9868,
        "meta_mean_anomaly": 102.4949,
        "meta_ephemeris_type": 0,
        "meta_classification_type": "U",
        "meta_norad_cat_id": 34062,
        "meta_element_set_no": 999,
        "meta_rev_at_epoch": 89653,
        "meta_bstar": 0.0024478791,
        "meta_mean_motion_dot": 0.00019951,
        "meta_mean_motion_ddot": 0,
        "tle_line1": "1 34062U 93036JZ  26053.24699571  .00019951  00000+0  24479-2 0  9997",
        "tle_line2": "2 34062  74.0297 357.0839 0068364  56.9868 102.4949 14.81382627896532"
      },
      "geometry": {
        "type": "Point",
        "coordinates": [
          5.05863555087664,
          31.384173153762873
        ]
      }
    },
    {
      "type": "Feature",
      "properties": {
        "norad_id": 34064,
        "name": "COSMOS 2251 DEB",
        "group": "cosmos-2251-debris",
        "lat": 28.820887257144783,
        "lon": -52.842306713395516,
        "alt_km": 737.0484102005312,
        "timestamp": "2026-02-23T07:17:29.432287+00:00",
        "meta_object_name": "COSMOS 2251 DEB",
        "meta_object_id": "1993-036KB",
        "meta_epoch": "2026-02-22T05:46:40.392192",
        "meta_mean_motion": 14.42635316,
        "meta_eccentricity": 0.00216805,
        "meta_inclination": 74.0323,
        "meta_ra_of_asc_node": 138.1943,
        "meta_arg_of_pericenter": 196.5282,
        "meta_mean_anomaly": 194.6549,
        "meta_ephemeris_type": 0,
        "meta_classification_type": "U",
        "meta_norad_cat_id": 34064,
        "meta_element_set_no": 999,
        "meta_rev_at_epoch": 89173,
        "meta_bstar": 0.00041754699,
        "meta_mean_motion_dot": 1.365e-05,
        "meta_mean_motion_ddot": 0,
        "tle_line1": "1 34064U 93036KB  26053.24074528  .00001365  00000+0  41755-3 0  9995",
        "tle_line2": "2 34064  74.0323 138.1943 0021680 196.5282 194.6549 14.42635316891738"
      },
      "geometry": {
        "type": "Point",
        "coordinates": [
          -52.842306713395516,
          28.820887257144783
        ]
      }
    },
    {
      "type": "Feature",
      "properties": {
        "norad_id": 34065,
        "name": "COSMOS 2251 DEB",
        "group": "cosmos-2251-debris",
        "lat": 71.31244618931767,
        "lon": -113.35760449836391,
        "alt_km": 762.2344122758532,
        "timestamp": "2026-02-23T07:17:29.432296+00:00",
        "meta_object_name": "COSMOS 2251 DEB",
        "meta_object_id": "1993-036KC",
        "meta_epoch": "2026-02-22T21:22:19.053120",
        "meta_mean_motion": 14.38150451,
        "meta_eccentricity": 0.00171257,
        "meta_inclination": 74.0355,
        "meta_ra_of_asc_node": 125.2177,
        "meta_arg_of_pericenter": 214.1406,
        "meta_mean_anomaly": 266.8398,
        "meta_ephemeris_type": 0,
        "meta_classification_type": "U",
        "meta_norad_cat_id": 34065,
        "meta_element_set_no": 999,
        "meta_rev_at_epoch": 89242,
        "meta_bstar": 0.0001390091,
        "meta_mean_motion_dot": 3.96e-06,
        "meta_mean_motion_ddot": 0,
        "tle_line1": "1 34065U 93036KC  26053.89049830  .00000396  00000+0  13901-3 0  9990",
        "tle_line2": "2 34065  74.0355 125.2177 0017125 214.1406 266.8398 14.38150451892422"
      },
      "geometry": {
        "type": "Point",
        "coordinates": [
          -113.35760449836391,
          71.31244618931767
        ]
      }
    },
    {
      "type": "Feature",
      "properties": {
        "norad_id": 34070,
        "name": "COSMOS 2251 DEB",
        "group": "cosmos-2251-debris",
        "lat": 45.76231547783149,
        "lon": -9.47154810550122,
        "alt_km": 615.9490915482957,
        "timestamp": "2026-02-23T07:17:29.432307+00:00",
        "meta_object_name": "COSMOS 2251 DEB",
        "meta_object_id": "1993-036KH",
        "meta_epoch": "2026-02-22T05:47:57.447168",
        "meta_mean_motion": 14.79649998,
        "meta_eccentricity": 0.00157648,
        "meta_inclination": 74.0022,
        "meta_ra_of_asc_node": 335.4873,
        "meta_arg_of_pericenter": 75.1248,
        "meta_mean_anomaly": 77.571,
        "meta_ephemeris_type": 0,
        "meta_classification_type": "U",
        "meta_norad_cat_id": 34070,
        "meta_element_set_no": 999,
        "meta_rev_at_epoch": 89667,
        "meta_bstar": 0.0022643962,
        "meta_mean_motion_dot": 0.00017036,
        "meta_mean_motion_ddot": 0,
        "tle_line1": "1 34070U 93036KH  26053.24163712  .00017036  00000+0  22644-2 0  9993",
        "tle_line2": "2 34070  74.0022 335.4873 0015764  75.1248  77.5710 14.79649998896673"
      },
      "geometry": {
        "type": "Point",
        "coordinates": [
          -9.47154810550122,
          45.76231547783149
        ]
      }
    },
    {
      "type": "Feature",
      "properties": {
        "norad_id": 34114,
        "name": "COSMOS 2251 DEB",
        "group": "cosmos-2251-debris",
        "lat": 44.28521216496376,
        "lon": 69.97348059370849,
        "alt_km": 707.3192398496612,
        "timestamp": "2026-02-23T07:17:29.432316+00:00",
        "meta_object_name": "COSMOS 2251 DEB",
        "meta_object_id": "1993-036KK",
        "meta_epoch": "2026-02-22T14:21:10.375200",
        "meta_mean_motion": 14.58016305,
        "meta_eccentricity": 0.0045786,
        "meta_inclination": 74.0569,
        "meta_ra_of_asc_node": 267.5032,
        "meta_arg_of_pericenter": 246.6068,
        "meta_mean_anomaly": 144.2269,
        "meta_ephemeris_type": 0,
        "meta_classification_type": "U",
        "meta_norad_cat_id": 34114,
        "meta_element_set_no": 999,
        "meta_rev_at_epoch": 88848,
        "meta_bstar": 0.0018059,
        "meta_mean_motion_dot": 8.401e-05,
        "meta_mean_motion_ddot": 0,
        "tle_line1": "1 34114U 93036KK  26053.59803675  .00008401  00000+0  18059-2 0  9990",
        "tle_line2": "2 34114  74.0569 267.5032 0045786 246.6068 144.2269 14.58016305888480"
      },
      "geometry": {
        "type": "Point",
        "coordinates": [
          69.97348059370849,
          44.28521216496376
        ]
      }
    },
    {
      "type": "Feature",
      "properties": {
        "norad_id": 34115,
        "name": "COSMOS 2251 DEB",
        "group": "cosmos-2251-debris",
        "lat": 55.856962866472976,
        "lon": -106.30690181550129,
        "alt_km": 639.7776415343642,
        "timestamp": "2026-02-23T07:17:29.432326+00:00",
        "meta_object_name": "COSMOS 2251 DEB",
        "meta_object_id": "1993-036KL",
        "meta_epoch": "2026-02-22T12:54:42.978816",
        "meta_mean_motion": 14.80874641,
        "meta_eccentricity": 0.0032844,
        "meta_inclination": 74.0047,
        "meta_ra_of_asc_node": 100.2294,
        "meta_arg_of_pericenter": 267.6941,
        "meta_mean_anomaly": 92.0474,
        "meta_ephemeris_type": 0,
        "meta_classification_type": "U",
        "meta_norad_cat_id": 34115,
        "meta_element_set_no": 999,
        "meta_rev_at_epoch": 90474,
        "meta_bstar": 0.0010721,
        "meta_mean_motion_dot": 8.333e-05,
        "meta_mean_motion_ddot": 0,
        "tle_line1": "1 34115U 93036KL  26053.53799744  .00008333  00000+0  10721-2 0  9998",
        "tle_line2": "2 34115  74.0047 100.2294 0032844 267.6941  92.0474 14.80874641904745"
      },
      "geometry": {
        "type": "Point",
        "coordinates": [
          -106.30690181550129,
          55.856962866472976
        ]
      }
    },
    {
      "type": "Feature",
      "properties": {
        "norad_id": 34116,
        "name": "COSMOS 2251 DEB",
        "group": "cosmos-2251-debris",
        "lat": -73.57106956357661,
        "lon": -58.12040841828411,
        "alt_km": 726.6004105379034,
        "timestamp": "2026-02-23T07:17:29.432337+00:00",
        "meta_object_name": "COSMOS 2251 DEB",
        "meta_object_id": "1993-036KM",
        "meta_epoch": "2026-02-22T23:36:27.614016",
        "meta_mean_motion": 14.53539578,
        "meta_eccentricity": 0.00086564,
        "meta_inclination": 74.0409,
        "meta_ra_of_asc_node": 46.4396,
        "meta_arg_of_pericenter": 112.3516,
        "meta_mean_anomaly": 279.0549,
        "meta_ephemeris_type": 0,
        "meta_classification_type": "U",
        "meta_norad_cat_id": 34116,
        "meta_element_set_no": 999,
        "meta_rev_at_epoch": 89536,
        "meta_bstar": 0.0008014723,
        "meta_mean_motion_dot": 3.321e-05,
        "meta_mean_motion_ddot": 0,
        "tle_line1": "1 34116U 93036KM  26053.98365294  .00003321  00000+0  80147-3 0  9999",
        "tle_line2": "2 34116  74.0409  46.4396 0008656 112.3516 279.0549 14.53539578895364"
      },
      "geometry": {
        "type": "Point",
        "coordinates": [
          -58.12040841828411,
          -73.57106956357661
        ]
      }
    },
    {
      "type": "Feature",
      "properties": {
        "norad_id": 34117,
        "name": "COSMOS 2251 DEB",
        "group": "cosmos-2251-debris",
        "lat": -71.04556645066144,
        "lon": 153.27293518141497,
        "alt_km": 724.3271123754985,
        "timestamp": "2026-02-23T07:17:29.432347+00:00",
        "meta_object_name": "COSMOS 2251 DEB",
        "meta_object_id": "1993-036KN",
        "meta_epoch": "2026-02-21T12:19:05.172384",
        "meta_mean_motion": 14.40349497,
        "meta_eccentricity": 0.0056924,
        "meta_inclination": 74.0375,
        "meta_ra_of_asc_node": 213.0319,
        "meta_arg_of_pericenter": 273.4889,
        "meta_mean_anomaly": 85.9757,
        "meta_ephemeris_type": 0,
        "meta_classification_type": "U",
        "meta_norad_cat_id": 34117,
        "meta_element_set_no": 999,
        "meta_rev_at_epoch": 89142,
        "meta_bstar": 0.00056398,
        "meta_mean_motion_dot": 1.797e-05,
        "meta_mean_motion_ddot": 0,
        "tle_line1": "1 34117U 93036KN  26052.51325431  .00001797  00000+0  56398-3 0  9993",
        "tle_line2": "2 34117  74.0375 213.0319 0056924 273.4889  85.9757 14.40349497891420"
      },
      "geometry": {
        "type": "Point",
        "coordinates": [
          153.27293518141497,
          -71.04556645066144
        ]
      }
    },
    {
      "type": "Feature",
      "properties": {
        "norad_id": 34118,
        "name": "COSMOS 2251 DEB",
        "group": "cosmos-2251-debris",
        "lat": 32.12093993473457,
        "lon": 112.50326852545798,
        "alt_km": 593.1475208334023,
        "timestamp": "2026-02-23T07:17:29.432357+00:00",
        "meta_object_name": "COSMOS 2251 DEB",
        "meta_object_id": "1993-036KP",
        "meta_epoch": "2026-02-22T20:42:41.348448",
        "meta_mean_motion": 14.97274712,
        "meta_eccentricity": 0.00628989,
        "meta_inclination": 73.9501,
        "meta_ra_of_asc_node": 102.9871,
        "meta_arg_of_pericenter": 277.029,
        "meta_mean_anomaly": 260.8248,
        "meta_ephemeris_type": 0,
        "meta_classification_type": "U",
        "meta_norad_cat_id": 34118,
        "meta_element_set_no": 999,
        "meta_rev_at_epoch": 90254,
        "meta_bstar": 0.0020490101,
        "meta_mean_motion_dot": 0.00024777,
        "meta_mean_motion_ddot": 0,
        "tle_line1": "1 34118U 93036KP  26053.86297857  .00024777  00000+0  20490-2 0  9999",
        "tle_line2": "2 34118  73.9501 102.9871 0062898 277.0290 260.8248 14.97274712902546"
      },
      "geometry": {
        "type": "Point",
        "coordinates": [
          112.50326852545798,
          32.12093993473457
        ]
      }
    },
    {
      "type": "Feature",
      "properties": {
        "norad_id": 34120,
        "name": "COSMOS 2251 DEB",
        "group": "cosmos-2251-debris",
        "lat": 18.185607370075836,
        "lon": 95.92835393481403,
        "alt_km": 955.914204844953,
        "timestamp": "2026-02-23T07:17:29.432367+00:00",
        "meta_object_name": "COSMOS 2251 DEB",
        "meta_object_id": "1993-036KR",
        "meta_epoch": "2026-02-22T20:03:22.391712",
        "meta_mean_motion": 13.98768563,
        "meta_eccentricity": 0.01846261,
        "meta_inclination": 73.9903,
        "meta_ra_of_asc_node": 91.3272,
        "meta_arg_of_pericenter": 263.4765,
        "meta_mean_anomaly": 277.2464,
        "meta_ephemeris_type": 0,
        "meta_classification_type": "U",
        "meta_norad_cat_id": 34120,
        "meta_element_set_no": 999,
        "meta_rev_at_epoch": 86988,
        "meta_bstar": 0.00030348872,
        "meta_mean_motion_dot": 4.8e-06,
        "meta_mean_motion_ddot": 0,
        "tle_line1": "1 34120U 93036KR  26053.83567583  .00000480  00000+0  30349-3 0  9995",
        "tle_line2": "2 34120  73.9903  91.3272 0184626 263.4765 277.2464 13.98768563869884"
      },
      "geometry": {
        "type": "Point",
        "coordinates": [
          95.92835393481403,
          18.185607370075836
        ]
      }
    },
    {
      "type": "Feature",
      "properties": {
        "norad_id": 34121,
        "name": "COSMOS 2251 DEB",
        "group": "cosmos-2251-debris",
        "lat": -55.25439323736559,
        "lon": -51.66271162899177,
        "alt_km": 1056.0671304304997,
        "timestamp": "2026-02-23T07:17:29.432377+00:00",
        "meta_object_name": "COSMOS 2251 DEB",
        "meta_object_id": "1993-036KS",
        "meta_epoch": "2026-02-22T04:43:29.675136",
        "meta_mean_motion": 13.92233972,
        "meta_eccentricity": 0.02393986,
        "meta_inclination": 73.994,
        "meta_ra_of_asc_node": 334.6798,
        "meta_arg_of_pericenter": 165.1546,
        "meta_mean_anomaly": 348.4056,
        "meta_ephemeris_type": 0,
        "meta_classification_type": "U",
        "meta_norad_cat_id": 34121,
        "meta_element_set_no": 999,
        "meta_rev_at_epoch": 86119,
        "meta_bstar": 0.00089456458,
        "meta_mean_motion_dot": 1.427e-05,
        "meta_mean_motion_ddot": 0,
        "tle_line1": "1 34121U 93036KS  26053.19687124  .00001427  00000+0  89456-3 0  9994",
        "tle_line2": "2 34121  73.9940 334.6798 0239398 165.1546 348.4056 13.92233972861193"
      },
      "geometry": {
        "type": "Point",
        "coordinates": [
          -51.66271162899177,
          -55.25439323736559
        ]
      }
    },
    {
      "type": "Feature",
      "properties": {
        "norad_id": 34122,
        "name": "COSMOS 2251 DEB",
        "group": "cosmos-2251-debris",
        "lat": -60.65828375236185,
        "lon": -51.70565995980505,
        "alt_km": 666.0763292037018,
        "timestamp": "2026-02-23T07:17:29.432387+00:00",
        "meta_object_name": "COSMOS 2251 DEB",
        "meta_object_id": "1993-036KT",
        "meta_epoch": "2026-02-22T18:37:43.972896",
        "meta_mean_motion": 14.66174629,
        "meta_eccentricity": 0.00843562,
        "meta_inclination": 74.038,
        "meta_ra_of_asc_node": 339.9189,
        "meta_arg_of_pericenter": 219.3033,
        "meta_mean_anomaly": 171.0579,
        "meta_ephemeris_type": 0,
        "meta_classification_type": "U",
        "meta_norad_cat_id": 34122,
        "meta_element_set_no": 999,
        "meta_rev_at_epoch": 89740,
        "meta_bstar": 0.0010037608,
        "meta_mean_motion_dot": 5.793e-05,
        "meta_mean_motion_ddot": 0,
        "tle_line1": "1 34122U 93036KT  26053.77620339  .00005793  00000+0  10038-2 0  9993",
        "tle_line2": "2 34122  74.0380 339.9189 0084356 219.3033 171.0579 14.66174629897409"
      },
      "geometry": {
        "type": "Point",
        "coordinates": [
          -51.70565995980505,
          -60.65828375236185
        ]
      }
    },
    {
      "type": "Feature",
      "properties": {
        "norad_id": 34127,
        "name": "COSMOS 2251 DEB",
        "group": "cosmos-2251-debris",
        "lat": 46.39871358795835,
        "lon": -70.02585512342668,
        "alt_km": 720.1210033316311,
        "timestamp": "2026-02-23T07:17:29.432397+00:00",
        "meta_object_name": "COSMOS 2251 DEB",
        "meta_object_id": "1993-036KY",
        "meta_epoch": "2026-02-22T16:17:11.624928",
        "meta_mean_motion": 14.32258119,
        "meta_eccentricity": 0.01123277,
        "meta_inclination": 74.1767,
        "meta_ra_of_asc_node": 273.7801,
        "meta_arg_of_pericenter": 92.7967,
        "meta_mean_anomaly": 334.6222,
        "meta_ephemeris_type": 0,
        "meta_classification_type": "U",
        "meta_norad_cat_id": 34127,
        "meta_element_set_no": 999,
        "meta_rev_at_epoch": 87801,
        "meta_bstar": 0.0013386413,
        "meta_mean_motion_dot": 3.849e-05,
        "meta_mean_motion_ddot": 0,
        "tle_line1": "1 34127U 93036KY  26053.67860677  .00003849  00000+0  13386-2 0  9997",
        "tle_line2": "2 34127  74.1767 273.7801 0112327  92.7967 334.6222 14.32258119878017"
      },
      "geometry": {
        "type": "Point",
        "coordinates": [
          -70.02585512342668,
          46.39871358795835
        ]
      }
    },
    {
      "type": "Feature",
      "properties": {
        "norad_id": 34128,
        "name": "COSMOS 2251 DEB",
        "group": "cosmos-2251-debris",
        "lat": -17.882430427439576,
        "lon": -26.57517464270311,
        "alt_km": 540.2527603912849,
        "timestamp": "2026-02-23T07:17:29.432407+00:00",
        "meta_object_name": "COSMOS 2251 DEB",
        "meta_object_id": "1993-036KZ",
        "meta_epoch": "2026-02-22T22:58:29.252928",
        "meta_mean_motion": 15.06594187,
        "meta_eccentricity": 0.00289559,
        "meta_inclination": 73.9955,
        "meta_ra_of_asc_node": 148.824,
        "meta_arg_of_pericenter": 256.3356,
        "meta_mean_anomaly": 223.7508,
        "meta_ephemeris_type": 0,
        "meta_classification_type": "U",
        "meta_norad_cat_id": 34128,
        "meta_element_set_no": 999,
        "meta_rev_at_epoch": 90252,
        "meta_bstar": 0.0033041944,
        "meta_mean_motion_dot": 0.00049718,
        "meta_mean_motion_ddot": 0,
        "tle_line1": "1 34128U 93036KZ  26053.95728302  .00049718  00000+0  33042-2 0  9993",
        "tle_line2": "2 34128  73.9955 148.8240 0028955 256.3356 223.7508 15.06594187902525"
      },
      "geometry": {
        "type": "Point",
        "coordinates": [
          -26.57517464270311,
          -17.882430427439576
        ]
      }
    },
    {
      "type": "Feature",
      "properties": {
        "norad_id": 34129,
        "name": "COSMOS 2251 DEB",
        "group": "cosmos-2251-debris",
        "lat": -68.8356657498702,
        "lon": 149.68090927910862,
        "alt_km": 622.0539495994508,
        "timestamp": "2026-02-23T07:17:29.432417+00:00",
        "meta_object_name": "COSMOS 2251 DEB",
        "meta_object_id": "1993-036LA",
        "meta_epoch": "2026-02-22T18:37:49.555200",
        "meta_mean_motion": 14.77179843,
        "meta_eccentricity": 0.00349292,
        "meta_inclination": 74.0341,
        "meta_ra_of_asc_node": 198.4017,
        "meta_arg_of_pericenter": 265.3993,
        "meta_mean_anomaly": 94.3191,
        "meta_ephemeris_type": 0,
        "meta_classification_type": "U",
        "meta_norad_cat_id": 34129,
        "meta_element_set_no": 999,
        "meta_rev_at_epoch": 62361,
        "meta_bstar": 0.0017070548,
        "meta_mean_motion_dot": 0.00012194,
        "meta_mean_motion_ddot": 0,
        "tle_line1": "1 34129U 93036LA  26053.77626800  .00012194  00000+0  17071-2 0  9996",
        "tle_line2": "2 34129  74.0341 198.4017 0034929 265.3993  94.3191 14.77179843623610"
      },
      "geometry": {
        "type": "Point",
        "coordinates": [
          149.68090927910862,
          -68.8356657498702
        ]
      }
    },
    {
      "type": "Feature",
      "properties": {
        "norad_id": 34136,
        "name": "COSMOS 2251 DEB",
        "group": "cosmos-2251-debris",
        "lat": 17.077607927249364,
        "lon": -95.4936322286624,
        "alt_km": 569.6984644739023,
        "timestamp": "2026-02-23T07:17:29.432427+00:00",
        "meta_object_name": "COSMOS 2251 DEB",
        "meta_object_id": "1993-036LH",
        "meta_epoch": "2026-02-22T23:30:26.663328",
        "meta_mean_motion": 14.80682209,
        "meta_eccentricity": 0.00854382,
        "meta_inclination": 74.0174,
        "meta_ra_of_asc_node": 260.095,
        "meta_arg_of_pericenter": 2.9138,
        "meta_mean_anomaly": 86.5743,
        "meta_ephemeris_type": 0,
        "meta_classification_type": "U",
        "meta_norad_cat_id": 34136,
        "meta_element_set_no": 999,
        "meta_rev_at_epoch": 91079,
        "meta_bstar": 0.00037260586,
        "meta_mean_motion_dot": 3.013e-05,
        "meta_mean_motion_ddot": 0,
        "tle_line1": "1 34136U 93036LH  26053.97947527  .00003013  00000+0  37261-3 0  9992",
        "tle_line2": "2 34136  74.0174 260.0950 0085438   2.9138  86.5743 14.80682209910794"
      },
      "geometry": {
        "type": "Point",
        "coordinates": [
          -95.4936322286624,
          17.077607927249364
        ]
      }
    },
    {
      "type": "Feature",
      "properties": {
        "norad_id": 34139,
        "name": "COSMOS 2251 DEB",
        "group": "cosmos-2251-debris",
        "lat": 65.66383567056316,
        "lon": -103.6746681629956,
        "alt_km": 674.2974467249596,
        "timestamp": "2026-02-23T07:17:29.432437+00:00",
        "meta_object_name": "COSMOS 2251 DEB",
        "meta_object_id": "1993-036LL",
        "meta_epoch": "2026-02-22T15:05:12.187392",
        "meta_mean_motion": 14.60420376,
        "meta_eccentricity": 0.0039921,
        "meta_inclination": 74.0293,
        "meta_ra_of_asc_node": 116.9011,
        "meta_arg_of_pericenter": 177.8836,
        "meta_mean_anomaly": 342.6839,
        "meta_ephemeris_type": 0,
        "meta_classification_type": "U",
        "meta_norad_cat_id": 34139,
        "meta_element_set_no": 999,
        "meta_rev_at_epoch": 89198,
        "meta_bstar": 0.0012747,
        "meta_mean_motion_dot": 6.218e-05,
        "meta_mean_motion_ddot": 0,
        "tle_line1": "1 34139U 93036LL  26053.62861328  .00006218  00000+0  12747-2 0  9992",
        "tle_line2": "2 34139  74.0293 116.9011 0039921 177.8836 342.6839 14.60420376891983"
      },
      "geometry": {
        "type": "Point",
        "coordinates": [
          -103.6746681629956,
          65.66383567056316
        ]
      }
    },
    {
      "type": "Feature",
      "properties": {
        "norad_id": 34141,
        "name": "COSMOS 2251 DEB",
        "group": "cosmos-2251-debris",
        "lat": 8.602547916459828,
        "lon": 69.93696415559175,
        "alt_km": 756.2331821127691,
        "timestamp": "2026-02-23T07:17:29.432447+00:00",
        "meta_object_name": "COSMOS 2251 DEB",
        "meta_object_id": "1993-036LN",
        "meta_epoch": "2026-02-22T15:56:20.908896",
        "meta_mean_motion": 14.50285475,
        "meta_eccentricity": 0.00491502,
        "meta_inclination": 74.0079,
        "meta_ra_of_asc_node": 253.6269,
        "meta_arg_of_pericenter": 321.9965,
        "meta_mean_anomaly": 110.7762,
        "meta_ephemeris_type": 0,
        "meta_classification_type": "U",
        "meta_norad_cat_id": 34141,
        "meta_element_set_no": 999,
        "meta_rev_at_epoch": 88736,
        "meta_bstar": 0.0014446166,
        "meta_mean_motion_dot": 5.692e-05,
        "meta_mean_motion_ddot": 0,
        "tle_line1": "1 34141U 93036LN  26053.66413089  .00005692  00000+0  14446-2 0  9999",
        "tle_line2": "2 34141  74.0079 253.6269 0049150 321.9965 110.7762 14.50285475887366"
      },
      "geometry": {
        "type": "Point",
        "coordinates": [
          69.93696415559175,
          8.602547916459828
        ]
      }
    },
    {
      "type": "Feature",
      "properties": {
        "norad_id": 34270,
        "name": "COSMOS 2251 DEB",
        "group": "cosmos-2251-debris",
        "lat": -69.64718601669465,
        "lon": 37.35580700516946,
        "alt_km": 655.6920401284779,
        "timestamp": "2026-02-23T07:17:29.432457+00:00",
        "meta_object_name": "COSMOS 2251 DEB",
        "meta_object_id": "1993-036LQ",
        "meta_epoch": "2026-02-22T17:00:44.788608",
        "meta_mean_motion": 14.65685306,
        "meta_eccentricity": 0.00508785,
        "meta_inclination": 74.0111,
        "meta_ra_of_asc_node": 167.8849,
        "meta_arg_of_pericenter": 302.0644,
        "meta_mean_anomaly": 57.5589,
        "meta_ephemeris_type": 0,
        "meta_classification_type": "U",
        "meta_norad_cat_id": 34270,
        "meta_element_set_no": 999,
        "meta_rev_at_epoch": 90150,
        "meta_bstar": 0.00031991825,
        "meta_mean_motion_dot": 1.741e-05,
        "meta_mean_motion_ddot": 0,
        "tle_line1": "1 34270U 93036LQ  26053.70885172  .00001741  00000+0  31992-3 0  9990",
        "tle_line2": "2 34270  74.0111 167.8849 0050878 302.0644  57.5589 14.65685306901500"
      },
      "geometry": {
        "type": "Point",
        "coordinates": [
          37.35580700516946,
          -69.64718601669465
        ]
      }
    },
    {
      "type": "Feature",
      "properties": {
        "norad_id": 34271,
        "name": "COSMOS 2251 DEB",
        "group": "cosmos-2251-debris",
        "lat": 73.50208790960491,
        "lon": 162.699477308464,
        "alt_km": 635.3263437539626,
        "timestamp": "2026-02-23T07:17:29.432467+00:00",
        "meta_object_name": "COSMOS 2251 DEB",
        "meta_object_id": "1993-036LR",
        "meta_epoch": "2026-02-22T18:39:16.366464",
        "meta_mean_motion": 14.72999146,
        "meta_eccentricity": 0.00124917,
        "meta_inclination": 74.0191,
        "meta_ra_of_asc_node": 59.0998,
        "meta_arg_of_pericenter": 101.0536,
        "meta_mean_anomaly": 82.0749,
        "meta_ephemeris_type": 0,
        "meta_classification_type": "U",
        "meta_norad_cat_id": 34271,
        "meta_element_set_no": 999,
        "meta_rev_at_epoch": 89294,
        "meta_bstar": 0.0023878125,
        "meta_mean_motion_dot": 0.0001536,
        "meta_mean_motion_ddot": 0,
        "tle_line1": "1 34271U 93036LR  26053.77727276  .00015360  00000+0  23878-2 0  9993",
        "tle_line2": "2 34271  74.0191  59.0998 0012491 101.0536  82.0749 14.72999146892948"
      },
      "geometry": {
        "type": "Point",
        "coordinates": [
          162.699477308464,
          73.50208790960491
        ]
      }
    },
    {
      "type": "Feature",
      "properties": {
        "norad_id": 34273,
        "name": "COSMOS 2251 DEB",
        "group": "cosmos-2251-debris",
        "lat": -54.1961502394779,
        "lon": -74.78039859973637,
        "alt_km": 695.9998818787062,
        "timestamp": "2026-02-23T07:17:29.432477+00:00",
        "meta_object_name": "COSMOS 2251 DEB",
        "meta_object_id": "1993-036LT",
        "meta_epoch": "2026-02-22T16:54:52.711200",
        "meta_mean_motion": 14.61989004,
        "meta_eccentricity": 0.00124844,
        "meta_inclination": 74.0361,
        "meta_ra_of_asc_node": 309.7468,
        "meta_arg_of_pericenter": 50.9968,
        "meta_mean_anomaly": 340.1561,
        "meta_ephemeris_type": 0,
        "meta_classification_type": "U",
        "meta_norad_cat_id": 34273,
        "meta_element_set_no": 999,
        "meta_rev_at_epoch": 89673,
        "meta_bstar": 0.0007952991,
        "meta_mean_motion_dot": 3.963e-05,
        "meta_mean_motion_ddot": 0,
        "tle_line1": "1 34273U 93036LT  26053.70477675  .00003963  00000+0  79530-3 0  9996",
        "tle_line2": "2 34273  74.0361 309.7468 0012484  50.9968 340.1561 14.61989004896730"
      },
      "geometry": {
        "type": "Point",
        "coordinates": [
          -74.78039859973637,
          -54.1961502394779
        ]
      }
    },
    {
      "type": "Feature",
      "properties": {
        "norad_id": 34274,
        "name": "COSMOS 2251 DEB",
        "group": "cosmos-2251-debris",
        "lat": -73.15631536373148,
        "lon": -179.97851828987922,
        "alt_km": 694.3959143978254,
        "timestamp": "2026-02-23T07:17:29.432487+00:00",
        "meta_object_name": "COSMOS 2251 DEB",
        "meta_object_id": "1993-036LU",
        "meta_epoch": "2026-02-22T17:14:32.331264",
        "meta_mean_motion": 14.65773989,
        "meta_eccentricity": 0.0020641,
        "meta_inclination": 74.0026,
        "meta_ra_of_asc_node": 289.7803,
        "meta_arg_of_pericenter": 58.1346,
        "meta_mean_anomaly": 358.9786,
        "meta_ephemeris_type": 0,
        "meta_classification_type": "U",
        "meta_norad_cat_id": 34274,
        "meta_element_set_no": 999,
        "meta_rev_at_epoch": 89730,
        "meta_bstar": 0.00091933556,
        "meta_mean_motion_dot": 5e-05,
        "meta_mean_motion_ddot": 0,
        "tle_line1": "1 34274U 93036LU  26053.71842976  .00005000  00000+0  91934-3 0  9994",
        "tle_line2": "2 34274  74.0026 289.7803 0020641  58.1346 358.9786 14.65773989897300"
      },
      "geometry": {
        "type": "Point",
        "coordinates": [
          -179.97851828987922,
          -73.15631536373148
        ]
      }
    },
    {
      "type": "Feature",
      "properties": {
        "norad_id": 34276,
        "name": "COSMOS 2251 DEB",
        "group": "cosmos-2251-debris",
        "lat": -27.550532243019145,
        "lon": -61.297100893853774,
        "alt_km": 708.8833138947311,
        "timestamp": "2026-02-23T07:17:29.432497+00:00",
        "meta_object_name": "COSMOS 2251 DEB",
        "meta_object_id": "1993-036LW",
        "meta_epoch": "2026-02-22T16:44:26.863296",
        "meta_mean_motion": 14.57772184,
        "meta_eccentricity": 0.00206695,
        "meta_inclination": 74.0237,
        "meta_ra_of_asc_node": 308.4515,
        "meta_arg_of_pericenter": 74.9355,
        "meta_mean_anomaly": 316.2001,
        "meta_ephemeris_type": 0,
        "meta_classification_type": "U",
        "meta_norad_cat_id": 34276,
        "meta_element_set_no": 999,
        "meta_rev_at_epoch": 89641,
        "meta_bstar": 0.00060266015,
        "meta_mean_motion_dot": 2.735e-05,
        "meta_mean_motion_ddot": 0,
        "tle_line1": "1 34276U 93036LW  26053.69753314  .00002735  00000+0  60266-3 0  9996",
        "tle_line2": "2 34276  74.0237 308.4515 0020669  74.9355 316.2001 14.57772184896416"
      },
      "geometry": {
        "type": "Point",
        "coordinates": [
          -61.297100893853774,
          -27.550532243019145
        ]
      }
    },
    {
      "type": "Feature",
      "properties": {
        "norad_id": 34297,
        "name": "COSMOS 2251 DEB",
        "group": "cosmos-2251-debris",
        "lat": -51.69521346347928,
        "lon": 129.75501402785167,
        "alt_km": 777.1568240246816,
        "timestamp": "2026-02-23T07:17:29.432507+00:00",
        "meta_object_name": "COSMOS 2251 DEB",
        "meta_object_id": "1993-036MT",
        "meta_epoch": "2026-02-22T17:03:49.836672",
        "meta_mean_motion": 14.3670112,
        "meta_eccentricity": 0.00177586,
        "meta_inclination": 74.0494,
        "meta_ra_of_asc_node": 152.0708,
        "meta_arg_of_pericenter": 211.3104,
        "meta_mean_anomaly": 268.9533,
        "meta_ephemeris_type": 0,
        "meta_classification_type": "U",
        "meta_norad_cat_id": 34297,
        "meta_element_set_no": 999,
        "meta_rev_at_epoch": 89098,
        "meta_bstar": 0.00012988606,
        "meta_mean_motion_dot": 3.57e-06,
        "meta_mean_motion_ddot": 0,
        "tle_line1": "1 34297U 93036MT  26053.71099348  .00000357  00000+0  12989-3 0  9999",
        "tle_line2": "2 34297  74.0494 152.0708 0017758 211.3104 268.9533 14.36701120890983"
      },
      "geometry": {
        "type": "Point",
        "coordinates": [
          129.75501402785167,
          -51.69521346347928
        ]
      }
    },
    {
      "type": "Feature",
      "properties": {
        "norad_id": 34301,
        "name": "COSMOS 2251 DEB",
        "group": "cosmos-2251-debris",
        "lat": 24.721690351904698,
        "lon": 29.540735095603498,
        "alt_km": 597.4592878533276,
        "timestamp": "2026-02-23T07:17:29.432517+00:00",
        "meta_object_name": "COSMOS 2251 DEB",
        "meta_object_id": "1993-036MX",
        "meta_epoch": "2026-02-21T23:10:22.598112",
        "meta_mean_motion": 14.88836263,
        "meta_eccentricity": 0.0005139,
        "meta_inclination": 74.0048,
        "meta_ra_of_asc_node": 24.6285,
        "meta_arg_of_pericenter": 63.8791,
        "meta_mean_anomaly": 352.0498,
        "meta_ephemeris_type": 0,
        "meta_classification_type": "U",
        "meta_norad_cat_id": 34301,
        "meta_element_set_no": 999,
        "meta_rev_at_epoch": 89459,
        "meta_bstar": 0.0020503,
        "meta_mean_motion_dot": 0.00019236,
        "meta_mean_motion_ddot": 0,
        "tle_line1": "1 34301U 93036MX  26052.96553933  .00019236  00000+0  20503-2 0  9992",
        "tle_line2": "2 34301  74.0048  24.6285 0005139  63.8791 352.0498 14.88836263894590"
      },
      "geometry": {
        "type": "Point",
        "coordinates": [
          29.540735095603498,
          24.721690351904698
        ]
      }
    },
    {
      "type": "Feature",
      "properties": {
        "norad_id": 34302,
        "name": "COSMOS 2251 DEB",
        "group": "cosmos-2251-debris",
        "lat": 5.460350906348718,
        "lon": -7.699582968380829,
        "alt_km": 817.5220406706421,
        "timestamp": "2026-02-23T07:17:29.432527+00:00",
        "meta_object_name": "COSMOS 2251 DEB",
        "meta_object_id": "1993-036MY",
        "meta_epoch": "2026-02-22T19:44:09.731040",
        "meta_mean_motion": 14.39747189,
        "meta_eccentricity": 0.00788933,
        "meta_inclination": 74.1811,
        "meta_ra_of_asc_node": 351.6286,
        "meta_arg_of_pericenter": 187.6283,
        "meta_mean_anomaly": 203.6204,
        "meta_ephemeris_type": 0,
        "meta_classification_type": "U",
        "meta_norad_cat_id": 34302,
        "meta_element_set_no": 999,
        "meta_rev_at_epoch": 88758,
        "meta_bstar": 0.00077865771,
        "meta_mean_motion_dot": 2.506e-05,
        "meta_mean_motion_ddot": 0,
        "tle_line1": "1 34302U 93036MY  26053.82233485  .00002506  00000+0  77866-3 0  9993",
        "tle_line2": "2 34302  74.1811 351.6286 0078893 187.6283 203.6204 14.39747189887583"
      },
      "geometry": {
        "type": "Point",
        "coordinates": [
          -7.699582968380829,
          5.460350906348718
        ]
      }
    },
    {
      "type": "Feature",
      "properties": {
        "norad_id": 34303,
        "name": "COSMOS 2251 DEB",
        "group": "cosmos-2251-debris",
        "lat": -71.50233888654412,
        "lon": 29.399421722789228,
        "alt_km": 619.037030764559,
        "timestamp": "2026-02-23T07:17:29.432538+00:00",
        "meta_object_name": "COSMOS 2251 DEB",
        "meta_object_id": "1993-036MZ",
        "meta_epoch": "2026-02-22T17:36:34.723872",
        "meta_mean_motion": 14.55443603,
        "meta_eccentricity": 0.01377464,
        "meta_inclination": 74.0052,
        "meta_ra_of_asc_node": 151.4578,
        "meta_arg_of_pericenter": 273.0143,
        "meta_mean_anomaly": 242.1056,
        "meta_ephemeris_type": 0,
        "meta_classification_type": "U",
        "meta_norad_cat_id": 34303,
        "meta_element_set_no": 999,
        "meta_rev_at_epoch": 89009,
        "meta_bstar": 0.0014550754,
        "meta_mean_motion_dot": 7.164e-05,
        "meta_mean_motion_ddot": 0,
        "tle_line1": "1 34303U 93036MZ  26053.73373523  .00007164  00000+0  14551-2 0  9998",
        "tle_line2": "2 34303  74.0052 151.4578 0137746 273.0143 242.1056 14.55443603890093"
      },
      "geometry": {
        "type": "Point",
        "coordinates": [
          29.399421722789228,
          -71.50233888654412
        ]
      }
    },
    {
      "type": "Feature",
      "properties": {
        "norad_id": 34304,
        "name": "COSMOS 2251 DEB",
        "group": "cosmos-2251-debris",
        "lat": -35.054344494894,
        "lon": -22.938561601197556,
        "alt_km": 843.6009272355031,
        "timestamp": "2026-02-23T07:17:29.432548+00:00",
        "meta_object_name": "COSMOS 2251 DEB",
        "meta_object_id": "1993-036NA",
        "meta_epoch": "2026-02-22T21:44:05.345952",
        "meta_mean_motion": 14.38524025,
        "meta_eccentricity": 0.01256905,
        "meta_inclination": 74.0151,
        "meta_ra_of_asc_node": 349.3986,
        "meta_arg_of_pericenter": 110.535,
        "meta_mean_anomaly": 312.377,
        "meta_ephemeris_type": 0,
        "meta_classification_type": "U",
        "meta_norad_cat_id": 34304,
        "meta_element_set_no": 999,
        "meta_rev_at_epoch": 88334,
        "meta_bstar": 0.0010967205,
        "meta_mean_motion_dot": 3.65e-05,
        "meta_mean_motion_ddot": 0,
        "tle_line1": "1 34304U 93036NA  26053.90561743  .00003650  00000+0  10967-2 0  9994",
        "tle_line2": "2 34304  74.0151 349.3986 0125690 110.5350 312.3770 14.38524025883347"
      },
      "geometry": {
        "type": "Point",
        "coordinates": [
          -22.938561601197556,
          -35.054344494894
        ]
      }
    },
    {
      "type": "Feature",
      "properties": {
        "norad_id": 34307,
        "name": "COSMOS 2251 DEB",
        "group": "cosmos-2251-debris",
        "lat": -58.16747203298559,
        "lon": 44.09069479522814,
        "alt_km": 1241.3372965903282,
        "timestamp": "2026-02-23T07:17:29.432558+00:00",
        "meta_object_name": "COSMOS 2251 DEB",
        "meta_object_id": "1993-036ND",
        "meta_epoch": "2026-02-22T02:17:41.053920",
        "meta_mean_motion": 13.54455543,
        "meta_eccentricity": 0.03923796,
        "meta_inclination": 74.0525,
        "meta_ra_of_asc_node": 198.6056,
        "meta_arg_of_pericenter": 13.7562,
        "meta_mean_anomaly": 102.778,
        "meta_ephemeris_type": 0,
        "meta_classification_type": "U",
        "meta_norad_cat_id": 34307,
        "meta_element_set_no": 999,
        "meta_rev_at_epoch": 83828,
        "meta_bstar": 0.00048235517,
        "meta_mean_motion_dot": 5.18e-06,
        "meta_mean_motion_ddot": 0,
        "tle_line1": "1 34307U 93036ND  26053.09561405  .00000518  00000+0  48236-3 0  9993",
        "tle_line2": "2 34307  74.0525 198.6056 0392379  13.7562 102.7780 13.54455543838287"
      },
      "geometry": {
        "type": "Point",
        "coordinates": [
          44.09069479522814,
          -58.16747203298559
        ]
      }
    },
    {
      "type": "Feature",
      "properties": {
        "norad_id": 34313,
        "name": "COSMOS 2251 DEB",
        "group": "cosmos-2251-debris",
        "lat": 43.31466362411704,
        "lon": -44.99197409810849,
        "alt_km": 454.05438841657724,
        "timestamp": "2026-02-23T07:17:29.432568+00:00",
        "meta_object_name": "COSMOS 2251 DEB",
        "meta_object_id": "1993-036NK",
        "meta_epoch": "2026-02-22T16:41:13.383456",
        "meta_mean_motion": 15.40921068,
        "meta_eccentricity": 0.00229343,
        "meta_inclination": 73.9653,
        "meta_ra_of_asc_node": 152.0638,
        "meta_arg_of_pericenter": 308.3469,
        "meta_mean_anomaly": 51.5677,
        "meta_ephemeris_type": 0,
        "meta_classification_type": "U",
        "meta_norad_cat_id": 34313,
        "meta_element_set_no": 999,
        "meta_rev_at_epoch": 90164,
        "meta_bstar": 0.0059748537,
        "meta_mean_motion_dot": 0.00256303,
        "meta_mean_motion_ddot": 0,
        "tle_line1": "1 34313U 93036NK  26053.69529379  .00256303  00000+0  59749-2 0  9995",
        "tle_line2": "2 34313  73.9653 152.0638 0022934 308.3469  51.5677 15.40921068901644"
      },
      "geometry": {
        "type": "Point",
        "coordinates": [
          -44.99197409810849,
          43.31466362411704
        ]
      }
    },
    {
      "type": "Feature",
      "properties": {
        "norad_id": 34314,
        "name": "COSMOS 2251 DEB",
        "group": "cosmos-2251-debris",
        "lat": -24.680099624601418,
        "lon": 171.29276833470067,
        "alt_km": 806.6049225434517,
        "timestamp": "2026-02-23T07:17:29.432577+00:00",
        "meta_object_name": "COSMOS 2251 DEB",
        "meta_object_id": "1993-036NL",
        "meta_epoch": "2026-02-22T01:28:50.356416",
        "meta_mean_motion": 14.17618121,
        "meta_eccentricity": 0.01054327,
        "meta_inclination": 74.0058,
        "meta_ra_of_asc_node": 181.0829,
        "meta_arg_of_pericenter": 271.1844,
        "meta_mean_anomaly": 205.5124,
        "meta_ephemeris_type": 0,
        "meta_classification_type": "U",
        "meta_norad_cat_id": 34314,
        "meta_element_set_no": 999,
        "meta_rev_at_epoch": 87668,
        "meta_bstar": 0.00057493553,
        "meta_mean_motion_dot": 1.209e-05,
        "meta_mean_motion_ddot": 0,
        "tle_line1": "1 34314U 93036NL  26053.06169394  .00001209  00000+0  57494-3 0  9993",
        "tle_line2": "2 34314  74.0058 181.0829 0105432 271.1844 205.5124 14.17618121876688"
      },
      "geometry": {
        "type": "Point",
        "coordinates": [
          171.29276833470067,
          -24.680099624601418
        ]
      }
    },
    {
      "type": "Feature",
      "properties": {
        "norad_id": 34316,
        "name": "COSMOS 2251 DEB",
        "group": "cosmos-2251-debris",
        "lat": -25.310442247220223,
        "lon": 18.89856905880295,
        "alt_km": 583.9906162690513,
        "timestamp": "2026-02-23T07:17:29.432587+00:00",
        "meta_object_name": "COSMOS 2251 DEB",
        "meta_object_id": "1993-036NN",
        "meta_epoch": "2026-02-22T19:07:55.805952",
        "meta_mean_motion": 14.95459971,
        "meta_eccentricity": 0.0012133,
        "meta_inclination": 74.0639,
        "meta_ra_of_asc_node": 192.1527,
        "meta_arg_of_pericenter": 282.7094,
        "meta_mean_anomaly": 77.2734,
        "meta_ephemeris_type": 0,
        "meta_classification_type": "U",
        "meta_norad_cat_id": 34316,
        "meta_element_set_no": 999,
        "meta_rev_at_epoch": 90285,
        "meta_bstar": 0.0029043417,
        "meta_mean_motion_dot": 0.00032297,
        "meta_mean_motion_ddot": 0,
        "tle_line1": "1 34316U 93036NN  26053.79717368  .00032297  00000+0  29043-2 0  9994",
        "tle_line2": "2 34316  74.0639 192.1527 0012133 282.7094  77.2734 14.95459971902855"
      },
      "geometry": {
        "type": "Point",
        "coordinates": [
          18.89856905880295,
          -25.310442247220223
        ]
      }
    },
    {
      "type": "Feature",
      "properties": {
        "norad_id": 34317,
        "name": "COSMOS 2251 DEB",
        "group": "cosmos-2251-debris",
        "lat": -62.697121511980775,
        "lon": -117.68176388801334,
        "alt_km": 830.2936166262098,
        "timestamp": "2026-02-23T07:17:29.432597+00:00",
        "meta_object_name": "COSMOS 2251 DEB",
        "meta_object_id": "1993-036NP",
        "meta_epoch": "2026-02-22T23:09:07.055136",
        "meta_mean_motion": 13.65231475,
        "meta_eccentricity": 0.0336918,
        "meta_inclination": 73.9228,
        "meta_ra_of_asc_node": 276.8393,
        "meta_arg_of_pericenter": 252.6568,
        "meta_mean_anomaly": 171.0651,
        "meta_ephemeris_type": 0,
        "meta_classification_type": "U",
        "meta_norad_cat_id": 34317,
        "meta_element_set_no": 999,
        "meta_rev_at_epoch": 84605,
        "meta_bstar": 0.00029403102,
        "meta_mean_motion_dot": 3.27e-06,
        "meta_mean_motion_ddot": 0,
        "tle_line1": "1 34317U 93036NP  26053.96466499  .00000327  00000+0  29403-3 0  9990",
        "tle_line2": "2 34317  73.9228 276.8393 0336918 252.6568 171.0651 13.65231475846054"
      },
      "geometry": {
        "type": "Point",
        "coordinates": [
          -117.68176388801334,
          -62.697121511980775
        ]
      }
    },
    {
      "type": "Feature",
      "properties": {
        "norad_id": 34321,
        "name": "COSMOS 2251 DEB",
        "group": "cosmos-2251-debris",
        "lat": -32.42178377190297,
        "lon": -149.53658180719873,
        "alt_km": 727.3503953481741,
        "timestamp": "2026-02-23T07:17:29.432618+00:00",
        "meta_object_name": "COSMOS 2251 DEB",
        "meta_object_id": "1993-036NT",
        "meta_epoch": "2026-02-22T14:19:36.151680",
        "meta_mean_motion": 14.5042437,
        "meta_eccentricity": 0.0013929,
        "meta_inclination": 74.0294,
        "meta_ra_of_asc_node": 21.3116,
        "meta_arg_of_pericenter": 140.7796,
        "meta_mean_anomaly": 343.4379,
        "meta_ephemeris_type": 0,
        "meta_classification_type": "U",
        "meta_norad_cat_id": 34321,
        "meta_element_set_no": 999,
        "meta_rev_at_epoch": 89528,
        "meta_bstar": 0.00048847,
        "meta_mean_motion_dot": 1.884e-05,
        "meta_mean_motion_ddot": 0,
        "tle_line1": "1 34321U 93036NT  26053.59694620  .00001884  00000+0  48847-3 0  9995",
        "tle_line2": "2 34321  74.0294  21.3116 0013929 140.7796 343.4379 14.50424370895288"
      },
      "geometry": {
        "type": "Point",
        "coordinates": [
          -149.53658180719873,
          -32.42178377190297
        ]
      }
    },
    {
      "type": "Feature",
      "properties": {
        "norad_id": 34323,
        "name": "COSMOS 2251 DEB",
        "group": "cosmos-2251-debris",
        "lat": 14.637563307357365,
        "lon": -15.254586706007041,
        "alt_km": 601.3905951466013,
        "timestamp": "2026-02-23T07:17:29.432630+00:00",
        "meta_object_name": "COSMOS 2251 DEB",
        "meta_object_id": "1993-036NV",
        "meta_epoch": "2026-02-22T05:53:49.011360",
        "meta_mean_motion": 14.76861168,
        "meta_eccentricity": 0.00554317,
        "meta_inclination": 73.9544,
        "meta_ra_of_asc_node": 342.518,
        "meta_arg_of_pericenter": 7.7335,
        "meta_mean_anomaly": 144.1444,
        "meta_ephemeris_type": 0,
        "meta_classification_type": "U",
        "meta_norad_cat_id": 34323,
        "meta_element_set_no": 999,
        "meta_rev_at_epoch": 89494,
        "meta_bstar": 0.0023192934,
        "meta_mean_motion_dot": 0.0001672,
        "meta_mean_motion_ddot": 0,
        "tle_line1": "1 34323U 93036NV  26053.24570615  .00016720  00000+0  23193-2 0  9997",
        "tle_line2": "2 34323  73.9544 342.5180 0055431   7.7335 144.1444 14.76861168894949"
      },
      "geometry": {
        "type": "Point",
        "coordinates": [
          -15.254586706007041,
          14.637563307357365
        ]
      }
    },
    {
      "type": "Feature",
      "properties": {
        "norad_id": 34325,
        "name": "COSMOS 2251 DEB",
        "group": "cosmos-2251-debris",
        "lat": 71.86774278397823,
        "lon": 127.00094440910489,
        "alt_km": 736.786513595538,
        "timestamp": "2026-02-23T07:17:29.432640+00:00",
        "meta_object_name": "COSMOS 2251 DEB",
        "meta_object_id": "1993-036NX",
        "meta_epoch": "2026-02-22T00:17:15.021024",
        "meta_mean_motion": 14.04866811,
        "meta_eccentricity": 0.01882266,
        "meta_inclination": 73.8693,
        "meta_ra_of_asc_node": 67.1826,
        "meta_arg_of_pericenter": 70.592,
        "meta_mean_anomaly": 319.5857,
        "meta_ephemeris_type": 0,
        "meta_classification_type": "U",
        "meta_norad_cat_id": 34325,
        "meta_element_set_no": 999,
        "meta_rev_at_epoch": 86516,
        "meta_bstar": 0.00096963445,
        "meta_mean_motion_dot": 1.801e-05,
        "meta_mean_motion_ddot": 0,
        "tle_line1": "1 34325U 93036NX  26053.01197941  .00001801  00000+0  96963-3 0  9991",
        "tle_line2": "2 34325  73.8693  67.1826 0188226  70.5920 319.5857 14.04866811865168"
      },
      "geometry": {
        "type": "Point",
        "coordinates": [
          127.00094440910489,
          71.86774278397823
        ]
      }
    },
    {
      "type": "Feature",
      "properties": {
        "norad_id": 34327,
        "name": "COSMOS 2251 DEB",
        "group": "cosmos-2251-debris",
        "lat": -73.65382321250485,
        "lon": -51.899984030301056,
        "alt_km": 597.3266037758667,
        "timestamp": "2026-02-23T07:17:29.432650+00:00",
        "meta_object_name": "COSMOS 2251 DEB",
        "meta_object_id": "1993-036NZ",
        "meta_epoch": "2026-02-22T06:26:39.132672",
        "meta_mean_motion": 14.91379062,
        "meta_eccentricity": 0.00326818,
        "meta_inclination": 73.9949,
        "meta_ra_of_asc_node": 28.3226,
        "meta_arg_of_pericenter": 193.4899,
        "meta_mean_anomaly": 283.2427,
        "meta_ephemeris_type": 0,
        "meta_classification_type": "U",
        "meta_norad_cat_id": 34327,
        "meta_element_set_no": 999,
        "meta_rev_at_epoch": 90573,
        "meta_bstar": 0.0013069165,
        "meta_mean_motion_dot": 0.00013166,
        "meta_mean_motion_ddot": 0,
        "tle_line1": "1 34327U 93036NZ  26053.26850848  .00013166  00000+0  13069-2 0  9994",
        "tle_line2": "2 34327  73.9949  28.3226 0032681 193.4899 283.2427 14.91379062905732"
      },
      "geometry": {
        "type": "Point",
        "coordinates": [
          -51.899984030301056,
          -73.65382321250485
        ]
      }
    },
    {
      "type": "Feature",
      "properties": {
        "norad_id": 34340,
        "name": "COSMOS 2251 DEB",
        "group": "cosmos-2251-debris",
        "lat": 9.934636317475091,
        "lon": -170.38360375976694,
        "alt_km": 967.3254047065429,
        "timestamp": "2026-02-23T07:17:29.432660+00:00",
        "meta_object_name": "COSMOS 2251 DEB",
        "meta_object_id": "1993-036PN",
        "meta_epoch": "2026-02-22T02:33:32.095872",
        "meta_mean_motion": 13.79828351,
        "meta_eccentricity": 0.02878726,
        "meta_inclination": 74.0778,
        "meta_ra_of_asc_node": 188.7505,
        "meta_arg_of_pericenter": 280.6182,
        "meta_mean_anomaly": 261.8913,
        "meta_ephemeris_type": 0,
        "meta_classification_type": "U",
        "meta_norad_cat_id": 34340,
        "meta_element_set_no": 999,
        "meta_rev_at_epoch": 85252,
        "meta_bstar": 0.0010216317,
        "meta_mean_motion_dot": 1.419e-05,
        "meta_mean_motion_ddot": 0,
        "tle_line1": "1 34340U 93036PN  26053.10662148  .00001419  00000+0  10216-2 0  9995",
        "tle_line2": "2 34340  74.0778 188.7505 0287872 280.6182 261.8913 13.79828351852523"
      },
      "geometry": {
        "type": "Point",
        "coordinates": [
          -170.38360375976694,
          9.934636317475091
        ]
      }
    },
    {
      "type": "Feature",
      "properties": {
        "norad_id": 34343,
        "name": "COSMOS 2251 DEB",
        "group": "cosmos-2251-debris",
        "lat": -67.5674405860253,
        "lon": -95.27562009906539,
        "alt_km": 661.4322729714613,
        "timestamp": "2026-02-23T07:17:29.432670+00:00",
        "meta_object_name": "COSMOS 2251 DEB",
        "meta_object_id": "1993-036PR",
        "meta_epoch": "2026-02-22T17:04:48.042624",
        "meta_mean_motion": 14.70912351,
        "meta_eccentricity": 0.0023247,
        "meta_inclination": 74.0197,
        "meta_ra_of_asc_node": 309.8333,
        "meta_arg_of_pericenter": 209.8388,
        "meta_mean_anomaly": 181.5904,
        "meta_ephemeris_type": 0,
        "meta_classification_type": "U",
        "meta_norad_cat_id": 34343,
        "meta_element_set_no": 999,
        "meta_rev_at_epoch": 89788,
        "meta_bstar": 0.0013150718,
        "meta_mean_motion_dot": 8.063e-05,
        "meta_mean_motion_ddot": 0,
        "tle_line1": "1 34343U 93036PR  26053.71166716  .00008063  00000+0  13151-2 0  9998",
        "tle_line2": "2 34343  74.0197 309.8333 0023247 209.8388 181.5904 14.70912351897883"
      },
      "geometry": {
        "type": "Point",
        "coordinates": [
          -95.27562009906539,
          -67.5674405860253
        ]
      }
    },
    {
      "type": "Feature",
      "properties": {
        "norad_id": 34344,
        "name": "COSMOS 2251 DEB",
        "group": "cosmos-2251-debris",
        "lat": 54.524669901513846,
        "lon": 136.96000353565498,
        "alt_km": 731.0904149252301,
        "timestamp": "2026-02-23T07:17:29.432681+00:00",
        "meta_object_name": "COSMOS 2251 DEB",
        "meta_object_id": "1993-036PS",
        "meta_epoch": "2026-02-22T06:00:57.990816",
        "meta_mean_motion": 14.16987968,
        "meta_eccentricity": 0.01544355,
        "meta_inclination": 73.9792,
        "meta_ra_of_asc_node": 342.6177,
        "meta_arg_of_pericenter": 151.9432,
        "meta_mean_anomaly": 0.7621,
        "meta_ephemeris_type": 0,
        "meta_classification_type": "U",
        "meta_norad_cat_id": 34344,
        "meta_element_set_no": 999,
        "meta_rev_at_epoch": 87109,
        "meta_bstar": 0.0010017642,
        "meta_mean_motion_dot": 2.238e-05,
        "meta_mean_motion_ddot": 0,
        "tle_line1": "1 34344U 93036PS  26053.25067119  .00002238  00000+0  10018-2 0  9992",
        "tle_line2": "2 34344  73.9792 342.6177 0154435 151.9432   0.7621 14.16987968871094"
      },
      "geometry": {
        "type": "Point",
        "coordinates": [
          136.96000353565498,
          54.524669901513846
        ]
      }
    },
    {
      "type": "Feature",
      "properties": {
        "norad_id": 34346,
        "name": "COSMOS 2251 DEB",
        "group": "cosmos-2251-debris",
        "lat": 29.55119770299184,
        "lon": -3.068387929920696,
        "alt_km": 1034.4885631683183,
        "timestamp": "2026-02-23T07:17:29.432691+00:00",
        "meta_object_name": "COSMOS 2251 DEB",
        "meta_object_id": "1993-036PU",
        "meta_epoch": "2026-02-21T19:17:25.860192",
        "meta_mean_motion": 13.99989653,
        "meta_eccentricity": 0.0208266,
        "meta_inclination": 73.9931,
        "meta_ra_of_asc_node": 188.9014,
        "meta_arg_of_pericenter": 351.3539,
        "meta_mean_anomaly": 159.6497,
        "meta_ephemeris_type": 0,
        "meta_classification_type": "U",
        "meta_norad_cat_id": 34346,
        "meta_element_set_no": 999,
        "meta_rev_at_epoch": 86404,
        "meta_bstar": 0.00059886536,
        "meta_mean_motion_dot": 1.038e-05,
        "meta_mean_motion_ddot": 0,
        "tle_line1": "1 34346U 93036PU  26052.80377153  .00001038  00000+0  59887-3 0  9991",
        "tle_line2": "2 34346  73.9931 188.9014 0208266 351.3539 159.6497 13.99989653864043"
      },
      "geometry": {
        "type": "Point",
        "coordinates": [
          -3.068387929920696,
          29.55119770299184
        ]
      }
    },
    {
      "type": "Feature",
      "properties": {
        "norad_id": 34383,
        "name": "COSMOS 2251 DEB",
        "group": "cosmos-2251-debris",
        "lat": -68.22885065708971,
        "lon": 12.708844914083945,
        "alt_km": 507.1701309531727,
        "timestamp": "2026-02-23T07:17:29.432701+00:00",
        "meta_object_name": "COSMOS 2251 DEB",
        "meta_object_id": "1993-036PY",
        "meta_epoch": "2026-02-22T16:29:54.068640",
        "meta_mean_motion": 15.19962715,
        "meta_eccentricity": 0.00122584,
        "meta_inclination": 74.0278,
        "meta_ra_of_asc_node": 148.1814,
        "meta_arg_of_pericenter": 307.197,
        "meta_mean_anomaly": 176.476,
        "meta_ephemeris_type": 0,
        "meta_classification_type": "U",
        "meta_norad_cat_id": 34383,
        "meta_element_set_no": 999,
        "meta_rev_at_epoch": 90202,
        "meta_bstar": 0.0042851958,
        "meta_mean_motion_dot": 0.00093567,
        "meta_mean_motion_ddot": 0,
        "tle_line1": "1 34383U 93036PY  26053.68743135  .00093567  00000+0  42852-2 0  9997",
        "tle_line2": "2 34383  74.0278 148.1814 0012258 307.1970 176.4760 15.19962715902023"
      },
      "geometry": {
        "type": "Point",
        "coordinates": [
          12.708844914083945,
          -68.22885065708971
        ]
      }
    },
    {
      "type": "Feature",
      "properties": {
        "norad_id": 34387,
        "name": "COSMOS 2251 DEB",
        "group": "cosmos-2251-debris",
        "lat": -73.60030060067405,
        "lon": -26.47806603141244,
        "alt_km": 759.4785702227437,
        "timestamp": "2026-02-23T07:17:29.432711+00:00",
        "meta_object_name": "COSMOS 2251 DEB",
        "meta_object_id": "1993-036QC",
        "meta_epoch": "2026-02-22T01:56:34.935360",
        "meta_mean_motion": 14.44029025,
        "meta_eccentricity": 0.00373303,
        "meta_inclination": 74.0384,
        "meta_ra_of_asc_node": 79.2716,
        "meta_arg_of_pericenter": 162.643,
        "meta_mean_anomaly": 228.7306,
        "meta_ephemeris_type": 0,
        "meta_classification_type": "U",
        "meta_norad_cat_id": 34387,
        "meta_element_set_no": 999,
        "meta_rev_at_epoch": 89211,
        "meta_bstar": 0.00019476197,
        "meta_mean_motion_dot": 6.45e-06,
        "meta_mean_motion_ddot": 0,
        "tle_line1": "1 34387U 93036QC  26053.08095990  .00000645  00000+0  19476-3 0  9996",
        "tle_line2": "2 34387  74.0384  79.2716 0037330 162.6430 228.7306 14.44029025892113"
      },
      "geometry": {
        "type": "Point",
        "coordinates": [
          -26.47806603141244,
          -73.60030060067405
        ]
      }
    },
    {
      "type": "Feature",
      "properties": {
        "norad_id": 34388,
        "name": "COSMOS 2251 DEB",
        "group": "cosmos-2251-debris",
        "lat": -64.55480581311954,
        "lon": 49.977037290013364,
        "alt_km": 740.0597912125295,
        "timestamp": "2026-02-23T07:17:29.432779+00:00",
        "meta_object_name": "COSMOS 2251 DEB",
        "meta_object_id": "1993-036QD",
        "meta_epoch": "2026-02-22T20:49:59.474208",
        "meta_mean_motion": 14.49846072,
        "meta_eccentricity": 0.00103589,
        "meta_inclination": 74.0377,
        "meta_ra_of_asc_node": 87.776,
        "meta_arg_of_pericenter": 127.6422,
        "meta_mean_anomaly": 48.9218,
        "meta_ephemeris_type": 0,
        "meta_classification_type": "U",
        "meta_norad_cat_id": 34388,
        "meta_element_set_no": 999,
        "meta_rev_at_epoch": 89200,
        "meta_bstar": 0.00062054207,
        "meta_mean_motion_dot": 2.37e-05,
        "meta_mean_motion_ddot": 0,
        "tle_line1": "1 34388U 93036QD  26053.86804947  .00002370  00000+0  62054-3 0  9990",
        "tle_line2": "2 34388  74.0377  87.7760 0010358 127.6422  48.9218 14.49846072892008"
      },
      "geometry": {
        "type": "Point",
        "coordinates": [
          49.977037290013364,
          -64.55480581311954
        ]
      }
    },
    {
      "type": "Feature",
      "properties": {
        "norad_id": 34389,
        "name": "COSMOS 2251 DEB",
        "group": "cosmos-2251-debris",
        "lat": 31.32831411298519,
        "lon": 125.28754652740857,
        "alt_km": 772.1201567613361,
        "timestamp": "2026-02-23T07:17:29.432792+00:00",
        "meta_object_name": "COSMOS 2251 DEB",
        "meta_object_id": "1993-036QE",
        "meta_epoch": "2026-02-22T15:02:42.171936",
        "meta_mean_motion": 14.41753582,
        "meta_eccentricity": 0.0030216,
        "meta_inclination": 74.0179,
        "meta_ra_of_asc_node": 116.4964,
        "meta_arg_of_pericenter": 217.2422,
        "meta_mean_anomaly": 263.4824,
        "meta_ephemeris_type": 0,
        "meta_classification_type": "U",
        "meta_norad_cat_id": 34389,
        "meta_element_set_no": 999,
        "meta_rev_at_epoch": 89048,
        "meta_bstar": 0.00033207,
        "meta_mean_motion_dot": 1.063e-05,
        "meta_mean_motion_ddot": 0,
        "tle_line1": "1 34389U 93036QE  26053.62687699  .00001063  00000+0  33207-3 0  9994",
        "tle_line2": "2 34389  74.0179 116.4964 0030216 217.2422 263.4824 14.41753582890488"
      },
      "geometry": {
        "type": "Point",
        "coordinates": [
          125.28754652740857,
          31.32831411298519
        ]
      }
    },
    {
      "type": "Feature",
      "properties": {
        "norad_id": 34396,
        "name": "COSMOS 2251 DEB",
        "group": "cosmos-2251-debris",
        "lat": 17.238342082905724,
        "lon": 156.94550059589503,
        "alt_km": 643.4529913037086,
        "timestamp": "2026-02-23T07:17:29.432803+00:00",
        "meta_object_name": "COSMOS 2251 DEB",
        "meta_object_id": "1993-036QM",
        "meta_epoch": "2026-02-22T06:54:59.334336",
        "meta_mean_motion": 14.7665543,
        "meta_eccentricity": 0.00049489,
        "meta_inclination": 74.0306,
        "meta_ra_of_asc_node": 344.0329,
        "meta_arg_of_pericenter": 343.3155,
        "meta_mean_anomaly": 181.7962,
        "meta_ephemeris_type": 0,
        "meta_classification_type": "U",
        "meta_norad_cat_id": 34396,
        "meta_element_set_no": 999,
        "meta_rev_at_epoch": 89401,
        "meta_bstar": 0.0019994175,
        "meta_mean_motion_dot": 0.0001398,
        "meta_mean_motion_ddot": 0,
        "tle_line1": "1 34396U 93036QM  26053.28818674  .00013980  00000+0  19994-2 0  9990",
        "tle_line2": "2 34396  74.0306 344.0329 0004948 343.3155 181.7962 14.76655430894018"
      },
      "geometry": {
        "type": "Point",
        "coordinates": [
          156.94550059589503,
          17.238342082905724
        ]
      }
    },
    {
      "type": "Feature",
      "properties": {
        "norad_id": 34409,
        "name": "COSMOS 2251 DEB",
        "group": "cosmos-2251-debris",
        "lat": -8.741954313222355,
        "lon": -8.479119172747241,
        "alt_km": 656.7981932800567,
        "timestamp": "2026-02-23T07:17:29.432813+00:00",
        "meta_object_name": "COSMOS 2251 DEB",
        "meta_object_id": "1993-036RA",
        "meta_epoch": "2026-02-22T17:56:41.742240",
        "meta_mean_motion": 14.58216794,
        "meta_eccentricity": 0.00809921,
        "meta_inclination": 74.0639,
        "meta_ra_of_asc_node": 170.0587,
        "meta_arg_of_pericenter": 227.3631,
        "meta_mean_anomaly": 284.0411,
        "meta_ephemeris_type": 0,
        "meta_classification_type": "U",
        "meta_norad_cat_id": 34409,
        "meta_element_set_no": 999,
        "meta_rev_at_epoch": 90242,
        "meta_bstar": 0.00024365938,
        "meta_mean_motion_dot": 1.145e-05,
        "meta_mean_motion_ddot": 0,
        "tle_line1": "1 34409U 93036RA  26053.74770535  .00001145  00000+0  24366-3 0  9999",
        "tle_line2": "2 34409  74.0639 170.0587 0080992 227.3631 284.0411 14.58216794902425"
      },
      "geometry": {
        "type": "Point",
        "coordinates": [
          -8.479119172747241,
          -8.741954313222355
        ]
      }
    },
    {
      "type": "Feature",
      "properties": {
        "norad_id": 34410,
        "name": "COSMOS 2251 DEB",
        "group": "cosmos-2251-debris",
        "lat": -37.37270993019694,
        "lon": 93.17533272997579,
        "alt_km": 469.82393855189275,
        "timestamp": "2026-02-23T07:17:29.432823+00:00",
        "meta_object_name": "COSMOS 2251 DEB",
        "meta_object_id": "1993-036RB",
        "meta_epoch": "2026-02-22T03:10:56.119872",
        "meta_mean_motion": 15.28174908,
        "meta_eccentricity": 0.002755,
        "meta_inclination": 73.7326,
        "meta_ra_of_asc_node": 108.5938,
        "meta_arg_of_pericenter": 298.6641,
        "meta_mean_anomaly": 61.1789,
        "meta_ephemeris_type": 0,
        "meta_classification_type": "U",
        "meta_norad_cat_id": 34410,
        "meta_element_set_no": 999,
        "meta_rev_at_epoch": 90861,
        "meta_bstar": 0.0019863016,
        "meta_mean_motion_dot": 0.00055547,
        "meta_mean_motion_ddot": 0,
        "tle_line1": "1 34410U 93036RB  26053.13259398  .00055547  00000+0  19863-2 0  9993",
        "tle_line2": "2 34410  73.7326 108.5938 0027550 298.6641  61.1789 15.28174908908612"
      },
      "geometry": {
        "type": "Point",
        "coordinates": [
          93.17533272997579,
          -37.37270993019694
        ]
      }
    },
    {
      "type": "Feature",
      "properties": {
        "norad_id": 34412,
        "name": "COSMOS 2251 DEB",
        "group": "cosmos-2251-debris",
        "lat": -8.939249345514403,
        "lon": 10.620615336771667,
        "alt_km": 706.3036295305183,
        "timestamp": "2026-02-23T07:17:29.432833+00:00",
        "meta_object_name": "COSMOS 2251 DEB",
        "meta_object_id": "1993-036RD",
        "meta_epoch": "2026-02-22T18:47:40.153632",
        "meta_mean_motion": 14.48045004,
        "meta_eccentricity": 0.01885761,
        "meta_inclination": 73.9477,
        "meta_ra_of_asc_node": 189.0051,
        "meta_arg_of_pericenter": 268.6636,
        "meta_mean_anomaly": 89.2914,
        "meta_ephemeris_type": 0,
        "meta_classification_type": "U",
        "meta_norad_cat_id": 34412,
        "meta_element_set_no": 999,
        "meta_rev_at_epoch": 88693,
        "meta_bstar": 0.00095592361,
        "meta_mean_motion_dot": 4.417e-05,
        "meta_mean_motion_ddot": 0,
        "tle_line1": "1 34412U 93036RD  26053.78310363  .00004417  00000+0  95592-3 0  9990",
        "tle_line2": "2 34412  73.9477 189.0051 0188576 268.6636  89.2914 14.48045004886936"
      },
      "geometry": {
        "type": "Point",
        "coordinates": [
          10.620615336771667,
          -8.939249345514403
        ]
      }
    },
    {
      "type": "Feature",
      "properties": {
        "norad_id": 34413,
        "name": "COSMOS 2251 DEB",
        "group": "cosmos-2251-debris",
        "lat": -52.406777902901894,
        "lon": -25.13800273849526,
        "alt_km": 749.128194322604,
        "timestamp": "2026-02-23T07:17:29.432843+00:00",
        "meta_object_name": "COSMOS 2251 DEB",
        "meta_object_id": "1993-036RE",
        "meta_epoch": "2026-02-22T22:37:16.499712",
        "meta_mean_motion": 14.29707725,
        "meta_eccentricity": 0.00904794,
        "meta_inclination": 74.0307,
        "meta_ra_of_asc_node": 133.6842,
        "meta_arg_of_pericenter": 196.5016,
        "meta_mean_anomaly": 339.6286,
        "meta_ephemeris_type": 0,
        "meta_classification_type": "U",
        "meta_norad_cat_id": 34413,
        "meta_element_set_no": 999,
        "meta_rev_at_epoch": 88162,
        "meta_bstar": 0.0013073325,
        "meta_mean_motion_dot": 3.481e-05,
        "meta_mean_motion_ddot": 0,
        "tle_line1": "1 34413U 93036RE  26053.94255208  .00003481  00000+0  13073-2 0  9998",
        "tle_line2": "2 34413  74.0307 133.6842 0090479 196.5016 339.6286 14.29707725881628"
      },
      "geometry": {
        "type": "Point",
        "coordinates": [
          -25.13800273849526,
          -52.406777902901894
        ]
      }
    },
    {
      "type": "Feature",
      "properties": {
        "norad_id": 34420,
        "name": "COSMOS 2251 DEB",
        "group": "cosmos-2251-debris",
        "lat": 61.557678246527544,
        "lon": -4.515862796040103,
        "alt_km": 586.154560643211,
        "timestamp": "2026-02-23T07:17:29.432853+00:00",
        "meta_object_name": "COSMOS 2251 DEB",
        "meta_object_id": "1993-036RM",
        "meta_epoch": "2026-02-22T21:44:51.774720",
        "meta_mean_motion": 14.68492073,
        "meta_eccentricity": 0.0104176,
        "meta_inclination": 74.0348,
        "meta_ra_of_asc_node": 324.3471,
        "meta_arg_of_pericenter": 66.2869,
        "meta_mean_anomaly": 58.5145,
        "meta_ephemeris_type": 0,
        "meta_classification_type": "U",
        "meta_norad_cat_id": 34420,
        "meta_element_set_no": 999,
        "meta_rev_at_epoch": 90829,
        "meta_bstar": 0.00017931335,
        "meta_mean_motion_dot": 1.094e-05,
        "meta_mean_motion_ddot": 0,
        "tle_line1": "1 34420U 93036RM  26053.90615480  .00001094  00000+0  17931-3 0  9990",
        "tle_line2": "2 34420  74.0348 324.3471 0104176  66.2869  58.5145 14.68492073908291"
      },
      "geometry": {
        "type": "Point",
        "coordinates": [
          -4.515862796040103,
          61.557678246527544
        ]
      }
    },
    {
      "type": "Feature",
      "properties": {
        "norad_id": 34425,
        "name": "COSMOS 2251 DEB",
        "group": "cosmos-2251-debris",
        "lat": 24.709529937763783,
        "lon": -77.05004523036861,
        "alt_km": 666.0644217250583,
        "timestamp": "2026-02-23T07:17:29.432864+00:00",
        "meta_object_name": "COSMOS 2251 DEB",
        "meta_object_id": "1993-036RS",
        "meta_epoch": "2026-02-22T16:24:02.621952",
        "meta_mean_motion": 14.62635807,
        "meta_eccentricity": 0.00250528,
        "meta_inclination": 74.0161,
        "meta_ra_of_asc_node": 276.5608,
        "meta_arg_of_pericenter": 20.5117,
        "meta_mean_anomaly": 339.7049,
        "meta_ephemeris_type": 0,
        "meta_classification_type": "U",
        "meta_norad_cat_id": 34425,
        "meta_element_set_no": 999,
        "meta_rev_at_epoch": 89792,
        "meta_bstar": 0.00033920853,
        "meta_mean_motion_dot": 1.702e-05,
        "meta_mean_motion_ddot": 0,
        "tle_line1": "1 34425U 93036RS  26053.68336368  .00001702  00000+0  33921-3 0  9998",
        "tle_line2": "2 34425  74.0161 276.5608 0025052  20.5117 339.7049 14.62635807897925"
      },
      "geometry": {
        "type": "Point",
        "coordinates": [
          -77.05004523036861,
          24.709529937763783
        ]
      }
    },
    {
      "type": "Feature",
      "properties": {
        "norad_id": 34430,
        "name": "COSMOS 2251 DEB",
        "group": "cosmos-2251-debris",
        "lat": 17.749577661445958,
        "lon": 174.70575378973425,
        "alt_km": 798.5583709053362,
        "timestamp": "2026-02-23T07:17:29.432874+00:00",
        "meta_object_name": "COSMOS 2251 DEB",
        "meta_object_id": "1993-036RX",
        "meta_epoch": "2026-02-22T17:51:54.316224",
        "meta_mean_motion": 14.39869302,
        "meta_eccentricity": 0.00613518,
        "meta_inclination": 74.052,
        "meta_ra_of_asc_node": 170.4862,
        "meta_arg_of_pericenter": 224.9413,
        "meta_mean_anomaly": 134.6768,
        "meta_ephemeris_type": 0,
        "meta_classification_type": "U",
        "meta_norad_cat_id": 34430,
        "meta_element_set_no": 999,
        "meta_rev_at_epoch": 88991,
        "meta_bstar": 0.00045272137,
        "meta_mean_motion_dot": 1.427e-05,
        "meta_mean_motion_ddot": 0,
        "tle_line1": "1 34430U 93036RX  26053.74437866  .00001427  00000+0  45272-3 0  9992",
        "tle_line2": "2 34430  74.0520 170.4862 0061351 224.9413 134.6768 14.39869302889918"
      },
      "geometry": {
        "type": "Point",
        "coordinates": [
          174.70575378973425,
          17.749577661445958
        ]
      }
    },
    {
      "type": "Feature",
      "properties": {
        "norad_id": 34431,
        "name": "COSMOS 2251 DEB",
        "group": "cosmos-2251-debris",
        "lat": -27.161954463284804,
        "lon": 35.397101511110264,
        "alt_km": 761.6677706822093,
        "timestamp": "2026-02-23T07:17:29.432884+00:00",
        "meta_object_name": "COSMOS 2251 DEB",
        "meta_object_id": "1993-036RY",
        "meta_epoch": "2026-02-22T01:10:48.474624",
        "meta_mean_motion": 14.29036611,
        "meta_eccentricity": 0.00671207,
        "meta_inclination": 74.0748,
        "meta_ra_of_asc_node": 46.0922,
        "meta_arg_of_pericenter": 11.182,
        "meta_mean_anomaly": 349.0801,
        "meta_ephemeris_type": 0,
        "meta_classification_type": "U",
        "meta_norad_cat_id": 34431,
        "meta_element_set_no": 999,
        "meta_rev_at_epoch": 88161,
        "meta_bstar": 0.00052066679,
        "meta_mean_motion_dot": 1.325e-05,
        "meta_mean_motion_ddot": 0,
        "tle_line1": "1 34431U 93036RY  26053.04917216  .00001325  00000+0  52067-3 0  9995",
        "tle_line2": "2 34431  74.0748  46.0922 0067120  11.1820 349.0801 14.29036611881611"
      },
      "geometry": {
        "type": "Point",
        "coordinates": [
          35.397101511110264,
          -27.161954463284804
        ]
      }
    },
    {
      "type": "Feature",
      "properties": {
        "norad_id": 34432,
        "name": "COSMOS 2251 DEB",
        "group": "cosmos-2251-debris",
        "lat": 61.47287101344027,
        "lon": 6.716841222753833,
        "alt_km": 755.6811906131725,
        "timestamp": "2026-02-23T07:17:29.432893+00:00",
        "meta_object_name": "COSMOS 2251 DEB",
        "meta_object_id": "1993-036RZ",
        "meta_epoch": "2026-02-22T05:53:58.536096",
        "meta_mean_motion": 14.0313758,
        "meta_eccentricity": 0.01797748,
        "meta_inclination": 73.8302,
        "meta_ra_of_asc_node": 336.3205,
        "meta_arg_of_pericenter": 45.7213,
        "meta_mean_anomaly": 77.5163,
        "meta_ephemeris_type": 0,
        "meta_classification_type": "U",
        "meta_norad_cat_id": 34432,
        "meta_element_set_no": 999,
        "meta_rev_at_epoch": 86687,
        "meta_bstar": 0.00071764228,
        "meta_mean_motion_dot": 1.264e-05,
        "meta_mean_motion_ddot": 0,
        "tle_line1": "1 34432U 93036RZ  26053.24581639  .00001264  00000+0  71764-3 0  9991",
        "tle_line2": "2 34432  73.8302 336.3205 0179774  45.7213  77.5163 14.03137580866876"
      },
      "geometry": {
        "type": "Point",
        "coordinates": [
          6.716841222753833,
          61.47287101344027
        ]
      }
    },
    {
      "type": "Feature",
      "properties": {
        "norad_id": 34433,
        "name": "COSMOS 2251 DEB",
        "group": "cosmos-2251-debris",
        "lat": -26.17683147089804,
        "lon": -145.54746335811237,
        "alt_km": 795.1271653023514,
        "timestamp": "2026-02-23T07:17:29.432904+00:00",
        "meta_object_name": "COSMOS 2251 DEB",
        "meta_object_id": "1993-036SA",
        "meta_epoch": "2026-02-22T06:32:35.980224",
        "meta_mean_motion": 14.13395842,
        "meta_eccentricity": 0.01501066,
        "meta_inclination": 74.0092,
        "meta_ra_of_asc_node": 28.1767,
        "meta_arg_of_pericenter": 150.8173,
        "meta_mean_anomaly": 210.1462,
        "meta_ephemeris_type": 0,
        "meta_classification_type": "U",
        "meta_norad_cat_id": 34433,
        "meta_element_set_no": 999,
        "meta_rev_at_epoch": 86960,
        "meta_bstar": 0.00084768318,
        "meta_mean_motion_dot": 1.749e-05,
        "meta_mean_motion_ddot": 0,
        "tle_line1": "1 34433U 93036SA  26053.27263866  .00001749  00000+0  84768-3 0  9990",
        "tle_line2": "2 34433  74.0092  28.1767 0150106 150.8173 210.1462 14.13395842869605"
      },
      "geometry": {
        "type": "Point",
        "coordinates": [
          -145.54746335811237,
          -26.17683147089804
        ]
      }
    },
    {
      "type": "Feature",
      "properties": {
        "norad_id": 34434,
        "name": "COSMOS 2251 DEB",
        "group": "cosmos-2251-debris",
        "lat": -28.28738310986409,
        "lon": 75.47890893412968,
        "alt_km": 1118.2869872757137,
        "timestamp": "2026-02-23T07:17:29.432914+00:00",
        "meta_object_name": "COSMOS 2251 DEB",
        "meta_object_id": "1993-036SB",
        "meta_epoch": "2026-02-22T15:01:54.478272",
        "meta_mean_motion": 13.90486336,
        "meta_eccentricity": 0.0277381,
        "meta_inclination": 74.0588,
        "meta_ra_of_asc_node": 247.7844,
        "meta_arg_of_pericenter": 7.9307,
        "meta_mean_anomaly": 52.7231,
        "meta_ephemeris_type": 0,
        "meta_classification_type": "U",
        "meta_norad_cat_id": 34434,
        "meta_element_set_no": 999,
        "meta_rev_at_epoch": 84965,
        "meta_bstar": 0.0016704,
        "meta_mean_motion_dot": 2.812e-05,
        "meta_mean_motion_ddot": 0,
        "tle_line1": "1 34434U 93036SB  26053.62632498  .00002812  00000+0  16704-2 0  9997",
        "tle_line2": "2 34434  74.0588 247.7844 0277381   7.9307  52.7231 13.90486336849657"
      },
      "geometry": {
        "type": "Point",
        "coordinates": [
          75.47890893412968,
          -28.28738310986409
        ]
      }
    },
    {
      "type": "Feature",
      "properties": {
        "norad_id": 34446,
        "name": "COSMOS 2251 DEB",
        "group": "cosmos-2251-debris",
        "lat": 23.450616154420935,
        "lon": -71.67549904471302,
        "alt_km": 692.0904199289353,
        "timestamp": "2026-02-23T07:17:29.432924+00:00",
        "meta_object_name": "COSMOS 2251 DEB",
        "meta_object_id": "1993-036SP",
        "meta_epoch": "2026-02-22T22:53:51.656640",
        "meta_mean_motion": 14.49444247,
        "meta_eccentricity": 0.00500959,
        "meta_inclination": 74.0401,
        "meta_ra_of_asc_node": 281.8492,
        "meta_arg_of_pericenter": 39.4356,
        "meta_mean_anomaly": 321.0433,
        "meta_ephemeris_type": 0,
        "meta_classification_type": "U",
        "meta_norad_cat_id": 34446,
        "meta_element_set_no": 999,
        "meta_rev_at_epoch": 89740,
        "meta_bstar": 0.00010857698,
        "meta_mean_motion_dot": 3.94e-06,
        "meta_mean_motion_ddot": 0,
        "tle_line1": "1 34446U 93036SP  26053.95407010  .00000394  00000+0  10858-3 0  9994",
        "tle_line2": "2 34446  74.0401 281.8492 0050095  39.4356 321.0433 14.49444247897409"
      },
      "geometry": {
        "type": "Point",
        "coordinates": [
          -71.67549904471302,
          23.450616154420935
        ]
      }
    },
    {
      "type": "Feature",
      "properties": {
        "norad_id": 34449,
        "name": "COSMOS 2251 DEB",
        "group": "cosmos-2251-debris",
        "lat": 2.7448991079014378,
        "lon": 102.77473706484477,
        "alt_km": 575.5384568036252,
        "timestamp": "2026-02-23T07:17:29.432934+00:00",
        "meta_object_name": "COSMOS 2251 DEB",
        "meta_object_id": "1993-036SS",
        "meta_epoch": "2026-02-22T18:01:40.949760",
        "meta_mean_motion": 15.00859196,
        "meta_eccentricity": 0.00202852,
        "meta_inclination": 74.0295,
        "meta_ra_of_asc_node": 284.6861,
        "meta_arg_of_pericenter": 308.6072,
        "meta_mean_anomaly": 123.8407,
        "meta_ephemeris_type": 0,
        "meta_classification_type": "U",
        "meta_norad_cat_id": 34449,
        "meta_element_set_no": 999,
        "meta_rev_at_epoch": 89771,
        "meta_bstar": 0.002835556,
        "meta_mean_motion_dot": 0.00036377,
        "meta_mean_motion_ddot": 0,
        "tle_line1": "1 34449U 93036SS  26053.75116840  .00036377  00000+0  28356-2 0  9994",
        "tle_line2": "2 34449  74.0295 284.6861 0020285 308.6072 123.8407 15.00859196897712"
      },
      "geometry": {
        "type": "Point",
        "coordinates": [
          102.77473706484477,
          2.7448991079014378
        ]
      }
    },
    {
      "type": "Feature",
      "properties": {
        "norad_id": 34451,
        "name": "COSMOS 2251 DEB",
        "group": "cosmos-2251-debris",
        "lat": 20.855407897989398,
        "lon": -52.94953187278799,
        "alt_km": 557.900992549542,
        "timestamp": "2026-02-23T07:17:29.432944+00:00",
        "meta_object_name": "COSMOS 2251 DEB",
        "meta_object_id": "1993-036SU",
        "meta_epoch": "2026-02-22T02:25:14.603808",
        "meta_mean_motion": 15.0193791,
        "meta_eccentricity": 0.00209357,
        "meta_inclination": 74.044,
        "meta_ra_of_asc_node": 303.2428,
        "meta_arg_of_pericenter": 304.1995,
        "meta_mean_anomaly": 55.7209,
        "meta_ephemeris_type": 0,
        "meta_classification_type": "U",
        "meta_norad_cat_id": 34451,
        "meta_element_set_no": 999,
        "meta_rev_at_epoch": 89704,
        "meta_bstar": 0.0020837701,
        "meta_mean_motion_dot": 0.00027464,
        "meta_mean_motion_ddot": 0,
        "tle_line1": "1 34451U 93036SU  26053.10086347  .00027464  00000+0  20838-2 0  9998",
        "tle_line2": "2 34451  74.0440 303.2428 0020935 304.1995  55.7209 15.01937910897042"
      },
      "geometry": {
        "type": "Point",
        "coordinates": [
          -52.94953187278799,
          20.855407897989398
        ]
      }
    },
    {
      "type": "Feature",
      "properties": {
        "norad_id": 34452,
        "name": "COSMOS 2251 DEB",
        "group": "cosmos-2251-debris",
        "lat": -64.53302839342466,
        "lon": -4.68872637765588,
        "alt_km": 566.7513788109127,
        "timestamp": "2026-02-23T07:17:29.432954+00:00",
        "meta_object_name": "COSMOS 2251 DEB",
        "meta_object_id": "1993-036SV",
        "meta_epoch": "2026-02-22T17:19:55.133760",
        "meta_mean_motion": 15.14349225,
        "meta_eccentricity": 0.00572289,
        "meta_inclination": 74.0315,
        "meta_ra_of_asc_node": 33.4782,
        "meta_arg_of_pericenter": 91.1642,
        "meta_mean_anomaly": 269.6109,
        "meta_ephemeris_type": 0,
        "meta_classification_type": "U",
        "meta_norad_cat_id": 34452,
        "meta_element_set_no": 999,
        "meta_rev_at_epoch": 91751,
        "meta_bstar": 0.00099690758,
        "meta_mean_motion_dot": 0.00019049,
        "meta_mean_motion_ddot": 0,
        "tle_line1": "1 34452U 93036SV  26053.72216590  .00019049  00000+0  99691-3 0  9996",
        "tle_line2": "2 34452  74.0315  33.4782 0057228  91.1642 269.6109 15.14349225917516"
      },
      "geometry": {
        "type": "Point",
        "coordinates": [
          -4.68872637765588,
          -64.53302839342466
        ]
      }
    },
    {
      "type": "Feature",
      "properties": {
        "norad_id": 34454,
        "name": "COSMOS 2251 DEB",
        "group": "cosmos-2251-debris",
        "lat": 37.57466728400055,
        "lon": 156.69399336000052,
        "alt_km": 781.4901108982795,
        "timestamp": "2026-02-23T07:17:29.432964+00:00",
        "meta_object_name": "COSMOS 2251 DEB",
        "meta_object_id": "1993-036SX",
        "meta_epoch": "2026-02-22T06:04:45.596064",
        "meta_mean_motion": 14.38937467,
        "meta_eccentricity": 0.00353571,
        "meta_inclination": 74.0593,
        "meta_ra_of_asc_node": 145.9249,
        "meta_arg_of_pericenter": 195.1177,
        "meta_mean_anomaly": 164.8925,
        "meta_ephemeris_type": 0,
        "meta_classification_type": "U",
        "meta_norad_cat_id": 34454,
        "meta_element_set_no": 999,
        "meta_rev_at_epoch": 89096,
        "meta_bstar": 0.00021240264,
        "meta_mean_motion_dot": 6.33e-06,
        "meta_mean_motion_ddot": 0,
        "tle_line1": "1 34454U 93036SX  26053.25330551  .00000633  00000+0  21240-3 0  9994",
        "tle_line2": "2 34454  74.0593 145.9249 0035357 195.1177 164.8925 14.38937467890967"
      },
      "geometry": {
        "type": "Point",
        "coordinates": [
          156.69399336000052,
          37.57466728400055
        ]
      }
    },
    {
      "type": "Feature",
      "properties": {
        "norad_id": 34459,
        "name": "COSMOS 2251 DEB",
        "group": "cosmos-2251-debris",
        "lat": 57.61881268802109,
        "lon": -78.12969174667175,
        "alt_km": 821.1678397347769,
        "timestamp": "2026-02-23T07:17:29.432974+00:00",
        "meta_object_name": "COSMOS 2251 DEB",
        "meta_object_id": "1993-036TC",
        "meta_epoch": "2026-02-22T05:00:18.667296",
        "meta_mean_motion": 14.00641613,
        "meta_eccentricity": 0.019118,
        "meta_inclination": 74.0791,
        "meta_ra_of_asc_node": 130.5127,
        "meta_arg_of_pericenter": 184.0049,
        "meta_mean_anomaly": 175.9568,
        "meta_ephemeris_type": 0,
        "meta_classification_type": "U",
        "meta_norad_cat_id": 34459,
        "meta_element_set_no": 999,
        "meta_rev_at_epoch": 86712,
        "meta_bstar": 0.00037630596,
        "meta_mean_motion_dot": 6.33e-06,
        "meta_mean_motion_ddot": 0,
        "tle_line1": "1 34459U 93036TC  26053.20854939  .00000633  00000+0  37631-3 0  9996",
        "tle_line2": "2 34459  74.0791 130.5127 0191180 184.0049 175.9568 14.00641613867121"
      },
      "geometry": {
        "type": "Point",
        "coordinates": [
          -78.12969174667175,
          57.61881268802109
        ]
      }
    },
    {
      "type": "Feature",
      "properties": {
        "norad_id": 34464,
        "name": "COSMOS 2251 DEB",
        "group": "cosmos-2251-debris",
        "lat": -67.69998072329258,
        "lon": -122.17766894517085,
        "alt_km": 449.9270600698237,
        "timestamp": "2026-02-23T07:17:29.432984+00:00",
        "meta_object_name": "COSMOS 2251 DEB",
        "meta_object_id": "1993-036TH",
        "meta_epoch": "2026-02-22T17:37:00.942816",
        "meta_mean_motion": 15.43843341,
        "meta_eccentricity": 0.00133528,
        "meta_inclination": 73.9809,
        "meta_ra_of_asc_node": 283.5345,
        "meta_arg_of_pericenter": 93.1373,
        "meta_mean_anomaly": 267.1364,
        "meta_ephemeris_type": 0,
        "meta_classification_type": "U",
        "meta_norad_cat_id": 34464,
        "meta_element_set_no": 999,
        "meta_rev_at_epoch": 90944,
        "meta_bstar": 0.0036731411,
        "meta_mean_motion_dot": 0.00170823,
        "meta_mean_motion_ddot": 0,
        "tle_line1": "1 34464U 93036TH  26053.73403869  .00170823  00000+0  36731-2 0  9990",
        "tle_line2": "2 34464  73.9809 283.5345 0013352  93.1373 267.1364 15.43843341909440"
      },
      "geometry": {
        "type": "Point",
        "coordinates": [
          -122.17766894517085,
          -67.69998072329258
        ]
      }
    },
    {
      "type": "Feature",
      "properties": {
        "norad_id": 34468,
        "name": "COSMOS 2251 DEB",
        "group": "cosmos-2251-debris",
        "lat": -13.814030228502611,
        "lon": 165.27632898920123,
        "alt_km": 732.2891991380175,
        "timestamp": "2026-02-23T07:17:29.432994+00:00",
        "meta_object_name": "COSMOS 2251 DEB",
        "meta_object_id": "1993-036TM",
        "meta_epoch": "2026-02-22T13:49:16.680864",
        "meta_mean_motion": 14.47817516,
        "meta_eccentricity": 0.0073891,
        "meta_inclination": 74.0151,
        "meta_ra_of_asc_node": 342.5981,
        "meta_arg_of_pericenter": 110.5445,
        "meta_mean_anomaly": 250.3663,
        "meta_ephemeris_type": 0,
        "meta_classification_type": "U",
        "meta_norad_cat_id": 34468,
        "meta_element_set_no": 999,
        "meta_rev_at_epoch": 89501,
        "meta_bstar": 0.00026944,
        "meta_mean_motion_dot": 1.003e-05,
        "meta_mean_motion_ddot": 0,
        "tle_line1": "1 34468U 93036TM  26053.57588751  .00001003  00000+0  26944-3 0  9999",
        "tle_line2": "2 34468  74.0151 342.5981 0073891 110.5445 250.3663 14.47817516895017"
      },
      "geometry": {
        "type": "Point",
        "coordinates": [
          165.27632898920123,
          -13.814030228502611
        ]
      }
    },
    {
      "type": "Feature",
      "properties": {
        "norad_id": 34472,
        "name": "COSMOS 2251 DEB",
        "group": "cosmos-2251-debris",
        "lat": -27.893604558814594,
        "lon": 167.4699439026223,
        "alt_km": 1102.6349452309914,
        "timestamp": "2026-02-23T07:17:29.433004+00:00",
        "meta_object_name": "COSMOS 2251 DEB",
        "meta_object_id": "1993-036TR",
        "meta_epoch": "2026-02-22T18:02:51.110016",
        "meta_mean_motion": 13.70581494,
        "meta_eccentricity": 0.03266612,
        "meta_inclination": 74.0859,
        "meta_ra_of_asc_node": 339.6916,
        "meta_arg_of_pericenter": 93.8914,
        "meta_mean_anomaly": 269.961,
        "meta_ephemeris_type": 0,
        "meta_classification_type": "U",
        "meta_norad_cat_id": 34472,
        "meta_element_set_no": 999,
        "meta_rev_at_epoch": 84713,
        "meta_bstar": 0.0017687853,
        "meta_mean_motion_dot": 2.269e-05,
        "meta_mean_motion_ddot": 0,
        "tle_line1": "1 34472U 93036TR  26053.75198044  .00002269  00000+0  17688-2 0  9995",
        "tle_line2": "2 34472  74.0859 339.6916 0326661  93.8914 269.9610 13.70581494847138"
      },
      "geometry": {
        "type": "Point",
        "coordinates": [
          167.4699439026223,
          -27.893604558814594
        ]
      }
    },
    {
      "type": "Feature",
      "properties": {
        "norad_id": 34474,
        "name": "COSMOS 2251 DEB",
        "group": "cosmos-2251-debris",
        "lat": 73.56723526496273,
        "lon": -56.0193863022367,
        "alt_km": 1000.5250294615744,
        "timestamp": "2026-02-23T07:17:29.433014+00:00",
        "meta_object_name": "COSMOS 2251 DEB",
        "meta_object_id": "1993-036TT",
        "meta_epoch": "2026-02-22T21:21:44.532864",
        "meta_mean_motion": 14.07011365,
        "meta_eccentricity": 0.02001033,
        "meta_inclination": 74.0771,
        "meta_ra_of_asc_node": 200.1462,
        "meta_arg_of_pericenter": 257.7011,
        "meta_mean_anomaly": 262.3158,
        "meta_ephemeris_type": 0,
        "meta_classification_type": "U",
        "meta_norad_cat_id": 34474,
        "meta_element_set_no": 999,
        "meta_rev_at_epoch": 86523,
        "meta_bstar": 0.0019371549,
        "meta_mean_motion_dot": 3.857e-05,
        "meta_mean_motion_ddot": 0,
        "tle_line1": "1 34474U 93036TT  26053.89009876  .00003857  00000+0  19372-2 0  9992",
        "tle_line2": "2 34474  74.0771 200.1462 0200103 257.7011 262.3158 14.07011365865233"
      },
      "geometry": {
        "type": "Point",
        "coordinates": [
          -56.0193863022367,
          73.56723526496273
        ]
      }
    },
    {
      "type": "Feature",
      "properties": {
        "norad_id": 34476,
        "name": "COSMOS 2251 DEB",
        "group": "cosmos-2251-debris",
        "lat": -35.12051176851771,
        "lon": 151.73523274262686,
        "alt_km": 813.5157256905259,
        "timestamp": "2026-02-23T07:17:29.433024+00:00",
        "meta_object_name": "COSMOS 2251 DEB",
        "meta_object_id": "1993-036TV",
        "meta_epoch": "2026-02-22T04:13:15.199968",
        "meta_mean_motion": 13.82794319,
        "meta_eccentricity": 0.03171302,
        "meta_inclination": 74.0052,
        "meta_ra_of_asc_node": 321.9995,
        "meta_arg_of_pericenter": 166.3726,
        "meta_mean_anomaly": 194.622,
        "meta_ephemeris_type": 0,
        "meta_classification_type": "U",
        "meta_norad_cat_id": 34476,
        "meta_element_set_no": 999,
        "meta_rev_at_epoch": 84625,
        "meta_bstar": 0.0019304726,
        "meta_mean_motion_dot": 3.071e-05,
        "meta_mean_motion_ddot": 0,
        "tle_line1": "1 34476U 93036TV  26053.17587037  .00003071  00000+0  19305-2 0  9999",
        "tle_line2": "2 34476  74.0052 321.9995 0317130 166.3726 194.6220 13.82794319846254"
      },
      "geometry": {
        "type": "Point",
        "coordinates": [
          151.73523274262686,
          -35.12051176851771
        ]
      }
    },
    {
      "type": "Feature",
      "properties": {
        "norad_id": 34477,
        "name": "COSMOS 2251 DEB",
        "group": "cosmos-2251-debris",
        "lat": 24.00370538118626,
        "lon": 103.81188003388274,
        "alt_km": 669.4824006018971,
        "timestamp": "2026-02-23T07:17:29.433034+00:00",
        "meta_object_name": "COSMOS 2251 DEB",
        "meta_object_id": "1993-036TW",
        "meta_epoch": "2026-02-22T19:37:49.751616",
        "meta_mean_motion": 14.57387677,
        "meta_eccentricity": 0.00741628,
        "meta_inclination": 73.9776,
        "meta_ra_of_asc_node": 292.09,
        "meta_arg_of_pericenter": 102.018,
        "meta_mean_anomaly": 24.0004,
        "meta_ephemeris_type": 0,
        "meta_classification_type": "U",
        "meta_norad_cat_id": 34477,
        "meta_element_set_no": 999,
        "meta_rev_at_epoch": 89675,
        "meta_bstar": 0.00058208571,
        "meta_mean_motion_dot": 2.711e-05,
        "meta_mean_motion_ddot": 0,
        "tle_line1": "1 34477U 93036TW  26053.81793694  .00002711  00000+0  58209-3 0  9996",
        "tle_line2": "2 34477  73.9776 292.0900 0074162 102.0180  24.0004 14.57387677896750"
      },
      "geometry": {
        "type": "Point",
        "coordinates": [
          103.81188003388274,
          24.00370538118626
        ]
      }
    },
    {
      "type": "Feature",
      "properties": {
        "norad_id": 34478,
        "name": "COSMOS 2251 DEB",
        "group": "cosmos-2251-debris",
        "lat": 53.19878534398308,
        "lon": -120.93419678818833,
        "alt_km": 488.51947349096827,
        "timestamp": "2026-02-23T07:17:29.433045+00:00",
        "meta_object_name": "COSMOS 2251 DEB",
        "meta_object_id": "1993-036TX",
        "meta_epoch": "2026-02-22T15:46:08.224032",
        "meta_mean_motion": 15.17086875,
        "meta_eccentricity": 0.00300763,
        "meta_inclination": 74.0426,
        "meta_ra_of_asc_node": 217.9274,
        "meta_arg_of_pericenter": 49.1543,
        "meta_mean_anomaly": 76.2877,
        "meta_ephemeris_type": 0,
        "meta_classification_type": "U",
        "meta_norad_cat_id": 34478,
        "meta_element_set_no": 999,
        "meta_rev_at_epoch": 90060,
        "meta_bstar": 0.0042236575,
        "meta_mean_motion_dot": 0.00085614,
        "meta_mean_motion_ddot": 0,
        "tle_line1": "1 34478U 93036TX  26053.65703963  .00085614  00000+0  42237-2 0  9995",
        "tle_line2": "2 34478  74.0426 217.9274 0030076  49.1543  76.2877 15.17086875900605"
      },
      "geometry": {
        "type": "Point",
        "coordinates": [
          -120.93419678818833,
          53.19878534398308
        ]
      }
    },
    {
      "type": "Feature",
      "properties": {
        "norad_id": 34481,
        "name": "COSMOS 2251 DEB",
        "group": "cosmos-2251-debris",
        "lat": 73.96767423516353,
        "lon": 10.588068953669614,
        "alt_km": 726.6380414340383,
        "timestamp": "2026-02-23T07:17:29.433055+00:00",
        "meta_object_name": "COSMOS 2251 DEB",
        "meta_object_id": "1993-036UA",
        "meta_epoch": "2026-02-22T19:44:02.434560",
        "meta_mean_motion": 14.32844751,
        "meta_eccentricity": 0.00690127,
        "meta_inclination": 73.9775,
        "meta_ra_of_asc_node": 281.3657,
        "meta_arg_of_pericenter": 78.0193,
        "meta_mean_anomaly": 48.808,
        "meta_ephemeris_type": 0,
        "meta_classification_type": "U",
        "meta_norad_cat_id": 34481,
        "meta_element_set_no": 999,
        "meta_rev_at_epoch": 88481,
        "meta_bstar": 0.00041091396,
        "meta_mean_motion_dot": 1.126e-05,
        "meta_mean_motion_ddot": 0,
        "tle_line1": "1 34481U 93036UA  26053.82225040  .00001126  00000+0  41091-3 0  9997",
        "tle_line2": "2 34481  73.9775 281.3657 0069012  78.0193  48.8080 14.32844751884814"
      },
      "geometry": {
        "type": "Point",
        "coordinates": [
          10.588068953669614,
          73.96767423516353
        ]
      }
    },
    {
      "type": "Feature",
      "properties": {
        "norad_id": 34482,
        "name": "COSMOS 2251 DEB",
        "group": "cosmos-2251-debris",
        "lat": -20.14378977488084,
        "lon": 76.82199369418709,
        "alt_km": 684.9775045750584,
        "timestamp": "2026-02-23T07:17:29.433065+00:00",
        "meta_object_name": "COSMOS 2251 DEB",
        "meta_object_id": "1993-036UB",
        "meta_epoch": "2026-02-22T02:09:12.709152",
        "meta_mean_motion": 14.71291743,
        "meta_eccentricity": 0.00380171,
        "meta_inclination": 74.0347,
        "meta_ra_of_asc_node": 85.2078,
        "meta_arg_of_pericenter": 132.1886,
        "meta_mean_anomaly": 259.2102,
        "meta_ephemeris_type": 0,
        "meta_classification_type": "U",
        "meta_norad_cat_id": 34482,
        "meta_element_set_no": 999,
        "meta_rev_at_epoch": 89236,
        "meta_bstar": 0.0012241605,
        "meta_mean_motion_dot": 7.623e-05,
        "meta_mean_motion_ddot": 0,
        "tle_line1": "1 34482U 93036UB  26053.08973043  .00007623  00000+0  12242-2 0  9992",
        "tle_line2": "2 34482  74.0347  85.2078 0038017 132.1886 259.2102 14.71291743892364"
      },
      "geometry": {
        "type": "Point",
        "coordinates": [
          76.82199369418709,
          -20.14378977488084
        ]
      }
    },
    {
      "type": "Feature",
      "properties": {
        "norad_id": 34544,
        "name": "COSMOS 2251 DEB",
        "group": "cosmos-2251-debris",
        "lat": -42.18448107334681,
        "lon": 71.39325514534397,
        "alt_km": 1291.412462475807,
        "timestamp": "2026-02-23T07:17:29.433075+00:00",
        "meta_object_name": "COSMOS 2251 DEB",
        "meta_object_id": "1993-036UE",
        "meta_epoch": "2026-02-22T01:32:36.906720",
        "meta_mean_motion": 13.54811756,
        "meta_eccentricity": 0.03800284,
        "meta_inclination": 73.9139,
        "meta_ra_of_asc_node": 88.5585,
        "meta_arg_of_pericenter": 103.9297,
        "meta_mean_anomaly": 291.1185,
        "meta_ephemeris_type": 0,
        "meta_classification_type": "U",
        "meta_norad_cat_id": 34544,
        "meta_element_set_no": 999,
        "meta_rev_at_epoch": 83848,
        "meta_bstar": 0.00035954053,
        "meta_mean_motion_dot": 3.73e-06,
        "meta_mean_motion_ddot": 0,
        "tle_line1": "1 34544U 93036UE  26053.06431605  .00000373  00000+0  35954-3 0  9993",
        "tle_line2": "2 34544  73.9139  88.5585 0380028 103.9297 291.1185 13.54811756838484"
      },
      "geometry": {
        "type": "Point",
        "coordinates": [
          71.39325514534397,
          -42.18448107334681
        ]
      }
    },
    {
      "type": "Feature",
      "properties": {
        "norad_id": 34546,
        "name": "COSMOS 2251 DEB",
        "group": "cosmos-2251-debris",
        "lat": -39.54181665245305,
        "lon": -52.478405372572695,
        "alt_km": 734.451381596914,
        "timestamp": "2026-02-23T07:17:29.433085+00:00",
        "meta_object_name": "COSMOS 2251 DEB",
        "meta_object_id": "1993-036UG",
        "meta_epoch": "2026-02-22T22:13:07.966560",
        "meta_mean_motion": 14.45799066,
        "meta_eccentricity": 0.00207732,
        "meta_inclination": 74.0294,
        "meta_ra_of_asc_node": 114.5512,
        "meta_arg_of_pericenter": 180.6346,
        "meta_mean_anomaly": 233.8029,
        "meta_ephemeris_type": 0,
        "meta_classification_type": "U",
        "meta_norad_cat_id": 34546,
        "meta_element_set_no": 999,
        "meta_rev_at_epoch": 89069,
        "meta_bstar": 0.00045701557,
        "meta_mean_motion_dot": 1.599e-05,
        "meta_mean_motion_ddot": 0,
        "tle_line1": "1 34546U 93036UG  26053.92578665  .00001599  00000+0  45702-3 0  9991",
        "tle_line2": "2 34546  74.0294 114.5512 0020773 180.6346 233.8029 14.45799066890696"
      },
      "geometry": {
        "type": "Point",
        "coordinates": [
          -52.478405372572695,
          -39.54181665245305
        ]
      }
    },
    {
      "type": "Feature",
      "properties": {
        "norad_id": 34547,
        "name": "COSMOS 2251 DEB",
        "group": "cosmos-2251-debris",
        "lat": 61.95332889030727,
        "lon": -8.229879224931778,
        "alt_km": 634.1617614354509,
        "timestamp": "2026-02-23T07:17:29.433095+00:00",
        "meta_object_name": "COSMOS 2251 DEB",
        "meta_object_id": "1993-036UH",
        "meta_epoch": "2026-02-22T03:18:13.097376",
        "meta_mean_motion": 14.74186493,
        "meta_eccentricity": 0.00158738,
        "meta_inclination": 74.0315,
        "meta_ra_of_asc_node": 321.5339,
        "meta_arg_of_pericenter": 18.9135,
        "meta_mean_anomaly": 341.2625,
        "meta_ephemeris_type": 0,
        "meta_classification_type": "U",
        "meta_norad_cat_id": 34547,
        "meta_element_set_no": 999,
        "meta_rev_at_epoch": 89573,
        "meta_bstar": 0.0012987922,
        "meta_mean_motion_dot": 8.57e-05,
        "meta_mean_motion_ddot": 0,
        "tle_line1": "1 34547U 93036UH  26053.13765159  .00008570  00000+0  12988-2 0  9996",
        "tle_line2": "2 34547  74.0315 321.5339 0015873  18.9135 341.2625 14.74186493895734"
      },
      "geometry": {
        "type": "Point",
        "coordinates": [
          -8.229879224931778,
          61.95332889030727
        ]
      }
    },
    {
      "type": "Feature",
      "properties": {
        "norad_id": 34553,
        "name": "COSMOS 2251 DEB",
        "group": "cosmos-2251-debris",
        "lat": -10.638634387129791,
        "lon": 50.650387865560596,
        "alt_km": 708.7339571684288,
        "timestamp": "2026-02-23T07:17:29.433105+00:00",
        "meta_object_name": "COSMOS 2251 DEB",
        "meta_object_id": "1993-036UP",
        "meta_epoch": "2026-02-22T23:14:19.806720",
        "meta_mean_motion": 14.58621427,
        "meta_eccentricity": 0.00155177,
        "meta_inclination": 74.0248,
        "meta_ra_of_asc_node": 54.374,
        "meta_arg_of_pericenter": 120.8401,
        "meta_mean_anomaly": 267.1887,
        "meta_ephemeris_type": 0,
        "meta_classification_type": "U",
        "meta_norad_cat_id": 34553,
        "meta_element_set_no": 999,
        "meta_rev_at_epoch": 89149,
        "meta_bstar": 0.0012874682,
        "meta_mean_motion_dot": 5.981e-05,
        "meta_mean_motion_ddot": 0,
        "tle_line1": "1 34553U 93036UP  26053.96828480  .00005981  00000+0  12875-2 0  9999",
        "tle_line2": "2 34553  74.0248  54.3740 0015517 120.8401 267.1887 14.58621427891495"
      },
      "geometry": {
        "type": "Point",
        "coordinates": [
          50.650387865560596,
          -10.638634387129791
        ]
      }
    },
    {
      "type": "Feature",
      "properties": {
        "norad_id": 34554,
        "name": "COSMOS 2251 DEB",
        "group": "cosmos-2251-debris",
        "lat": -50.51857419725332,
        "lon": 5.691963024850285,
        "alt_km": 754.997836386492,
        "timestamp": "2026-02-23T07:17:29.433116+00:00",
        "meta_object_name": "COSMOS 2251 DEB",
        "meta_object_id": "1993-036UQ",
        "meta_epoch": "2026-02-22T06:58:11.856000",
        "meta_mean_motion": 14.38105848,
        "meta_eccentricity": 0.00238321,
        "meta_inclination": 74.0393,
        "meta_ra_of_asc_node": 167.229,
        "meta_arg_of_pericenter": 218.7942,
        "meta_mean_anomaly": 170.0199,
        "meta_ephemeris_type": 0,
        "meta_classification_type": "U",
        "meta_norad_cat_id": 34554,
        "meta_element_set_no": 999,
        "meta_rev_at_epoch": 88784,
        "meta_bstar": 0.00032252165,
        "meta_mean_motion_dot": 9.54e-06,
        "meta_mean_motion_ddot": 0,
        "tle_line1": "1 34554U 93036UQ  26053.29041500  .00000954  00000+0  32252-3 0  9993",
        "tle_line2": "2 34554  74.0393 167.2290 0023832 218.7942 170.0199 14.38105848887841"
      },
      "geometry": {
        "type": "Point",
        "coordinates": [
          5.691963024850285,
          -50.51857419725332
        ]
      }
    },
    {
      "type": "Feature",
      "properties": {
        "norad_id": 34556,
        "name": "COSMOS 2251 DEB",
        "group": "cosmos-2251-debris",
        "lat": -42.324822800916984,
        "lon": -33.183473328536465,
        "alt_km": 631.7900877907805,
        "timestamp": "2026-02-23T07:17:29.433126+00:00",
        "meta_object_name": "COSMOS 2251 DEB",
        "meta_object_id": "1993-036US",
        "meta_epoch": "2026-02-22T06:13:34.436640",
        "meta_mean_motion": 14.80431879,
        "meta_eccentricity": 0.00055628,
        "meta_inclination": 74.0176,
        "meta_ra_of_asc_node": 344.007,
        "meta_arg_of_pericenter": 11.1095,
        "meta_mean_anomaly": 140.7165,
        "meta_ephemeris_type": 0,
        "meta_classification_type": "U",
        "meta_norad_cat_id": 34556,
        "meta_element_set_no": 999,
        "meta_rev_at_epoch": 89386,
        "meta_bstar": 0.0021775918,
        "meta_mean_motion_dot": 0.00016658,
        "meta_mean_motion_ddot": 0,
        "tle_line1": "1 34556U 93036US  26053.25942635  .00016658  00000+0  21776-2 0  9996",
        "tle_line2": "2 34556  74.0176 344.0070 0005562  11.1095 140.7165 14.80431879893866"
      },
      "geometry": {
        "type": "Point",
        "coordinates": [
          -33.183473328536465,
          -42.324822800916984
        ]
      }
    },
    {
      "type": "Feature",
      "properties": {
        "norad_id": 34560,
        "name": "COSMOS 2251 DEB",
        "group": "cosmos-2251-debris",
        "lat": 70.85600783941504,
        "lon": 124.92157407786974,
        "alt_km": 634.3354821374296,
        "timestamp": "2026-02-23T07:17:29.433136+00:00",
        "meta_object_name": "COSMOS 2251 DEB",
        "meta_object_id": "1993-036UW",
        "meta_epoch": "2026-02-22T06:56:43.048032",
        "meta_mean_motion": 14.74178549,
        "meta_eccentricity": 0.00111712,
        "meta_inclination": 74.0186,
        "meta_ra_of_asc_node": 2.548,
        "meta_arg_of_pericenter": 64.1432,
        "meta_mean_anomaly": 55.0059,
        "meta_ephemeris_type": 0,
        "meta_classification_type": "U",
        "meta_norad_cat_id": 34560,
        "meta_element_set_no": 999,
        "meta_rev_at_epoch": 89305,
        "meta_bstar": 0.0022253106,
        "meta_mean_motion_dot": 0.00014704,
        "meta_mean_motion_ddot": 0,
        "tle_line1": "1 34560U 93036UW  26053.28938713  .00014704  00000+0  22253-2 0  9997",
        "tle_line2": "2 34560  74.0186   2.5480 0011171  64.1432  55.0059 14.74178549893055"
      },
      "geometry": {
        "type": "Point",
        "coordinates": [
          124.92157407786974,
          70.85600783941504
        ]
      }
    },
    {
      "type": "Feature",
      "properties": {
        "norad_id": 34563,
        "name": "COSMOS 2251 DEB",
        "group": "cosmos-2251-debris",
        "lat": 32.16003766081327,
        "lon": -122.17089313059218,
        "alt_km": 725.3403962789444,
        "timestamp": "2026-02-23T07:17:29.433151+00:00",
        "meta_object_name": "COSMOS 2251 DEB",
        "meta_object_id": "1993-036UZ",
        "meta_epoch": "2026-02-22T04:36:47.187648",
        "meta_mean_motion": 14.46811226,
        "meta_eccentricity": 0.00121467,
        "meta_inclination": 74.0362,
        "meta_ra_of_asc_node": 70.2736,
        "meta_arg_of_pericenter": 159.116,
        "meta_mean_anomaly": 319.7532,
        "meta_ephemeris_type": 0,
        "meta_classification_type": "U",
        "meta_norad_cat_id": 34563,
        "meta_element_set_no": 999,
        "meta_rev_at_epoch": 89230,
        "meta_bstar": 0.00039690728,
        "meta_mean_motion_dot": 1.413e-05,
        "meta_mean_motion_ddot": 0,
        "tle_line1": "1 34563U 93036UZ  26053.19221282  .00001413  00000+0  39691-3 0  9994",
        "tle_line2": "2 34563  74.0362  70.2736 0012146 159.1160 319.7532 14.46811226892304"
      },
      "geometry": {
        "type": "Point",
        "coordinates": [
          -122.17089313059218,
          32.16003766081327
        ]
      }
    },
    {
      "type": "Feature",
      "properties": {
        "norad_id": 34564,
        "name": "COSMOS 2251 DEB",
        "group": "cosmos-2251-debris",
        "lat": -4.610673919515439,
        "lon": -74.93073184288146,
        "alt_km": 745.5948105631151,
        "timestamp": "2026-02-23T07:17:29.433160+00:00",
        "meta_object_name": "COSMOS 2251 DEB",
        "meta_object_id": "1993-036VA",
        "meta_epoch": "2026-02-22T22:23:40.403328",
        "meta_mean_motion": 14.40837437,
        "meta_eccentricity": 0.00192847,
        "meta_inclination": 74.0315,
        "meta_ra_of_asc_node": 104.4319,
        "meta_arg_of_pericenter": 199.7538,
        "meta_mean_anomaly": 222.8977,
        "meta_ephemeris_type": 0,
        "meta_classification_type": "U",
        "meta_norad_cat_id": 34564,
        "meta_element_set_no": 999,
        "meta_rev_at_epoch": 89046,
        "meta_bstar": 0.0002108784,
        "meta_mean_motion_dot": 6.5e-06,
        "meta_mean_motion_ddot": 0,
        "tle_line1": "1 34564U 93036VA  26053.93310652  .00000650  00000+0  21088-3 0  9990",
        "tle_line2": "2 34564  74.0315 104.4319 0019284 199.7538 222.8977 14.40837437890467"
      },
      "geometry": {
        "type": "Point",
        "coordinates": [
          -74.93073184288146,
          -4.610673919515439
        ]
      }
    },
    {
      "type": "Feature",
      "properties": {
        "norad_id": 34567,
        "name": "COSMOS 2251 DEB",
        "group": "cosmos-2251-debris",
        "lat": -12.648448038128587,
        "lon": -150.15114674531316,
        "alt_km": 833.4618045213265,
        "timestamp": "2026-02-23T07:17:29.433171+00:00",
        "meta_object_name": "COSMOS 2251 DEB",
        "meta_object_id": "1993-036VD",
        "meta_epoch": "2026-02-22T22:06:35.308800",
        "meta_mean_motion": 14.24102383,
        "meta_eccentricity": 0.00720741,
        "meta_inclination": 74.0422,
        "meta_ra_of_asc_node": 26.8556,
        "meta_arg_of_pericenter": 83.2841,
        "meta_mean_anomaly": 308.4199,
        "meta_ephemeris_type": 0,
        "meta_classification_type": "U",
        "meta_norad_cat_id": 34567,
        "meta_element_set_no": 999,
        "meta_rev_at_epoch": 88152,
        "meta_bstar": 0.00017559706,
        "meta_mean_motion_dot": 3.9e-06,
        "meta_mean_motion_ddot": 0,
        "tle_line1": "1 34567U 93036VD  26053.92124200  .00000390  00000+0  17560-3 0  9995",
        "tle_line2": "2 34567  74.0422  26.8556 0072074  83.2841 308.4199 14.24102383881520"
      },
      "geometry": {
        "type": "Point",
        "coordinates": [
          -150.15114674531316,
          -12.648448038128587
        ]
      }
    },
    {
      "type": "Feature",
      "properties": {
        "norad_id": 34569,
        "name": "COSMOS 2251 DEB",
        "group": "cosmos-2251-debris",
        "lat": -27.680370322198552,
        "lon": -104.4441181424558,
        "alt_km": 714.6079105709941,
        "timestamp": "2026-02-23T07:17:29.433181+00:00",
        "meta_object_name": "COSMOS 2251 DEB",
        "meta_object_id": "1993-036VF",
        "meta_epoch": "2026-02-22T20:32:28.294656",
        "meta_mean_motion": 14.2500503,
        "meta_eccentricity": 0.01596342,
        "meta_inclination": 73.9891,
        "meta_ra_of_asc_node": 67.7029,
        "meta_arg_of_pericenter": 240.2607,
        "meta_mean_anomaly": 192.4783,
        "meta_ephemeris_type": 0,
        "meta_classification_type": "U",
        "meta_norad_cat_id": 34569,
        "meta_element_set_no": 999,
        "meta_rev_at_epoch": 87995,
        "meta_bstar": 0.00054687961,
        "meta_mean_motion_dot": 1.434e-05,
        "meta_mean_motion_ddot": 0,
        "tle_line1": "1 34569U 93036VF  26053.85588304  .00001434  00000+0  54688-3 0  9990",
        "tle_line2": "2 34569  73.9891  67.7029 0159634 240.2607 192.4783 14.25005030879958"
      },
      "geometry": {
        "type": "Point",
        "coordinates": [
          -104.4441181424558,
          -27.680370322198552
        ]
      }
    },
    {
      "type": "Feature",
      "properties": {
        "norad_id": 34570,
        "name": "COSMOS 2251 DEB",
        "group": "cosmos-2251-debris",
        "lat": 69.42972009054625,
        "lon": -137.99531351470247,
        "alt_km": 999.2175527199879,
        "timestamp": "2026-02-23T07:17:29.433191+00:00",
        "meta_object_name": "COSMOS 2251 DEB",
        "meta_object_id": "1993-036VG",
        "meta_epoch": "2026-02-22T19:21:48.255264",
        "meta_mean_motion": 13.99966012,
        "meta_eccentricity": 0.01920577,
        "meta_inclination": 73.956,
        "meta_ra_of_asc_node": 92.9339,
        "meta_arg_of_pericenter": 319.7538,
        "meta_mean_anomaly": 158.0828,
        "meta_ephemeris_type": 0,
        "meta_classification_type": "U",
        "meta_norad_cat_id": 34570,
        "meta_element_set_no": 999,
        "meta_rev_at_epoch": 86609,
        "meta_bstar": 0.00053970148,
        "meta_mean_motion_dot": 9.05e-06,
        "meta_mean_motion_ddot": 0,
        "tle_line1": "1 34570U 93036VG  26053.80680851  .00000905  00000+0  53970-3 0  9992",
        "tle_line2": "2 34570  73.9560  92.9339 0192057 319.7538 158.0828 13.99966012866093"
      },
      "geometry": {
        "type": "Point",
        "coordinates": [
          -137.99531351470247,
          69.42972009054625
        ]
      }
    },
    {
      "type": "Feature",
      "properties": {
        "norad_id": 34571,
        "name": "COSMOS 2251 DEB",
        "group": "cosmos-2251-debris",
        "lat": -14.016973546389359,
        "lon": 42.16510897521271,
        "alt_km": 719.096693849513,
        "timestamp": "2026-02-23T07:17:29.433201+00:00",
        "meta_object_name": "COSMOS 2251 DEB",
        "meta_object_id": "1993-036VH",
        "meta_epoch": "2026-02-20T23:04:33.911904",
        "meta_mean_motion": 14.50405592,
        "meta_eccentricity": 0.0057701,
        "meta_inclination": 74.0404,
        "meta_ra_of_asc_node": 50.6605,
        "meta_arg_of_pericenter": 67.6131,
        "meta_mean_anomaly": 293.1129,
        "meta_ephemeris_type": 0,
        "meta_classification_type": "U",
        "meta_norad_cat_id": 34571,
        "meta_element_set_no": 999,
        "meta_rev_at_epoch": 88311,
        "meta_bstar": 0.0019379,
        "meta_mean_motion_dot": 7.714e-05,
        "meta_mean_motion_ddot": 0,
        "tle_line1": "1 34571U 93036VH  26051.96150361  .00007714  00000+0  19379-2 0  9995",
        "tle_line2": "2 34571  74.0404  50.6605 0057701  67.6131 293.1129 14.50405592883110"
      },
      "geometry": {
        "type": "Point",
        "coordinates": [
          42.16510897521271,
          -14.016973546389359
        ]
      }
    },
    {
      "type": "Feature",
      "properties": {
        "norad_id": 34572,
        "name": "COSMOS 2251 DEB",
        "group": "cosmos-2251-debris",
        "lat": 41.04383245793603,
        "lon": 144.38580098598294,
        "alt_km": 726.1208085486796,
        "timestamp": "2026-02-23T07:17:29.433211+00:00",
        "meta_object_name": "COSMOS 2251 DEB",
        "meta_object_id": "1993-036VJ",
        "meta_epoch": "2026-02-22T19:13:53.862240",
        "meta_mean_motion": 14.51555154,
        "meta_eccentricity": 0.00600479,
        "meta_inclination": 74.0116,
        "meta_ra_of_asc_node": 339.788,
        "meta_arg_of_pericenter": 35.107,
        "meta_mean_anomaly": 356.2793,
        "meta_ephemeris_type": 0,
        "meta_classification_type": "U",
        "meta_norad_cat_id": 34572,
        "meta_element_set_no": 999,
        "meta_rev_at_epoch": 88423,
        "meta_bstar": 0.0025339547,
        "meta_mean_motion_dot": 0.00010368,
        "meta_mean_motion_ddot": 0,
        "tle_line1": "1 34572U 93036VJ  26053.80131785  .00010368  00000+0  25340-2 0  9994",
        "tle_line2": "2 34572  74.0116 339.7880 0060047  35.1070 356.2793 14.51555154884239"
      },
      "geometry": {
        "type": "Point",
        "coordinates": [
          144.38580098598294,
          41.04383245793603
        ]
      }
    },
    {
      "type": "Feature",
      "properties": {
        "norad_id": 34574,
        "name": "COSMOS 2251 DEB",
        "group": "cosmos-2251-debris",
        "lat": -36.56099501238082,
        "lon": -109.80144591491407,
        "alt_km": 634.9542830179771,
        "timestamp": "2026-02-23T07:17:29.433221+00:00",
        "meta_object_name": "COSMOS 2251 DEB",
        "meta_object_id": "1993-036VL",
        "meta_epoch": "2026-02-22T13:40:11.477856",
        "meta_mean_motion": 14.71855021,
        "meta_eccentricity": 0.0066974,
        "meta_inclination": 74.0664,
        "meta_ra_of_asc_node": 263.8548,
        "meta_arg_of_pericenter": 266.872,
        "meta_mean_anomaly": 125.4383,
        "meta_ephemeris_type": 0,
        "meta_classification_type": "U",
        "meta_norad_cat_id": 34574,
        "meta_element_set_no": 999,
        "meta_rev_at_epoch": 89835,
        "meta_bstar": 0.0009039,
        "meta_mean_motion_dot": 5.828e-05,
        "meta_mean_motion_ddot": 0,
        "tle_line1": "1 34574U 93036VL  26053.56957729  .00005828  00000+0  90390-3 0  9996",
        "tle_line2": "2 34574  74.0664 263.8548 0066974 266.8720 125.4383 14.71855021898354"
      },
      "geometry": {
        "type": "Point",
        "coordinates": [
          -109.80144591491407,
          -36.56099501238082
        ]
      }
    },
    {
      "type": "Feature",
      "properties": {
        "norad_id": 34576,
        "name": "COSMOS 2251 DEB",
        "group": "cosmos-2251-debris",
        "lat": -21.392478600380645,
        "lon": -172.9042812351009,
        "alt_km": 709.5287896672708,
        "timestamp": "2026-02-23T07:17:29.433231+00:00",
        "meta_object_name": "COSMOS 2251 DEB",
        "meta_object_id": "1993-036VN",
        "meta_epoch": "2026-02-22T20:36:55.666368",
        "meta_mean_motion": 14.56012291,
        "meta_eccentricity": 0.00061462,
        "meta_inclination": 74.0363,
        "meta_ra_of_asc_node": 1.5003,
        "meta_arg_of_pericenter": 133.1354,
        "meta_mean_anomaly": 258.2678,
        "meta_ephemeris_type": 0,
        "meta_classification_type": "U",
        "meta_norad_cat_id": 34576,
        "meta_element_set_no": 999,
        "meta_rev_at_epoch": 89516,
        "meta_bstar": 0.00083656583,
        "meta_mean_motion_dot": 3.656e-05,
        "meta_mean_motion_ddot": 0,
        "tle_line1": "1 34576U 93036VN  26053.85897762  .00003656  00000+0  83657-3 0  9995",
        "tle_line2": "2 34576  74.0363   1.5003 0006146 133.1354 258.2678 14.56012291895164"
      },
      "geometry": {
        "type": "Point",
        "coordinates": [
          -172.9042812351009,
          -21.392478600380645
        ]
      }
    },
    {
      "type": "Feature",
      "properties": {
        "norad_id": 34579,
        "name": "COSMOS 2251 DEB",
        "group": "cosmos-2251-debris",
        "lat": -70.19874022939545,
        "lon": -38.64310880758779,
        "alt_km": 754.148992847895,
        "timestamp": "2026-02-23T07:17:29.433241+00:00",
        "meta_object_name": "COSMOS 2251 DEB",
        "meta_object_id": "1993-036VR",
        "meta_epoch": "2026-02-22T05:44:03.093216",
        "meta_mean_motion": 14.45581295,
        "meta_eccentricity": 0.00251917,
        "meta_inclination": 74.051,
        "meta_ra_of_asc_node": 90.7549,
        "meta_arg_of_pericenter": 146.8631,
        "meta_mean_anomaly": 331.4378,
        "meta_ephemeris_type": 0,
        "meta_classification_type": "U",
        "meta_norad_cat_id": 34579,
        "meta_element_set_no": 999,
        "meta_rev_at_epoch": 89207,
        "meta_bstar": 0.00030428842,
        "meta_mean_motion_dot": 1.052e-05,
        "meta_mean_motion_ddot": 0,
        "tle_line1": "1 34579U 93036VR  26053.23892469  .00001052  00000+0  30429-3 0  9996",
        "tle_line2": "2 34579  74.0510  90.7549 0025191 146.8631 331.4378 14.45581295892077"
      },
      "geometry": {
        "type": "Point",
        "coordinates": [
          -38.64310880758779,
          -70.19874022939545
        ]
      }
    },
    {
      "type": "Feature",
      "properties": {
        "norad_id": 34582,
        "name": "COSMOS 2251 DEB",
        "group": "cosmos-2251-debris",
        "lat": 49.12915363829756,
        "lon": 156.73249813061642,
        "alt_km": 777.099290026742,
        "timestamp": "2026-02-23T07:17:29.433251+00:00",
        "meta_object_name": "COSMOS 2251 DEB",
        "meta_object_id": "1993-036VU",
        "meta_epoch": "2026-02-22T16:04:56.792928",
        "meta_mean_motion": 14.43701685,
        "meta_eccentricity": 0.00500051,
        "meta_inclination": 74.0194,
        "meta_ra_of_asc_node": 138.572,
        "meta_arg_of_pericenter": 234.9807,
        "meta_mean_anomaly": 124.6652,
        "meta_ephemeris_type": 0,
        "meta_classification_type": "U",
        "meta_norad_cat_id": 34582,
        "meta_element_set_no": 999,
        "meta_rev_at_epoch": 88985,
        "meta_bstar": 0.0005541034,
        "meta_mean_motion_dot": 1.884e-05,
        "meta_mean_motion_ddot": 0,
        "tle_line1": "1 34582U 93036VU  26053.67010177  .00001884  00000+0  55410-3 0  9996",
        "tle_line2": "2 34582  74.0194 138.5720 0050005 234.9807 124.6652 14.43701685889851"
      },
      "geometry": {
        "type": "Point",
        "coordinates": [
          156.73249813061642,
          49.12915363829756
        ]
      }
    },
    {
      "type": "Feature",
      "properties": {
        "norad_id": 34588,
        "name": "COSMOS 2251 DEB",
        "group": "cosmos-2251-debris",
        "lat": 65.11323997047487,
        "lon": -84.30623856785166,
        "alt_km": 739.7480643410536,
        "timestamp": "2026-02-23T07:17:29.433262+00:00",
        "meta_object_name": "COSMOS 2251 DEB",
        "meta_object_id": "1993-036WA",
        "meta_epoch": "2026-02-22T23:15:31.708800",
        "meta_mean_motion": 14.42277099,
        "meta_eccentricity": 0.00179048,
        "meta_inclination": 74.0432,
        "meta_ra_of_asc_node": 134.3936,
        "meta_arg_of_pericenter": 179.3301,
        "meta_mean_anomaly": 353.0677,
        "meta_ephemeris_type": 0,
        "meta_classification_type": "U",
        "meta_norad_cat_id": 34588,
        "meta_element_set_no": 999,
        "meta_rev_at_epoch": 88991,
        "meta_bstar": 0.00038528741,
        "meta_mean_motion_dot": 1.247e-05,
        "meta_mean_motion_ddot": 0,
        "tle_line1": "1 34588U 93036WA  26053.96911700  .00001247  00000+0  38529-3 0  9991",
        "tle_line2": "2 34588  74.0432 134.3936 0017904 179.3301 353.0677 14.42277099889915"
      },
      "geometry": {
        "type": "Point",
        "coordinates": [
          -84.30623856785166,
          65.11323997047487
        ]
      }
    },
    {
      "type": "Feature",
      "properties": {
        "norad_id": 34589,
        "name": "COSMOS 2251 DEB",
        "group": "cosmos-2251-debris",
        "lat": 72.19418267707789,
        "lon": 48.49494517389223,
        "alt_km": 1034.298592033636,
        "timestamp": "2026-02-23T07:17:29.433272+00:00",
        "meta_object_name": "COSMOS 2251 DEB",
        "meta_object_id": "1993-036WB",
        "meta_epoch": "2026-02-22T15:21:45.883296",
        "meta_mean_motion": 13.86241289,
        "meta_eccentricity": 0.0251086,
        "meta_inclination": 73.9249,
        "meta_ra_of_asc_node": 293.492,
        "meta_arg_of_pericenter": 223.0601,
        "meta_mean_anomaly": 166.1703,
        "meta_ephemeris_type": 0,
        "meta_classification_type": "U",
        "meta_norad_cat_id": 34589,
        "meta_element_set_no": 999,
        "meta_rev_at_epoch": 85708,
        "meta_bstar": 0.00035968,
        "meta_mean_motion_dot": 5.07e-06,
        "meta_mean_motion_ddot": 0,
        "tle_line1": "1 34589U 93036WB  26053.64011439  .00000507  00000+0  35968-3 0  9999",
        "tle_line2": "2 34589  73.9249 293.4920 0251086 223.0601 166.1703 13.86241289857086"
      },
      "geometry": {
        "type": "Point",
        "coordinates": [
          48.49494517389223,
          72.19418267707789
        ]
      }
    },
    {
      "type": "Feature",
      "properties": {
        "norad_id": 34590,
        "name": "COSMOS 2251 DEB",
        "group": "cosmos-2251-debris",
        "lat": 20.43210230978863,
        "lon": -168.60994172722337,
        "alt_km": 704.8670014118006,
        "timestamp": "2026-02-23T07:17:29.433282+00:00",
        "meta_object_name": "COSMOS 2251 DEB",
        "meta_object_id": "1993-036WC",
        "meta_epoch": "2026-02-22T02:01:25.280832",
        "meta_mean_motion": 14.54929106,
        "meta_eccentricity": 0.00703723,
        "meta_inclination": 74.0437,
        "meta_ra_of_asc_node": 187.5779,
        "meta_arg_of_pericenter": 298.6324,
        "meta_mean_anomaly": 177.1821,
        "meta_ephemeris_type": 0,
        "meta_classification_type": "U",
        "meta_norad_cat_id": 34590,
        "meta_element_set_no": 999,
        "meta_rev_at_epoch": 90158,
        "meta_bstar": 0.00011290108,
        "meta_mean_motion_dot": 4.7e-06,
        "meta_mean_motion_ddot": 0,
        "tle_line1": "1 34590U 93036WC  26053.08432038  .00000470  00000+0  11290-3 0  9992",
        "tle_line2": "2 34590  74.0437 187.5779 0070372 298.6324 177.1821 14.54929106901586"
      },
      "geometry": {
        "type": "Point",
        "coordinates": [
          -168.60994172722337,
          20.43210230978863
        ]
      }
    },
    {
      "type": "Feature",
      "properties": {
        "norad_id": 34609,
        "name": "COSMOS 2251 DEB",
        "group": "cosmos-2251-debris",
        "lat": -22.602779515227816,
        "lon": 161.03890311932005,
        "alt_km": 725.8060638802053,
        "timestamp": "2026-02-23T07:17:29.433292+00:00",
        "meta_object_name": "COSMOS 2251 DEB",
        "meta_object_id": "1993-036WE",
        "meta_epoch": "2026-02-22T05:44:06.193248",
        "meta_mean_motion": 14.22118111,
        "meta_eccentricity": 0.01443403,
        "meta_inclination": 73.7349,
        "meta_ra_of_asc_node": 336.004,
        "meta_arg_of_pericenter": 184.9405,
        "meta_mean_anomaly": 328.4406,
        "meta_ephemeris_type": 0,
        "meta_classification_type": "U",
        "meta_norad_cat_id": 34609,
        "meta_element_set_no": 999,
        "meta_rev_at_epoch": 87648,
        "meta_bstar": 0.00053791769,
        "meta_mean_motion_dot": 1.297e-05,
        "meta_mean_motion_ddot": 0,
        "tle_line1": "1 34609U 93036WE  26053.23896057  .00001297  00000+0  53792-3 0  9996",
        "tle_line2": "2 34609  73.7349 336.0040 0144340 184.9405 328.4406 14.22118111876482"
      },
      "geometry": {
        "type": "Point",
        "coordinates": [
          161.03890311932005,
          -22.602779515227816
        ]
      }
    },
    {
      "type": "Feature",
      "properties": {
        "norad_id": 34610,
        "name": "COSMOS 2251 DEB",
        "group": "cosmos-2251-debris",
        "lat": 40.70729766672796,
        "lon": -59.26092051861783,
        "alt_km": 912.6924815517905,
        "timestamp": "2026-02-23T07:17:29.433302+00:00",
        "meta_object_name": "COSMOS 2251 DEB",
        "meta_object_id": "1993-036WF",
        "meta_epoch": "2026-02-22T22:05:40.476768",
        "meta_mean_motion": 14.07539066,
        "meta_eccentricity": 0.01820823,
        "meta_inclination": 74.0191,
        "meta_ra_of_asc_node": 135.6847,
        "meta_arg_of_pericenter": 250.4862,
        "meta_mean_anomaly": 107.6531,
        "meta_ephemeris_type": 0,
        "meta_classification_type": "U",
        "meta_norad_cat_id": 34610,
        "meta_element_set_no": 999,
        "meta_rev_at_epoch": 86575,
        "meta_bstar": 0.0015957019,
        "meta_mean_motion_dot": 3.105e-05,
        "meta_mean_motion_ddot": 0,
        "tle_line1": "1 34610U 93036WF  26053.92060737  .00003105  00000+0  15957-2 0  9992",
        "tle_line2": "2 34610  74.0191 135.6847 0182082 250.4862 107.6531 14.07539066865755"
      },
      "geometry": {
        "type": "Point",
        "coordinates": [
          -59.26092051861783,
          40.70729766672796
        ]
      }
    },
    {
      "type": "Feature",
      "properties": {
        "norad_id": 34611,
        "name": "COSMOS 2251 DEB",
        "group": "cosmos-2251-debris",
        "lat": 61.67817464668285,
        "lon": -7.596216102231462,
        "alt_km": 650.707185949148,
        "timestamp": "2026-02-23T07:17:29.433313+00:00",
        "meta_object_name": "COSMOS 2251 DEB",
        "meta_object_id": "1993-036WG",
        "meta_epoch": "2026-02-22T18:04:27.107328",
        "meta_mean_motion": 14.71034635,
        "meta_eccentricity": 0.00223421,
        "meta_inclination": 74.0539,
        "meta_ra_of_asc_node": 321.4308,
        "meta_arg_of_pericenter": 339.919,
        "meta_mean_anomaly": 50.8926,
        "meta_ephemeris_type": 0,
        "meta_classification_type": "U",
        "meta_norad_cat_id": 34611,
        "meta_element_set_no": 999,
        "meta_rev_at_epoch": 89449,
        "meta_bstar": 0.00096571211,
        "meta_mean_motion_dot": 5.925e-05,
        "meta_mean_motion_ddot": 0,
        "tle_line1": "1 34611U 93036WG  26053.75309152  .00005925  00000+0  96571-3 0  9995",
        "tle_line2": "2 34611  74.0539 321.4308 0022342 339.9190  50.8926 14.71034635894491"
      },
      "geometry": {
        "type": "Point",
        "coordinates": [
          -7.596216102231462,
          61.67817464668285
        ]
      }
    },
    {
      "type": "Feature",
      "properties": {
        "norad_id": 34613,
        "name": "COSMOS 2251 DEB",
        "group": "cosmos-2251-debris",
        "lat": -58.565662632443825,
        "lon": 118.66319324722251,
        "alt_km": 733.5605752038737,
        "timestamp": "2026-02-23T07:17:29.433323+00:00",
        "meta_object_name": "COSMOS 2251 DEB",
        "meta_object_id": "1993-036WJ",
        "meta_epoch": "2026-02-22T17:09:17.392032",
        "meta_mean_motion": 14.26909613,
        "meta_eccentricity": 0.01139692,
        "meta_inclination": 73.9628,
        "meta_ra_of_asc_node": 147.8054,
        "meta_arg_of_pericenter": 322.0501,
        "meta_mean_anomaly": 191.3524,
        "meta_ephemeris_type": 0,
        "meta_classification_type": "U",
        "meta_norad_cat_id": 34613,
        "meta_element_set_no": 999,
        "meta_rev_at_epoch": 87489,
        "meta_bstar": 0.0010959664,
        "meta_mean_motion_dot": 2.826e-05,
        "meta_mean_motion_ddot": 0,
        "tle_line1": "1 34613U 93036WJ  26053.71478463  .00002826  00000+0  10960-2 0  9999",
        "tle_line2": "2 34613  73.9628 147.8054 0113969 322.0501 191.3524 14.26909613874897"
      },
      "geometry": {
        "type": "Point",
        "coordinates": [
          118.66319324722251,
          -58.565662632443825
        ]
      }
    },
    {
      "type": "Feature",
      "properties": {
        "norad_id": 34614,
        "name": "COSMOS 2251 DEB",
        "group": "cosmos-2251-debris",
        "lat": -62.37420648606659,
        "lon": 66.61600840977228,
        "alt_km": 749.9278457625887,
        "timestamp": "2026-02-23T07:17:29.433333+00:00",
        "meta_object_name": "COSMOS 2251 DEB",
        "meta_object_id": "1993-036WK",
        "meta_epoch": "2026-02-21T21:01:23.186784",
        "meta_mean_motion": 14.19419553,
        "meta_eccentricity": 0.0188426,
        "meta_inclination": 73.8784,
        "meta_ra_of_asc_node": 215.6446,
        "meta_arg_of_pericenter": 197.4887,
        "meta_mean_anomaly": 314.5975,
        "meta_ephemeris_type": 0,
        "meta_classification_type": "U",
        "meta_norad_cat_id": 34614,
        "meta_element_set_no": 999,
        "meta_rev_at_epoch": 85775,
        "meta_bstar": 0.0055908,
        "meta_mean_motion_dot": 0.00014043,
        "meta_mean_motion_ddot": 0,
        "tle_line1": "1 34614U 93036WK  26052.87596281  .00014043  00000+0  55908-2 0  9990",
        "tle_line2": "2 34614  73.8784 215.6446 0188426 197.4887 314.5975 14.19419553857756"
      },
      "geometry": {
        "type": "Point",
        "coordinates": [
          66.61600840977228,
          -62.37420648606659
        ]
      }
    },
    {
      "type": "Feature",
      "properties": {
        "norad_id": 34615,
        "name": "COSMOS 2251 DEB",
        "group": "cosmos-2251-debris",
        "lat": 53.21063650451233,
        "lon": -24.791481168406193,
        "alt_km": 875.7258310774478,
        "timestamp": "2026-02-23T07:17:29.433343+00:00",
        "meta_object_name": "COSMOS 2251 DEB",
        "meta_object_id": "1993-036WL",
        "meta_epoch": "2026-02-22T18:59:53.050272",
        "meta_mean_motion": 13.52323388,
        "meta_eccentricity": 0.03989712,
        "meta_inclination": 74.0052,
        "meta_ra_of_asc_node": 178.5834,
        "meta_arg_of_pericenter": 70.5697,
        "meta_mean_anomaly": 76.5428,
        "meta_ephemeris_type": 0,
        "meta_classification_type": "U",
        "meta_norad_cat_id": 34615,
        "meta_element_set_no": 999,
        "meta_rev_at_epoch": 83789,
        "meta_bstar": 0.00055081699,
        "meta_mean_motion_dot": 5.82e-06,
        "meta_mean_motion_ddot": 0,
        "tle_line1": "1 34615U 93036WL  26053.79158623  .00000582  00000+0  55082-3 0  9994",
        "tle_line2": "2 34615  74.0052 178.5834 0398971  70.5697  76.5428 13.52323388837891"
      },
      "geometry": {
        "type": "Point",
        "coordinates": [
          -24.791481168406193,
          53.21063650451233
        ]
      }
    },
    {
      "type": "Feature",
      "properties": {
        "norad_id": 34619,
        "name": "COSMOS 2251 DEB",
        "group": "cosmos-2251-debris",
        "lat": -54.54409574440996,
        "lon": -95.84213882052609,
        "alt_km": 694.8105001080821,
        "timestamp": "2026-02-23T07:17:29.433353+00:00",
        "meta_object_name": "COSMOS 2251 DEB",
        "meta_object_id": "1993-036WQ",
        "meta_epoch": "2026-02-21T09:57:48.756960",
        "meta_mean_motion": 14.64899511,
        "meta_eccentricity": 0.00922022,
        "meta_inclination": 74.0428,
        "meta_ra_of_asc_node": 64.0975,
        "meta_arg_of_pericenter": 141.9315,
        "meta_mean_anomaly": 218.8417,
        "meta_ephemeris_type": 0,
        "meta_classification_type": "U",
        "meta_norad_cat_id": 34619,
        "meta_element_set_no": 999,
        "meta_rev_at_epoch": 90333,
        "meta_bstar": 0.00014670736,
        "meta_mean_motion_dot": 8.02e-06,
        "meta_mean_motion_ddot": 0,
        "tle_line1": "1 34619U 93036WQ  26052.41514765  .00000802  00000+0  14671-3 0  9993",
        "tle_line2": "2 34619  74.0428  64.0975 0092202 141.9315 218.8417 14.64899511903337"
      },
      "geometry": {
        "type": "Point",
        "coordinates": [
          -95.84213882052609,
          -54.54409574440996
        ]
      }
    },
    {
      "type": "Feature",
      "properties": {
        "norad_id": 34620,
        "name": "COSMOS 2251 DEB",
        "group": "cosmos-2251-debris",
        "lat": -53.674301273610716,
        "lon": -73.74097783094318,
        "alt_km": 763.3663579335562,
        "timestamp": "2026-02-23T07:17:29.433363+00:00",
        "meta_object_name": "COSMOS 2251 DEB",
        "meta_object_id": "1993-036WR",
        "meta_epoch": "2026-02-20T03:44:48.455232",
        "meta_mean_motion": 14.50963662,
        "meta_eccentricity": 0.0070833,
        "meta_inclination": 74.054,
        "meta_ra_of_asc_node": 89.2873,
        "meta_arg_of_pericenter": 110.2164,
        "meta_mean_anomaly": 250.6633,
        "meta_ephemeris_type": 0,
        "meta_classification_type": "U",
        "meta_norad_cat_id": 34620,
        "meta_element_set_no": 999,
        "meta_rev_at_epoch": 87833,
        "meta_bstar": 0.0013826,
        "meta_mean_motion_dot": 5.621e-05,
        "meta_mean_motion_ddot": 0,
        "tle_line1": "1 34620U 93036WR  26051.15611638  .00005621  00000+0  13826-2 0  9996",
        "tle_line2": "2 34620  74.0540  89.2873 0070833 110.2164 250.6633 14.50963662878336"
      },
      "geometry": {
        "type": "Point",
        "coordinates": [
          -73.74097783094318,
          -53.674301273610716
        ]
      }
    },
    {
      "type": "Feature",
      "properties": {
        "norad_id": 34622,
        "name": "COSMOS 2251 DEB",
        "group": "cosmos-2251-debris",
        "lat": 21.304560525322962,
        "lon": -9.62575841457528,
        "alt_km": 810.3432753038142,
        "timestamp": "2026-02-23T07:17:29.433373+00:00",
        "meta_object_name": "COSMOS 2251 DEB",
        "meta_object_id": "1993-036WT",
        "meta_epoch": "2026-02-22T15:25:33.491136",
        "meta_mean_motion": 14.22342383,
        "meta_eccentricity": 0.0106628,
        "meta_inclination": 74.0423,
        "meta_ra_of_asc_node": 177.967,
        "meta_arg_of_pericenter": 244.7396,
        "meta_mean_anomaly": 130.5796,
        "meta_ephemeris_type": 0,
        "meta_classification_type": "U",
        "meta_norad_cat_id": 34622,
        "meta_element_set_no": 999,
        "meta_rev_at_epoch": 87482,
        "meta_bstar": 0.00078525,
        "meta_mean_motion_dot": 1.825e-05,
        "meta_mean_motion_ddot": 0,
        "tle_line1": "1 34622U 93036WT  26053.64274874  .00001825  00000+0  78525-3 0  9991",
        "tle_line2": "2 34622  74.0423 177.9670 0106628 244.7396 130.5796 14.22342383874826"
      },
      "geometry": {
        "type": "Point",
        "coordinates": [
          -9.62575841457528,
          21.304560525322962
        ]
      }
    },
    {
      "type": "Feature",
      "properties": {
        "norad_id": 34626,
        "name": "COSMOS 2251 DEB",
        "group": "cosmos-2251-debris",
        "lat": -26.287678490710135,
        "lon": 10.816607458601203,
        "alt_km": 643.3163975478947,
        "timestamp": "2026-02-23T07:17:29.433382+00:00",
        "meta_object_name": "COSMOS 2251 DEB",
        "meta_object_id": "1993-036WX",
        "meta_epoch": "2026-02-22T17:52:14.566656",
        "meta_mean_motion": 14.73201038,
        "meta_eccentricity": 0.00289282,
        "meta_inclination": 74.0475,
        "meta_ra_of_asc_node": 183.7824,
        "meta_arg_of_pericenter": 259.3682,
        "meta_mean_anomaly": 223.7054,
        "meta_ephemeris_type": 0,
        "meta_classification_type": "U",
        "meta_norad_cat_id": 34626,
        "meta_element_set_no": 999,
        "meta_rev_at_epoch": 90204,
        "meta_bstar": 0.0010737125,
        "meta_mean_motion_dot": 6.949e-05,
        "meta_mean_motion_ddot": 0,
        "tle_line1": "1 34626U 93036WX  26053.74461304  .00006949  00000+0  10737-2 0  9994",
        "tle_line2": "2 34626  74.0475 183.7824 0028928 259.3682 223.7054 14.73201038902044"
      },
      "geometry": {
        "type": "Point",
        "coordinates": [
          10.816607458601203,
          -26.287678490710135
        ]
      }
    },
    {
      "type": "Feature",
      "properties": {
        "norad_id": 34634,
        "name": "COSMOS 2251 DEB",
        "group": "cosmos-2251-debris",
        "lat": -72.14050573847688,
        "lon": -165.0194297465651,
        "alt_km": 700.0132582712795,
        "timestamp": "2026-02-23T07:17:29.433392+00:00",
        "meta_object_name": "COSMOS 2251 DEB",
        "meta_object_id": "1993-036XF",
        "meta_epoch": "2026-02-22T17:23:57.806304",
        "meta_mean_motion": 14.55933869,
        "meta_eccentricity": 0.00453256,
        "meta_inclination": 74.0487,
        "meta_ra_of_asc_node": 258.6575,
        "meta_arg_of_pericenter": 345.2225,
        "meta_mean_anomaly": 140.7293,
        "meta_ephemeris_type": 0,
        "meta_classification_type": "U",
        "meta_norad_cat_id": 34634,
        "meta_element_set_no": 999,
        "meta_rev_at_epoch": 89829,
        "meta_bstar": 0.00025656272,
        "meta_mean_motion_dot": 1.113e-05,
        "meta_mean_motion_ddot": 0,
        "tle_line1": "1 34634U 93036XF  26053.72497461  .00001113  00000+0  25656-3 0  9999",
        "tle_line2": "2 34634  74.0487 258.6575 0045325 345.2225 140.7293 14.55933869898297"
      },
      "geometry": {
        "type": "Point",
        "coordinates": [
          -165.0194297465651,
          -72.14050573847688
        ]
      }
    },
    {
      "type": "Feature",
      "properties": {
        "norad_id": 34635,
        "name": "COSMOS 2251 DEB",
        "group": "cosmos-2251-debris",
        "lat": -51.3452633098573,
        "lon": -90.60121074183616,
        "alt_km": 652.0178806528629,
        "timestamp": "2026-02-23T07:17:29.433403+00:00",
        "meta_object_name": "COSMOS 2251 DEB",
        "meta_object_id": "1993-036XG",
        "meta_epoch": "2026-02-22T18:59:58.138368",
        "meta_mean_motion": 14.69452685,
        "meta_eccentricity": 0.00291384,
        "meta_inclination": 74.0442,
        "meta_ra_of_asc_node": 291.3485,
        "meta_arg_of_pericenter": 339.1337,
        "meta_mean_anomaly": 138.5369,
        "meta_ephemeris_type": 0,
        "meta_classification_type": "U",
        "meta_norad_cat_id": 34635,
        "meta_element_set_no": 999,
        "meta_rev_at_epoch": 74277,
        "meta_bstar": 0.0010403124,
        "meta_mean_motion_dot": 6.175e-05,
        "meta_mean_motion_ddot": 0,
        "tle_line1": "1 34635U 93036XG  26053.79164512  .00006175  00000+0  10403-2 0  9991",
        "tle_line2": "2 34635  74.0442 291.3485 0029138 339.1337 138.5369 14.69452685742770"
      },
      "geometry": {
        "type": "Point",
        "coordinates": [
          -90.60121074183616,
          -51.3452633098573
        ]
      }
    },
    {
      "type": "Feature",
      "properties": {
        "norad_id": 34637,
        "name": "COSMOS 2251 DEB",
        "group": "cosmos-2251-debris",
        "lat": 67.45339633474546,
        "lon": 99.15913932528181,
        "alt_km": 685.785146048167,
        "timestamp": "2026-02-23T07:17:29.433412+00:00",
        "meta_object_name": "COSMOS 2251 DEB",
        "meta_object_id": "1993-036XJ",
        "meta_epoch": "2026-02-22T17:48:07.141248",
        "meta_mean_motion": 14.60832234,
        "meta_eccentricity": 0.00490968,
        "meta_inclination": 74.0509,
        "meta_ra_of_asc_node": 323.7681,
        "meta_arg_of_pericenter": 13.358,
        "meta_mean_anomaly": 17.5128,
        "meta_ephemeris_type": 0,
        "meta_classification_type": "U",
        "meta_norad_cat_id": 34637,
        "meta_element_set_no": 999,
        "meta_rev_at_epoch": 89578,
        "meta_bstar": 0.00086831994,
        "meta_mean_motion_dot": 4.288e-05,
        "meta_mean_motion_ddot": 0,
        "tle_line1": "1 34637U 93036XJ  26053.74174932  .00004288  00000+0  86832-3 0  9998",
        "tle_line2": "2 34637  74.0509 323.7681 0049096  13.3580  17.5128 14.60832234895782"
      },
      "geometry": {
        "type": "Point",
        "coordinates": [
          99.15913932528181,
          67.45339633474546
        ]
      }
    },
    {
      "type": "Feature",
      "properties": {
        "norad_id": 34641,
        "name": "COSMOS 2251 DEB",
        "group": "cosmos-2251-debris",
        "lat": 47.617528587923374,
        "lon": 104.69959186833808,
        "alt_km": 710.319426228114,
        "timestamp": "2026-02-23T07:17:29.433422+00:00",
        "meta_object_name": "COSMOS 2251 DEB",
        "meta_object_id": "1993-036XN",
        "meta_epoch": "2026-02-22T15:56:51.360576",
        "meta_mean_motion": 14.52600659,
        "meta_eccentricity": 0.0018228,
        "meta_inclination": 73.8385,
        "meta_ra_of_asc_node": 304.4475,
        "meta_arg_of_pericenter": 211.1214,
        "meta_mean_anomaly": 176.7997,
        "meta_ephemeris_type": 0,
        "meta_classification_type": "U",
        "meta_norad_cat_id": 34641,
        "meta_element_set_no": 999,
        "meta_rev_at_epoch": 89300,
        "meta_bstar": 0.00050675,
        "meta_mean_motion_dot": 2.049e-05,
        "meta_mean_motion_ddot": 0,
        "tle_line1": "1 34641U 93036XN  26053.66448334  .00002049  00000+0  50675-3 0  9993",
        "tle_line2": "2 34641  73.8385 304.4475 0018228 211.1214 176.7997 14.52600659893008"
      },
      "geometry": {
        "type": "Point",
        "coordinates": [
          104.69959186833808,
          47.617528587923374
        ]
      }
    },
    {
      "type": "Feature",
      "properties": {
        "norad_id": 34642,
        "name": "COSMOS 2251 DEB",
        "group": "cosmos-2251-debris",
        "lat": 12.53598415059051,
        "lon": -142.26298868280875,
        "alt_km": 745.8534128211804,
        "timestamp": "2026-02-23T07:17:29.433433+00:00",
        "meta_object_name": "COSMOS 2251 DEB",
        "meta_object_id": "1993-036XP",
        "meta_epoch": "2026-02-21T10:45:49.593888",
        "meta_mean_motion": 13.99263299,
        "meta_eccentricity": 0.02083297,
        "meta_inclination": 74.0016,
        "meta_ra_of_asc_node": 217.294,
        "meta_arg_of_pericenter": 20.4095,
        "meta_mean_anomaly": 10.6031,
        "meta_ephemeris_type": 0,
        "meta_classification_type": "U",
        "meta_norad_cat_id": 34642,
        "meta_element_set_no": 999,
        "meta_rev_at_epoch": 86282,
        "meta_bstar": 0.00076468785,
        "meta_mean_motion_dot": 1.314e-05,
        "meta_mean_motion_ddot": 0,
        "tle_line1": "1 34642U 93036XP  26052.44849067  .00001314  00000+0  76469-3 0  9990",
        "tle_line2": "2 34642  74.0016 217.2940 0208329  20.4095  10.6031 13.99263299862828"
      },
      "geometry": {
        "type": "Point",
        "coordinates": [
          -142.26298868280875,
          12.53598415059051
        ]
      }
    },
    {
      "type": "Feature",
      "properties": {
        "norad_id": 34671,
        "name": "COSMOS 2251 DEB",
        "group": "cosmos-2251-debris",
        "lat": -68.80077950733526,
        "lon": -53.54789872166281,
        "alt_km": 676.7014300393612,
        "timestamp": "2026-02-23T07:17:29.433443+00:00",
        "meta_object_name": "COSMOS 2251 DEB",
        "meta_object_id": "1993-036XR",
        "meta_epoch": "2026-02-22T06:09:49.108032",
        "meta_mean_motion": 14.68375291,
        "meta_eccentricity": 0.00085452,
        "meta_inclination": 74.0288,
        "meta_ra_of_asc_node": 356.0715,
        "meta_arg_of_pericenter": 53.0275,
        "meta_mean_anomaly": 98.8833,
        "meta_ephemeris_type": 0,
        "meta_classification_type": "U",
        "meta_norad_cat_id": 34671,
        "meta_element_set_no": 999,
        "meta_rev_at_epoch": 89346,
        "meta_bstar": 0.0015035946,
        "meta_mean_motion_dot": 8.676e-05,
        "meta_mean_motion_ddot": 0,
        "tle_line1": "1 34671U 93036XR  26053.25681838  .00008676  00000+0  15036-2 0  9992",
        "tle_line2": "2 34671  74.0288 356.0715 0008545  53.0275  98.8833 14.68375291893468"
      },
      "geometry": {
        "type": "Point",
        "coordinates": [
          -53.54789872166281,
          -68.80077950733526
        ]
      }
    },
    {
      "type": "Feature",
      "properties": {
        "norad_id": 34672,
        "name": "COSMOS 2251 DEB",
        "group": "cosmos-2251-debris",
        "lat": -57.39688980275547,
        "lon": 18.875761121873992,
        "alt_km": 757.8362844746916,
        "timestamp": "2026-02-23T07:17:29.433453+00:00",
        "meta_object_name": "COSMOS 2251 DEB",
        "meta_object_id": "1993-036XS",
        "meta_epoch": "2026-02-21T01:13:55.056288",
        "meta_mean_motion": 14.3653013,
        "meta_eccentricity": 0.0027425,
        "meta_inclination": 74.0103,
        "meta_ra_of_asc_node": 176.3844,
        "meta_arg_of_pericenter": 230.0411,
        "meta_mean_anomaly": 246.9604,
        "meta_ephemeris_type": 0,
        "meta_classification_type": "U",
        "meta_norad_cat_id": 34672,
        "meta_element_set_no": 999,
        "meta_rev_at_epoch": 66187,
        "meta_bstar": 0.00023500565,
        "meta_mean_motion_dot": 6.66e-06,
        "meta_mean_motion_ddot": 0,
        "tle_line1": "1 34672U 93036XS  26052.05133167  .00000666  00000+0  23501-3 0  9995",
        "tle_line2": "2 34672  74.0103 176.3844 0027425 230.0411 246.9604 14.36530130661878"
      },
      "geometry": {
        "type": "Point",
        "coordinates": [
          18.875761121873992,
          -57.39688980275547
        ]
      }
    },
    {
      "type": "Feature",
      "properties": {
        "norad_id": 34678,
        "name": "COSMOS 2251 DEB",
        "group": "cosmos-2251-debris",
        "lat": -13.008612451173313,
        "lon": 57.55879742360536,
        "alt_km": 790.2274380179979,
        "timestamp": "2026-02-23T07:17:29.433463+00:00",
        "meta_object_name": "COSMOS 2251 DEB",
        "meta_object_id": "1993-036XY",
        "meta_epoch": "2026-02-22T22:42:02.633184",
        "meta_mean_motion": 14.30078788,
        "meta_eccentricity": 0.00264593,
        "meta_inclination": 74.0348,
        "meta_ra_of_asc_node": 234.4173,
        "meta_arg_of_pericenter": 267.8594,
        "meta_mean_anomaly": 243.7715,
        "meta_ephemeris_type": 0,
        "meta_classification_type": "U",
        "meta_norad_cat_id": 34678,
        "meta_element_set_no": 999,
        "meta_rev_at_epoch": 88411,
        "meta_bstar": 2.392569e-05,
        "meta_mean_motion_dot": 3.6e-07,
        "meta_mean_motion_ddot": 0,
        "tle_line1": "1 34678U 93036XY  26053.94586381  .00000036  00000+0  23926-4 0  9993",
        "tle_line2": "2 34678  74.0348 234.4173 0026459 267.8594 243.7715 14.30078788884114"
      },
      "geometry": {
        "type": "Point",
        "coordinates": [
          57.55879742360536,
          -13.008612451173313
        ]
      }
    },
    {
      "type": "Feature",
      "properties": {
        "norad_id": 34680,
        "name": "COSMOS 2251 DEB",
        "group": "cosmos-2251-debris",
        "lat": -68.53501143523593,
        "lon": -55.46966018085989,
        "alt_km": 697.5765826504521,
        "timestamp": "2026-02-23T07:17:29.433473+00:00",
        "meta_object_name": "COSMOS 2251 DEB",
        "meta_object_id": "1993-036YA",
        "meta_epoch": "2026-02-22T05:54:59.228640",
        "meta_mean_motion": 14.61487967,
        "meta_eccentricity": 0.00043109,
        "meta_inclination": 74.0451,
        "meta_ra_of_asc_node": 353.2335,
        "meta_arg_of_pericenter": 66.5934,
        "meta_mean_anomaly": 57.4806,
        "meta_ephemeris_type": 0,
        "meta_classification_type": "U",
        "meta_norad_cat_id": 34680,
        "meta_element_set_no": 999,
        "meta_rev_at_epoch": 89372,
        "meta_bstar": 0.0010055145,
        "meta_mean_motion_dot": 4.96e-05,
        "meta_mean_motion_ddot": 0,
        "tle_line1": "1 34680U 93036YA  26053.24651885  .00004960  00000+0  10055-2 0  9998",
        "tle_line2": "2 34680  74.0451 353.2335 0004310  66.5934  57.4806 14.61487967893721"
      },
      "geometry": {
        "type": "Point",
        "coordinates": [
          -55.46966018085989,
          -68.53501143523593
        ]
      }
    },
    {
      "type": "Feature",
      "properties": {
        "norad_id": 34681,
        "name": "COSMOS 2251 DEB",
        "group": "cosmos-2251-debris",
        "lat": 63.472985207063225,
        "lon": -178.32695694933244,
        "alt_km": 616.314080681962,
        "timestamp": "2026-02-23T07:17:29.433483+00:00",
        "meta_object_name": "COSMOS 2251 DEB",
        "meta_object_id": "1993-036YB",
        "meta_epoch": "2026-02-22T17:06:57.577824",
        "meta_mean_motion": 14.85225703,
        "meta_eccentricity": 0.00231258,
        "meta_inclination": 74.0619,
        "meta_ra_of_asc_node": 147.9197,
        "meta_arg_of_pericenter": 198.3157,
        "meta_mean_anomaly": 313.6885,
        "meta_ephemeris_type": 0,
        "meta_classification_type": "U",
        "meta_norad_cat_id": 34681,
        "meta_element_set_no": 999,
        "meta_rev_at_epoch": 90338,
        "meta_bstar": 0.0015634506,
        "meta_mean_motion_dot": 0.00013466,
        "meta_mean_motion_ddot": 0,
        "tle_line1": "1 34681U 93036YB  26053.71316641  .00013466  00000+0  15635-2 0  9999",
        "tle_line2": "2 34681  74.0619 147.9197 0023125 198.3157 313.6885 14.85225703903380"
      },
      "geometry": {
        "type": "Point",
        "coordinates": [
          -178.32695694933244,
          63.472985207063225
        ]
      }
    },
    {
      "type": "Feature",
      "properties": {
        "norad_id": 34682,
        "name": "COSMOS 2251 DEB",
        "group": "cosmos-2251-debris",
        "lat": 39.450604927389534,
        "lon": 111.10466822131586,
        "alt_km": 690.1198101600312,
        "timestamp": "2026-02-23T07:17:29.433493+00:00",
        "meta_object_name": "COSMOS 2251 DEB",
        "meta_object_id": "1993-036YC",
        "meta_epoch": "2026-02-22T17:45:28.655136",
        "meta_mean_motion": 14.59490359,
        "meta_eccentricity": 0.00168476,
        "meta_inclination": 74.0394,
        "meta_ra_of_asc_node": 305.8004,
        "meta_arg_of_pericenter": 56.0337,
        "meta_mean_anomaly": 0.7242,
        "meta_ephemeris_type": 0,
        "meta_classification_type": "U",
        "meta_norad_cat_id": 34682,
        "meta_element_set_no": 999,
        "meta_rev_at_epoch": 89736,
        "meta_bstar": 0.00063640918,
        "meta_mean_motion_dot": 2.998e-05,
        "meta_mean_motion_ddot": 0,
        "tle_line1": "1 34682U 93036YC  26053.73991499  .00002998  00000+0  63641-3 0  9991",
        "tle_line2": "2 34682  74.0394 305.8004 0016847  56.0337   0.7242 14.59490359897369"
      },
      "geometry": {
        "type": "Point",
        "coordinates": [
          111.10466822131586,
          39.450604927389534
        ]
      }
    },
    {
      "type": "Feature",
      "properties": {
        "norad_id": 34683,
        "name": "COSMOS 2251 DEB",
        "group": "cosmos-2251-debris",
        "lat": 7.652208196232959,
        "lon": -45.16533160690739,
        "alt_km": 667.7413436325296,
        "timestamp": "2026-02-23T07:17:29.433507+00:00",
        "meta_object_name": "COSMOS 2251 DEB",
        "meta_object_id": "1993-036YD",
        "meta_epoch": "2026-02-22T16:38:07.097280",
        "meta_mean_motion": 14.65499752,
        "meta_eccentricity": 0.00165841,
        "meta_inclination": 74.0298,
        "meta_ra_of_asc_node": 313.8051,
        "meta_arg_of_pericenter": 46.7931,
        "meta_mean_anomaly": 340.9217,
        "meta_ephemeris_type": 0,
        "meta_classification_type": "U",
        "meta_norad_cat_id": 34683,
        "meta_element_set_no": 999,
        "meta_rev_at_epoch": 89402,
        "meta_bstar": 0.0010252644,
        "meta_mean_motion_dot": 5.54e-05,
        "meta_mean_motion_ddot": 0,
        "tle_line1": "1 34683U 93036YD  26053.69313770  .00005540  00000+0  10253-2 0  9993",
        "tle_line2": "2 34683  74.0298 313.8051 0016584  46.7931 340.9217 14.65499752894022"
      },
      "geometry": {
        "type": "Point",
        "coordinates": [
          -45.16533160690739,
          7.652208196232959
        ]
      }
    },
    {
      "type": "Feature",
      "properties": {
        "norad_id": 34685,
        "name": "COSMOS 2251 DEB",
        "group": "cosmos-2251-debris",
        "lat": 69.48821039014683,
        "lon": 140.78676327733703,
        "alt_km": 683.6198503839869,
        "timestamp": "2026-02-23T07:17:29.433520+00:00",
        "meta_object_name": "COSMOS 2251 DEB",
        "meta_object_id": "1993-036YF",
        "meta_epoch": "2026-02-22T21:04:58.168992",
        "meta_mean_motion": 14.58257038,
        "meta_eccentricity": 0.00114248,
        "meta_inclination": 74.0315,
        "meta_ra_of_asc_node": 11.5359,
        "meta_arg_of_pericenter": 101.7178,
        "meta_mean_anomaly": 289.1668,
        "meta_ephemeris_type": 0,
        "meta_classification_type": "U",
        "meta_norad_cat_id": 34685,
        "meta_element_set_no": 999,
        "meta_rev_at_epoch": 89583,
        "meta_bstar": 0.0010687513,
        "meta_mean_motion_dot": 4.917e-05,
        "meta_mean_motion_ddot": 0,
        "tle_line1": "1 34685U 93036YF  26053.87845103  .00004917  00000+0  10688-2 0  9994",
        "tle_line2": "2 34685  74.0315  11.5359 0011424 101.7178 289.1668 14.58257038895835"
      },
      "geometry": {
        "type": "Point",
        "coordinates": [
          140.78676327733703,
          69.48821039014683
        ]
      }
    },
    {
      "type": "Feature",
      "properties": {
        "norad_id": 34689,
        "name": "COSMOS 2251 DEB",
        "group": "cosmos-2251-debris",
        "lat": -32.22745824867001,
        "lon": -72.59446133832397,
        "alt_km": 804.385911002486,
        "timestamp": "2026-02-23T07:17:29.433530+00:00",
        "meta_object_name": "COSMOS 2251 DEB",
        "meta_object_id": "1993-036YK",
        "meta_epoch": "2026-02-22T13:56:13.192800",
        "meta_mean_motion": 14.05816998,
        "meta_eccentricity": 0.022112,
        "meta_inclination": 74.0879,
        "meta_ra_of_asc_node": 98.3056,
        "meta_arg_of_pericenter": 151.7814,
        "meta_mean_anomaly": 1.392,
        "meta_ephemeris_type": 0,
        "meta_classification_type": "U",
        "meta_norad_cat_id": 34689,
        "meta_element_set_no": 999,
        "meta_rev_at_epoch": 85350,
        "meta_bstar": 0.0022751,
        "meta_mean_motion_dot": 4.614e-05,
        "meta_mean_motion_ddot": 0,
        "tle_line1": "1 34689U 93036YK  26053.58070825  .00004614  00000+0  22751-2 0  9995",
        "tle_line2": "2 34689  74.0879  98.3056 0221120 151.7814   1.3920 14.05816998853500"
      },
      "geometry": {
        "type": "Point",
        "coordinates": [
          -72.59446133832397,
          -32.22745824867001
        ]
      }
    },
    {
      "type": "Feature",
      "properties": {
        "norad_id": 34721,
        "name": "COSMOS 2251 DEB",
        "group": "cosmos-2251-debris",
        "lat": -67.6219096566888,
        "lon": 155.85907497961173,
        "alt_km": 1060.4671964194567,
        "timestamp": "2026-02-23T07:17:29.433539+00:00",
        "meta_object_name": "COSMOS 2251 DEB",
        "meta_object_id": "1993-036YP",
        "meta_epoch": "2026-02-22T20:23:13.331040",
        "meta_mean_motion": 13.97186449,
        "meta_eccentricity": 0.02182854,
        "meta_inclination": 73.9218,
        "meta_ra_of_asc_node": 201.1128,
        "meta_arg_of_pericenter": 125.5846,
        "meta_mean_anomaly": 34.9317,
        "meta_ephemeris_type": 0,
        "meta_classification_type": "U",
        "meta_norad_cat_id": 34721,
        "meta_element_set_no": 999,
        "meta_rev_at_epoch": 86156,
        "meta_bstar": 0.0015685995,
        "meta_mean_motion_dot": 2.663e-05,
        "meta_mean_motion_ddot": 0,
        "tle_line1": "1 34721U 93036YP  26053.84945985  .00002663  00000+0  15686-2 0  9990",
        "tle_line2": "2 34721  73.9218 201.1128 0218285 125.5846  34.9317 13.97186449861566"
      },
      "geometry": {
        "type": "Point",
        "coordinates": [
          155.85907497961173,
          -67.6219096566888
        ]
      }
    },
    {
      "type": "Feature",
      "properties": {
        "norad_id": 34722,
        "name": "COSMOS 2251 DEB",
        "group": "cosmos-2251-debris",
        "lat": 59.63157457484158,
        "lon": -2.938601039109944,
        "alt_km": 728.7297103804603,
        "timestamp": "2026-02-23T07:17:29.433549+00:00",
        "meta_object_name": "COSMOS 2251 DEB",
        "meta_object_id": "1993-036YQ",
        "meta_epoch": "2026-02-21T10:41:39.872832",
        "meta_mean_motion": 14.12144898,
        "meta_eccentricity": 0.01621835,
        "meta_inclination": 73.8753,
        "meta_ra_of_asc_node": 209.9585,
        "meta_arg_of_pericenter": 122.3889,
        "meta_mean_anomaly": 270.7567,
        "meta_ephemeris_type": 0,
        "meta_classification_type": "U",
        "meta_norad_cat_id": 34722,
        "meta_element_set_no": 999,
        "meta_rev_at_epoch": 87243,
        "meta_bstar": 0.00051912975,
        "meta_mean_motion_dot": 1.054e-05,
        "meta_mean_motion_ddot": 0,
        "tle_line1": "1 34722U 93036YQ  26052.44560038  .00001054  00000+0  51913-3 0  9995",
        "tle_line2": "2 34722  73.8753 209.9585 0162183 122.3889 270.7567 14.12144898872435"
      },
      "geometry": {
        "type": "Point",
        "coordinates": [
          -2.938601039109944,
          59.63157457484158
        ]
      }
    },
    {
      "type": "Feature",
      "properties": {
        "norad_id": 34726,
        "name": "COSMOS 2251 DEB",
        "group": "cosmos-2251-debris",
        "lat": -24.32389327148791,
        "lon": -159.58145022478308,
        "alt_km": 667.7183956179379,
        "timestamp": "2026-02-23T07:17:29.433559+00:00",
        "meta_object_name": "COSMOS 2251 DEB",
        "meta_object_id": "1993-036YU",
        "meta_epoch": "2026-02-22T19:53:37.724640",
        "meta_mean_motion": 14.59860298,
        "meta_eccentricity": 0.00440222,
        "meta_inclination": 74.0265,
        "meta_ra_of_asc_node": 208.7639,
        "meta_arg_of_pericenter": 338.7215,
        "meta_mean_anomaly": 21.2118,
        "meta_ephemeris_type": 0,
        "meta_classification_type": "U",
        "meta_norad_cat_id": 34726,
        "meta_element_set_no": 999,
        "meta_rev_at_epoch": 89554,
        "meta_bstar": 0.00037921248,
        "meta_mean_motion_dot": 1.808e-05,
        "meta_mean_motion_ddot": 0,
        "tle_line1": "1 34726U 93036YU  26053.82890885  .00001808  00000+0  37921-3 0  9998",
        "tle_line2": "2 34726  74.0265 208.7639 0044022 338.7215  21.2118 14.59860298895542"
      },
      "geometry": {
        "type": "Point",
        "coordinates": [
          -159.58145022478308,
          -24.32389327148791
        ]
      }
    },
    {
      "type": "Feature",
      "properties": {
        "norad_id": 34728,
        "name": "COSMOS 2251 DEB",
        "group": "cosmos-2251-debris",
        "lat": -17.35819868364684,
        "lon": 105.50718908632358,
        "alt_km": 660.0894940569578,
        "timestamp": "2026-02-23T07:17:29.433569+00:00",
        "meta_object_name": "COSMOS 2251 DEB",
        "meta_object_id": "1993-036YW",
        "meta_epoch": "2026-02-22T03:38:12.373440",
        "meta_mean_motion": 14.71578311,
        "meta_eccentricity": 0.00442024,
        "meta_inclination": 74.0159,
        "meta_ra_of_asc_node": 112.8891,
        "meta_arg_of_pericenter": 255.2822,
        "meta_mean_anomaly": 104.3449,
        "meta_ephemeris_type": 0,
        "meta_classification_type": "U",
        "meta_norad_cat_id": 34728,
        "meta_element_set_no": 999,
        "meta_rev_at_epoch": 89850,
        "meta_bstar": 0.00053608188,
        "meta_mean_motion_dot": 3.351e-05,
        "meta_mean_motion_ddot": 0,
        "tle_line1": "1 34728U 93036YW  26053.15153210  .00003351  00000+0  53608-3 0  9995",
        "tle_line2": "2 34728  74.0159 112.8891 0044202 255.2822 104.3449 14.71578311898503"
      },
      "geometry": {
        "type": "Point",
        "coordinates": [
          105.50718908632358,
          -17.35819868364684
        ]
      }
    },
    {
      "type": "Feature",
      "properties": {
        "norad_id": 34729,
        "name": "COSMOS 2251 DEB",
        "group": "cosmos-2251-debris",
        "lat": 63.85866720658133,
        "lon": -1.3277092927846714,
        "alt_km": 616.1564589807494,
        "timestamp": "2026-02-23T07:17:29.433579+00:00",
        "meta_object_name": "COSMOS 2251 DEB",
        "meta_object_id": "1993-036YX",
        "meta_epoch": "2026-02-21T13:02:07.514592",
        "meta_mean_motion": 14.85125888,
        "meta_eccentricity": 0.0015414,
        "meta_inclination": 74.0155,
        "meta_ra_of_asc_node": 217.9073,
        "meta_arg_of_pericenter": 320.7925,
        "meta_mean_anomaly": 100.5135,
        "meta_ephemeris_type": 0,
        "meta_classification_type": "U",
        "meta_norad_cat_id": 34729,
        "meta_element_set_no": 999,
        "meta_rev_at_epoch": 89508,
        "meta_bstar": 0.0015156,
        "meta_mean_motion_dot": 0.00012985,
        "meta_mean_motion_ddot": 0,
        "tle_line1": "1 34729U 93036YX  26052.54314253  .00012985  00000+0  15156-2 0  9992",
        "tle_line2": "2 34729  74.0155 217.9073 0015414 320.7925 100.5135 14.85125888895086"
      },
      "geometry": {
        "type": "Point",
        "coordinates": [
          -1.3277092927846714,
          63.85866720658133
        ]
      }
    },
    {
      "type": "Feature",
      "properties": {
        "norad_id": 34732,
        "name": "COSMOS 2251 DEB",
        "group": "cosmos-2251-debris",
        "lat": 62.01343707877978,
        "lon": 105.01634539701818,
        "alt_km": 702.8852333492923,
        "timestamp": "2026-02-23T07:17:29.433590+00:00",
        "meta_object_name": "COSMOS 2251 DEB",
        "meta_object_id": "1993-036ZA",
        "meta_epoch": "2026-02-22T04:57:52.396416",
        "meta_mean_motion": 14.47386472,
        "meta_eccentricity": 0.0038174,
        "meta_inclination": 74.0475,
        "meta_ra_of_asc_node": 319.6305,
        "meta_arg_of_pericenter": 92.0723,
        "meta_mean_anomaly": 67.5398,
        "meta_ephemeris_type": 0,
        "meta_classification_type": "U",
        "meta_norad_cat_id": 34732,
        "meta_element_set_no": 999,
        "meta_rev_at_epoch": 89177,
        "meta_bstar": 0.00011327054,
        "meta_mean_motion_dot": 3.92e-06,
        "meta_mean_motion_ddot": 0,
        "tle_line1": "1 34732U 93036ZA  26053.20685644  .00000392  00000+0  11327-3 0  9991",
        "tle_line2": "2 34732  74.0475 319.6305 0038174  92.0723  67.5398 14.47386472891777"
      },
      "geometry": {
        "type": "Point",
        "coordinates": [
          105.01634539701818,
          62.01343707877978
        ]
      }
    },
    {
      "type": "Feature",
      "properties": {
        "norad_id": 34738,
        "name": "COSMOS 2251 DEB",
        "group": "cosmos-2251-debris",
        "lat": -71.80535692378332,
        "lon": -111.69255687905012,
        "alt_km": 761.4939590096637,
        "timestamp": "2026-02-23T07:17:29.433600+00:00",
        "meta_object_name": "COSMOS 2251 DEB",
        "meta_object_id": "1993-036ZG",
        "meta_epoch": "2026-02-22T22:03:13.201920",
        "meta_mean_motion": 14.46498658,
        "meta_eccentricity": 0.00455082,
        "meta_inclination": 74.0173,
        "meta_ra_of_asc_node": 8.3359,
        "meta_arg_of_pericenter": 139.1882,
        "meta_mean_anomaly": 277.9945,
        "meta_ephemeris_type": 0,
        "meta_classification_type": "U",
        "meta_norad_cat_id": 34738,
        "meta_element_set_no": 999,
        "meta_rev_at_epoch": 88902,
        "meta_bstar": 0.00026834451,
        "meta_mean_motion_dot": 9.51e-06,
        "meta_mean_motion_ddot": 0,
        "tle_line1": "1 34738U 93036ZG  26053.91890280  .00000951  00000+0  26834-3 0  9999",
        "tle_line2": "2 34738  74.0173   8.3359 0045508 139.1882 277.9945 14.46498658889026"
      },
      "geometry": {
        "type": "Point",
        "coordinates": [
          -111.69255687905012,
          -71.80535692378332
        ]
      }
    },
    {
      "type": "Feature",
      "properties": {
        "norad_id": 34750,
        "name": "COSMOS 2251 DEB",
        "group": "cosmos-2251-debris",
        "lat": 56.012094803065594,
        "lon": -141.5099836284584,
        "alt_km": 697.7537518208319,
        "timestamp": "2026-02-23T07:17:29.433635+00:00",
        "meta_object_name": "COSMOS 2251 DEB",
        "meta_object_id": "1993-036ZU",
        "meta_epoch": "2026-02-22T19:30:17.751744",
        "meta_mean_motion": 14.62283658,
        "meta_eccentricity": 0.00385578,
        "meta_inclination": 74.1063,
        "meta_ra_of_asc_node": 64.4259,
        "meta_arg_of_pericenter": 350.8754,
        "meta_mean_anomaly": 64.9419,
        "meta_ephemeris_type": 0,
        "meta_classification_type": "U",
        "meta_norad_cat_id": 34750,
        "meta_element_set_no": 999,
        "meta_rev_at_epoch": 89284,
        "meta_bstar": 0.0012766043,
        "meta_mean_motion_dot": 6.486e-05,
        "meta_mean_motion_ddot": 0,
        "tle_line1": "1 34750U 93036ZU  26053.81270546  .00006486  00000+0  12766-2 0  9996",
        "tle_line2": "2 34750  74.1063  64.4259 0038557 350.8754  64.9419 14.62283658892841"
      },
      "geometry": {
        "type": "Point",
        "coordinates": [
          -141.5099836284584,
          56.012094803065594
        ]
      }
    },
    {
      "type": "Feature",
      "properties": {
        "norad_id": 34752,
        "name": "COSMOS 2251 DEB",
        "group": "cosmos-2251-debris",
        "lat": 68.62839014590374,
        "lon": -100.23479379255605,
        "alt_km": 566.669317124285,
        "timestamp": "2026-02-23T07:17:29.433655+00:00",
        "meta_object_name": "COSMOS 2251 DEB",
        "meta_object_id": "1993-036ZW",
        "meta_epoch": "2026-02-22T03:47:08.982240",
        "meta_mean_motion": 15.02223769,
        "meta_eccentricity": 0.00489374,
        "meta_inclination": 74.0111,
        "meta_ra_of_asc_node": 214.9899,
        "meta_arg_of_pericenter": 324.1949,
        "meta_mean_anomaly": 35.5961,
        "meta_ephemeris_type": 0,
        "meta_classification_type": "U",
        "meta_norad_cat_id": 34752,
        "meta_element_set_no": 999,
        "meta_rev_at_epoch": 90921,
        "meta_bstar": 0.00083276892,
        "meta_mean_motion_dot": 0.00011242,
        "meta_mean_motion_ddot": 0,
        "tle_line1": "1 34752U 93036ZW  26053.15774285  .00011242  00000+0  83277-3 0  9996",
        "tle_line2": "2 34752  74.0111 214.9899 0048937 324.1949  35.5961 15.02223769909219"
      },
      "geometry": {
        "type": "Point",
        "coordinates": [
          -100.23479379255605,
          68.62839014590374
        ]
      }
    },
    {
      "type": "Feature",
      "properties": {
        "norad_id": 34754,
        "name": "COSMOS 2251 DEB",
        "group": "cosmos-2251-debris",
        "lat": 72.4362537368493,
        "lon": 158.15951743733785,
        "alt_km": 757.9612580469675,
        "timestamp": "2026-02-23T07:17:29.433667+00:00",
        "meta_object_name": "COSMOS 2251 DEB",
        "meta_object_id": "1993-036ZY",
        "meta_epoch": "2026-02-22T13:08:31.316352",
        "meta_mean_motion": 14.40600406,
        "meta_eccentricity": 0.0029783,
        "meta_inclination": 74.0289,
        "meta_ra_of_asc_node": 94.7636,
        "meta_arg_of_pericenter": 198.7252,
        "meta_mean_anomaly": 283.876,
        "meta_ephemeris_type": 0,
        "meta_classification_type": "U",
        "meta_norad_cat_id": 34754,
        "meta_element_set_no": 999,
        "meta_rev_at_epoch": 89167,
        "meta_bstar": 0.00014975,
        "meta_mean_motion_dot": 4.53e-06,
        "meta_mean_motion_ddot": 0,
        "tle_line1": "1 34754U 93036ZY  26053.54758468  .00000453  00000+0  14975-3 0  9997",
        "tle_line2": "2 34754  74.0289  94.7636 0029783 198.7252 283.8760 14.40600406891673"
      },
      "geometry": {
        "type": "Point",
        "coordinates": [
          158.15951743733785,
          72.4362537368493
        ]
      }
    },
    {
      "type": "Feature",
      "properties": {
        "norad_id": 34755,
        "name": "COSMOS 2251 DEB",
        "group": "cosmos-2251-debris",
        "lat": 53.975143651290146,
        "lon": -29.972869244894365,
        "alt_km": 892.6930840636369,
        "timestamp": "2026-02-23T07:17:29.433677+00:00",
        "meta_object_name": "COSMOS 2251 DEB",
        "meta_object_id": "1993-036ZZ",
        "meta_epoch": "2026-02-17T08:37:19.992288",
        "meta_mean_motion": 13.50732908,
        "meta_eccentricity": 0.04061252,
        "meta_inclination": 73.9266,
        "meta_ra_of_asc_node": 182.9362,
        "meta_arg_of_pericenter": 190.7231,
        "meta_mean_anomaly": 199.9456,
        "meta_ephemeris_type": 0,
        "meta_classification_type": "U",
        "meta_norad_cat_id": 34755,
        "meta_element_set_no": 999,
        "meta_rev_at_epoch": 83423,
        "meta_bstar": 0.0018887379,
        "meta_mean_motion_dot": 2.013e-05,
        "meta_mean_motion_ddot": 0,
        "tle_line1": "1 34755U 93036ZZ  26048.35925917  .00002013  00000+0  18887-2 0  9995",
        "tle_line2": "2 34755  73.9266 182.9362 0406125 190.7231 199.9456 13.50732908834232"
      },
      "geometry": {
        "type": "Point",
        "coordinates": [
          -29.972869244894365,
          53.975143651290146
        ]
      }
    },
    {
      "type": "Feature",
      "properties": {
        "norad_id": 34756,
        "name": "COSMOS 2251 DEB",
        "group": "cosmos-2251-debris",
        "lat": 68.78888539877265,
        "lon": 32.65030441822176,
        "alt_km": 1160.6087892570667,
        "timestamp": "2026-02-23T07:17:29.433687+00:00",
        "meta_object_name": "COSMOS 2251 DEB",
        "meta_object_id": "1993-036AAA",
        "meta_epoch": "2026-02-22T18:36:27.979776",
        "meta_mean_motion": 13.67473028,
        "meta_eccentricity": 0.03457199,
        "meta_inclination": 74.0056,
        "meta_ra_of_asc_node": 345.8709,
        "meta_arg_of_pericenter": 206.9287,
        "meta_mean_anomaly": 151.3522,
        "meta_ephemeris_type": 0,
        "meta_classification_type": "U",
        "meta_norad_cat_id": 34756,
        "meta_element_set_no": 999,
        "meta_rev_at_epoch": 84406,
        "meta_bstar": 0.0006124717,
        "meta_mean_motion_dot": 7.58e-06,
        "meta_mean_motion_ddot": 0,
        "tle_line1": "1 34756U 93036AAA 26053.77532384  .00000758  00000+0  61247-3 0  9993",
        "tle_line2": "2 34756  74.0056 345.8709 0345719 206.9287 151.3522 13.67473028844060"
      },
      "geometry": {
        "type": "Point",
        "coordinates": [
          32.65030441822176,
          68.78888539877265
        ]
      }
    },
    {
      "type": "Feature",
      "properties": {
        "norad_id": 34758,
        "name": "COSMOS 2251 DEB",
        "group": "cosmos-2251-debris",
        "lat": -39.27551238799476,
        "lon": 169.2059089496904,
        "alt_km": 795.3099544754969,
        "timestamp": "2026-02-23T07:17:29.433697+00:00",
        "meta_object_name": "COSMOS 2251 DEB",
        "meta_object_id": "1993-036AAC",
        "meta_epoch": "2026-02-22T15:34:32.076768",
        "meta_mean_motion": 13.58284586,
        "meta_eccentricity": 0.0385717,
        "meta_inclination": 74.1069,
        "meta_ra_of_asc_node": 183.7327,
        "meta_arg_of_pericenter": 291.055,
        "meta_mean_anomaly": 64.9722,
        "meta_ephemeris_type": 0,
        "meta_classification_type": "U",
        "meta_norad_cat_id": 34758,
        "meta_element_set_no": 999,
        "meta_rev_at_epoch": 83886,
        "meta_bstar": 0.0010164,
        "meta_mean_motion_dot": 1.176e-05,
        "meta_mean_motion_ddot": 0,
        "tle_line1": "1 34758U 93036AAC 26053.64898237  .00001176  00000+0  10164-2 0  9999",
        "tle_line2": "2 34758  74.1069 183.7327 0385717 291.0550  64.9722 13.58284586838863"
      },
      "geometry": {
        "type": "Point",
        "coordinates": [
          169.2059089496904,
          -39.27551238799476
        ]
      }
    },
    {
      "type": "Feature",
      "properties": {
        "norad_id": 34760,
        "name": "COSMOS 2251 DEB",
        "group": "cosmos-2251-debris",
        "lat": 50.07084544907053,
        "lon": -167.19375166097203,
        "alt_km": 884.9161729442585,
        "timestamp": "2026-02-23T07:17:29.433707+00:00",
        "meta_object_name": "COSMOS 2251 DEB",
        "meta_object_id": "1993-036AAE",
        "meta_epoch": "2026-02-17T09:08:16.315296",
        "meta_mean_motion": 14.19765304,
        "meta_eccentricity": 0.0096955,
        "meta_inclination": 74.0642,
        "meta_ra_of_asc_node": 183.4152,
        "meta_arg_of_pericenter": 221.0844,
        "meta_mean_anomaly": 170.4655,
        "meta_ephemeris_type": 0,
        "meta_classification_type": "U",
        "meta_norad_cat_id": 34760,
        "meta_element_set_no": 999,
        "meta_rev_at_epoch": 87634,
        "meta_bstar": 0.00056139,
        "meta_mean_motion_dot": 1.221e-05,
        "meta_mean_motion_ddot": 0,
        "tle_line1": "1 34760U 93036AAE 26048.38074439  .00001221  00000+0  56139-3 0  9991",
        "tle_line2": "2 34760  74.0642 183.4152 0096955 221.0844 170.4655 14.19765304876340"
      },
      "geometry": {
        "type": "Point",
        "coordinates": [
          -167.19375166097203,
          50.07084544907053
        ]
      }
    },
    {
      "type": "Feature",
      "properties": {
        "norad_id": 34761,
        "name": "COSMOS 2251 DEB",
        "group": "cosmos-2251-debris",
        "lat": 43.18338755707408,
        "lon": 33.433275811911024,
        "alt_km": 771.0758959732602,
        "timestamp": "2026-02-23T07:17:29.433717+00:00",
        "meta_object_name": "COSMOS 2251 DEB",
        "meta_object_id": "1993-036AAF",
        "meta_epoch": "2026-02-22T22:19:06.394368",
        "meta_mean_motion": 14.3838058,
        "meta_eccentricity": 0.00377657,
        "meta_inclination": 74.0263,
        "meta_ra_of_asc_node": 229.7167,
        "meta_arg_of_pericenter": 249.9842,
        "meta_mean_anomaly": 109.7244,
        "meta_ephemeris_type": 0,
        "meta_classification_type": "U",
        "meta_norad_cat_id": 34761,
        "meta_element_set_no": 999,
        "meta_rev_at_epoch": 88687,
        "meta_bstar": 0.00058986606,
        "meta_mean_motion_dot": 1.787e-05,
        "meta_mean_motion_ddot": 0,
        "tle_line1": "1 34761U 93036AAF 26053.92993512  .00001787  00000+0  58987-3 0  9990",
        "tle_line2": "2 34761  74.0263 229.7167 0037765 249.9842 109.7244 14.38380580886879"
      },
      "geometry": {
        "type": "Point",
        "coordinates": [
          33.433275811911024,
          43.18338755707408
        ]
      }
    },
    {
      "type": "Feature",
      "properties": {
        "norad_id": 34784,
        "name": "COSMOS 2251 DEB",
        "group": "cosmos-2251-debris",
        "lat": -5.795637012573981,
        "lon": 7.085374114088519,
        "alt_km": 723.6598217527608,
        "timestamp": "2026-02-23T07:17:29.433727+00:00",
        "meta_object_name": "COSMOS 2251 DEB",
        "meta_object_id": "1993-036AAM",
        "meta_epoch": "2026-02-22T18:56:19.192992",
        "meta_mean_motion": 14.61178795,
        "meta_eccentricity": 0.00513657,
        "meta_inclination": 74.007,
        "meta_ra_of_asc_node": 186.4026,
        "meta_arg_of_pericenter": 335.6078,
        "meta_mean_anomaly": 24.2657,
        "meta_ephemeris_type": 0,
        "meta_classification_type": "U",
        "meta_norad_cat_id": 34784,
        "meta_element_set_no": 999,
        "meta_rev_at_epoch": 89587,
        "meta_bstar": 0.00048148811,
        "meta_mean_motion_dot": 2.385e-05,
        "meta_mean_motion_ddot": 0,
        "tle_line1": "1 34784U 93036AAM 26053.78911103  .00002385  00000+0  48149-3 0  9999",
        "tle_line2": "2 34784  74.0070 186.4026 0051365 335.6078  24.2657 14.61178795895877"
      },
      "geometry": {
        "type": "Point",
        "coordinates": [
          7.085374114088519,
          -5.795637012573981
        ]
      }
    },
    {
      "type": "Feature",
      "properties": {
        "norad_id": 34790,
        "name": "COSMOS 2251 DEB",
        "group": "cosmos-2251-debris",
        "lat": -43.90386485069025,
        "lon": -50.998814447506156,
        "alt_km": 786.8326532152332,
        "timestamp": "2026-02-23T07:17:29.433737+00:00",
        "meta_object_name": "COSMOS 2251 DEB",
        "meta_object_id": "1993-036AAT",
        "meta_epoch": "2026-02-22T13:59:39.723360",
        "meta_mean_motion": 14.24946236,
        "meta_eccentricity": 0.00982,
        "meta_inclination": 74.0531,
        "meta_ra_of_asc_node": 114.3257,
        "meta_arg_of_pericenter": 160.5333,
        "meta_mean_anomaly": 328.8525,
        "meta_ephemeris_type": 0,
        "meta_classification_type": "U",
        "meta_norad_cat_id": 34790,
        "meta_element_set_no": 999,
        "meta_rev_at_epoch": 87596,
        "meta_bstar": 0.00046719,
        "meta_mean_motion_dot": 1.124e-05,
        "meta_mean_motion_ddot": 0,
        "tle_line1": "1 34790U 93036AAT 26053.58309865  .00001124  00000+0  46719-3 0  9991",
        "tle_line2": "2 34790  74.0531 114.3257 0098200 160.5333 328.8525 14.24946236875967"
      },
      "geometry": {
        "type": "Point",
        "coordinates": [
          -50.998814447506156,
          -43.90386485069025
        ]
      }
    },
    {
      "type": "Feature",
      "properties": {
        "norad_id": 34792,
        "name": "COSMOS 2251 DEB",
        "group": "cosmos-2251-debris",
        "lat": 48.30872762648285,
        "lon": -166.86847034508537,
        "alt_km": 692.6581447559474,
        "timestamp": "2026-02-23T07:17:29.433747+00:00",
        "meta_object_name": "COSMOS 2251 DEB",
        "meta_object_id": "1993-036AAV",
        "meta_epoch": "2026-02-22T22:36:56.941344",
        "meta_mean_motion": 14.56692581,
        "meta_eccentricity": 0.00093741,
        "meta_inclination": 74.0193,
        "meta_ra_of_asc_node": 32.5861,
        "meta_arg_of_pericenter": 118.9515,
        "meta_mean_anomaly": 275.094,
        "meta_ephemeris_type": 0,
        "meta_classification_type": "U",
        "meta_norad_cat_id": 34792,
        "meta_element_set_no": 999,
        "meta_rev_at_epoch": 88701,
        "meta_bstar": 0.0010565278,
        "meta_mean_motion_dot": 4.696e-05,
        "meta_mean_motion_ddot": 0,
        "tle_line1": "1 34792U 93036AAV 26053.94232571  .00004696  00000+0  10565-2 0  9998",
        "tle_line2": "2 34792  74.0193  32.5861 0009374 118.9515 275.0940 14.56692581887017"
      },
      "geometry": {
        "type": "Point",
        "coordinates": [
          -166.86847034508537,
          48.30872762648285
        ]
      }
    },
    {
      "type": "Feature",
      "properties": {
        "norad_id": 34793,
        "name": "COSMOS 2251 DEB",
        "group": "cosmos-2251-debris",
        "lat": -12.98629996120432,
        "lon": 112.50181867688045,
        "alt_km": 767.679524757873,
        "timestamp": "2026-02-23T07:17:29.433757+00:00",
        "meta_object_name": "COSMOS 2251 DEB",
        "meta_object_id": "1993-036AAW",
        "meta_epoch": "2026-02-22T15:23:13.164576",
        "meta_mean_motion": 14.3877779,
        "meta_eccentricity": 0.0052861,
        "meta_inclination": 74.0019,
        "meta_ra_of_asc_node": 117.5196,
        "meta_arg_of_pericenter": 256.1469,
        "meta_mean_anomaly": 258.7616,
        "meta_ephemeris_type": 0,
        "meta_classification_type": "U",
        "meta_norad_cat_id": 34793,
        "meta_element_set_no": 999,
        "meta_rev_at_epoch": 88364,
        "meta_bstar": 0.00022196,
        "meta_mean_motion_dot": 6.66e-06,
        "meta_mean_motion_ddot": 0,
        "tle_line1": "1 34793U 93036AAW 26053.64112459  .00000666  00000+0  22196-3 0  9995",
        "tle_line2": "2 34793  74.0019 117.5196 0052861 256.1469 258.7616 14.38777790883641"
      },
      "geometry": {
        "type": "Point",
        "coordinates": [
          112.50181867688045,
          -12.98629996120432
        ]
      }
    },
    {
      "type": "Feature",
      "properties": {
        "norad_id": 34796,
        "name": "COSMOS 2251 DEB",
        "group": "cosmos-2251-debris",
        "lat": -45.98857983096367,
        "lon": -82.51062276362532,
        "alt_km": 701.2986830234531,
        "timestamp": "2026-02-23T07:17:29.433767+00:00",
        "meta_object_name": "COSMOS 2251 DEB",
        "meta_object_id": "1993-036AAZ",
        "meta_epoch": "2026-02-21T01:22:12.514656",
        "meta_mean_motion": 14.49165506,
        "meta_eccentricity": 0.0098412,
        "meta_inclination": 74.0288,
        "meta_ra_of_asc_node": 84.4593,
        "meta_arg_of_pericenter": 171.1958,
        "meta_mean_anomaly": 219.7492,
        "meta_ephemeris_type": 0,
        "meta_classification_type": "U",
        "meta_norad_cat_id": 34796,
        "meta_element_set_no": 999,
        "meta_rev_at_epoch": 89046,
        "meta_bstar": 0.00041116688,
        "meta_mean_motion_dot": 1.635e-05,
        "meta_mean_motion_ddot": 0,
        "tle_line1": "1 34796U 93036AAZ 26052.05708929  .00001635  00000+0  41117-3 0  9996",
        "tle_line2": "2 34796  74.0288  84.4593 0098412 171.1958 219.7492 14.49165506890461"
      },
      "geometry": {
        "type": "Point",
        "coordinates": [
          -82.51062276362532,
          -45.98857983096367
        ]
      }
    },
    {
      "type": "Feature",
      "properties": {
        "norad_id": 34797,
        "name": "COSMOS 2251 DEB",
        "group": "cosmos-2251-debris",
        "lat": -34.624083394311484,
        "lon": -46.76030015878606,
        "alt_km": 757.5787089782034,
        "timestamp": "2026-02-23T07:17:29.433777+00:00",
        "meta_object_name": "COSMOS 2251 DEB",
        "meta_object_id": "1993-036ABA",
        "meta_epoch": "2026-02-22T18:09:17.259264",
        "meta_mean_motion": 14.43776831,
        "meta_eccentricity": 0.00692704,
        "meta_inclination": 73.9777,
        "meta_ra_of_asc_node": 325.7046,
        "meta_arg_of_pericenter": 62.0085,
        "meta_mean_anomaly": 298.8058,
        "meta_ephemeris_type": 0,
        "meta_classification_type": "U",
        "meta_norad_cat_id": 34797,
        "meta_element_set_no": 999,
        "meta_rev_at_epoch": 88454,
        "meta_bstar": 0.0017286568,
        "meta_mean_motion_dot": 6.033e-05,
        "meta_mean_motion_ddot": 0,
        "tle_line1": "1 34797U 93036ABA 26053.75644976  .00006033  00000+0  17287-2 0  9993",
        "tle_line2": "2 34797  73.9777 325.7046 0069270  62.0085 298.8058 14.43776831884547"
      },
      "geometry": {
        "type": "Point",
        "coordinates": [
          -46.76030015878606,
          -34.624083394311484
        ]
      }
    },
    {
      "type": "Feature",
      "properties": {
        "norad_id": 34813,
        "name": "COSMOS 2251 DEB",
        "group": "cosmos-2251-debris",
        "lat": -66.29539049735362,
        "lon": -122.55331131068347,
        "alt_km": 1333.7304508441412,
        "timestamp": "2026-02-23T07:17:29.433787+00:00",
        "meta_object_name": "COSMOS 2251 DEB",
        "meta_object_id": "1993-036ABC",
        "meta_epoch": "2026-02-20T22:56:42.902304",
        "meta_mean_motion": 13.50717765,
        "meta_eccentricity": 0.04355256,
        "meta_inclination": 73.9316,
        "meta_ra_of_asc_node": 20.1927,
        "meta_arg_of_pericenter": 40.5026,
        "meta_mean_anomaly": 322.7646,
        "meta_ephemeris_type": 0,
        "meta_classification_type": "U",
        "meta_norad_cat_id": 34813,
        "meta_element_set_no": 999,
        "meta_rev_at_epoch": 82603,
        "meta_bstar": 0.0036770256,
        "meta_mean_motion_dot": 4.262e-05,
        "meta_mean_motion_ddot": 0,
        "tle_line1": "1 34813U 93036ABC 26051.95605211  .00004262  00000+0  36770-2 0  9991",
        "tle_line2": "2 34813  73.9316  20.1927 0435525  40.5026 322.7646 13.50717765826033"
      },
      "geometry": {
        "type": "Point",
        "coordinates": [
          -122.55331131068347,
          -66.29539049735362
        ]
      }
    },
    {
      "type": "Feature",
      "properties": {
        "norad_id": 34814,
        "name": "COSMOS 2251 DEB",
        "group": "cosmos-2251-debris",
        "lat": 54.969623827534214,
        "lon": -13.506407260974802,
        "alt_km": 742.274202331163,
        "timestamp": "2026-02-23T07:17:29.433797+00:00",
        "meta_object_name": "COSMOS 2251 DEB",
        "meta_object_id": "1993-036ABD",
        "meta_epoch": "2026-02-21T20:21:25.759584",
        "meta_mean_motion": 14.37251353,
        "meta_eccentricity": 0.00536782,
        "meta_inclination": 73.895,
        "meta_ra_of_asc_node": 193.5333,
        "meta_arg_of_pericenter": 65.1441,
        "meta_mean_anomaly": 87.375,
        "meta_ephemeris_type": 0,
        "meta_classification_type": "U",
        "meta_norad_cat_id": 34814,
        "meta_element_set_no": 999,
        "meta_rev_at_epoch": 88354,
        "meta_bstar": 0.00061872253,
        "meta_mean_motion_dot": 1.848e-05,
        "meta_mean_motion_ddot": 0,
        "tle_line1": "1 34814U 93036ABD 26052.84821481  .00001848  00000+0  61872-3 0  9999",
        "tle_line2": "2 34814  73.8950 193.5333 0053678  65.1441  87.3750 14.37251353883543"
      },
      "geometry": {
        "type": "Point",
        "coordinates": [
          -13.506407260974802,
          54.969623827534214
        ]
      }
    },
    {
      "type": "Feature",
      "properties": {
        "norad_id": 34815,
        "name": "COSMOS 2251 DEB",
        "group": "cosmos-2251-debris",
        "lat": 30.39380062595577,
        "lon": 108.85039640422427,
        "alt_km": 648.4874079566289,
        "timestamp": "2026-02-23T07:17:29.433808+00:00",
        "meta_object_name": "COSMOS 2251 DEB",
        "meta_object_id": "1993-036ABE",
        "meta_epoch": "2026-02-22T01:56:10.892832",
        "meta_mean_motion": 14.79515903,
        "meta_eccentricity": 0.00544678,
        "meta_inclination": 74.043,
        "meta_ra_of_asc_node": 101.5943,
        "meta_arg_of_pericenter": 155.7098,
        "meta_mean_anomaly": 204.6664,
        "meta_ephemeris_type": 0,
        "meta_classification_type": "U",
        "meta_norad_cat_id": 34815,
        "meta_element_set_no": 999,
        "meta_rev_at_epoch": 89682,
        "meta_bstar": 0.00052913835,
        "meta_mean_motion_dot": 4.025e-05,
        "meta_mean_motion_ddot": 0,
        "tle_line1": "1 34815U 93036ABE 26053.08068163  .00004025  00000+0  52914-3 0  9994",
        "tle_line2": "2 34815  74.0430 101.5943 0054467 155.7098 204.6664 14.79515903896820"
      },
      "geometry": {
        "type": "Point",
        "coordinates": [
          108.85039640422427,
          30.39380062595577
        ]
      }
    },
    {
      "type": "Feature",
      "properties": {
        "norad_id": 34816,
        "name": "COSMOS 2251 DEB",
        "group": "cosmos-2251-debris",
        "lat": -41.10205393724266,
        "lon": -140.68392475821219,
        "alt_km": 1274.5367454871894,
        "timestamp": "2026-02-23T07:17:29.433818+00:00",
        "meta_object_name": "COSMOS 2251 DEB",
        "meta_object_id": "1993-036ABF",
        "meta_epoch": "2026-02-22T21:31:46.194816",
        "meta_mean_motion": 13.58498027,
        "meta_eccentricity": 0.03700172,
        "meta_inclination": 73.8888,
        "meta_ra_of_asc_node": 25.375,
        "meta_arg_of_pericenter": 76.809,
        "meta_mean_anomaly": 315.4097,
        "meta_ephemeris_type": 0,
        "meta_classification_type": "U",
        "meta_norad_cat_id": 34816,
        "meta_element_set_no": 999,
        "meta_rev_at_epoch": 83763,
        "meta_bstar": 0.00092196381,
        "meta_mean_motion_dot": 1.031e-05,
        "meta_mean_motion_ddot": 0,
        "tle_line1": "1 34816U 93036ABF 26053.89706244  .00001031  00000+0  92196-3 0  9993",
        "tle_line2": "2 34816  73.8888  25.3750 0370017  76.8090 315.4097 13.58498027837639"
      },
      "geometry": {
        "type": "Point",
        "coordinates": [
          -140.68392475821219,
          -41.10205393724266
        ]
      }
    },
    {
      "type": "Feature",
      "properties": {
        "norad_id": 34818,
        "name": "COSMOS 2251 DEB",
        "group": "cosmos-2251-debris",
        "lat": 3.826566859855528,
        "lon": -17.59077739861396,
        "alt_km": 758.9130253905068,
        "timestamp": "2026-02-23T07:17:29.433828+00:00",
        "meta_object_name": "COSMOS 2251 DEB",
        "meta_object_id": "1993-036ABH",
        "meta_epoch": "2026-02-22T07:13:33.395808",
        "meta_mean_motion": 14.37076069,
        "meta_eccentricity": 0.00253851,
        "meta_inclination": 74.0364,
        "meta_ra_of_asc_node": 165.3495,
        "meta_arg_of_pericenter": 229.3537,
        "meta_mean_anomaly": 161.2568,
        "meta_ephemeris_type": 0,
        "meta_classification_type": "U",
        "meta_norad_cat_id": 34818,
        "meta_element_set_no": 999,
        "meta_rev_at_epoch": 88398,
        "meta_bstar": 0.00024503938,
        "meta_mean_motion_dot": 7.04e-06,
        "meta_mean_motion_ddot": 0,
        "tle_line1": "1 34818U 93036ABH 26053.30108097  .00000704  00000+0  24504-3 0  9997",
        "tle_line2": "2 34818  74.0364 165.3495 0025385 229.3537 161.2568 14.37076069883985"
      },
      "geometry": {
        "type": "Point",
        "coordinates": [
          -17.59077739861396,
          3.826566859855528
        ]
      }
    },
    {
      "type": "Feature",
      "properties": {
        "norad_id": 34819,
        "name": "COSMOS 2251 DEB",
        "group": "cosmos-2251-debris",
        "lat": 72.73305557488976,
        "lon": 115.81060306489462,
        "alt_km": 660.5363934459747,
        "timestamp": "2026-02-23T07:17:29.433838+00:00",
        "meta_object_name": "COSMOS 2251 DEB",
        "meta_object_id": "1993-036ABJ",
        "meta_epoch": "2026-02-22T06:57:33.357024",
        "meta_mean_motion": 14.65210564,
        "meta_eccentricity": 0.00125414,
        "meta_inclination": 74.0201,
        "meta_ra_of_asc_node": 4.9676,
        "meta_arg_of_pericenter": 82.0484,
        "meta_mean_anomaly": 68.9018,
        "meta_ephemeris_type": 0,
        "meta_classification_type": "U",
        "meta_norad_cat_id": 34819,
        "meta_element_set_no": 999,
        "meta_rev_at_epoch": 89276,
        "meta_bstar": 0.0013762739,
        "meta_mean_motion_dot": 7.396e-05,
        "meta_mean_motion_ddot": 0,
        "tle_line1": "1 34819U 93036ABJ 26053.28996941  .00007396  00000+0  13763-2 0  9996",
        "tle_line2": "2 34819  74.0201   4.9676 0012541  82.0484  68.9018 14.65210564892760"
      },
      "geometry": {
        "type": "Point",
        "coordinates": [
          115.81060306489462,
          72.73305557488976
        ]
      }
    },
    {
      "type": "Feature",
      "properties": {
        "norad_id": 34823,
        "name": "COSMOS 2251 DEB",
        "group": "cosmos-2251-debris",
        "lat": -7.773010308465298,
        "lon": 147.1098817703849,
        "alt_km": 811.7061021994987,
        "timestamp": "2026-02-23T07:17:29.433848+00:00",
        "meta_object_name": "COSMOS 2251 DEB",
        "meta_object_id": "1993-036ABN",
        "meta_epoch": "2026-02-22T17:14:22.299360",
        "meta_mean_motion": 14.55320153,
        "meta_eccentricity": 0.01528171,
        "meta_inclination": 74.0429,
        "meta_ra_of_asc_node": 325.98,
        "meta_arg_of_pericenter": 31.7509,
        "meta_mean_anomaly": 329.2756,
        "meta_ephemeris_type": 0,
        "meta_classification_type": "U",
        "meta_norad_cat_id": 34823,
        "meta_element_set_no": 999,
        "meta_rev_at_epoch": 89428,
        "meta_bstar": 0.00056776332,
        "meta_mean_motion_dot": 2.85e-05,
        "meta_mean_motion_ddot": 0,
        "tle_line1": "1 34823U 93036ABN 26053.71831365  .00002850  00000+0  56776-3 0  9999",
        "tle_line2": "2 34823  74.0429 325.9800 0152817  31.7509 329.2756 14.55320153894288"
      },
      "geometry": {
        "type": "Point",
        "coordinates": [
          147.1098817703849,
          -7.773010308465298
        ]
      }
    },
    {
      "type": "Feature",
      "properties": {
        "norad_id": 34845,
        "name": "COSMOS 2251 DEB",
        "group": "cosmos-2251-debris",
        "lat": -71.05958325913078,
        "lon": -43.70150238910615,
        "alt_km": 752.7690230094668,
        "timestamp": "2026-02-23T07:17:29.433858+00:00",
        "meta_object_name": "COSMOS 2251 DEB",
        "meta_object_id": "1993-036ABP",
        "meta_epoch": "2026-02-22T13:23:47.661792",
        "meta_mean_motion": 14.46029658,
        "meta_eccentricity": 0.0021362,
        "meta_inclination": 74.0262,
        "meta_ra_of_asc_node": 14.2739,
        "meta_arg_of_pericenter": 163.5656,
        "meta_mean_anomaly": 196.6199,
        "meta_ephemeris_type": 0,
        "meta_classification_type": "U",
        "meta_norad_cat_id": 34845,
        "meta_element_set_no": 999,
        "meta_rev_at_epoch": 88504,
        "meta_bstar": 0.00025377,
        "meta_mean_motion_dot": 8.8e-06,
        "meta_mean_motion_ddot": 0,
        "tle_line1": "1 34845U 93036ABP 26053.55819053  .00000880  00000+0  25377-3 0  9999",
        "tle_line2": "2 34845  74.0262  14.2739 0021362 163.5656 196.6199 14.46029658885040"
      },
      "geometry": {
        "type": "Point",
        "coordinates": [
          -43.70150238910615,
          -71.05958325913078
        ]
      }
    },
    {
      "type": "Feature",
      "properties": {
        "norad_id": 34846,
        "name": "COSMOS 2251 DEB",
        "group": "cosmos-2251-debris",
        "lat": -68.96883806457471,
        "lon": -5.833386825117835,
        "alt_km": 734.5844781012393,
        "timestamp": "2026-02-23T07:17:29.433868+00:00",
        "meta_object_name": "COSMOS 2251 DEB",
        "meta_object_id": "1993-036ABQ",
        "meta_epoch": "2026-02-22T00:15:40.936608",
        "meta_mean_motion": 14.47728751,
        "meta_eccentricity": 0.00249351,
        "meta_inclination": 74.0298,
        "meta_ra_of_asc_node": 128.443,
        "meta_arg_of_pericenter": 186.4123,
        "meta_mean_anomaly": 173.6721,
        "meta_ephemeris_type": 0,
        "meta_classification_type": "U",
        "meta_norad_cat_id": 34846,
        "meta_element_set_no": 999,
        "meta_rev_at_epoch": 88435,
        "meta_bstar": 0.00055635882,
        "meta_mean_motion_dot": 2.036e-05,
        "meta_mean_motion_ddot": 0,
        "tle_line1": "1 34846U 93036ABQ 26053.01089047  .00002036  00000+0  55636-3 0  9999",
        "tle_line2": "2 34846  74.0298 128.4430 0024935 186.4123 173.6721 14.47728751884358"
      },
      "geometry": {
        "type": "Point",
        "coordinates": [
          -5.833386825117835,
          -68.96883806457471
        ]
      }
    },
    {
      "type": "Feature",
      "properties": {
        "norad_id": 34852,
        "name": "COSMOS 2251 DEB",
        "group": "cosmos-2251-debris",
        "lat": 56.95891531264149,
        "lon": -76.59882922126661,
        "alt_km": 765.2748364979025,
        "timestamp": "2026-02-23T07:17:29.433879+00:00",
        "meta_object_name": "COSMOS 2251 DEB",
        "meta_object_id": "1993-036ABW",
        "meta_epoch": "2026-02-22T22:23:00.026880",
        "meta_mean_motion": 14.37069027,
        "meta_eccentricity": 0.00172933,
        "meta_inclination": 74.0332,
        "meta_ra_of_asc_node": 130.1988,
        "meta_arg_of_pericenter": 223.6868,
        "meta_mean_anomaly": 136.2918,
        "meta_ephemeris_type": 0,
        "meta_classification_type": "U",
        "meta_norad_cat_id": 34852,
        "meta_element_set_no": 999,
        "meta_rev_at_epoch": 88571,
        "meta_bstar": 0.00010289524,
        "meta_mean_motion_dot": 2.8e-06,
        "meta_mean_motion_ddot": 0,
        "tle_line1": "1 34852U 93036ABW 26053.93263920  .00000280  00000+0  10290-3 0  9997",
        "tle_line2": "2 34852  74.0332 130.1988 0017293 223.6868 136.2918 14.37069027885718"
      },
      "geometry": {
        "type": "Point",
        "coordinates": [
          -76.59882922126661,
          56.95891531264149
        ]
      }
    },
    {
      "type": "Feature",
      "properties": {
        "norad_id": 34854,
        "name": "COSMOS 2251 DEB",
        "group": "cosmos-2251-debris",
        "lat": 28.96006991537401,
        "lon": 25.35815560450948,
        "alt_km": 627.7580409435022,
        "timestamp": "2026-02-23T07:17:29.433889+00:00",
        "meta_object_name": "COSMOS 2251 DEB",
        "meta_object_id": "1993-036ABY",
        "meta_epoch": "2026-02-22T14:54:14.011200",
        "meta_mean_motion": 14.77443809,
        "meta_eccentricity": 0.0062414,
        "meta_inclination": 74.031,
        "meta_ra_of_asc_node": 17.5797,
        "meta_arg_of_pericenter": 111.7735,
        "meta_mean_anomaly": 249.0098,
        "meta_ephemeris_type": 0,
        "meta_classification_type": "U",
        "meta_norad_cat_id": 34854,
        "meta_element_set_no": 999,
        "meta_rev_at_epoch": 72943,
        "meta_bstar": 0.00065844,
        "meta_mean_motion_dot": 4.812e-05,
        "meta_mean_motion_ddot": 0,
        "tle_line1": "1 34854U 93036ABY 26053.62099550  .00004812  00000+0  65844-3 0  9991",
        "tle_line2": "2 34854  74.0310  17.5797 0062414 111.7735 249.0098 14.77443809729433"
      },
      "geometry": {
        "type": "Point",
        "coordinates": [
          25.35815560450948,
          28.96006991537401
        ]
      }
    },
    {
      "type": "Feature",
      "properties": {
        "norad_id": 34856,
        "name": "COSMOS 2251 DEB",
        "group": "cosmos-2251-debris",
        "lat": -48.52063879040879,
        "lon": -83.82961407943375,
        "alt_km": 546.3839727490877,
        "timestamp": "2026-02-23T07:17:29.433899+00:00",
        "meta_object_name": "COSMOS 2251 DEB",
        "meta_object_id": "1993-036ACA",
        "meta_epoch": "2026-02-22T17:27:26.475264",
        "meta_mean_motion": 15.10453431,
        "meta_eccentricity": 0.00298969,
        "meta_inclination": 73.9941,
        "meta_ra_of_asc_node": 296.3105,
        "meta_arg_of_pericenter": 54.8408,
        "meta_mean_anomaly": 1.2914,
        "meta_ephemeris_type": 0,
        "meta_classification_type": "U",
        "meta_norad_cat_id": 34856,
        "meta_element_set_no": 999,
        "meta_rev_at_epoch": 90197,
        "meta_bstar": 0.0018576132,
        "meta_mean_motion_dot": 0.00030985,
        "meta_mean_motion_ddot": 0,
        "tle_line1": "1 34856U 93036ACA 26053.72738976  .00030985  00000+0  18576-2 0  9995",
        "tle_line2": "2 34856  73.9941 296.3105 0029896  54.8408   1.2914 15.10453431901970"
      },
      "geometry": {
        "type": "Point",
        "coordinates": [
          -83.82961407943375,
          -48.52063879040879
        ]
      }
    },
    {
      "type": "Feature",
      "properties": {
        "norad_id": 34857,
        "name": "COSMOS 2251 DEB",
        "group": "cosmos-2251-debris",
        "lat": 29.023440060335457,
        "lon": 139.18764530359581,
        "alt_km": 680.9942997884327,
        "timestamp": "2026-02-23T07:17:29.433909+00:00",
        "meta_object_name": "COSMOS 2251 DEB",
        "meta_object_id": "1993-036ACB",
        "meta_epoch": "2026-02-22T17:34:54.239808",
        "meta_mean_motion": 14.59611669,
        "meta_eccentricity": 0.00630279,
        "meta_inclination": 74.0169,
        "meta_ra_of_asc_node": 329.4283,
        "meta_arg_of_pericenter": 75.6848,
        "meta_mean_anomaly": 312.7954,
        "meta_ephemeris_type": 0,
        "meta_classification_type": "U",
        "meta_norad_cat_id": 34857,
        "meta_element_set_no": 999,
        "meta_rev_at_epoch": 88951,
        "meta_bstar": 0.00088667887,
        "meta_mean_motion_dot": 4.31e-05,
        "meta_mean_motion_ddot": 0,
        "tle_line1": "1 34857U 93036ACB 26053.73257222  .00004310  00000+0  88668-3 0  9990",
        "tle_line2": "2 34857  74.0169 329.4283 0063027  75.6848 312.7954 14.59611669889513"
      },
      "geometry": {
        "type": "Point",
        "coordinates": [
          139.18764530359581,
          29.023440060335457
        ]
      }
    },
    {
      "type": "Feature",
      "properties": {
        "norad_id": 34859,
        "name": "COSMOS 2251 DEB",
        "group": "cosmos-2251-debris",
        "lat": -2.6466727911058823,
        "lon": 8.177724140497125,
        "alt_km": 489.8707211885885,
        "timestamp": "2026-02-23T07:17:29.433919+00:00",
        "meta_object_name": "COSMOS 2251 DEB",
        "meta_object_id": "1993-036ACD",
        "meta_epoch": "2026-02-21T10:47:54.848832",
        "meta_mean_motion": 15.27539039,
        "meta_eccentricity": 0.00096112,
        "meta_inclination": 74.0279,
        "meta_ra_of_asc_node": 191.3521,
        "meta_arg_of_pericenter": 334.4086,
        "meta_mean_anomaly": 95.922,
        "meta_ephemeris_type": 0,
        "meta_classification_type": "U",
        "meta_norad_cat_id": 34859,
        "meta_element_set_no": 999,
        "meta_rev_at_epoch": 89433,
        "meta_bstar": 0.0062625625,
        "meta_mean_motion_dot": 0.00172903,
        "meta_mean_motion_ddot": 0,
        "tle_line1": "1 34859U 93036ACD 26052.44994038  .00172903  00000+0  62626-2 0  9991",
        "tle_line2": "2 34859  74.0279 191.3521 0009611 334.4086  95.9220 15.27539039894335"
      },
      "geometry": {
        "type": "Point",
        "coordinates": [
          8.177724140497125,
          -2.6466727911058823
        ]
      }
    },
    {
      "type": "Feature",
      "properties": {
        "norad_id": 34861,
        "name": "COSMOS 2251 DEB",
        "group": "cosmos-2251-debris",
        "lat": -11.731492940485062,
        "lon": 85.03430160016671,
        "alt_km": 532.334330772791,
        "timestamp": "2026-02-23T07:17:29.433929+00:00",
        "meta_object_name": "COSMOS 2251 DEB",
        "meta_object_id": "1993-036ACF",
        "meta_epoch": "2026-02-22T14:49:55.549920",
        "meta_mean_motion": 15.11972232,
        "meta_eccentricity": 0.0004009,
        "meta_inclination": 74.0203,
        "meta_ra_of_asc_node": 263.0434,
        "meta_arg_of_pericenter": 245.9562,
        "meta_mean_anomaly": 174.7513,
        "meta_ephemeris_type": 0,
        "meta_classification_type": "U",
        "meta_norad_cat_id": 34861,
        "meta_element_set_no": 999,
        "meta_rev_at_epoch": 89175,
        "meta_bstar": 0.0034619,
        "meta_mean_motion_dot": 0.00059883,
        "meta_mean_motion_ddot": 0,
        "tle_line1": "1 34861U 93036ACF 26053.61800405  .00059883  00000+0  34619-2 0  9990",
        "tle_line2": "2 34861  74.0203 263.0434 0004009 245.9562 174.7513 15.11972232891759"
      },
      "geometry": {
        "type": "Point",
        "coordinates": [
          85.03430160016671,
          -11.731492940485062
        ]
      }
    },
    {
      "type": "Feature",
      "properties": {
        "norad_id": 34874,
        "name": "COSMOS 2251 DEB",
        "group": "cosmos-2251-debris",
        "lat": 30.485743046118163,
        "lon": 110.75060353612892,
        "alt_km": 802.0073419607415,
        "timestamp": "2026-02-23T07:17:29.433939+00:00",
        "meta_object_name": "COSMOS 2251 DEB",
        "meta_object_id": "1993-036ACM",
        "meta_epoch": "2026-02-22T17:30:00.828000",
        "meta_mean_motion": 14.36787138,
        "meta_eccentricity": 0.00521158,
        "meta_inclination": 74.0395,
        "meta_ra_of_asc_node": 301.5057,
        "meta_arg_of_pericenter": 308.6936,
        "meta_mean_anomaly": 108.4988,
        "meta_ephemeris_type": 0,
        "meta_classification_type": "U",
        "meta_norad_cat_id": 34874,
        "meta_element_set_no": 999,
        "meta_rev_at_epoch": 88078,
        "meta_bstar": 0.00072214437,
        "meta_mean_motion_dot": 2.139e-05,
        "meta_mean_motion_ddot": 0,
        "tle_line1": "1 34874U 93036ACM 26053.72917625  .00002139  00000+0  72214-3 0  9995",
        "tle_line2": "2 34874  74.0395 301.5057 0052115 308.6936 108.4988 14.36787138880783"
      },
      "geometry": {
        "type": "Point",
        "coordinates": [
          110.75060353612892,
          30.485743046118163
        ]
      }
    },
    {
      "type": "Feature",
      "properties": {
        "norad_id": 34875,
        "name": "COSMOS 2251 DEB",
        "group": "cosmos-2251-debris",
        "lat": -50.73780849088473,
        "lon": -137.28848597179348,
        "alt_km": 736.3477883597534,
        "timestamp": "2026-02-23T07:17:29.433949+00:00",
        "meta_object_name": "COSMOS 2251 DEB",
        "meta_object_id": "1993-036ACN",
        "meta_epoch": "2026-02-21T23:00:22.394592",
        "meta_mean_motion": 14.49216159,
        "meta_eccentricity": 0.0014099,
        "meta_inclination": 74.0453,
        "meta_ra_of_asc_node": 24.7453,
        "meta_arg_of_pericenter": 137.2568,
        "meta_mean_anomaly": 280.7463,
        "meta_ephemeris_type": 0,
        "meta_classification_type": "U",
        "meta_norad_cat_id": 34875,
        "meta_element_set_no": 999,
        "meta_rev_at_epoch": 88787,
        "meta_bstar": 0.00035441,
        "meta_mean_motion_dot": 1.325e-05,
        "meta_mean_motion_ddot": 0,
        "tle_line1": "1 34875U 93036ACN 26052.95859253  .00001325  00000+0  35441-3 0  9999",
        "tle_line2": "2 34875  74.0453  24.7453 0014099 137.2568 280.7463 14.49216159887872"
      },
      "geometry": {
        "type": "Point",
        "coordinates": [
          -137.28848597179348,
          -50.73780849088473
        ]
      }
    },
    {
      "type": "Feature",
      "properties": {
        "norad_id": 34878,
        "name": "COSMOS 2251 DEB",
        "group": "cosmos-2251-debris",
        "lat": 6.486699010705183,
        "lon": -65.94321058340998,
        "alt_km": 1165.785344371633,
        "timestamp": "2026-02-23T07:17:29.433959+00:00",
        "meta_object_name": "COSMOS 2251 DEB",
        "meta_object_id": "1993-036ACR",
        "meta_epoch": "2026-02-21T02:02:51.158112",
        "meta_mean_motion": 13.44290086,
        "meta_eccentricity": 0.04357568,
        "meta_inclination": 73.9647,
        "meta_ra_of_asc_node": 295.7019,
        "meta_arg_of_pericenter": 265.8144,
        "meta_mean_anomaly": 163.8268,
        "meta_ephemeris_type": 0,
        "meta_classification_type": "U",
        "meta_norad_cat_id": 34878,
        "meta_element_set_no": 999,
        "meta_rev_at_epoch": 82218,
        "meta_bstar": 0.00011588303,
        "meta_mean_motion_dot": 9.5e-07,
        "meta_mean_motion_ddot": 0,
        "tle_line1": "1 34878U 93036ACR 26052.08531433  .00000095  00000+0  11588-3 0  9992",
        "tle_line2": "2 34878  73.9647 295.7019 0435756 265.8144 163.8268 13.44290086822183"
      },
      "geometry": {
        "type": "Point",
        "coordinates": [
          -65.94321058340998,
          6.486699010705183
        ]
      }
    },
    {
      "type": "Feature",
      "properties": {
        "norad_id": 34882,
        "name": "COSMOS 2251 DEB",
        "group": "cosmos-2251-debris",
        "lat": -42.99579306243007,
        "lon": -77.69591888008226,
        "alt_km": 641.6044088949839,
        "timestamp": "2026-02-23T07:17:29.433969+00:00",
        "meta_object_name": "COSMOS 2251 DEB",
        "meta_object_id": "1993-036ACV",
        "meta_epoch": "2026-02-18T12:55:49.245888",
        "meta_mean_motion": 14.61757526,
        "meta_eccentricity": 0.0083475,
        "meta_inclination": 74.0442,
        "meta_ra_of_asc_node": 95.9438,
        "meta_arg_of_pericenter": 207.3926,
        "meta_mean_anomaly": 152.2829,
        "meta_ephemeris_type": 0,
        "meta_classification_type": "U",
        "meta_norad_cat_id": 34882,
        "meta_element_set_no": 999,
        "meta_rev_at_epoch": 89515,
        "meta_bstar": 0.00013501,
        "meta_mean_motion_dot": 6.74e-06,
        "meta_mean_motion_ddot": 0,
        "tle_line1": "1 34882U 93036ACV 26049.53876442  .00000674  00000+0  13501-3 0  9995",
        "tle_line2": "2 34882  74.0442  95.9438 0083475 207.3926 152.2829 14.61757526895153"
      },
      "geometry": {
        "type": "Point",
        "coordinates": [
          -77.69591888008226,
          -42.99579306243007
        ]
      }
    },
    {
      "type": "Feature",
      "properties": {
        "norad_id": 34883,
        "name": "COSMOS 2251 DEB",
        "group": "cosmos-2251-debris",
        "lat": 59.215128980128604,
        "lon": -44.393227007446534,
        "alt_km": 649.2886117129165,
        "timestamp": "2026-02-23T07:17:29.433979+00:00",
        "meta_object_name": "COSMOS 2251 DEB",
        "meta_object_id": "1993-036ACW",
        "meta_epoch": "2026-02-22T01:16:30.296352",
        "meta_mean_motion": 14.53697874,
        "meta_eccentricity": 0.0091234,
        "meta_inclination": 74.1965,
        "meta_ra_of_asc_node": 289.5604,
        "meta_arg_of_pericenter": 92.2428,
        "meta_mean_anomaly": 268.9185,
        "meta_ephemeris_type": 0,
        "meta_classification_type": "U",
        "meta_norad_cat_id": 34883,
        "meta_element_set_no": 999,
        "meta_rev_at_epoch": 87475,
        "meta_bstar": 0.0027863179,
        "meta_mean_motion_dot": 0.00012327,
        "meta_mean_motion_ddot": 0,
        "tle_line1": "1 34883U 93036ACW 26053.05312843  .00012327  00000+0  27863-2 0  9991",
        "tle_line2": "2 34883  74.1965 289.5604 0091234  92.2428 268.9185 14.53697874874754"
      },
      "geometry": {
        "type": "Point",
        "coordinates": [
          -44.393227007446534,
          59.215128980128604
        ]
      }
    },
    {
      "type": "Feature",
      "properties": {
        "norad_id": 34884,
        "name": "COSMOS 2251 DEB",
        "group": "cosmos-2251-debris",
        "lat": -62.0746306064513,
        "lon": -121.91293536283374,
        "alt_km": 588.4491242361946,
        "timestamp": "2026-02-23T07:17:29.433989+00:00",
        "meta_object_name": "COSMOS 2251 DEB",
        "meta_object_id": "1993-036ACX",
        "meta_epoch": "2026-02-22T17:26:15.226368",
        "meta_mean_motion": 14.94632452,
        "meta_eccentricity": 0.00027154,
        "meta_inclination": 74.0136,
        "meta_ra_of_asc_node": 271.9946,
        "meta_arg_of_pericenter": 312.3139,
        "meta_mean_anomaly": 116.2466,
        "meta_ephemeris_type": 0,
        "meta_classification_type": "U",
        "meta_norad_cat_id": 34884,
        "meta_element_set_no": 999,
        "meta_rev_at_epoch": 88879,
        "meta_bstar": 0.0022733333,
        "meta_mean_motion_dot": 0.00024685,
        "meta_mean_motion_ddot": 0,
        "tle_line1": "1 34884U 93036ACX 26053.72656512  .00024685  00000+0  22733-2 0  9991",
        "tle_line2": "2 34884  74.0136 271.9946 0002715 312.3139 116.2466 14.94632452888791"
      },
      "geometry": {
        "type": "Point",
        "coordinates": [
          -121.91293536283374,
          -62.0746306064513
        ]
      }
    },
    {
      "type": "Feature",
      "properties": {
        "norad_id": 34885,
        "name": "COSMOS 2251 DEB",
        "group": "cosmos-2251-debris",
        "lat": 22.777549473460567,
        "lon": 53.23862577799712,
        "alt_km": 719.6822473582843,
        "timestamp": "2026-02-23T07:17:29.433999+00:00",
        "meta_object_name": "COSMOS 2251 DEB",
        "meta_object_id": "1993-036ACY",
        "meta_epoch": "2026-02-22T01:42:10.210464",
        "meta_mean_motion": 14.51989134,
        "meta_eccentricity": 0.00121785,
        "meta_inclination": 74.0308,
        "meta_ra_of_asc_node": 48.655,
        "meta_arg_of_pericenter": 125.0001,
        "meta_mean_anomaly": 297.2403,
        "meta_ephemeris_type": 0,
        "meta_classification_type": "U",
        "meta_norad_cat_id": 34885,
        "meta_element_set_no": 999,
        "meta_rev_at_epoch": 88514,
        "meta_bstar": 0.00054249082,
        "meta_mean_motion_dot": 2.166e-05,
        "meta_mean_motion_ddot": 0,
        "tle_line1": "1 34885U 93036ACY 26053.07095151  .00002166  00000+0  54249-3 0  9994",
        "tle_line2": "2 34885  74.0308  48.6550 0012178 125.0001 297.2403 14.51989134885146"
      },
      "geometry": {
        "type": "Point",
        "coordinates": [
          53.23862577799712,
          22.777549473460567
        ]
      }
    },
    {
      "type": "Feature",
      "properties": {
        "norad_id": 34886,
        "name": "COSMOS 2251 DEB",
        "group": "cosmos-2251-debris",
        "lat": -23.952069480024036,
        "lon": -150.7279534046345,
        "alt_km": 389.5766226058322,
        "timestamp": "2026-02-23T07:17:29.434009+00:00",
        "meta_object_name": "COSMOS 2251 DEB",
        "meta_object_id": "1993-036ACZ",
        "meta_epoch": "2026-02-21T14:16:01.539264",
        "meta_mean_motion": 15.5476026,
        "meta_eccentricity": 0.0025508,
        "meta_inclination": 73.9485,
        "meta_ra_of_asc_node": 25.7204,
        "meta_arg_of_pericenter": 200.4181,
        "meta_mean_anomaly": 159.6017,
        "meta_ephemeris_type": 0,
        "meta_classification_type": "U",
        "meta_norad_cat_id": 34886,
        "meta_element_set_no": 999,
        "meta_rev_at_epoch": 64093,
        "meta_bstar": 0.0022275,
        "meta_mean_motion_dot": 0.00153067,
        "meta_mean_motion_ddot": 0,
        "tle_line1": "1 34886U 93036ACZ 26052.59446226  .00153067  00000+0  22275-2 0  9994",
        "tle_line2": "2 34886  73.9485  25.7204 0025508 200.4181 159.6017 15.54760260640930"
      },
      "geometry": {
        "type": "Point",
        "coordinates": [
          -150.7279534046345,
          -23.952069480024036
        ]
      }
    },
    {
      "type": "Feature",
      "properties": {
        "norad_id": 34908,
        "name": "COSMOS 2251 DEB",
        "group": "cosmos-2251-debris",
        "lat": -21.035937456373812,
        "lon": -116.03429464071691,
        "alt_km": 769.4659483424912,
        "timestamp": "2026-02-23T07:17:29.434019+00:00",
        "meta_object_name": "COSMOS 2251 DEB",
        "meta_object_id": "1993-036ADD",
        "meta_epoch": "2026-02-22T13:10:04.293120",
        "meta_mean_motion": 14.37698727,
        "meta_eccentricity": 0.0041305,
        "meta_inclination": 74.0548,
        "meta_ra_of_asc_node": 251.6662,
        "meta_arg_of_pericenter": 252.5255,
        "meta_mean_anomaly": 138.3129,
        "meta_ephemeris_type": 0,
        "meta_classification_type": "U",
        "meta_norad_cat_id": 34908,
        "meta_element_set_no": 999,
        "meta_rev_at_epoch": 88311,
        "meta_bstar": 0.000434,
        "meta_mean_motion_dot": 1.291e-05,
        "meta_mean_motion_ddot": 0,
        "tle_line1": "1 34908U 93036ADD 26053.54866080  .00001291  00000+0  43400-3 0  9994",
        "tle_line2": "2 34908  74.0548 251.6662 0041305 252.5255 138.3129 14.37698727883113"
      },
      "geometry": {
        "type": "Point",
        "coordinates": [
          -116.03429464071691,
          -21.035937456373812
        ]
      }
    },
    {
      "type": "Feature",
      "properties": {
        "norad_id": 34909,
        "name": "COSMOS 2251 DEB",
        "group": "cosmos-2251-debris",
        "lat": -72.38735121730478,
        "lon": 178.41339996861848,
        "alt_km": 689.555984832843,
        "timestamp": "2026-02-23T07:17:29.434029+00:00",
        "meta_object_name": "COSMOS 2251 DEB",
        "meta_object_id": "1993-036ADE",
        "meta_epoch": "2026-02-22T15:29:33.631296",
        "meta_mean_motion": 14.78435908,
        "meta_eccentricity": 0.008207,
        "meta_inclination": 74.0128,
        "meta_ra_of_asc_node": 295.1411,
        "meta_arg_of_pericenter": 51.3905,
        "meta_mean_anomaly": 309.4581,
        "meta_ephemeris_type": 0,
        "meta_classification_type": "U",
        "meta_norad_cat_id": 34909,
        "meta_element_set_no": 999,
        "meta_rev_at_epoch": 67914,
        "meta_bstar": 0.00044373,
        "meta_mean_motion_dot": 3.388e-05,
        "meta_mean_motion_ddot": 0,
        "tle_line1": "1 34909U 93036ADE 26053.64552814  .00003388  00000+0  44373-3 0  9992",
        "tle_line2": "2 34909  74.0128 295.1411 0082070  51.3905 309.4581 14.78435908679148"
      },
      "geometry": {
        "type": "Point",
        "coordinates": [
          178.41339996861848,
          -72.38735121730478
        ]
      }
    },
    {
      "type": "Feature",
      "properties": {
        "norad_id": 34910,
        "name": "COSMOS 2251 DEB",
        "group": "cosmos-2251-debris",
        "lat": -56.38793431435337,
        "lon": -38.88865655945305,
        "alt_km": 1432.9440247277425,
        "timestamp": "2026-02-23T07:17:29.434039+00:00",
        "meta_object_name": "COSMOS 2251 DEB",
        "meta_object_id": "1993-036ADF",
        "meta_epoch": "2026-02-22T19:11:27.517920",
        "meta_mean_motion": 13.37805618,
        "meta_eccentricity": 0.0465559,
        "meta_inclination": 73.8778,
        "meta_ra_of_asc_node": 347.6997,
        "meta_arg_of_pericenter": 94.2725,
        "meta_mean_anomaly": 300.8004,
        "meta_ephemeris_type": 0,
        "meta_classification_type": "U",
        "meta_norad_cat_id": 34910,
        "meta_element_set_no": 999,
        "meta_rev_at_epoch": 82488,
        "meta_bstar": 0.00076752372,
        "meta_mean_motion_dot": 7.38e-06,
        "meta_mean_motion_ddot": 0,
        "tle_line1": "1 34910U 93036ADF 26053.79962405  .00000738  00000+0  76752-3 0  9993",
        "tle_line2": "2 34910  73.8778 347.6997 0465559  94.2725 300.8004 13.37805618824884"
      },
      "geometry": {
        "type": "Point",
        "coordinates": [
          -38.88865655945305,
          -56.38793431435337
        ]
      }
    },
    {
      "type": "Feature",
      "properties": {
        "norad_id": 34911,
        "name": "COSMOS 2251 DEB",
        "group": "cosmos-2251-debris",
        "lat": 22.751024701192453,
        "lon": -80.45688208192537,
        "alt_km": 662.7612888269487,
        "timestamp": "2026-02-23T07:17:29.434049+00:00",
        "meta_object_name": "COSMOS 2251 DEB",
        "meta_object_id": "1993-036ADG",
        "meta_epoch": "2026-02-22T21:30:54.556992",
        "meta_mean_motion": 14.59499745,
        "meta_eccentricity": 0.00845609,
        "meta_inclination": 74.0398,
        "meta_ra_of_asc_node": 107.2122,
        "meta_arg_of_pericenter": 215.9109,
        "meta_mean_anomaly": 321.6856,
        "meta_ephemeris_type": 0,
        "meta_classification_type": "U",
        "meta_norad_cat_id": 34911,
        "meta_element_set_no": 999,
        "meta_rev_at_epoch": 89639,
        "meta_bstar": 0.00011854579,
        "meta_mean_motion_dot": 5.59e-06,
        "meta_mean_motion_ddot": 0,
        "tle_line1": "1 34911U 93036ADG 26053.89646478  .00000559  00000+0  11855-3 0  9998",
        "tle_line2": "2 34911  74.0398 107.2122 0084560 215.9109 321.6856 14.59499745896399"
      },
      "geometry": {
        "type": "Point",
        "coordinates": [
          -80.45688208192537,
          22.751024701192453
        ]
      }
    },
    {
      "type": "Feature",
      "properties": {
        "norad_id": 34913,
        "name": "COSMOS 2251 DEB",
        "group": "cosmos-2251-debris",
        "lat": 8.01922732289234,
        "lon": -32.78913661528171,
        "alt_km": 773.1669160300316,
        "timestamp": "2026-02-23T07:17:29.434059+00:00",
        "meta_object_name": "COSMOS 2251 DEB",
        "meta_object_id": "1993-036ADJ",
        "meta_epoch": "2026-02-13T01:02:05.254368",
        "meta_mean_motion": 14.34659926,
        "meta_eccentricity": 0.00222232,
        "meta_inclination": 74.0286,
        "meta_ra_of_asc_node": 168.3198,
        "meta_arg_of_pericenter": 266.3948,
        "meta_mean_anomaly": 212.4125,
        "meta_ephemeris_type": 0,
        "meta_classification_type": "U",
        "meta_norad_cat_id": 34913,
        "meta_element_set_no": 999,
        "meta_rev_at_epoch": 66081,
        "meta_bstar": 5.3961103e-05,
        "meta_mean_motion_dot": 1.27e-06,
        "meta_mean_motion_ddot": 0,
        "tle_line1": "1 34913U 93036ADJ 26044.04311637  .00000127  00000+0  53961-4 0  9999",
        "tle_line2": "2 34913  74.0286 168.3198 0022223 266.3948 212.4125 14.34659926660811"
      },
      "geometry": {
        "type": "Point",
        "coordinates": [
          -32.78913661528171,
          8.01922732289234
        ]
      }
    },
    {
      "type": "Feature",
      "properties": {
        "norad_id": 34918,
        "name": "COSMOS 2251 DEB",
        "group": "cosmos-2251-debris",
        "lat": -37.769183348770895,
        "lon": 7.827490936212054,
        "alt_km": 692.8582720649802,
        "timestamp": "2026-02-23T07:17:29.434069+00:00",
        "meta_object_name": "COSMOS 2251 DEB",
        "meta_object_id": "1993-036ADP",
        "meta_epoch": "2026-02-16T16:58:25.153248",
        "meta_mean_motion": 14.62441603,
        "meta_eccentricity": 0.00282347,
        "meta_inclination": 74.0705,
        "meta_ra_of_asc_node": 187.6486,
        "meta_arg_of_pericenter": 138.1227,
        "meta_mean_anomaly": 284.2447,
        "meta_ephemeris_type": 0,
        "meta_classification_type": "U",
        "meta_norad_cat_id": 34918,
        "meta_element_set_no": 999,
        "meta_rev_at_epoch": 66300,
        "meta_bstar": 0.0019224461,
        "meta_mean_motion_dot": 9.774e-05,
        "meta_mean_motion_ddot": 0,
        "tle_line1": "1 34918U 93036ADP 26047.70723557  .00009774  00000+0  19224-2 0  9997",
        "tle_line2": "2 34918  74.0705 187.6486 0028234 138.1227 284.2447 14.62441603663000"
      },
      "geometry": {
        "type": "Point",
        "coordinates": [
          7.827490936212054,
          -37.769183348770895
        ]
      }
    },
    {
      "type": "Feature",
      "properties": {
        "norad_id": 34924,
        "name": "COSMOS 2251 DEB",
        "group": "cosmos-2251-debris",
        "lat": -7.989213614594348,
        "lon": 133.23005177348932,
        "alt_km": 731.9713893954277,
        "timestamp": "2026-02-23T07:17:29.434079+00:00",
        "meta_object_name": "COSMOS 2251 DEB",
        "meta_object_id": "1993-036ADV",
        "meta_epoch": "2026-02-22T21:09:02.357856",
        "meta_mean_motion": 14.60738907,
        "meta_eccentricity": 0.00535337,
        "meta_inclination": 74.0412,
        "meta_ra_of_asc_node": 311.735,
        "meta_arg_of_pericenter": 15.9823,
        "meta_mean_anomaly": 111.08,
        "meta_ephemeris_type": 0,
        "meta_classification_type": "U",
        "meta_norad_cat_id": 34924,
        "meta_element_set_no": 999,
        "meta_rev_at_epoch": 88776,
        "meta_bstar": 0.00086261005,
        "meta_mean_motion_dot": 4.265e-05,
        "meta_mean_motion_ddot": 0,
        "tle_line1": "1 34924U 93036ADV 26053.88127729  .00004265  00000+0  86261-3 0  9995",
        "tle_line2": "2 34924  74.0412 311.7350 0053533  15.9823 111.0800 14.60738907887761"
      },
      "geometry": {
        "type": "Point",
        "coordinates": [
          133.23005177348932,
          -7.989213614594348
        ]
      }
    },
    {
      "type": "Feature",
      "properties": {
        "norad_id": 34944,
        "name": "COSMOS 2251 DEB",
        "group": "cosmos-2251-debris",
        "lat": 33.23333985115274,
        "lon": -89.91537194380307,
        "alt_km": 982.6658824648212,
        "timestamp": "2026-02-23T07:17:29.434089+00:00",
        "meta_object_name": "COSMOS 2251 DEB",
        "meta_object_id": "1993-036ADX",
        "meta_epoch": "2026-02-22T03:25:52.942368",
        "meta_mean_motion": 14.14376977,
        "meta_eccentricity": 0.02226813,
        "meta_inclination": 73.7479,
        "meta_ra_of_asc_node": 103.1974,
        "meta_arg_of_pericenter": 298.9933,
        "meta_mean_anomaly": 58.9048,
        "meta_ephemeris_type": 0,
        "meta_classification_type": "U",
        "meta_norad_cat_id": 34944,
        "meta_element_set_no": 999,
        "meta_rev_at_epoch": 65092,
        "meta_bstar": 0.00037483535,
        "meta_mean_motion_dot": 8.8e-06,
        "meta_mean_motion_ddot": 0,
        "tle_line1": "1 34944U 93036ADX 26053.14297387  .00000880  00000+0  37484-3 0  9996",
        "tle_line2": "2 34944  73.7479 103.1974 0222681 298.9933  58.9048 14.14376977650927"
      },
      "geometry": {
        "type": "Point",
        "coordinates": [
          -89.91537194380307,
          33.23333985115274
        ]
      }
    },
    {
      "type": "Feature",
      "properties": {
        "norad_id": 34946,
        "name": "COSMOS 2251 DEB",
        "group": "cosmos-2251-debris",
        "lat": 17.949877373828745,
        "lon": 17.70221714464917,
        "alt_km": 719.1758979420356,
        "timestamp": "2026-02-23T07:17:29.434099+00:00",
        "meta_object_name": "COSMOS 2251 DEB",
        "meta_object_id": "1993-036ADZ",
        "meta_epoch": "2026-02-21T18:26:11.263488",
        "meta_mean_motion": 14.62474286,
        "meta_eccentricity": 0.00512852,
        "meta_inclination": 74.0221,
        "meta_ra_of_asc_node": 205.9712,
        "meta_arg_of_pericenter": 324.2524,
        "meta_mean_anomaly": 35.5212,
        "meta_ephemeris_type": 0,
        "meta_classification_type": "U",
        "meta_norad_cat_id": 34946,
        "meta_element_set_no": 999,
        "meta_rev_at_epoch": 89247,
        "meta_bstar": 0.00046006883,
        "meta_mean_motion_dot": 2.344e-05,
        "meta_mean_motion_ddot": 0,
        "tle_line1": "1 34946U 93036ADZ 26052.76818592  .00002344  00000+0  46007-3 0  9990",
        "tle_line2": "2 34946  74.0221 205.9712 0051285 324.2524  35.5212 14.62474286892475"
      },
      "geometry": {
        "type": "Point",
        "coordinates": [
          17.70221714464917,
          17.949877373828745
        ]
      }
    },
    {
      "type": "Feature",
      "properties": {
        "norad_id": 34949,
        "name": "COSMOS 2251 DEB",
        "group": "cosmos-2251-debris",
        "lat": -42.5429937373412,
        "lon": -47.403145609863174,
        "alt_km": 694.1914479009456,
        "timestamp": "2026-02-23T07:17:29.434109+00:00",
        "meta_object_name": "COSMOS 2251 DEB",
        "meta_object_id": "1993-036AEC",
        "meta_epoch": "2026-02-22T03:48:47.441088",
        "meta_mean_motion": 14.74493036,
        "meta_eccentricity": 0.00773557,
        "meta_inclination": 74.0199,
        "meta_ra_of_asc_node": 330.081,
        "meta_arg_of_pericenter": 97.4412,
        "meta_mean_anomaly": 263.5559,
        "meta_ephemeris_type": 0,
        "meta_classification_type": "U",
        "meta_norad_cat_id": 34949,
        "meta_element_set_no": 999,
        "meta_rev_at_epoch": 89414,
        "meta_bstar": 0.00033281948,
        "meta_mean_motion_dot": 2.288e-05,
        "meta_mean_motion_ddot": 0,
        "tle_line1": "1 34949U 93036AEC 26053.15888242  .00002288  00000+0  33282-3 0  9994",
        "tle_line2": "2 34949  74.0199 330.0810 0077355  97.4412 263.5559 14.74493036894142"
      },
      "geometry": {
        "type": "Point",
        "coordinates": [
          -47.403145609863174,
          -42.5429937373412
        ]
      }
    },
    {
      "type": "Feature",
      "properties": {
        "norad_id": 34953,
        "name": "COSMOS 2251 DEB",
        "group": "cosmos-2251-debris",
        "lat": 63.12128509246789,
        "lon": 33.14509862730148,
        "alt_km": 668.4724801203356,
        "timestamp": "2026-02-23T07:17:29.434119+00:00",
        "meta_object_name": "COSMOS 2251 DEB",
        "meta_object_id": "1993-036AEG",
        "meta_epoch": "2026-02-22T23:17:54.921120",
        "meta_mean_motion": 14.69890438,
        "meta_eccentricity": 0.00572996,
        "meta_inclination": 74.0898,
        "meta_ra_of_asc_node": 248.035,
        "meta_arg_of_pericenter": 222.603,
        "meta_mean_anomaly": 288.3449,
        "meta_ephemeris_type": 0,
        "meta_classification_type": "U",
        "meta_norad_cat_id": 34953,
        "meta_element_set_no": 999,
        "meta_rev_at_epoch": 89189,
        "meta_bstar": 0.00090722633,
        "meta_mean_motion_dot": 5.537e-05,
        "meta_mean_motion_ddot": 0,
        "tle_line1": "1 34953U 93036AEG 26053.97077455  .00005537  00000+0  90723-3 0  9998",
        "tle_line2": "2 34953  74.0898 248.0350 0057299 222.6030 288.3449 14.69890438891896"
      },
      "geometry": {
        "type": "Point",
        "coordinates": [
          33.14509862730148,
          63.12128509246789
        ]
      }
    },
    {
      "type": "Feature",
      "properties": {
        "norad_id": 34955,
        "name": "COSMOS 2251 DEB",
        "group": "cosmos-2251-debris",
        "lat": -61.52853004252347,
        "lon": 66.85570864806341,
        "alt_km": 606.6813097987088,
        "timestamp": "2026-02-23T07:17:29.434129+00:00",
        "meta_object_name": "COSMOS 2251 DEB",
        "meta_object_id": "1993-036AEJ",
        "meta_epoch": "2026-02-16T20:32:54.237120",
        "meta_mean_motion": 15.02125839,
        "meta_eccentricity": 0.00729974,
        "meta_inclination": 74.0366,
        "meta_ra_of_asc_node": 111.8583,
        "meta_arg_of_pericenter": 166.4723,
        "meta_mean_anomaly": 193.8446,
        "meta_ephemeris_type": 0,
        "meta_classification_type": "U",
        "meta_norad_cat_id": 34955,
        "meta_element_set_no": 999,
        "meta_rev_at_epoch": 91026,
        "meta_bstar": 0.00069688943,
        "meta_mean_motion_dot": 9.678e-05,
        "meta_mean_motion_ddot": 0,
        "tle_line1": "1 34955U 93036AEJ 26047.85618330  .00009678  00000+0  69689-3 0  9990",
        "tle_line2": "2 34955  74.0366 111.8583 0072997 166.4723 193.8446 15.02125839910263"
      },
      "geometry": {
        "type": "Point",
        "coordinates": [
          66.85570864806341,
          -61.52853004252347
        ]
      }
    },
    {
      "type": "Feature",
      "properties": {
        "norad_id": 34962,
        "name": "COSMOS 2251 DEB",
        "group": "cosmos-2251-debris",
        "lat": -31.21610582375593,
        "lon": -112.22080536015703,
        "alt_km": 733.7421581035387,
        "timestamp": "2026-02-23T07:17:29.434139+00:00",
        "meta_object_name": "COSMOS 2251 DEB",
        "meta_object_id": "1993-036AER",
        "meta_epoch": "2026-02-20T10:16:25.292928",
        "meta_mean_motion": 14.46800973,
        "meta_eccentricity": 0.00175078,
        "meta_inclination": 74.0286,
        "meta_ra_of_asc_node": 63.1572,
        "meta_arg_of_pericenter": 168.6204,
        "meta_mean_anomaly": 191.5354,
        "meta_ephemeris_type": 0,
        "meta_classification_type": "U",
        "meta_norad_cat_id": 34962,
        "meta_element_set_no": 999,
        "meta_rev_at_epoch": 88586,
        "meta_bstar": 0.00031915018,
        "meta_mean_motion_dot": 1.131e-05,
        "meta_mean_motion_ddot": 0,
        "tle_line1": "1 34962U 93036AER 26051.42807052  .00001131  00000+0  31915-3 0  9994",
        "tle_line2": "2 34962  74.0286  63.1572 0017507 168.6204 191.5354 14.46800973885869"
      },
      "geometry": {
        "type": "Point",
        "coordinates": [
          -112.22080536015703,
          -31.21610582375593
        ]
      }
    },
    {
      "type": "Feature",
      "properties": {
        "norad_id": 34963,
        "name": "COSMOS 2251 DEB",
        "group": "cosmos-2251-debris",
        "lat": -64.35667836045839,
        "lon": -128.96416673520233,
        "alt_km": 751.530664619675,
        "timestamp": "2026-02-23T07:17:29.434148+00:00",
        "meta_object_name": "COSMOS 2251 DEB",
        "meta_object_id": "1993-036AES",
        "meta_epoch": "2026-02-20T06:50:56.941728",
        "meta_mean_motion": 14.51869864,
        "meta_eccentricity": 0.0040862,
        "meta_inclination": 74.1689,
        "meta_ra_of_asc_node": 272.9058,
        "meta_arg_of_pericenter": 87.3031,
        "meta_mean_anomaly": 273.2808,
        "meta_ephemeris_type": 0,
        "meta_classification_type": "U",
        "meta_norad_cat_id": 34963,
        "meta_element_set_no": 999,
        "meta_rev_at_epoch": 87810,
        "meta_bstar": 0.0007005,
        "meta_mean_motion_dot": 2.827e-05,
        "meta_mean_motion_ddot": 0,
        "tle_line1": "1 34963U 93036AES 26051.28538127  .00002827  00000+0  70050-3 0  9999",
        "tle_line2": "2 34963  74.1689 272.9058 0040862  87.3031 273.2808 14.51869864878103"
      },
      "geometry": {
        "type": "Point",
        "coordinates": [
          -128.96416673520233,
          -64.35667836045839
        ]
      }
    },
    {
      "type": "Feature",
      "properties": {
        "norad_id": 34964,
        "name": "COSMOS 2251 DEB",
        "group": "cosmos-2251-debris",
        "lat": 27.623299123752815,
        "lon": -129.836666205067,
        "alt_km": 762.0897152214029,
        "timestamp": "2026-02-23T07:17:29.434159+00:00",
        "meta_object_name": "COSMOS 2251 DEB",
        "meta_object_id": "1993-036AET",
        "meta_epoch": "2026-02-22T03:44:15.070272",
        "meta_mean_motion": 14.00941527,
        "meta_eccentricity": 0.02104826,
        "meta_inclination": 73.9708,
        "meta_ra_of_asc_node": 223.5095,
        "meta_arg_of_pericenter": 65.8477,
        "meta_mean_anomaly": 296.4506,
        "meta_ephemeris_type": 0,
        "meta_classification_type": "U",
        "meta_norad_cat_id": 34964,
        "meta_element_set_no": 999,
        "meta_rev_at_epoch": 85478,
        "meta_bstar": 0.0012312947,
        "meta_mean_motion_dot": 2.211e-05,
        "meta_mean_motion_ddot": 0,
        "tle_line1": "1 34964U 93036AET 26053.15572998  .00002211  00000+0  12313-2 0  9996",
        "tle_line2": "2 34964  73.9708 223.5095 0210482  65.8477 296.4506 14.00941527854789"
      },
      "geometry": {
        "type": "Point",
        "coordinates": [
          -129.836666205067,
          27.623299123752815
        ]
      }
    },
    {
      "type": "Feature",
      "properties": {
        "norad_id": 34965,
        "name": "COSMOS 2251 DEB",
        "group": "cosmos-2251-debris",
        "lat": 36.64594913308926,
        "lon": 4.876365293875518,
        "alt_km": 718.669132349386,
        "timestamp": "2026-02-23T07:17:29.434169+00:00",
        "meta_object_name": "COSMOS 2251 DEB",
        "meta_object_id": "1993-036AEU",
        "meta_epoch": "2026-02-22T06:15:31.441248",
        "meta_mean_motion": 14.48909968,
        "meta_eccentricity": 0.00241301,
        "meta_inclination": 74.0539,
        "meta_ra_of_asc_node": 354.5483,
        "meta_arg_of_pericenter": 104.516,
        "meta_mean_anomaly": 255.8679,
        "meta_ephemeris_type": 0,
        "meta_classification_type": "U",
        "meta_norad_cat_id": 34965,
        "meta_element_set_no": 999,
        "meta_rev_at_epoch": 88149,
        "meta_bstar": 0.000291649,
        "meta_mean_motion_dot": 1.081e-05,
        "meta_mean_motion_ddot": 0,
        "tle_line1": "1 34965U 93036AEU 26053.26078057  .00001081  00000+0  29165-3 0  9994",
        "tle_line2": "2 34965  74.0539 354.5483 0024130 104.5160 255.8679 14.48909968881496"
      },
      "geometry": {
        "type": "Point",
        "coordinates": [
          4.876365293875518,
          36.64594913308926
        ]
      }
    },
    {
      "type": "Feature",
      "properties": {
        "norad_id": 34967,
        "name": "COSMOS 2251 DEB",
        "group": "cosmos-2251-debris",
        "lat": -67.04282815008128,
        "lon": -18.87316492020744,
        "alt_km": 721.2099373175952,
        "timestamp": "2026-02-23T07:17:29.434178+00:00",
        "meta_object_name": "COSMOS 2251 DEB",
        "meta_object_id": "1993-036AEW",
        "meta_epoch": "2026-02-05T14:18:35.953344",
        "meta_mean_motion": 14.44569029,
        "meta_eccentricity": 0.00405026,
        "meta_inclination": 73.9941,
        "meta_ra_of_asc_node": 151.5036,
        "meta_arg_of_pericenter": 286.7365,
        "meta_mean_anomaly": 72.9349,
        "meta_ephemeris_type": 0,
        "meta_classification_type": "U",
        "meta_norad_cat_id": 34967,
        "meta_element_set_no": 999,
        "meta_rev_at_epoch": 65749,
        "meta_bstar": 0.00089515348,
        "meta_mean_motion_dot": 3.1e-05,
        "meta_mean_motion_ddot": 0,
        "tle_line1": "1 34967U 93036AEW 26036.59624946  .00003100  00000+0  89515-3 0  9996",
        "tle_line2": "2 34967  73.9941 151.5036 0040502 286.7365  72.9349 14.44569029657492"
      },
      "geometry": {
        "type": "Point",
        "coordinates": [
          -18.87316492020744,
          -67.04282815008128
        ]
      }
    },
    {
      "type": "Feature",
      "properties": {
        "norad_id": 34968,
        "name": "COSMOS 2251 DEB",
        "group": "cosmos-2251-debris",
        "lat": 62.50904415602363,
        "lon": 142.101618845908,
        "alt_km": 738.6654954737432,
        "timestamp": "2026-02-23T07:17:29.434188+00:00",
        "meta_object_name": "COSMOS 2251 DEB",
        "meta_object_id": "1993-036AEX",
        "meta_epoch": "2026-02-22T12:53:01.639392",
        "meta_mean_motion": 14.59548514,
        "meta_eccentricity": 0.0087442,
        "meta_inclination": 74.038,
        "meta_ra_of_asc_node": 110.1945,
        "meta_arg_of_pericenter": 214.0041,
        "meta_mean_anomaly": 145.5504,
        "meta_ephemeris_type": 0,
        "meta_classification_type": "U",
        "meta_norad_cat_id": 34968,
        "meta_element_set_no": 999,
        "meta_rev_at_epoch": 89525,
        "meta_bstar": 0.00012856,
        "meta_mean_motion_dot": 6.11e-06,
        "meta_mean_motion_ddot": 0,
        "tle_line1": "1 34968U 93036AEX 26053.53682453  .00000611  00000+0  12856-3 0  9995",
        "tle_line2": "2 34968  74.0380 110.1945 0087442 214.0041 145.5504 14.59548514895251"
      },
      "geometry": {
        "type": "Point",
        "coordinates": [
          142.101618845908,
          62.50904415602363
        ]
      }
    },
    {
      "type": "Feature",
      "properties": {
        "norad_id": 34969,
        "name": "COSMOS 2251 DEB",
        "group": "cosmos-2251-debris",
        "lat": -73.73908450945547,
        "lon": 171.11749563125701,
        "alt_km": 792.0845142539629,
        "timestamp": "2026-02-23T07:17:29.434198+00:00",
        "meta_object_name": "COSMOS 2251 DEB",
        "meta_object_id": "1993-036AEY",
        "meta_epoch": "2026-02-21T05:24:30.831840",
        "meta_mean_motion": 14.32398112,
        "meta_eccentricity": 0.0074219,
        "meta_inclination": 74.0113,
        "meta_ra_of_asc_node": 254.3303,
        "meta_arg_of_pericenter": 9.1813,
        "meta_mean_anomaly": 351.0674,
        "meta_ephemeris_type": 0,
        "meta_classification_type": "U",
        "meta_norad_cat_id": 34969,
        "meta_element_set_no": 999,
        "meta_rev_at_epoch": 66146,
        "meta_bstar": 0.00021291,
        "meta_mean_motion_dot": 5.67e-06,
        "meta_mean_motion_ddot": 0,
        "tle_line1": "1 34969U 93036AEY 26052.22535685  .00000567  00000+0  21291-3 0  9998",
        "tle_line2": "2 34969  74.0113 254.3303 0074219   9.1813 351.0674 14.32398112661467"
      },
      "geometry": {
        "type": "Point",
        "coordinates": [
          171.11749563125701,
          -73.73908450945547
        ]
      }
    },
    {
      "type": "Feature",
      "properties": {
        "norad_id": 34971,
        "name": "COSMOS 2251 DEB",
        "group": "cosmos-2251-debris",
        "lat": -43.136050239226435,
        "lon": -17.373789102149324,
        "alt_km": 743.7026030514462,
        "timestamp": "2026-02-23T07:17:29.434208+00:00",
        "meta_object_name": "COSMOS 2251 DEB",
        "meta_object_id": "1993-036AFA",
        "meta_epoch": "2026-02-20T15:53:42.155808",
        "meta_mean_motion": 14.55766321,
        "meta_eccentricity": 0.00702991,
        "meta_inclination": 73.9795,
        "meta_ra_of_asc_node": 152.031,
        "meta_arg_of_pericenter": 359.0321,
        "meta_mean_anomaly": 68.9298,
        "meta_ephemeris_type": 0,
        "meta_classification_type": "U",
        "meta_norad_cat_id": 34971,
        "meta_element_set_no": 999,
        "meta_rev_at_epoch": 67190,
        "meta_bstar": 0.00013576722,
        "meta_mean_motion_dot": 5.83e-06,
        "meta_mean_motion_ddot": 0,
        "tle_line1": "1 34971U 93036AFA 26051.66229347  .00000583  00000+0  13577-3 0  9999",
        "tle_line2": "2 34971  73.9795 152.0310 0070299 359.0321  68.9298 14.55766321671903"
      },
      "geometry": {
        "type": "Point",
        "coordinates": [
          -17.373789102149324,
          -43.136050239226435
        ]
      }
    },
    {
      "type": "Feature",
      "properties": {
        "norad_id": 34972,
        "name": "COSMOS 2251 DEB",
        "group": "cosmos-2251-debris",
        "lat": 40.54749766706135,
        "lon": 73.68914364309023,
        "alt_km": 643.6935519478711,
        "timestamp": "2026-02-23T07:17:29.434218+00:00",
        "meta_object_name": "COSMOS 2251 DEB",
        "meta_object_id": "1993-036AFB",
        "meta_epoch": "2026-02-21T14:07:02.570016",
        "meta_mean_motion": 14.74557723,
        "meta_eccentricity": 0.0032871,
        "meta_inclination": 73.9857,
        "meta_ra_of_asc_node": 271.2722,
        "meta_arg_of_pericenter": 49.1017,
        "meta_mean_anomaly": 344.542,
        "meta_ephemeris_type": 0,
        "meta_classification_type": "U",
        "meta_norad_cat_id": 34972,
        "meta_element_set_no": 999,
        "meta_rev_at_epoch": 88694,
        "meta_bstar": 0.001058,
        "meta_mean_motion_dot": 7.08e-05,
        "meta_mean_motion_ddot": 0,
        "tle_line1": "1 34972U 93036AFB 26052.58822419  .00007080  00000+0  10580-2 0  9990",
        "tle_line2": "2 34972  73.9857 271.2722 0032871  49.1017 344.5420 14.74557723886944"
      },
      "geometry": {
        "type": "Point",
        "coordinates": [
          73.68914364309023,
          40.54749766706135
        ]
      }
    },
    {
      "type": "Feature",
      "properties": {
        "norad_id": 34976,
        "name": "COSMOS 2251 DEB",
        "group": "cosmos-2251-debris",
        "lat": 63.72401556796762,
        "lon": -51.30383467267094,
        "alt_km": 626.0383524795743,
        "timestamp": "2026-02-23T07:17:29.434228+00:00",
        "meta_object_name": "COSMOS 2251 DEB",
        "meta_object_id": "1993-036AFF",
        "meta_epoch": "2026-02-21T18:06:24.126624",
        "meta_mean_motion": 14.7808508,
        "meta_eccentricity": 0.00454668,
        "meta_inclination": 74.0572,
        "meta_ra_of_asc_node": 167.1138,
        "meta_arg_of_pericenter": 199.9376,
        "meta_mean_anomaly": 310.7588,
        "meta_ephemeris_type": 0,
        "meta_classification_type": "U",
        "meta_norad_cat_id": 34976,
        "meta_element_set_no": 999,
        "meta_rev_at_epoch": 89322,
        "meta_bstar": 0.00074346432,
        "meta_mean_motion_dot": 5.438e-05,
        "meta_mean_motion_ddot": 0,
        "tle_line1": "1 34976U 93036AFF 26052.75444591  .00005438  00000+0  74346-3 0  9990",
        "tle_line2": "2 34976  74.0572 167.1138 0045466 199.9376 310.7588 14.78085080893229"
      },
      "geometry": {
        "type": "Point",
        "coordinates": [
          -51.30383467267094,
          63.72401556796762
        ]
      }
    },
    {
      "type": "Feature",
      "properties": {
        "norad_id": 34979,
        "name": "COSMOS 2251 DEB",
        "group": "cosmos-2251-debris",
        "lat": 36.31961844273306,
        "lon": -67.80577191768663,
        "alt_km": 601.3767310793955,
        "timestamp": "2026-02-23T07:17:29.434237+00:00",
        "meta_object_name": "COSMOS 2251 DEB",
        "meta_object_id": "1993-036AFJ",
        "meta_epoch": "2026-02-22T04:42:33.570432",
        "meta_mean_motion": 14.80867774,
        "meta_eccentricity": 0.0046789,
        "meta_inclination": 74.0388,
        "meta_ra_of_asc_node": 126.5228,
        "meta_arg_of_pericenter": 191.7106,
        "meta_mean_anomaly": 168.2988,
        "meta_ephemeris_type": 0,
        "meta_classification_type": "U",
        "meta_norad_cat_id": 34979,
        "meta_element_set_no": 999,
        "meta_rev_at_epoch": 89277,
        "meta_bstar": 0.0010648296,
        "meta_mean_motion_dot": 8.355e-05,
        "meta_mean_motion_ddot": 0,
        "tle_line1": "1 34979U 93036AFJ 26053.19622188  .00008355  00000+0  10648-2 0  9997",
        "tle_line2": "2 34979  74.0388 126.5228 0046789 191.7106 168.2988 14.80867774892776"
      },
      "geometry": {
        "type": "Point",
        "coordinates": [
          -67.80577191768663,
          36.31961844273306
        ]
      }
    },
    {
      "type": "Feature",
      "properties": {
        "norad_id": 34990,
        "name": "COSMOS 2251 DEB",
        "group": "cosmos-2251-debris",
        "lat": 26.742658497778642,
        "lon": -71.49990312760553,
        "alt_km": 738.2731277931307,
        "timestamp": "2026-02-23T07:17:29.434271+00:00",
        "meta_object_name": "COSMOS 2251 DEB",
        "meta_object_id": "1993-036AFN",
        "meta_epoch": "2026-02-16T13:08:51.643680",
        "meta_mean_motion": 14.42586287,
        "meta_eccentricity": 0.0015243,
        "meta_inclination": 74.0423,
        "meta_ra_of_asc_node": 129.3156,
        "meta_arg_of_pericenter": 185.2588,
        "meta_mean_anomaly": 174.8411,
        "meta_ephemeris_type": 0,
        "meta_classification_type": "U",
        "meta_norad_cat_id": 34990,
        "meta_element_set_no": 999,
        "meta_rev_at_epoch": 88295,
        "meta_bstar": 0.00033913,
        "meta_mean_motion_dot": 1.101e-05,
        "meta_mean_motion_ddot": 0,
        "tle_line1": "1 34990U 93036AFN 26047.54781995  .00001101  00000+0  33913-3 0  9997",
        "tle_line2": "2 34990  74.0423 129.3156 0015243 185.2588 174.8411 14.42586287882951"
      },
      "geometry": {
        "type": "Point",
        "coordinates": [
          -71.49990312760553,
          26.742658497778642
        ]
      }
    },
    {
      "type": "Feature",
      "properties": {
        "norad_id": 34997,
        "name": "COSMOS 2251 DEB",
        "group": "cosmos-2251-debris",
        "lat": 20.600023430979927,
        "lon": -11.746510860512966,
        "alt_km": 676.0361946423254,
        "timestamp": "2026-02-23T07:17:29.434281+00:00",
        "meta_object_name": "COSMOS 2251 DEB",
        "meta_object_id": "1993-036AFV",
        "meta_epoch": "2026-02-14T01:47:48.074208",
        "meta_mean_motion": 14.46376024,
        "meta_eccentricity": 0.00925302,
        "meta_inclination": 73.8792,
        "meta_ra_of_asc_node": 191.8861,
        "meta_arg_of_pericenter": 154.7738,
        "meta_mean_anomaly": 205.7982,
        "meta_ephemeris_type": 0,
        "meta_classification_type": "U",
        "meta_norad_cat_id": 34997,
        "meta_element_set_no": 999,
        "meta_rev_at_epoch": 71662,
        "meta_bstar": 0.0017168277,
        "meta_mean_motion_dot": 6.478e-05,
        "meta_mean_motion_ddot": 0,
        "tle_line1": "1 34997U 93036AFV 26045.07486197  .00006478  00000+0  17168-2 0  9991",
        "tle_line2": "2 34997  73.8792 191.8861 0092530 154.7738 205.7982 14.46376024716620"
      },
      "geometry": {
        "type": "Point",
        "coordinates": [
          -11.746510860512966,
          20.600023430979927
        ]
      }
    },
    {
      "type": "Feature",
      "properties": {
        "norad_id": 34998,
        "name": "COSMOS 2251 DEB",
        "group": "cosmos-2251-debris",
        "lat": -39.43867671638559,
        "lon": -142.73650825166828,
        "alt_km": 726.3209574908351,
        "timestamp": "2026-02-23T07:17:29.434292+00:00",
        "meta_object_name": "COSMOS 2251 DEB",
        "meta_object_id": "1993-036AFW",
        "meta_epoch": "2026-02-22T22:09:00.060768",
        "meta_mean_motion": 14.49649887,
        "meta_eccentricity": 0.00200064,
        "meta_inclination": 74.0111,
        "meta_ra_of_asc_node": 24.3379,
        "meta_arg_of_pericenter": 159.6281,
        "meta_mean_anomaly": 234.453,
        "meta_ephemeris_type": 0,
        "meta_classification_type": "U",
        "meta_norad_cat_id": 34998,
        "meta_element_set_no": 999,
        "meta_rev_at_epoch": 88466,
        "meta_bstar": 0.00052099607,
        "meta_mean_motion_dot": 1.981e-05,
        "meta_mean_motion_ddot": 0,
        "tle_line1": "1 34998U 93036AFW 26053.92291737  .00001981  00000+0  52100-3 0  9999",
        "tle_line2": "2 34998  74.0111  24.3379 0020006 159.6281 234.4530 14.49649887884660"
      },
      "geometry": {
        "type": "Point",
        "coordinates": [
          -142.73650825166828,
          -39.43867671638559
        ]
      }
    },
    {
      "type": "Feature",
      "properties": {
        "norad_id": 35012,
        "name": "COSMOS 2251 DEB",
        "group": "cosmos-2251-debris",
        "lat": -72.56533987388536,
        "lon": -137.88311421732448,
        "alt_km": 801.1028381537099,
        "timestamp": "2026-02-23T07:17:29.434302+00:00",
        "meta_object_name": "COSMOS 2251 DEB",
        "meta_object_id": "1993-036AFZ",
        "meta_epoch": "2026-02-22T05:10:18.231456",
        "meta_mean_motion": 14.45640709,
        "meta_eccentricity": 0.00792443,
        "meta_inclination": 74.0229,
        "meta_ra_of_asc_node": 338.3239,
        "meta_arg_of_pericenter": 101.0957,
        "meta_mean_anomaly": 259.9125,
        "meta_ephemeris_type": 0,
        "meta_classification_type": "U",
        "meta_norad_cat_id": 35012,
        "meta_element_set_no": 999,
        "meta_rev_at_epoch": 88594,
        "meta_bstar": 0.00013536689,
        "meta_mean_motion_dot": 4.7e-06,
        "meta_mean_motion_ddot": 0,
        "tle_line1": "1 35012U 93036AFZ 26053.21548879  .00000470  00000+0  13537-3 0  9994",
        "tle_line2": "2 35012  74.0229 338.3239 0079244 101.0957 259.9125 14.45640709885944"
      },
      "geometry": {
        "type": "Point",
        "coordinates": [
          -137.88311421732448,
          -72.56533987388536
        ]
      }
    },
    {
      "type": "Feature",
      "properties": {
        "norad_id": 35014,
        "name": "COSMOS 2251 DEB",
        "group": "cosmos-2251-debris",
        "lat": 59.931220159392154,
        "lon": -69.12971962026101,
        "alt_km": 627.4261281776644,
        "timestamp": "2026-02-23T07:17:29.434313+00:00",
        "meta_object_name": "COSMOS 2251 DEB",
        "meta_object_id": "1993-036AGB",
        "meta_epoch": "2026-02-06T02:06:05.476896",
        "meta_mean_motion": 14.76728606,
        "meta_eccentricity": 0.00065057,
        "meta_inclination": 73.9978,
        "meta_ra_of_asc_node": 294.9695,
        "meta_arg_of_pericenter": 84.9691,
        "meta_mean_anomaly": 275.2226,
        "meta_ephemeris_type": 0,
        "meta_classification_type": "U",
        "meta_norad_cat_id": 35014,
        "meta_element_set_no": 999,
        "meta_rev_at_epoch": 72153,
        "meta_bstar": 0.0022239787,
        "meta_mean_motion_dot": 0.00015587,
        "meta_mean_motion_ddot": 0,
        "tle_line1": "1 35014U 93036AGB 26037.08756339  .00015587  00000+0  22240-2 0  9990",
        "tle_line2": "2 35014  73.9978 294.9695 0006505  84.9691 275.2226 14.76728606721536"
      },
      "geometry": {
        "type": "Point",
        "coordinates": [
          -69.12971962026101,
          59.931220159392154
        ]
      }
    },
    {
      "type": "Feature",
      "properties": {
        "norad_id": 35015,
        "name": "COSMOS 2251 DEB",
        "group": "cosmos-2251-debris",
        "lat": 69.13408175379432,
        "lon": 147.41663688066438,
        "alt_km": 760.3690833378778,
        "timestamp": "2026-02-23T07:17:29.434323+00:00",
        "meta_object_name": "COSMOS 2251 DEB",
        "meta_object_id": "1993-036AGC",
        "meta_epoch": "2026-02-17T20:27:25.252704",
        "meta_mean_motion": 14.47331328,
        "meta_eccentricity": 0.00769764,
        "meta_inclination": 73.9468,
        "meta_ra_of_asc_node": 108.6032,
        "meta_arg_of_pericenter": 320.3728,
        "meta_mean_anomaly": 162.5262,
        "meta_ephemeris_type": 0,
        "meta_classification_type": "U",
        "meta_norad_cat_id": 35015,
        "meta_element_set_no": 999,
        "meta_rev_at_epoch": 66411,
        "meta_bstar": 0.00065292797,
        "meta_mean_motion_dot": 2.452e-05,
        "meta_mean_motion_ddot": 0,
        "tle_line1": "1 35015U 93036AGC 26048.85237561  .00002452  00000+0  65293-3 0  9992",
        "tle_line2": "2 35015  73.9468 108.6032 0076976 320.3728 162.5262 14.47331328664111"
      },
      "geometry": {
        "type": "Point",
        "coordinates": [
          147.41663688066438,
          69.13408175379432
        ]
      }
    },
    {
      "type": "Feature",
      "properties": {
        "norad_id": 35016,
        "name": "COSMOS 2251 DEB",
        "group": "cosmos-2251-debris",
        "lat": -33.499857845697655,
        "lon": -8.497691231890474,
        "alt_km": 852.05987743678,
        "timestamp": "2026-02-23T07:17:29.434333+00:00",
        "meta_object_name": "COSMOS 2251 DEB",
        "meta_object_id": "1993-036AGD",
        "meta_epoch": "2026-02-22T17:36:07.972704",
        "meta_mean_motion": 14.35245597,
        "meta_eccentricity": 0.01120035,
        "meta_inclination": 73.9304,
        "meta_ra_of_asc_node": 161.5561,
        "meta_arg_of_pericenter": 61.8518,
        "meta_mean_anomaly": 86.5951,
        "meta_ephemeris_type": 0,
        "meta_classification_type": "U",
        "meta_norad_cat_id": 35016,
        "meta_element_set_no": 999,
        "meta_rev_at_epoch": 87815,
        "meta_bstar": 0.00029156951,
        "meta_mean_motion_dot": 8.69e-06,
        "meta_mean_motion_ddot": 0,
        "tle_line1": "1 35016U 93036AGD 26053.73342561  .00000869  00000+0  29157-3 0  9992",
        "tle_line2": "2 35016  73.9304 161.5561 0112003  61.8518  86.5951 14.35245597878152"
      },
      "geometry": {
        "type": "Point",
        "coordinates": [
          -8.497691231890474,
          -33.499857845697655
        ]
      }
    },
    {
      "type": "Feature",
      "properties": {
        "norad_id": 35018,
        "name": "COSMOS 2251 DEB",
        "group": "cosmos-2251-debris",
        "lat": -47.78995686768896,
        "lon": -171.09352206818676,
        "alt_km": 764.9761661792245,
        "timestamp": "2026-02-23T07:17:29.434344+00:00",
        "meta_object_name": "COSMOS 2251 DEB",
        "meta_object_id": "1993-036AGF",
        "meta_epoch": "2026-02-22T12:35:14.595072",
        "meta_mean_motion": 13.67385037,
        "meta_eccentricity": 0.0349593,
        "meta_inclination": 73.9794,
        "meta_ra_of_asc_node": 351.7236,
        "meta_arg_of_pericenter": 246.4372,
        "meta_mean_anomaly": 109.9667,
        "meta_ephemeris_type": 0,
        "meta_classification_type": "U",
        "meta_norad_cat_id": 35018,
        "meta_element_set_no": 999,
        "meta_rev_at_epoch": 84167,
        "meta_bstar": 0.00067244,
        "meta_mean_motion_dot": 8.39e-06,
        "meta_mean_motion_ddot": 0,
        "tle_line1": "1 35018U 93036AGF 26053.52447448  .00000839  00000+0  67244-3 0  9997",
        "tle_line2": "2 35018  73.9794 351.7236 0349593 246.4372 109.9667 13.67385037841673"
      },
      "geometry": {
        "type": "Point",
        "coordinates": [
          -171.09352206818676,
          -47.78995686768896
        ]
      }
    },
    {
      "type": "Feature",
      "properties": {
        "norad_id": 35020,
        "name": "COSMOS 2251 DEB",
        "group": "cosmos-2251-debris",
        "lat": -15.087430879758097,
        "lon": 55.49551711560392,
        "alt_km": 750.7709699498982,
        "timestamp": "2026-02-23T07:17:29.434354+00:00",
        "meta_object_name": "COSMOS 2251 DEB",
        "meta_object_id": "1993-036AGH",
        "meta_epoch": "2026-02-20T10:25:57.068256",
        "meta_mean_motion": 14.62926577,
        "meta_eccentricity": 0.00894763,
        "meta_inclination": 74.045,
        "meta_ra_of_asc_node": 65.4147,
        "meta_arg_of_pericenter": 163.2105,
        "meta_mean_anomaly": 197.206,
        "meta_ephemeris_type": 0,
        "meta_classification_type": "U",
        "meta_norad_cat_id": 35020,
        "meta_element_set_no": 999,
        "meta_rev_at_epoch": 89257,
        "meta_bstar": 6.9827756e-05,
        "meta_mean_motion_dot": 3.45e-06,
        "meta_mean_motion_ddot": 0,
        "tle_line1": "1 35020U 93036AGH 26051.43468829  .00000345  00000+0  69828-4 0  9997",
        "tle_line2": "2 35020  74.0450  65.4147 0089476 163.2105 197.2060 14.62926577892576"
      },
      "geometry": {
        "type": "Point",
        "coordinates": [
          55.49551711560392,
          -15.087430879758097
        ]
      }
    },
    {
      "type": "Feature",
      "properties": {
        "norad_id": 35022,
        "name": "COSMOS 2251 DEB",
        "group": "cosmos-2251-debris",
        "lat": -74.01556545208739,
        "lon": 93.11146121316807,
        "alt_km": 696.8093675530909,
        "timestamp": "2026-02-23T07:17:29.434364+00:00",
        "meta_object_name": "COSMOS 2251 DEB",
        "meta_object_id": "1993-036AGK",
        "meta_epoch": "2026-02-21T16:15:51.407712",
        "meta_mean_motion": 14.61180672,
        "meta_eccentricity": 0.00473587,
        "meta_inclination": 74.0256,
        "meta_ra_of_asc_node": 186.2538,
        "meta_arg_of_pericenter": 4.6404,
        "meta_mean_anomaly": 355.519,
        "meta_ephemeris_type": 0,
        "meta_classification_type": "U",
        "meta_norad_cat_id": 35022,
        "meta_element_set_no": 999,
        "meta_rev_at_epoch": 60179,
        "meta_bstar": 0.00036098097,
        "meta_mean_motion_dot": 1.775e-05,
        "meta_mean_motion_ddot": 0,
        "tle_line1": "1 35022U 93036AGK 26052.67767833  .00001775  00000+0  36098-3 0  9993",
        "tle_line2": "2 35022  74.0256 186.2538 0047358   4.6404 355.5190 14.61180672601793"
      },
      "geometry": {
        "type": "Point",
        "coordinates": [
          93.11146121316807,
          -74.01556545208739
        ]
      }
    },
    {
      "type": "Feature",
      "properties": {
        "norad_id": 35023,
        "name": "COSMOS 2251 DEB",
        "group": "cosmos-2251-debris",
        "lat": 49.271561163726304,
        "lon": 85.28120183322329,
        "alt_km": 563.4540454336093,
        "timestamp": "2026-02-23T07:17:29.434374+00:00",
        "meta_object_name": "COSMOS 2251 DEB",
        "meta_object_id": "1993-036AGL",
        "meta_epoch": "2026-02-22T19:02:36.120768",
        "meta_mean_motion": 14.98377529,
        "meta_eccentricity": 0.00270427,
        "meta_inclination": 74.0355,
        "meta_ra_of_asc_node": 66.8956,
        "meta_arg_of_pericenter": 132.4048,
        "meta_mean_anomaly": 48.2894,
        "meta_ephemeris_type": 0,
        "meta_classification_type": "U",
        "meta_norad_cat_id": 35023,
        "meta_element_set_no": 999,
        "meta_rev_at_epoch": 89357,
        "meta_bstar": 0.0017643517,
        "meta_mean_motion_dot": 0.00021226,
        "meta_mean_motion_ddot": 0,
        "tle_line1": "1 35023U 93036AGL 26053.79347362  .00021226  00000+0  17644-2 0  9997",
        "tle_line2": "2 35023  74.0355  66.8956 0027042 132.4048  48.2894 14.98377529893578"
      },
      "geometry": {
        "type": "Point",
        "coordinates": [
          85.28120183322329,
          49.271561163726304
        ]
      }
    },
    {
      "type": "Feature",
      "properties": {
        "norad_id": 35025,
        "name": "COSMOS 2251 DEB",
        "group": "cosmos-2251-debris",
        "lat": 37.29091706962372,
        "lon": -66.61916121803544,
        "alt_km": 692.1772163513651,
        "timestamp": "2026-02-23T07:17:29.434384+00:00",
        "meta_object_name": "COSMOS 2251 DEB",
        "meta_object_id": "1993-036AGN",
        "meta_epoch": "2026-02-22T22:57:46.700064",
        "meta_mean_motion": 14.73190966,
        "meta_eccentricity": 0.00838331,
        "meta_inclination": 73.936,
        "meta_ra_of_asc_node": 281.385,
        "meta_arg_of_pericenter": 179.0021,
        "meta_mean_anomaly": 181.1335,
        "meta_ephemeris_type": 0,
        "meta_classification_type": "U",
        "meta_norad_cat_id": 35025,
        "meta_element_set_no": 999,
        "meta_rev_at_epoch": 89706,
        "meta_bstar": 0.00036269608,
        "meta_mean_motion_dot": 2.439e-05,
        "meta_mean_motion_ddot": 0,
        "tle_line1": "1 35025U 93036AGN 26053.95679051  .00002439  00000+0  36270-3 0  9992",
        "tle_line2": "2 35025  73.9360 281.3850 0083833 179.0021 181.1335 14.73190966897065"
      },
      "geometry": {
        "type": "Point",
        "coordinates": [
          -66.61916121803544,
          37.29091706962372
        ]
      }
    },
    {
      "type": "Feature",
      "properties": {
        "norad_id": 35026,
        "name": "COSMOS 2251 DEB",
        "group": "cosmos-2251-debris",
        "lat": -73.99383950261584,
        "lon": 87.50948853584677,
        "alt_km": 661.0980328699525,
        "timestamp": "2026-02-23T07:17:29.434394+00:00",
        "meta_object_name": "COSMOS 2251 DEB",
        "meta_object_id": "1993-036AGP",
        "meta_epoch": "2026-02-21T01:44:42.471456",
        "meta_mean_motion": 14.53676902,
        "meta_eccentricity": 0.00847752,
        "meta_inclination": 74.0466,
        "meta_ra_of_asc_node": 186.0226,
        "meta_arg_of_pericenter": 281.7868,
        "meta_mean_anomaly": 196.0648,
        "meta_ephemeris_type": 0,
        "meta_classification_type": "U",
        "meta_norad_cat_id": 35026,
        "meta_element_set_no": 999,
        "meta_rev_at_epoch": 89165,
        "meta_bstar": 6.6200692e-05,
        "meta_mean_motion_dot": 2.59e-06,
        "meta_mean_motion_ddot": 0,
        "tle_line1": "1 35026U 93036AGP 26052.07271379  .00000259  00000+0  66201-4 0  9992",
        "tle_line2": "2 35026  74.0466 186.0226 0084775 281.7868 196.0648 14.53676902891657"
      },
      "geometry": {
        "type": "Point",
        "coordinates": [
          87.50948853584677,
          -73.99383950261584
        ]
      }
    },
    {
      "type": "Feature",
      "properties": {
        "norad_id": 35028,
        "name": "COSMOS 2251 DEB",
        "group": "cosmos-2251-debris",
        "lat": 66.95226584983511,
        "lon": 175.5490664202492,
        "alt_km": 756.9405728528245,
        "timestamp": "2026-02-23T07:17:29.434403+00:00",
        "meta_object_name": "COSMOS 2251 DEB",
        "meta_object_id": "1993-036AGR",
        "meta_epoch": "2026-02-21T16:05:40.354944",
        "meta_mean_motion": 14.56646561,
        "meta_eccentricity": 0.0084596,
        "meta_inclination": 74.0385,
        "meta_ra_of_asc_node": 136.3715,
        "meta_arg_of_pericenter": 253.0641,
        "meta_mean_anomaly": 259.2785,
        "meta_ephemeris_type": 0,
        "meta_classification_type": "U",
        "meta_norad_cat_id": 35028,
        "meta_element_set_no": 999,
        "meta_rev_at_epoch": 89318,
        "meta_bstar": 8.5082e-05,
        "meta_mean_motion_dot": 3.66e-06,
        "meta_mean_motion_ddot": 0,
        "tle_line1": "1 35028U 93036AGR 26052.67060596  .00000366  00000+0  85082-4 0  9994",
        "tle_line2": "2 35028  74.0385 136.3715 0084596 253.0641 259.2785 14.56646561893187"
      },
      "geometry": {
        "type": "Point",
        "coordinates": [
          175.5490664202492,
          66.95226584983511
        ]
      }
    },
    {
      "type": "Feature",
      "properties": {
        "norad_id": 35031,
        "name": "COSMOS 2251 DEB",
        "group": "cosmos-2251-debris",
        "lat": -69.46693724197597,
        "lon": -4.597001064917593,
        "alt_km": 761.4267408547712,
        "timestamp": "2026-02-23T07:17:29.434413+00:00",
        "meta_object_name": "COSMOS 2251 DEB",
        "meta_object_id": "1993-036AGU",
        "meta_epoch": "2026-02-16T13:51:24.342048",
        "meta_mean_motion": 14.38381858,
        "meta_eccentricity": 0.0019641,
        "meta_inclination": 74.0383,
        "meta_ra_of_asc_node": 137.9609,
        "meta_arg_of_pericenter": 222.493,
        "meta_mean_anomaly": 137.4705,
        "meta_ephemeris_type": 0,
        "meta_classification_type": "U",
        "meta_norad_cat_id": 35031,
        "meta_element_set_no": 999,
        "meta_rev_at_epoch": 66230,
        "meta_bstar": 0.00016557,
        "meta_mean_motion_dot": 4.79e-06,
        "meta_mean_motion_ddot": 0,
        "tle_line1": "1 35031U 93036AGU 26047.57736507  .00000479  00000+0  16557-3 0  9998",
        "tle_line2": "2 35031  74.0383 137.9609 0019641 222.4930 137.4705 14.38381858662300"
      },
      "geometry": {
        "type": "Point",
        "coordinates": [
          -4.597001064917593,
          -69.46693724197597
        ]
      }
    },
    {
      "type": "Feature",
      "properties": {
        "norad_id": 35032,
        "name": "COSMOS 2251 DEB",
        "group": "cosmos-2251-debris",
        "lat": 45.02472007236683,
        "lon": 30.581815015508397,
        "alt_km": 675.1682749825077,
        "timestamp": "2026-02-23T07:17:29.434423+00:00",
        "meta_object_name": "COSMOS 2251 DEB",
        "meta_object_id": "1993-036AGV",
        "meta_epoch": "2026-02-21T22:28:20.508672",
        "meta_mean_motion": 14.59370761,
        "meta_eccentricity": 0.0066149,
        "meta_inclination": 73.8491,
        "meta_ra_of_asc_node": 230.0777,
        "meta_arg_of_pericenter": 64.7675,
        "meta_mean_anomaly": 85.6049,
        "meta_ephemeris_type": 0,
        "meta_classification_type": "U",
        "meta_norad_cat_id": 35032,
        "meta_element_set_no": 999,
        "meta_rev_at_epoch": 88712,
        "meta_bstar": 0.00064447,
        "meta_mean_motion_dot": 3.114e-05,
        "meta_mean_motion_ddot": 0,
        "tle_line1": "1 35032U 93036AGV 26052.93634848  .00003114  00000+0  64447-3 0  9990",
        "tle_line2": "2 35032  73.8491 230.0777 0066149  64.7675  85.6049 14.59370761887125"
      },
      "geometry": {
        "type": "Point",
        "coordinates": [
          30.581815015508397,
          45.02472007236683
        ]
      }
    },
    {
      "type": "Feature",
      "properties": {
        "norad_id": 35033,
        "name": "COSMOS 2251 DEB",
        "group": "cosmos-2251-debris",
        "lat": -67.80229783989105,
        "lon": -95.41595210435783,
        "alt_km": 731.9853184490394,
        "timestamp": "2026-02-23T07:17:29.434434+00:00",
        "meta_object_name": "COSMOS 2251 DEB",
        "meta_object_id": "1993-036AGW",
        "meta_epoch": "2026-02-02T08:51:47.420640",
        "meta_mean_motion": 14.51289638,
        "meta_eccentricity": 0.00133416,
        "meta_inclination": 74.0255,
        "meta_ra_of_asc_node": 79.4,
        "meta_arg_of_pericenter": 184.2832,
        "meta_mean_anomaly": 175.8217,
        "meta_ephemeris_type": 0,
        "meta_classification_type": "U",
        "meta_norad_cat_id": 35033,
        "meta_element_set_no": 999,
        "meta_rev_at_epoch": 66676,
        "meta_bstar": 0.00052978373,
        "meta_mean_motion_dot": 2.083e-05,
        "meta_mean_motion_ddot": 0,
        "tle_line1": "1 35033U 93036AGW 26033.36929885  .00002083  00000+0  52978-3 0  9995",
        "tle_line2": "2 35033  74.0255  79.4000 0013341 184.2832 175.8217 14.51289638666768"
      },
      "geometry": {
        "type": "Point",
        "coordinates": [
          -95.41595210435783,
          -67.80229783989105
        ]
      }
    },
    {
      "type": "Feature",
      "properties": {
        "norad_id": 35038,
        "name": "COSMOS 2251 DEB",
        "group": "cosmos-2251-debris",
        "lat": -0.6624406311986978,
        "lon": -88.02793360390086,
        "alt_km": 849.9731679339975,
        "timestamp": "2026-02-23T07:17:29.434443+00:00",
        "meta_object_name": "COSMOS 2251 DEB",
        "meta_object_id": "1993-036AHB",
        "meta_epoch": "2026-02-18T23:11:06.254304",
        "meta_mean_motion": 14.25788566,
        "meta_eccentricity": 0.0113247,
        "meta_inclination": 74.105,
        "meta_ra_of_asc_node": 279.9586,
        "meta_arg_of_pericenter": 247.1002,
        "meta_mean_anomaly": 174.9014,
        "meta_ephemeris_type": 0,
        "meta_classification_type": "U",
        "meta_norad_cat_id": 35038,
        "meta_element_set_no": 999,
        "meta_rev_at_epoch": 86541,
        "meta_bstar": 0.00093416196,
        "meta_mean_motion_dot": 2.349e-05,
        "meta_mean_motion_ddot": 0,
        "tle_line1": "1 35038U 93036AHB 26049.96604461  .00002349  00000+0  93416-3 0  9990",
        "tle_line2": "2 35038  74.1050 279.9586 0113247 247.1002 174.9014 14.25788566865410"
      },
      "geometry": {
        "type": "Point",
        "coordinates": [
          -88.02793360390086,
          -0.6624406311986978
        ]
      }
    },
    {
      "type": "Feature",
      "properties": {
        "norad_id": 35043,
        "name": "COSMOS 2251 DEB",
        "group": "cosmos-2251-debris",
        "lat": 53.1224128003815,
        "lon": 59.52641510820047,
        "alt_km": 567.2280023742096,
        "timestamp": "2026-02-23T07:17:29.434454+00:00",
        "meta_object_name": "COSMOS 2251 DEB",
        "meta_object_id": "1993-036AHG",
        "meta_epoch": "2026-02-21T23:56:20.216544",
        "meta_mean_motion": 14.8094155,
        "meta_eccentricity": 0.00893176,
        "meta_inclination": 73.9483,
        "meta_ra_of_asc_node": 264.6846,
        "meta_arg_of_pericenter": 95.2549,
        "meta_mean_anomaly": 265.8827,
        "meta_ephemeris_type": 0,
        "meta_classification_type": "U",
        "meta_norad_cat_id": 35043,
        "meta_element_set_no": 999,
        "meta_rev_at_epoch": 68472,
        "meta_bstar": 0.0025700874,
        "meta_mean_motion_dot": 0.00021328,
        "meta_mean_motion_ddot": 0,
        "tle_line1": "1 35043U 93036AHG 26052.99745621  .00021328  00000+0  25701-2 0  9996",
        "tle_line2": "2 35043  73.9483 264.6846 0089317  95.2549 265.8827 14.80941550684721"
      },
      "geometry": {
        "type": "Point",
        "coordinates": [
          59.52641510820047,
          53.1224128003815
        ]
      }
    },
    {
      "type": "Feature",
      "properties": {
        "norad_id": 35045,
        "name": "COSMOS 2251 DEB",
        "group": "cosmos-2251-debris",
        "lat": -19.295355778071645,
        "lon": -81.34406960551159,
        "alt_km": 1028.4153515223124,
        "timestamp": "2026-02-23T07:17:29.434464+00:00",
        "meta_object_name": "COSMOS 2251 DEB",
        "meta_object_id": "1993-036AHJ",
        "meta_epoch": "2026-02-21T00:32:01.648320",
        "meta_mean_motion": 14.00551488,
        "meta_eccentricity": 0.01817719,
        "meta_inclination": 73.7178,
        "meta_ra_of_asc_node": 288.558,
        "meta_arg_of_pericenter": 160.433,
        "meta_mean_anomaly": 200.3901,
        "meta_ephemeris_type": 0,
        "meta_classification_type": "U",
        "meta_norad_cat_id": 35045,
        "meta_element_set_no": 999,
        "meta_rev_at_epoch": 85627,
        "meta_bstar": 0.00042663889,
        "meta_mean_motion_dot": 7.06e-06,
        "meta_mean_motion_ddot": 0,
        "tle_line1": "1 35045U 93036AHJ 26052.02224130  .00000706  00000+0  42664-3 0  9994",
        "tle_line2": "2 35045  73.7178 288.5580 0181771 160.4330 200.3901 14.00551488856279"
      },
      "geometry": {
        "type": "Point",
        "coordinates": [
          -81.34406960551159,
          -19.295355778071645
        ]
      }
    },
    {
      "type": "Feature",
      "properties": {
        "norad_id": 35060,
        "name": "COSMOS 2251 DEB",
        "group": "cosmos-2251-debris",
        "lat": -19.682559609981425,
        "lon": -64.22444208265864,
        "alt_km": 744.7669515405596,
        "timestamp": "2026-02-23T07:17:29.434474+00:00",
        "meta_object_name": "COSMOS 2251 DEB",
        "meta_object_id": "1993-036AHP",
        "meta_epoch": "2026-02-20T11:45:15.047136",
        "meta_mean_motion": 14.41786446,
        "meta_eccentricity": 0.00181788,
        "meta_inclination": 74.0362,
        "meta_ra_of_asc_node": 115.1111,
        "meta_arg_of_pericenter": 192.8326,
        "meta_mean_anomaly": 167.237,
        "meta_ephemeris_type": 0,
        "meta_classification_type": "U",
        "meta_norad_cat_id": 35060,
        "meta_element_set_no": 999,
        "meta_rev_at_epoch": 88247,
        "meta_bstar": 0.00023920706,
        "meta_mean_motion_dot": 7.56e-06,
        "meta_mean_motion_ddot": 0,
        "tle_line1": "1 35060U 93036AHP 26051.48975749  .00000756  00000+0  23921-3 0  9999",
        "tle_line2": "2 35060  74.0362 115.1111 0018178 192.8326 167.2370 14.41786446882475"
      },
      "geometry": {
        "type": "Point",
        "coordinates": [
          -64.22444208265864,
          -19.682559609981425
        ]
      }
    },
    {
      "type": "Feature",
      "properties": {
        "norad_id": 35061,
        "name": "COSMOS 2251 DEB",
        "group": "cosmos-2251-debris",
        "lat": 22.790072474531534,
        "lon": -21.38642845590232,
        "alt_km": 672.3440484758858,
        "timestamp": "2026-02-23T07:17:29.434483+00:00",
        "meta_object_name": "COSMOS 2251 DEB",
        "meta_object_id": "1993-036AHQ",
        "meta_epoch": "2026-02-22T17:29:55.997376",
        "meta_mean_motion": 14.68522406,
        "meta_eccentricity": 0.00418941,
        "meta_inclination": 74.0462,
        "meta_ra_of_asc_node": 166.6272,
        "meta_arg_of_pericenter": 261.9236,
        "meta_mean_anomaly": 97.718,
        "meta_ephemeris_type": 0,
        "meta_classification_type": "U",
        "meta_norad_cat_id": 35061,
        "meta_element_set_no": 999,
        "meta_rev_at_epoch": 89631,
        "meta_bstar": 0.00078376234,
        "meta_mean_motion_dot": 4.576e-05,
        "meta_mean_motion_ddot": 0,
        "tle_line1": "1 35061U 93036AHQ 26053.72912034  .00004576  00000+0  78376-3 0  9995",
        "tle_line2": "2 35061  74.0462 166.6272 0041894 261.9236  97.7180 14.68522406896312"
      },
      "geometry": {
        "type": "Point",
        "coordinates": [
          -21.38642845590232,
          22.790072474531534
        ]
      }
    },
    {
      "type": "Feature",
      "properties": {
        "norad_id": 35062,
        "name": "COSMOS 2251 DEB",
        "group": "cosmos-2251-debris",
        "lat": 28.06451217457057,
        "lon": -28.190159589648296,
        "alt_km": 803.000777859409,
        "timestamp": "2026-02-23T07:17:29.434493+00:00",
        "meta_object_name": "COSMOS 2251 DEB",
        "meta_object_id": "1993-036AHR",
        "meta_epoch": "2026-02-21T18:03:26.799264",
        "meta_mean_motion": 14.23808162,
        "meta_eccentricity": 0.01266075,
        "meta_inclination": 74.0811,
        "meta_ra_of_asc_node": 325.8418,
        "meta_arg_of_pericenter": 306.7927,
        "meta_mean_anomaly": 52.1653,
        "meta_ephemeris_type": 0,
        "meta_classification_type": "U",
        "meta_norad_cat_id": 35062,
        "meta_element_set_no": 999,
        "meta_rev_at_epoch": 86509,
        "meta_bstar": 0.0014485588,
        "meta_mean_motion_dot": 3.575e-05,
        "meta_mean_motion_ddot": 0,
        "tle_line1": "1 35062U 93036AHR 26052.75239351  .00003575  00000+0  14486-2 0  9991",
        "tle_line2": "2 35062  74.0811 325.8418 0126607 306.7927  52.1653 14.23808162865091"
      },
      "geometry": {
        "type": "Point",
        "coordinates": [
          -28.190159589648296,
          28.06451217457057
        ]
      }
    },
    {
      "type": "Feature",
      "properties": {
        "norad_id": 35065,
        "name": "COSMOS 2251 DEB",
        "group": "cosmos-2251-debris",
        "lat": -16.92935003656924,
        "lon": -116.15008497367586,
        "alt_km": 730.5999737879974,
        "timestamp": "2026-02-23T07:17:29.434503+00:00",
        "meta_object_name": "COSMOS 2251 DEB",
        "meta_object_id": "1993-036AHU",
        "meta_epoch": "2026-02-22T07:08:07.860480",
        "meta_mean_motion": 14.4599906,
        "meta_eccentricity": 0.00191882,
        "meta_inclination": 74.018,
        "meta_ra_of_asc_node": 60.7246,
        "meta_arg_of_pericenter": 177.7492,
        "meta_mean_anomaly": 182.3757,
        "meta_ephemeris_type": 0,
        "meta_classification_type": "U",
        "meta_norad_cat_id": 35065,
        "meta_element_set_no": 999,
        "meta_rev_at_epoch": 69385,
        "meta_bstar": 0.00035473776,
        "meta_mean_motion_dot": 1.24e-05,
        "meta_mean_motion_ddot": 0,
        "tle_line1": "1 35065U 93036AHU 26053.29731320  .00001240  00000+0  35474-3 0  9995",
        "tle_line2": "2 35065  74.0180  60.7246 0019188 177.7492 182.3757 14.45999060693851"
      },
      "geometry": {
        "type": "Point",
        "coordinates": [
          -116.15008497367586,
          -16.92935003656924
        ]
      }
    },
    {
      "type": "Feature",
      "properties": {
        "norad_id": 35071,
        "name": "COSMOS 2251 DEB",
        "group": "cosmos-2251-debris",
        "lat": -18.047205124341318,
        "lon": -150.5938046118768,
        "alt_km": 533.5594805565916,
        "timestamp": "2026-02-23T07:17:29.434513+00:00",
        "meta_object_name": "COSMOS 2251 DEB",
        "meta_object_id": "1993-036AJA",
        "meta_epoch": "2026-02-11T08:52:27.880032",
        "meta_mean_motion": 15.05018922,
        "meta_eccentricity": 0.00700444,
        "meta_inclination": 73.9325,
        "meta_ra_of_asc_node": 48.614,
        "meta_arg_of_pericenter": 290.1885,
        "meta_mean_anomaly": 69.178,
        "meta_ephemeris_type": 0,
        "meta_classification_type": "U",
        "meta_norad_cat_id": 35071,
        "meta_element_set_no": 999,
        "meta_rev_at_epoch": 68448,
        "meta_bstar": 0.0010407924,
        "meta_mean_motion_dot": 0.00015602,
        "meta_mean_motion_ddot": 0,
        "tle_line1": "1 35071U 93036AJA 26042.36976713  .00015602  00000+0  10408-2 0  9991",
        "tle_line2": "2 35071  73.9325  48.6140 0070044 290.1885  69.1780 15.05018922684482"
      },
      "geometry": {
        "type": "Point",
        "coordinates": [
          -150.5938046118768,
          -18.047205124341318
        ]
      }
    },
    {
      "type": "Feature",
      "properties": {
        "norad_id": 35073,
        "name": "COSMOS 2251 DEB",
        "group": "cosmos-2251-debris",
        "lat": -63.82880174751301,
        "lon": 37.549240112773916,
        "alt_km": 540.0612516191231,
        "timestamp": "2026-02-23T07:17:29.434523+00:00",
        "meta_object_name": "COSMOS 2251 DEB",
        "meta_object_id": "1993-036AJC",
        "meta_epoch": "2026-02-17T02:05:32.262144",
        "meta_mean_motion": 15.07343553,
        "meta_eccentricity": 0.00156257,
        "meta_inclination": 73.9975,
        "meta_ra_of_asc_node": 194.6296,
        "meta_arg_of_pericenter": 301.2452,
        "meta_mean_anomaly": 58.7207,
        "meta_ephemeris_type": 0,
        "meta_classification_type": "U",
        "meta_norad_cat_id": 35073,
        "meta_element_set_no": 999,
        "meta_rev_at_epoch": 68476,
        "meta_bstar": 0.004407525,
        "meta_mean_motion_dot": 0.00067409,
        "meta_mean_motion_ddot": 0,
        "tle_line1": "1 35073U 93036AJC 26048.08717896  .00067409  00000+0  44075-2 0  9992",
        "tle_line2": "2 35073  73.9975 194.6296 0015625 301.2452  58.7207 15.07343553684769"
      },
      "geometry": {
        "type": "Point",
        "coordinates": [
          37.549240112773916,
          -63.82880174751301
        ]
      }
    },
    {
      "type": "Feature",
      "properties": {
        "norad_id": 35284,
        "name": "COSMOS 2251 DEB",
        "group": "cosmos-2251-debris",
        "lat": 73.86760279748526,
        "lon": -130.5917925168067,
        "alt_km": 759.6773287167844,
        "timestamp": "2026-02-23T07:17:29.434533+00:00",
        "meta_object_name": "COSMOS 2251 DEB",
        "meta_object_id": "1993-036AJN",
        "meta_epoch": "2026-02-20T22:38:41.155296",
        "meta_mean_motion": 14.38408071,
        "meta_eccentricity": 0.0016907,
        "meta_inclination": 74.0493,
        "meta_ra_of_asc_node": 135.1582,
        "meta_arg_of_pericenter": 203.4197,
        "meta_mean_anomaly": 271.8944,
        "meta_ephemeris_type": 0,
        "meta_classification_type": "U",
        "meta_norad_cat_id": 35284,
        "meta_element_set_no": 999,
        "meta_rev_at_epoch": 66535,
        "meta_bstar": 0.00014002,
        "meta_mean_motion_dot": 4.01e-06,
        "meta_mean_motion_ddot": 0,
        "tle_line1": "1 35284U 93036AJN 26051.94353189  .00000401  00000+0  14002-3 0  9993",
        "tle_line2": "2 35284  74.0493 135.1582 0016907 203.4197 271.8944 14.38408071665351"
      },
      "geometry": {
        "type": "Point",
        "coordinates": [
          -130.5917925168067,
          73.86760279748526
        ]
      }
    },
    {
      "type": "Feature",
      "properties": {
        "norad_id": 35287,
        "name": "COSMOS 2251 DEB",
        "group": "cosmos-2251-debris",
        "lat": 57.473633629029074,
        "lon": -63.88782021155074,
        "alt_km": 769.0586991147557,
        "timestamp": "2026-02-23T07:17:29.434543+00:00",
        "meta_object_name": "COSMOS 2251 DEB",
        "meta_object_id": "1993-036AJR",
        "meta_epoch": "2026-02-22T22:55:19.439040",
        "meta_mean_motion": 14.36446695,
        "meta_eccentricity": 0.00189011,
        "meta_inclination": 74.0308,
        "meta_ra_of_asc_node": 143.4337,
        "meta_arg_of_pericenter": 229.7488,
        "meta_mean_anomaly": 246.5039,
        "meta_ephemeris_type": 0,
        "meta_classification_type": "U",
        "meta_norad_cat_id": 35287,
        "meta_element_set_no": 999,
        "meta_rev_at_epoch": 87929,
        "meta_bstar": 0.0001262923,
        "meta_mean_motion_dot": 3.45e-06,
        "meta_mean_motion_ddot": 0,
        "tle_line1": "1 35287U 93036AJR 26053.95508610  .00000345  00000+0  12629-3 0  9990",
        "tle_line2": "2 35287  74.0308 143.4337 0018901 229.7488 246.5039 14.36446695879295"
      },
      "geometry": {
        "type": "Point",
        "coordinates": [
          -63.88782021155074,
          57.473633629029074
        ]
      }
    },
    {
      "type": "Feature",
      "properties": {
        "norad_id": 35288,
        "name": "COSMOS 2251 DEB",
        "group": "cosmos-2251-debris",
        "lat": 54.71408134882274,
        "lon": -101.385317829072,
        "alt_km": 642.7690303991176,
        "timestamp": "2026-02-23T07:17:29.434553+00:00",
        "meta_object_name": "COSMOS 2251 DEB",
        "meta_object_id": "1993-036AJS",
        "meta_epoch": "2026-02-22T04:49:54.576768",
        "meta_mean_motion": 14.66433521,
        "meta_eccentricity": 0.00380144,
        "meta_inclination": 73.9618,
        "meta_ra_of_asc_node": 236.7646,
        "meta_arg_of_pericenter": 86.5384,
        "meta_mean_anomaly": 274.0131,
        "meta_ephemeris_type": 0,
        "meta_classification_type": "U",
        "meta_norad_cat_id": 35288,
        "meta_element_set_no": 999,
        "meta_rev_at_epoch": 88925,
        "meta_bstar": 0.0011629442,
        "meta_mean_motion_dot": 6.479e-05,
        "meta_mean_motion_ddot": 0,
        "tle_line1": "1 35288U 93036AJS 26053.20132612  .00006479  00000+0  11629-2 0  9996",
        "tle_line2": "2 35288  73.9618 236.7646 0038014  86.5384 274.0131 14.66433521889251"
      },
      "geometry": {
        "type": "Point",
        "coordinates": [
          -101.385317829072,
          54.71408134882274
        ]
      }
    },
    {
      "type": "Feature",
      "properties": {
        "norad_id": 35290,
        "name": "COSMOS 2251 DEB",
        "group": "cosmos-2251-debris",
        "lat": 50.17132468624598,
        "lon": 75.72163429869201,
        "alt_km": 615.7960762410885,
        "timestamp": "2026-02-23T07:17:29.434562+00:00",
        "meta_object_name": "COSMOS 2251 DEB",
        "meta_object_id": "1993-036AJU",
        "meta_epoch": "2026-02-22T22:37:35.725440",
        "meta_mean_motion": 14.83030203,
        "meta_eccentricity": 0.00030625,
        "meta_inclination": 74.0026,
        "meta_ra_of_asc_node": 276.5572,
        "meta_arg_of_pericenter": 10.3039,
        "meta_mean_anomaly": 349.8201,
        "meta_ephemeris_type": 0,
        "meta_classification_type": "U",
        "meta_norad_cat_id": 35290,
        "meta_element_set_no": 999,
        "meta_rev_at_epoch": 89027,
        "meta_bstar": 0.0019146492,
        "meta_mean_motion_dot": 0.00015577,
        "meta_mean_motion_ddot": 0,
        "tle_line1": "1 35290U 93036AJU 26053.94277460  .00015577  00000+0  19146-2 0  9992",
        "tle_line2": "2 35290  74.0026 276.5572 0003062  10.3039 349.8201 14.83030203890278"
      },
      "geometry": {
        "type": "Point",
        "coordinates": [
          75.72163429869201,
          50.17132468624598
        ]
      }
    },
    {
      "type": "Feature",
      "properties": {
        "norad_id": 35432,
        "name": "COSMOS 2251 DEB",
        "group": "cosmos-2251-debris",
        "lat": -25.342242169592826,
        "lon": -147.85326745728236,
        "alt_km": 425.1220259112424,
        "timestamp": "2026-02-23T07:17:29.434573+00:00",
        "meta_object_name": "COSMOS 2251 DEB",
        "meta_object_id": "1993-036AKA",
        "meta_epoch": "2026-02-21T21:18:06.112800",
        "meta_mean_motion": 15.48745806,
        "meta_eccentricity": 0.0002325,
        "meta_inclination": 74.0142,
        "meta_ra_of_asc_node": 223.0546,
        "meta_arg_of_pericenter": 78.9022,
        "meta_mean_anomaly": 281.2452,
        "meta_ephemeris_type": 0,
        "meta_classification_type": "U",
        "meta_norad_cat_id": 35432,
        "meta_element_set_no": 999,
        "meta_rev_at_epoch": 88594,
        "meta_bstar": 0.0021122,
        "meta_mean_motion_dot": 0.00115014,
        "meta_mean_motion_ddot": 0,
        "tle_line1": "1 35432U 93036AKA 26052.88757075  .00115014  00000+0  21122-2 0  9991",
        "tle_line2": "2 35432  74.0142 223.0546 0002325  78.9022 281.2452 15.48745806885945"
      },
      "geometry": {
        "type": "Point",
        "coordinates": [
          -147.85326745728236,
          -25.342242169592826
        ]
      }
    },
    {
      "type": "Feature",
      "properties": {
        "norad_id": 35433,
        "name": "COSMOS 2251 DEB",
        "group": "cosmos-2251-debris",
        "lat": -0.3832245232987766,
        "lon": 25.596066907901207,
        "alt_km": 769.8463210921454,
        "timestamp": "2026-02-23T07:17:29.434583+00:00",
        "meta_object_name": "COSMOS 2251 DEB",
        "meta_object_id": "1993-036AKB",
        "meta_epoch": "2026-02-06T19:37:30.789408",
        "meta_mean_motion": 14.34854108,
        "meta_eccentricity": 0.00274431,
        "meta_inclination": 74.0322,
        "meta_ra_of_asc_node": 235.6908,
        "meta_arg_of_pericenter": 279.6575,
        "meta_mean_anomaly": 95.8626,
        "meta_ephemeris_type": 0,
        "meta_classification_type": "U",
        "meta_norad_cat_id": 35433,
        "meta_element_set_no": 999,
        "meta_rev_at_epoch": 87385,
        "meta_bstar": 0.00026468988,
        "meta_mean_motion_dot": 7.28e-06,
        "meta_mean_motion_ddot": 0,
        "tle_line1": "1 35433U 93036AKB 26037.81771747  .00000728  00000+0  26469-3 0  9995",
        "tle_line2": "2 35433  74.0322 235.6908 0027443 279.6575  95.8626 14.34854108873857"
      },
      "geometry": {
        "type": "Point",
        "coordinates": [
          25.596066907901207,
          -0.3832245232987766
        ]
      }
    },
    {
      "type": "Feature",
      "properties": {
        "norad_id": 35434,
        "name": "COSMOS 2251 DEB",
        "group": "cosmos-2251-debris",
        "lat": -73.73960811253558,
        "lon": 3.718685431303249,
        "alt_km": 855.1207180702977,
        "timestamp": "2026-02-23T07:17:29.434592+00:00",
        "meta_object_name": "COSMOS 2251 DEB",
        "meta_object_id": "1993-036AKC",
        "meta_epoch": "2026-02-19T11:05:57.361344",
        "meta_mean_motion": 14.25972845,
        "meta_eccentricity": 0.00846223,
        "meta_inclination": 74.0377,
        "meta_ra_of_asc_node": 89.5567,
        "meta_arg_of_pericenter": 145.641,
        "meta_mean_anomaly": 215.0252,
        "meta_ephemeris_type": 0,
        "meta_classification_type": "U",
        "meta_norad_cat_id": 35434,
        "meta_element_set_no": 999,
        "meta_rev_at_epoch": 87097,
        "meta_bstar": 0.00044353918,
        "meta_mean_motion_dot": 1.073e-05,
        "meta_mean_motion_ddot": 0,
        "tle_line1": "1 35434U 93036AKC 26050.46246946  .00001073  00000+0  44354-3 0  9997",
        "tle_line2": "2 35434  74.0377  89.5567 0084622 145.6410 215.0252 14.25972845870977"
      },
      "geometry": {
        "type": "Point",
        "coordinates": [
          3.718685431303249,
          -73.73960811253558
        ]
      }
    },
    {
      "type": "Feature",
      "properties": {
        "norad_id": 35435,
        "name": "COSMOS 2251 DEB",
        "group": "cosmos-2251-debris",
        "lat": 44.70486400317463,
        "lon": 124.48373351354489,
        "alt_km": 622.7569634360243,
        "timestamp": "2026-02-23T07:17:29.434602+00:00",
        "meta_object_name": "COSMOS 2251 DEB",
        "meta_object_id": "1993-036AKD",
        "meta_epoch": "2026-02-22T17:51:54.203904",
        "meta_mean_motion": 14.81028721,
        "meta_eccentricity": 0.00066826,
        "meta_inclination": 74.0115,
        "meta_ra_of_asc_node": 322.0747,
        "meta_arg_of_pericenter": 33.2071,
        "meta_mean_anomaly": 358.0912,
        "meta_ephemeris_type": 0,
        "meta_classification_type": "U",
        "meta_norad_cat_id": 35435,
        "meta_element_set_no": 999,
        "meta_rev_at_epoch": 88604,
        "meta_bstar": 0.0020819682,
        "meta_mean_motion_dot": 0.00016153,
        "meta_mean_motion_ddot": 0,
        "tle_line1": "1 35435U 93036AKD 26053.74437736  .00016153  00000+0  20820-2 0  9997",
        "tle_line2": "2 35435  74.0115 322.0747 0006682  33.2071 358.0912 14.81028721886041"
      },
      "geometry": {
        "type": "Point",
        "coordinates": [
          124.48373351354489,
          44.70486400317463
        ]
      }
    },
    {
      "type": "Feature",
      "properties": {
        "norad_id": 35439,
        "name": "COSMOS 2251 DEB",
        "group": "cosmos-2251-debris",
        "lat": 60.871218382237544,
        "lon": 159.40145118870333,
        "alt_km": 794.4843245860011,
        "timestamp": "2026-02-23T07:17:29.434627+00:00",
        "meta_object_name": "COSMOS 2251 DEB",
        "meta_object_id": "1993-036AKH",
        "meta_epoch": "2026-02-22T03:15:02.288160",
        "meta_mean_motion": 13.93238668,
        "meta_eccentricity": 0.02415913,
        "meta_inclination": 74.0192,
        "meta_ra_of_asc_node": 12.3506,
        "meta_arg_of_pericenter": 166.5595,
        "meta_mean_anomaly": 212.2703,
        "meta_ephemeris_type": 0,
        "meta_classification_type": "U",
        "meta_norad_cat_id": 35439,
        "meta_element_set_no": 999,
        "meta_rev_at_epoch": 84955,
        "meta_bstar": 0.00088114986,
        "meta_mean_motion_dot": 1.44e-05,
        "meta_mean_motion_ddot": 0,
        "tle_line1": "1 35439U 93036AKH 26053.13544315  .00001440  00000+0  88115-3 0  9991",
        "tle_line2": "2 35439  74.0192  12.3506 0241591 166.5595 212.2703 13.93238668849552"
      },
      "geometry": {
        "type": "Point",
        "coordinates": [
          159.40145118870333,
          60.871218382237544
        ]
      }
    },
    {
      "type": "Feature",
      "properties": {
        "norad_id": 35440,
        "name": "COSMOS 2251 DEB",
        "group": "cosmos-2251-debris",
        "lat": -45.7856766096835,
        "lon": -95.8944275105183,
        "alt_km": 629.6517766948155,
        "timestamp": "2026-02-23T07:17:29.434638+00:00",
        "meta_object_name": "COSMOS 2251 DEB",
        "meta_object_id": "1993-036AKJ",
        "meta_epoch": "2026-02-08T11:39:10.701792",
        "meta_mean_motion": 14.69247187,
        "meta_eccentricity": 0.00699538,
        "meta_inclination": 74.0147,
        "meta_ra_of_asc_node": 95.6951,
        "meta_arg_of_pericenter": 224.5568,
        "meta_mean_anomaly": 134.9966,
        "meta_ephemeris_type": 0,
        "meta_classification_type": "U",
        "meta_norad_cat_id": 35440,
        "meta_element_set_no": 999,
        "meta_rev_at_epoch": 69613,
        "meta_bstar": 0.00049855646,
        "meta_mean_motion_dot": 3.018e-05,
        "meta_mean_motion_ddot": 0,
        "tle_line1": "1 35440U 93036AKJ 26039.48554053  .00003018  00000+0  49856-3 0  9997",
        "tle_line2": "2 35440  74.0147  95.6951 0069953 224.5568 134.9966 14.69247187696132"
      },
      "geometry": {
        "type": "Point",
        "coordinates": [
          -95.8944275105183,
          -45.7856766096835
        ]
      }
    },
    {
      "type": "Feature",
      "properties": {
        "norad_id": 35441,
        "name": "COSMOS 2251 DEB",
        "group": "cosmos-2251-debris",
        "lat": 68.79705368429413,
        "lon": -67.39844422870136,
        "alt_km": 667.932613185947,
        "timestamp": "2026-02-23T07:17:29.434648+00:00",
        "meta_object_name": "COSMOS 2251 DEB",
        "meta_object_id": "1993-036AKK",
        "meta_epoch": "2026-02-21T23:39:28.825056",
        "meta_mean_motion": 14.63922939,
        "meta_eccentricity": 0.00352399,
        "meta_inclination": 74.1347,
        "meta_ra_of_asc_node": 162.2625,
        "meta_arg_of_pericenter": 29.7212,
        "meta_mean_anomaly": 330.5948,
        "meta_ephemeris_type": 0,
        "meta_classification_type": "U",
        "meta_norad_cat_id": 35441,
        "meta_element_set_no": 999,
        "meta_rev_at_epoch": 88472,
        "meta_bstar": 0.0012065114,
        "meta_mean_motion_dot": 6.345e-05,
        "meta_mean_motion_ddot": 0,
        "tle_line1": "1 35441U 93036AKK 26052.98575029  .00006345  00000+0  12065-2 0  9991",
        "tle_line2": "2 35441  74.1347 162.2625 0035239  29.7212 330.5948 14.63922939884723"
      },
      "geometry": {
        "type": "Point",
        "coordinates": [
          -67.39844422870136,
          68.79705368429413
        ]
      }
    },
    {
      "type": "Feature",
      "properties": {
        "norad_id": 35442,
        "name": "COSMOS 2251 DEB",
        "group": "cosmos-2251-debris",
        "lat": -15.294628169284112,
        "lon": 139.22951676760647,
        "alt_km": 608.0562984791823,
        "timestamp": "2026-02-23T07:17:29.434658+00:00",
        "meta_object_name": "COSMOS 2251 DEB",
        "meta_object_id": "1993-036AKL",
        "meta_epoch": "2026-02-22T02:58:59.794752",
        "meta_mean_motion": 14.87991488,
        "meta_eccentricity": 0.00040218,
        "meta_inclination": 74.0275,
        "meta_ra_of_asc_node": 317.09,
        "meta_arg_of_pericenter": 279.0701,
        "meta_mean_anomaly": 81.0024,
        "meta_ephemeris_type": 0,
        "meta_classification_type": "U",
        "meta_norad_cat_id": 35442,
        "meta_element_set_no": 999,
        "meta_rev_at_epoch": 88413,
        "meta_bstar": 0.001807826,
        "meta_mean_motion_dot": 0.00016599,
        "meta_mean_motion_ddot": 0,
        "tle_line1": "1 35442U 93036AKL 26053.12430318  .00016599  00000+0  18078-2 0  9992",
        "tle_line2": "2 35442  74.0275 317.0900 0004021 279.0701  81.0024 14.87991488884136"
      },
      "geometry": {
        "type": "Point",
        "coordinates": [
          139.22951676760647,
          -15.294628169284112
        ]
      }
    },
    {
      "type": "Feature",
      "properties": {
        "norad_id": 35443,
        "name": "COSMOS 2251 DEB",
        "group": "cosmos-2251-debris",
        "lat": -5.571239053860881,
        "lon": 4.985618033794137,
        "alt_km": 579.7554958750716,
        "timestamp": "2026-02-23T07:17:29.434668+00:00",
        "meta_object_name": "COSMOS 2251 DEB",
        "meta_object_id": "1993-036AKM",
        "meta_epoch": "2026-02-21T08:13:06.943008",
        "meta_mean_motion": 15.05514354,
        "meta_eccentricity": 0.00704659,
        "meta_inclination": 73.9837,
        "meta_ra_of_asc_node": 187.4127,
        "meta_arg_of_pericenter": 314.6901,
        "meta_mean_anomaly": 44.8559,
        "meta_ephemeris_type": 0,
        "meta_classification_type": "U",
        "meta_norad_cat_id": 35443,
        "meta_element_set_no": 999,
        "meta_rev_at_epoch": 87937,
        "meta_bstar": 0.0046868673,
        "meta_mean_motion_dot": 0.00071961,
        "meta_mean_motion_ddot": 0,
        "tle_line1": "1 35443U 93036AKM 26052.34244147  .00071961  00000+0  46869-2 0  9992",
        "tle_line2": "2 35443  73.9837 187.4127 0070465 314.6901  44.8559 15.05514354879376"
      },
      "geometry": {
        "type": "Point",
        "coordinates": [
          4.985618033794137,
          -5.571239053860881
        ]
      }
    },
    {
      "type": "Feature",
      "properties": {
        "norad_id": 35445,
        "name": "COSMOS 2251 DEB",
        "group": "cosmos-2251-debris",
        "lat": -70.3912744595132,
        "lon": 108.02893462894856,
        "alt_km": 631.4312249166487,
        "timestamp": "2026-02-23T07:17:29.434678+00:00",
        "meta_object_name": "COSMOS 2251 DEB",
        "meta_object_id": "1993-036AKP",
        "meta_epoch": "2026-02-22T06:59:39.379200",
        "meta_mean_motion": 14.60711011,
        "meta_eccentricity": 0.01425117,
        "meta_inclination": 74.0373,
        "meta_ra_of_asc_node": 163.4227,
        "meta_arg_of_pericenter": 234.2891,
        "meta_mean_anomaly": 124.4948,
        "meta_ephemeris_type": 0,
        "meta_classification_type": "U",
        "meta_norad_cat_id": 35445,
        "meta_element_set_no": 999,
        "meta_rev_at_epoch": 88373,
        "meta_bstar": 0.0019537477,
        "meta_mean_motion_dot": 0.00010979,
        "meta_mean_motion_ddot": 0,
        "tle_line1": "1 35445U 93036AKP 26053.29142800  .00010979  00000+0  19537-2 0  9996",
        "tle_line2": "2 35445  74.0373 163.4227 0142511 234.2891 124.4948 14.60711011883738"
      },
      "geometry": {
        "type": "Point",
        "coordinates": [
          108.02893462894856,
          -70.3912744595132
        ]
      }
    },
    {
      "type": "Feature",
      "properties": {
        "norad_id": 35446,
        "name": "COSMOS 2251 DEB",
        "group": "cosmos-2251-debris",
        "lat": 10.65551644892412,
        "lon": -175.9417231399616,
        "alt_km": 711.4810407312771,
        "timestamp": "2026-02-23T07:17:29.434688+00:00",
        "meta_object_name": "COSMOS 2251 DEB",
        "meta_object_id": "1993-036AKQ",
        "meta_epoch": "2026-02-18T01:48:15.145920",
        "meta_mean_motion": 14.54712235,
        "meta_eccentricity": 0.00769132,
        "meta_inclination": 74.0464,
        "meta_ra_of_asc_node": 190.8568,
        "meta_arg_of_pericenter": 291.9121,
        "meta_mean_anomaly": 67.3877,
        "meta_ephemeris_type": 0,
        "meta_classification_type": "U",
        "meta_norad_cat_id": 35446,
        "meta_element_set_no": 999,
        "meta_rev_at_epoch": 88987,
        "meta_bstar": 0.00010391356,
        "meta_mean_motion_dot": 4.31e-06,
        "meta_mean_motion_ddot": 0,
        "tle_line1": "1 35446U 93036AKQ 26049.07517530  .00000431  00000+0  10391-3 0  9996",
        "tle_line2": "2 35446  74.0464 190.8568 0076913 291.9121  67.3877 14.54712235889879"
      },
      "geometry": {
        "type": "Point",
        "coordinates": [
          -175.9417231399616,
          10.65551644892412
        ]
      }
    },
    {
      "type": "Feature",
      "properties": {
        "norad_id": 35448,
        "name": "COSMOS 2251 DEB",
        "group": "cosmos-2251-debris",
        "lat": -35.50449962373071,
        "lon": 143.0033554890313,
        "alt_km": 716.2342512125961,
        "timestamp": "2026-02-23T07:17:29.434698+00:00",
        "meta_object_name": "COSMOS 2251 DEB",
        "meta_object_id": "1993-036AKS",
        "meta_epoch": "2026-02-22T17:05:47.175648",
        "meta_mean_motion": 14.54974289,
        "meta_eccentricity": 0.00098611,
        "meta_inclination": 73.9036,
        "meta_ra_of_asc_node": 312.2433,
        "meta_arg_of_pericenter": 121.1034,
        "meta_mean_anomaly": 239.1097,
        "meta_ephemeris_type": 0,
        "meta_classification_type": "U",
        "meta_norad_cat_id": 35448,
        "meta_element_set_no": 999,
        "meta_rev_at_epoch": 88381,
        "meta_bstar": 0.00088606512,
        "meta_mean_motion_dot": 3.789e-05,
        "meta_mean_motion_ddot": 0,
        "tle_line1": "1 35448U 93036AKS 26053.71235157  .00003789  00000+0  88607-3 0  9990",
        "tle_line2": "2 35448  73.9036 312.2433 0009861 121.1034 239.1097 14.54974289883810"
      },
      "geometry": {
        "type": "Point",
        "coordinates": [
          143.0033554890313,
          -35.50449962373071
        ]
      }
    },
    {
      "type": "Feature",
      "properties": {
        "norad_id": 35451,
        "name": "COSMOS 2251 DEB",
        "group": "cosmos-2251-debris",
        "lat": 20.75163431557774,
        "lon": -49.05985756781258,
        "alt_km": 446.6133074366435,
        "timestamp": "2026-02-23T07:17:29.434708+00:00",
        "meta_object_name": "COSMOS 2251 DEB",
        "meta_object_id": "1993-036AKV",
        "meta_epoch": "2026-02-22T03:15:13.680000",
        "meta_mean_motion": 15.46564375,
        "meta_eccentricity": 0.00346748,
        "meta_inclination": 73.9274,
        "meta_ra_of_asc_node": 307.2341,
        "meta_arg_of_pericenter": 175.7125,
        "meta_mean_anomaly": 184.439,
        "meta_ephemeris_type": 0,
        "meta_classification_type": "U",
        "meta_norad_cat_id": 35451,
        "meta_element_set_no": 999,
        "meta_rev_at_epoch": 68505,
        "meta_bstar": 0.0013271705,
        "meta_mean_motion_dot": 0.00068127,
        "meta_mean_motion_ddot": 0,
        "tle_line1": "1 35451U 93036AKV 26053.13557500  .00068127  00000+0  13272-2 0  9991",
        "tle_line2": "2 35451  73.9274 307.2341 0034674 175.7125 184.4390 15.46564375685053"
      },
      "geometry": {
        "type": "Point",
        "coordinates": [
          -49.05985756781258,
          20.75163431557774
        ]
      }
    },
    {
      "type": "Feature",
      "properties": {
        "norad_id": 35453,
        "name": "COSMOS 2251 DEB",
        "group": "cosmos-2251-debris",
        "lat": -65.6484939230808,
        "lon": -152.90312223783462,
        "alt_km": 755.9573123002501,
        "timestamp": "2026-02-23T07:17:29.434719+00:00",
        "meta_object_name": "COSMOS 2251 DEB",
        "meta_object_id": "1993-036AKX",
        "meta_epoch": "2026-02-22T06:34:48.461664",
        "meta_mean_motion": 14.38296689,
        "meta_eccentricity": 0.00667285,
        "meta_inclination": 73.9969,
        "meta_ra_of_asc_node": 248.3507,
        "meta_arg_of_pericenter": 2.7472,
        "meta_mean_anomaly": 357.4034,
        "meta_ephemeris_type": 0,
        "meta_classification_type": "U",
        "meta_norad_cat_id": 35453,
        "meta_element_set_no": 999,
        "meta_rev_at_epoch": 87247,
        "meta_bstar": 0.00052426014,
        "meta_mean_motion_dot": 1.61e-05,
        "meta_mean_motion_ddot": 0,
        "tle_line1": "1 35453U 93036AKX 26053.27417201  .00001610  00000+0  52426-3 0  9990",
        "tle_line2": "2 35453  73.9969 248.3507 0066728   2.7472 357.4034 14.38296689872475"
      },
      "geometry": {
        "type": "Point",
        "coordinates": [
          -152.90312223783462,
          -65.6484939230808
        ]
      }
    },
    {
      "type": "Feature",
      "properties": {
        "norad_id": 35455,
        "name": "COSMOS 2251 DEB",
        "group": "cosmos-2251-debris",
        "lat": -56.32487628742652,
        "lon": 133.03466807852212,
        "alt_km": 688.9000300675689,
        "timestamp": "2026-02-23T07:17:29.434728+00:00",
        "meta_object_name": "COSMOS 2251 DEB",
        "meta_object_id": "1993-036AKZ",
        "meta_epoch": "2026-02-22T16:39:54.130464",
        "meta_mean_motion": 14.50076037,
        "meta_eccentricity": 0.01017897,
        "meta_inclination": 74.0279,
        "meta_ra_of_asc_node": 159.6377,
        "meta_arg_of_pericenter": 247.6126,
        "meta_mean_anomaly": 111.4225,
        "meta_ephemeris_type": 0,
        "meta_classification_type": "U",
        "meta_norad_cat_id": 35455,
        "meta_element_set_no": 999,
        "meta_rev_at_epoch": 87586,
        "meta_bstar": 0.00087709433,
        "meta_mean_motion_dot": 3.607e-05,
        "meta_mean_motion_ddot": 0,
        "tle_line1": "1 35455U 93036AKZ 26053.69437651  .00003607  00000+0  87709-3 0  9999",
        "tle_line2": "2 35455  74.0279 159.6377 0101789 247.6126 111.4225 14.50076037875868"
      },
      "geometry": {
        "type": "Point",
        "coordinates": [
          133.03466807852212,
          -56.32487628742652
        ]
      }
    },
    {
      "type": "Feature",
      "properties": {
        "norad_id": 35456,
        "name": "COSMOS 2251 DEB",
        "group": "cosmos-2251-debris",
        "lat": -73.77543507970836,
        "lon": -122.53302147355306,
        "alt_km": 669.7580481217828,
        "timestamp": "2026-02-23T07:17:29.434738+00:00",
        "meta_object_name": "COSMOS 2251 DEB",
        "meta_object_id": "1993-036ALA",
        "meta_epoch": "2026-02-20T04:38:28.038048",
        "meta_mean_motion": 14.71150691,
        "meta_eccentricity": 0.00640619,
        "meta_inclination": 73.9541,
        "meta_ra_of_asc_node": 342.0246,
        "meta_arg_of_pericenter": 176.9842,
        "meta_mean_anomaly": 183.1729,
        "meta_ephemeris_type": 0,
        "meta_classification_type": "U",
        "meta_norad_cat_id": 35456,
        "meta_element_set_no": 999,
        "meta_rev_at_epoch": 66896,
        "meta_bstar": 0.0011354014,
        "meta_mean_motion_dot": 7.191e-05,
        "meta_mean_motion_ddot": 0,
        "tle_line1": "1 35456U 93036ALA 26051.19338007  .00007191  00000+0  11354-2 0  9992",
        "tle_line2": "2 35456  73.9541 342.0246 0064061 176.9842 183.1729 14.71150691668960"
      },
      "geometry": {
        "type": "Point",
        "coordinates": [
          -122.53302147355306,
          -73.77543507970836
        ]
      }
    },
    {
      "type": "Feature",
      "properties": {
        "norad_id": 35459,
        "name": "COSMOS 2251 DEB",
        "group": "cosmos-2251-debris",
        "lat": 6.9464554124891285,
        "lon": 54.42914959207369,
        "alt_km": 757.858719609454,
        "timestamp": "2026-02-23T07:17:29.434750+00:00",
        "meta_object_name": "COSMOS 2251 DEB",
        "meta_object_id": "1993-036ALD",
        "meta_epoch": "2026-02-09T19:15:18.828000",
        "meta_mean_motion": 14.37584565,
        "meta_eccentricity": 0.00167809,
        "meta_inclination": 73.87,
        "meta_ra_of_asc_node": 77.5004,
        "meta_arg_of_pericenter": 3.5546,
        "meta_mean_anomaly": 356.5722,
        "meta_ephemeris_type": 0,
        "meta_classification_type": "U",
        "meta_norad_cat_id": 35459,
        "meta_element_set_no": 999,
        "meta_rev_at_epoch": 59210,
        "meta_bstar": 0.00024331594,
        "meta_mean_motion_dot": 7.03e-06,
        "meta_mean_motion_ddot": 0,
        "tle_line1": "1 35459U 93036ALD 26040.80230125  .00000703  00000+0  24332-3 0  9996",
        "tle_line2": "2 35459  73.8700  77.5004 0016780   3.5546 356.5722 14.37584565592106"
      },
      "geometry": {
        "type": "Point",
        "coordinates": [
          54.42914959207369,
          6.9464554124891285
        ]
      }
    },
    {
      "type": "Feature",
      "properties": {
        "norad_id": 35462,
        "name": "COSMOS 2251 DEB",
        "group": "cosmos-2251-debris",
        "lat": 15.506907454329593,
        "lon": -47.72143356142796,
        "alt_km": 732.3563582056922,
        "timestamp": "2026-02-23T07:17:29.434759+00:00",
        "meta_object_name": "COSMOS 2251 DEB",
        "meta_object_id": "1993-036ALG",
        "meta_epoch": "2026-02-12T23:42:39.313728",
        "meta_mean_motion": 14.29913279,
        "meta_eccentricity": 0.00840693,
        "meta_inclination": 74.0358,
        "meta_ra_of_asc_node": 155.5818,
        "meta_arg_of_pericenter": 177.3482,
        "meta_mean_anomaly": 182.8132,
        "meta_ephemeris_type": 0,
        "meta_classification_type": "U",
        "meta_norad_cat_id": 35462,
        "meta_element_set_no": 999,
        "meta_rev_at_epoch": 67270,
        "meta_bstar": 0.0018304803,
        "meta_mean_motion_dot": 4.876e-05,
        "meta_mean_motion_ddot": 0,
        "tle_line1": "1 35462U 93036ALG 26043.98795502  .00004876  00000+0  18305-2 0  9994",
        "tle_line2": "2 35462  74.0358 155.5818 0084069 177.3482 182.8132 14.29913279672705"
      },
      "geometry": {
        "type": "Point",
        "coordinates": [
          -47.72143356142796,
          15.506907454329593
        ]
      }
    },
    {
      "type": "Feature",
      "properties": {
        "norad_id": 35465,
        "name": "COSMOS 2251 DEB",
        "group": "cosmos-2251-debris",
        "lat": 45.688186143658776,
        "lon": -135.4276373704858,
        "alt_km": 726.8707434536982,
        "timestamp": "2026-02-23T07:17:29.434769+00:00",
        "meta_object_name": "COSMOS 2251 DEB",
        "meta_object_id": "1993-036ALK",
        "meta_epoch": "2026-02-16T01:49:20.815968",
        "meta_mean_motion": 14.44556474,
        "meta_eccentricity": 0.00651626,
        "meta_inclination": 73.9974,
        "meta_ra_of_asc_node": 75.149,
        "meta_arg_of_pericenter": 222.0722,
        "meta_mean_anomaly": 137.5423,
        "meta_ephemeris_type": 0,
        "meta_classification_type": "U",
        "meta_norad_cat_id": 35465,
        "meta_element_set_no": 999,
        "meta_rev_at_epoch": 88185,
        "meta_bstar": 0.00035947115,
        "meta_mean_motion_dot": 1.247e-05,
        "meta_mean_motion_ddot": 0,
        "tle_line1": "1 35465U 93036ALK 26047.07593537  .00001247  00000+0  35947-3 0  9996",
        "tle_line2": "2 35465  73.9974  75.1490 0065162 222.0722 137.5423 14.44556474881856"
      },
      "geometry": {
        "type": "Point",
        "coordinates": [
          -135.4276373704858,
          45.688186143658776
        ]
      }
    },
    {
      "type": "Feature",
      "properties": {
        "norad_id": 35469,
        "name": "COSMOS 2251 DEB",
        "group": "cosmos-2251-debris",
        "lat": -56.70911146208969,
        "lon": -138.42235780522716,
        "alt_km": 726.3833932517491,
        "timestamp": "2026-02-23T07:17:29.434779+00:00",
        "meta_object_name": "COSMOS 2251 DEB",
        "meta_object_id": "1993-036ALP",
        "meta_epoch": "2026-02-22T21:37:53.291136",
        "meta_mean_motion": 14.49894844,
        "meta_eccentricity": 0.00765338,
        "meta_inclination": 74.0133,
        "meta_ra_of_asc_node": 248.2202,
        "meta_arg_of_pericenter": 24.2615,
        "meta_mean_anomaly": 336.2117,
        "meta_ephemeris_type": 0,
        "meta_classification_type": "U",
        "meta_norad_cat_id": 35469,
        "meta_element_set_no": 999,
        "meta_rev_at_epoch": 89157,
        "meta_bstar": 8.4368286e-05,
        "meta_mean_motion_dot": 3.09e-06,
        "meta_mean_motion_ddot": 0,
        "tle_line1": "1 35469U 93036ALP 26053.90131124  .00000309  00000+0  84368-4 0  9999",
        "tle_line2": "2 35469  74.0133 248.2202 0076533  24.2615 336.2117 14.49894844891579"
      },
      "geometry": {
        "type": "Point",
        "coordinates": [
          -138.42235780522716,
          -56.70911146208969
        ]
      }
    },
    {
      "type": "Feature",
      "properties": {
        "norad_id": 35475,
        "name": "COSMOS 2251 DEB",
        "group": "cosmos-2251-debris",
        "lat": -18.330152230326647,
        "lon": -149.9028006967218,
        "alt_km": 665.8213563749205,
        "timestamp": "2026-02-23T07:17:29.434789+00:00",
        "meta_object_name": "COSMOS 2251 DEB",
        "meta_object_id": "1993-036ALV",
        "meta_epoch": "2026-02-22T14:04:35.783328",
        "meta_mean_motion": 14.71621806,
        "meta_eccentricity": 0.0015947,
        "meta_inclination": 74.0229,
        "meta_ra_of_asc_node": 26.0453,
        "meta_arg_of_pericenter": 82.3333,
        "meta_mean_anomaly": 277.9649,
        "meta_ephemeris_type": 0,
        "meta_classification_type": "U",
        "meta_norad_cat_id": 35475,
        "meta_element_set_no": 999,
        "meta_rev_at_epoch": 66673,
        "meta_bstar": 0.0021987,
        "meta_mean_motion_dot": 0.00013707,
        "meta_mean_motion_ddot": 0,
        "tle_line1": "1 35475U 93036ALV 26053.58652527  .00013707  00000+0  21987-2 0  9997",
        "tle_line2": "2 35475  74.0229  26.0453 0015947  82.3333 277.9649 14.71621806666736"
      },
      "geometry": {
        "type": "Point",
        "coordinates": [
          -149.9028006967218,
          -18.330152230326647
        ]
      }
    },
    {
      "type": "Feature",
      "properties": {
        "norad_id": 35476,
        "name": "COSMOS 2251 DEB",
        "group": "cosmos-2251-debris",
        "lat": -12.191435266128169,
        "lon": 101.74946662686108,
        "alt_km": 632.9855208070285,
        "timestamp": "2026-02-23T07:17:29.434799+00:00",
        "meta_object_name": "COSMOS 2251 DEB",
        "meta_object_id": "1993-036ALW",
        "meta_epoch": "2026-02-22T14:18:09.794016",
        "meta_mean_motion": 14.77955816,
        "meta_eccentricity": 0.0017204,
        "meta_inclination": 73.976,
        "meta_ra_of_asc_node": 279.5839,
        "meta_arg_of_pericenter": 249.665,
        "meta_mean_anomaly": 138.3172,
        "meta_ephemeris_type": 0,
        "meta_classification_type": "U",
        "meta_norad_cat_id": 35476,
        "meta_element_set_no": 999,
        "meta_rev_at_epoch": 88948,
        "meta_bstar": 0.0016112,
        "meta_mean_motion_dot": 0.0001163,
        "meta_mean_motion_ddot": 0,
        "tle_line1": "1 35476U 93036ALW 26053.59594669  .00011630  00000+0  16112-2 0  9998",
        "tle_line2": "2 35476  73.9760 279.5839 0017204 249.6650 138.3172 14.77955816889483"
      },
      "geometry": {
        "type": "Point",
        "coordinates": [
          101.74946662686108,
          -12.191435266128169
        ]
      }
    },
    {
      "type": "Feature",
      "properties": {
        "norad_id": 35580,
        "name": "COSMOS 2251 DEB",
        "group": "cosmos-2251-debris",
        "lat": -28.567525958507737,
        "lon": -115.65592535722608,
        "alt_km": 1149.2060031732299,
        "timestamp": "2026-02-23T07:17:29.434809+00:00",
        "meta_object_name": "COSMOS 2251 DEB",
        "meta_object_id": "1993-036ALX",
        "meta_epoch": "2026-02-20T08:55:00.191136",
        "meta_mean_motion": 13.84183902,
        "meta_eccentricity": 0.02778753,
        "meta_inclination": 73.9009,
        "meta_ra_of_asc_node": 60.2845,
        "meta_arg_of_pericenter": 51.8493,
        "meta_mean_anomaly": 310.732,
        "meta_ephemeris_type": 0,
        "meta_classification_type": "U",
        "meta_norad_cat_id": 35580,
        "meta_element_set_no": 999,
        "meta_rev_at_epoch": 63220,
        "meta_bstar": 0.00089625025,
        "meta_mean_motion_dot": 1.325e-05,
        "meta_mean_motion_ddot": 0,
        "tle_line1": "1 35580U 93036ALX 26051.37152999  .00001325  00000+0  89625-3 0  9994",
        "tle_line2": "2 35580  73.9009  60.2845 0277875  51.8493 310.7320 13.84183902632200"
      },
      "geometry": {
        "type": "Point",
        "coordinates": [
          -115.65592535722608,
          -28.567525958507737
        ]
      }
    },
    {
      "type": "Feature",
      "properties": {
        "norad_id": 35583,
        "name": "COSMOS 2251 DEB",
        "group": "cosmos-2251-debris",
        "lat": -9.876314046750617,
        "lon": 91.52669342781677,
        "alt_km": 1169.003921751062,
        "timestamp": "2026-02-23T07:17:29.434819+00:00",
        "meta_object_name": "COSMOS 2251 DEB",
        "meta_object_id": "1993-036AMA",
        "meta_epoch": "2026-02-22T18:56:42.393120",
        "meta_mean_motion": 13.55540181,
        "meta_eccentricity": 0.03814201,
        "meta_inclination": 73.9158,
        "meta_ra_of_asc_node": 95.2396,
        "meta_arg_of_pericenter": 106.3165,
        "meta_mean_anomaly": 258.0241,
        "meta_ephemeris_type": 0,
        "meta_classification_type": "U",
        "meta_norad_cat_id": 35583,
        "meta_element_set_no": 999,
        "meta_rev_at_epoch": 83388,
        "meta_bstar": 0.00064115336,
        "meta_mean_motion_dot": 6.92e-06,
        "meta_mean_motion_ddot": 0,
        "tle_line1": "1 35583U 93036AMA 26053.78937955  .00000692  00000+0  64115-3 0  9990",
        "tle_line2": "2 35583  73.9158  95.2396 0381420 106.3165 258.0241 13.55540181833888"
      },
      "geometry": {
        "type": "Point",
        "coordinates": [
          91.52669342781677,
          -9.876314046750617
        ]
      }
    },
    {
      "type": "Feature",
      "properties": {
        "norad_id": 35585,
        "name": "COSMOS 2251 DEB",
        "group": "cosmos-2251-debris",
        "lat": 67.8529540509729,
        "lon": 2.2967065317002344,
        "alt_km": 758.2493399592004,
        "timestamp": "2026-02-23T07:17:29.434829+00:00",
        "meta_object_name": "COSMOS 2251 DEB",
        "meta_object_id": "1993-036AMC",
        "meta_epoch": "2026-02-22T22:47:53.603808",
        "meta_mean_motion": 13.75501801,
        "meta_eccentricity": 0.03077522,
        "meta_inclination": 73.969,
        "meta_ra_of_asc_node": 227.8287,
        "meta_arg_of_pericenter": 125.2689,
        "meta_mean_anomaly": 29.5951,
        "meta_ephemeris_type": 0,
        "meta_classification_type": "U",
        "meta_norad_cat_id": 35585,
        "meta_element_set_no": 999,
        "meta_rev_at_epoch": 65056,
        "meta_bstar": 0.0022264077,
        "meta_mean_motion_dot": 3.009e-05,
        "meta_mean_motion_ddot": 0,
        "tle_line1": "1 35585U 93036AMC 26053.94992597  .00003009  00000+0  22264-2 0  9996",
        "tle_line2": "2 35585  73.9690 227.8287 0307752 125.2689  29.5951 13.75501801650569"
      },
      "geometry": {
        "type": "Point",
        "coordinates": [
          2.2967065317002344,
          67.8529540509729
        ]
      }
    },
    {
      "type": "Feature",
      "properties": {
        "norad_id": 35586,
        "name": "COSMOS 2251 DEB",
        "group": "cosmos-2251-debris",
        "lat": -12.488765528255175,
        "lon": -177.40634251615774,
        "alt_km": 904.6071934106449,
        "timestamp": "2026-02-23T07:17:29.434839+00:00",
        "meta_object_name": "COSMOS 2251 DEB",
        "meta_object_id": "1993-036AMD",
        "meta_epoch": "2026-02-10T03:51:05.270688",
        "meta_mean_motion": 13.52161499,
        "meta_eccentricity": 0.04035755,
        "meta_inclination": 74.0193,
        "meta_ra_of_asc_node": 207.2847,
        "meta_arg_of_pericenter": 69.8434,
        "meta_mean_anomaly": 45.6719,
        "meta_ephemeris_type": 0,
        "meta_classification_type": "U",
        "meta_norad_cat_id": 35586,
        "meta_element_set_no": 999,
        "meta_rev_at_epoch": 61185,
        "meta_bstar": 0.00059280779,
        "meta_mean_motion_dot": 6.33e-06,
        "meta_mean_motion_ddot": 0,
        "tle_line1": "1 35586U 93036AMD 26041.16047767  .00000633  00000+0  59281-3 0  9998",
        "tle_line2": "2 35586  74.0193 207.2847 0403575  69.8434  45.6719 13.52161499611855"
      },
      "geometry": {
        "type": "Point",
        "coordinates": [
          -177.40634251615774,
          -12.488765528255175
        ]
      }
    },
    {
      "type": "Feature",
      "properties": {
        "norad_id": 35587,
        "name": "COSMOS 2251 DEB",
        "group": "cosmos-2251-debris",
        "lat": 73.02974301898178,
        "lon": 26.975499536010847,
        "alt_km": 578.7916962263671,
        "timestamp": "2026-02-23T07:17:29.434849+00:00",
        "meta_object_name": "COSMOS 2251 DEB",
        "meta_object_id": "1993-036AME",
        "meta_epoch": "2026-02-21T07:33:17.537184",
        "meta_mean_motion": 14.71769839,
        "meta_eccentricity": 0.0099745,
        "meta_inclination": 74.0009,
        "meta_ra_of_asc_node": 280.9383,
        "meta_arg_of_pericenter": 90.7231,
        "meta_mean_anomaly": 270.5371,
        "meta_ephemeris_type": 0,
        "meta_classification_type": "U",
        "meta_norad_cat_id": 35587,
        "meta_element_set_no": 999,
        "meta_rev_at_epoch": 67384,
        "meta_bstar": 0.00018184,
        "meta_mean_motion_dot": 1.192e-05,
        "meta_mean_motion_ddot": 0,
        "tle_line1": "1 35587U 93036AME 26052.31478631  .00001192  00000+0  18184-3 0  9994",
        "tle_line2": "2 35587  74.0009 280.9383 0099745  90.7231 270.5371 14.71769839673847"
      },
      "geometry": {
        "type": "Point",
        "coordinates": [
          26.975499536010847,
          73.02974301898178
        ]
      }
    },
    {
      "type": "Feature",
      "properties": {
        "norad_id": 35593,
        "name": "COSMOS 2251 DEB",
        "group": "cosmos-2251-debris",
        "lat": 41.849366865493295,
        "lon": -36.99687587300033,
        "alt_km": 729.7380681775776,
        "timestamp": "2026-02-23T07:17:29.434859+00:00",
        "meta_object_name": "COSMOS 2251 DEB",
        "meta_object_id": "1993-036AML",
        "meta_epoch": "2026-02-22T15:30:17.749728",
        "meta_mean_motion": 14.26034585,
        "meta_eccentricity": 0.0101393,
        "meta_inclination": 74.0885,
        "meta_ra_of_asc_node": 158.9899,
        "meta_arg_of_pericenter": 148.402,
        "meta_mean_anomaly": 212.3271,
        "meta_ephemeris_type": 0,
        "meta_classification_type": "U",
        "meta_norad_cat_id": 35593,
        "meta_element_set_no": 999,
        "meta_rev_at_epoch": 86090,
        "meta_bstar": 0.00098537,
        "meta_mean_motion_dot": 2.46e-05,
        "meta_mean_motion_ddot": 0,
        "tle_line1": "1 35593U 93036AML 26053.64603877  .00002460  00000+0  98537-3 0  9999",
        "tle_line2": "2 35593  74.0885 158.9899 0101393 148.4020 212.3271 14.26034585860903"
      },
      "geometry": {
        "type": "Point",
        "coordinates": [
          -36.99687587300033,
          41.849366865493295
        ]
      }
    },
    {
      "type": "Feature",
      "properties": {
        "norad_id": 35594,
        "name": "COSMOS 2251 DEB",
        "group": "cosmos-2251-debris",
        "lat": 52.18296665261067,
        "lon": -18.501871840794504,
        "alt_km": 572.9057822006471,
        "timestamp": "2026-02-23T07:17:29.434869+00:00",
        "meta_object_name": "COSMOS 2251 DEB",
        "meta_object_id": "1993-036AMM",
        "meta_epoch": "2026-02-21T17:59:26.497536",
        "meta_mean_motion": 14.90296091,
        "meta_eccentricity": 0.00269266,
        "meta_inclination": 73.808,
        "meta_ra_of_asc_node": 322.6657,
        "meta_arg_of_pericenter": 58.2126,
        "meta_mean_anomaly": 302.1672,
        "meta_ephemeris_type": 0,
        "meta_classification_type": "U",
        "meta_norad_cat_id": 35594,
        "meta_element_set_no": 999,
        "meta_rev_at_epoch": 89242,
        "meta_bstar": 0.0012165232,
        "meta_mean_motion_dot": 0.00011882,
        "meta_mean_motion_ddot": 0,
        "tle_line1": "1 35594U 93036AMM 26052.74961224  .00011882  00000+0  12165-2 0  9993",
        "tle_line2": "2 35594  73.8080 322.6657 0026926  58.2126 302.1672 14.90296091892421"
      },
      "geometry": {
        "type": "Point",
        "coordinates": [
          -18.501871840794504,
          52.18296665261067
        ]
      }
    },
    {
      "type": "Feature",
      "properties": {
        "norad_id": 35602,
        "name": "COSMOS 2251 DEB",
        "group": "cosmos-2251-debris",
        "lat": 33.710883144888065,
        "lon": 36.74506774868955,
        "alt_km": 403.68371707146434,
        "timestamp": "2026-02-23T07:17:29.434879+00:00",
        "meta_object_name": "COSMOS 2251 DEB",
        "meta_object_id": "1993-036AMV",
        "meta_epoch": "2026-02-22T21:53:29.721984",
        "meta_mean_motion": 15.38654415,
        "meta_eccentricity": 0.00792281,
        "meta_inclination": 73.9946,
        "meta_ra_of_asc_node": 26.5502,
        "meta_arg_of_pericenter": 72.2757,
        "meta_mean_anomaly": 315.0715,
        "meta_ephemeris_type": 0,
        "meta_classification_type": "U",
        "meta_norad_cat_id": 35602,
        "meta_element_set_no": 999,
        "meta_rev_at_epoch": 91200,
        "meta_bstar": 0.00062064887,
        "meta_mean_motion_dot": 0.00026473,
        "meta_mean_motion_ddot": 0,
        "tle_line1": "1 35602U 93036AMV 26053.91214956  .00026473  00000+0  62065-3 0  9993",
        "tle_line2": "2 35602  73.9946  26.5502 0079228  72.2757 315.0715 15.38654415912000"
      },
      "geometry": {
        "type": "Point",
        "coordinates": [
          36.74506774868955,
          33.710883144888065
        ]
      }
    },
    {
      "type": "Feature",
      "properties": {
        "norad_id": 35606,
        "name": "COSMOS 2251 DEB",
        "group": "cosmos-2251-debris",
        "lat": 2.46301362373863,
        "lon": 74.42063457180242,
        "alt_km": 1080.100935751032,
        "timestamp": "2026-02-23T07:17:29.434889+00:00",
        "meta_object_name": "COSMOS 2251 DEB",
        "meta_object_id": "1993-036AMZ",
        "meta_epoch": "2026-02-21T06:08:02.080032",
        "meta_mean_motion": 13.41312505,
        "meta_eccentricity": 0.0455639,
        "meta_inclination": 73.8057,
        "meta_ra_of_asc_node": 258.4013,
        "meta_arg_of_pericenter": 92.747,
        "meta_mean_anomaly": 272.5855,
        "meta_ephemeris_type": 0,
        "meta_classification_type": "U",
        "meta_norad_cat_id": 35606,
        "meta_element_set_no": 999,
        "meta_rev_at_epoch": 61985,
        "meta_bstar": 0.00066531,
        "meta_mean_motion_dot": 6.64e-06,
        "meta_mean_motion_ddot": 0,
        "tle_line1": "1 35606U 93036AMZ 26052.25557963  .00000664  00000+0  66531-3 0  9997",
        "tle_line2": "2 35606  73.8057 258.4013 0455639  92.7470 272.5855 13.41312505619854"
      },
      "geometry": {
        "type": "Point",
        "coordinates": [
          74.42063457180242,
          2.46301362373863
        ]
      }
    },
    {
      "type": "Feature",
      "properties": {
        "norad_id": 35611,
        "name": "COSMOS 2251 DEB",
        "group": "cosmos-2251-debris",
        "lat": 40.85860975228435,
        "lon": 51.90888337189258,
        "alt_km": 634.2090946879043,
        "timestamp": "2026-02-23T07:17:29.434899+00:00",
        "meta_object_name": "COSMOS 2251 DEB",
        "meta_object_id": "1993-036ANE",
        "meta_epoch": "2026-02-22T22:57:36.266400",
        "meta_mean_motion": 14.75193352,
        "meta_eccentricity": 0.00158952,
        "meta_inclination": 74.0204,
        "meta_ra_of_asc_node": 38.2371,
        "meta_arg_of_pericenter": 96.8347,
        "meta_mean_anomaly": 263.4636,
        "meta_ephemeris_type": 0,
        "meta_classification_type": "U",
        "meta_norad_cat_id": 35611,
        "meta_element_set_no": 999,
        "meta_rev_at_epoch": 88354,
        "meta_bstar": 0.0026444622,
        "meta_mean_motion_dot": 0.00017923,
        "meta_mean_motion_ddot": 0,
        "tle_line1": "1 35611U 93036ANE 26053.95666975  .00017923  00000+0  26445-2 0  9990",
        "tle_line2": "2 35611  74.0204  38.2371 0015895  96.8347 263.4636 14.75193352883542"
      },
      "geometry": {
        "type": "Point",
        "coordinates": [
          51.90888337189258,
          40.85860975228435
        ]
      }
    },
    {
      "type": "Feature",
      "properties": {
        "norad_id": 35614,
        "name": "COSMOS 2251 DEB",
        "group": "cosmos-2251-debris",
        "lat": -39.34445287705558,
        "lon": 20.31676933280347,
        "alt_km": 723.7396073987438,
        "timestamp": "2026-02-23T07:17:29.434909+00:00",
        "meta_object_name": "COSMOS 2251 DEB",
        "meta_object_id": "1993-036ANH",
        "meta_epoch": "2026-02-18T01:58:03.563616",
        "meta_mean_motion": 14.67763571,
        "meta_eccentricity": 0.00747982,
        "meta_inclination": 73.9575,
        "meta_ra_of_asc_node": 196.8065,
        "meta_arg_of_pericenter": 32.7058,
        "meta_mean_anomaly": 327.8709,
        "meta_ephemeris_type": 0,
        "meta_classification_type": "U",
        "meta_norad_cat_id": 35614,
        "meta_element_set_no": 999,
        "meta_rev_at_epoch": 88717,
        "meta_bstar": 0.00066907529,
        "meta_mean_motion_dot": 3.947e-05,
        "meta_mean_motion_ddot": 0,
        "tle_line1": "1 35614U 93036ANH 26049.08198569  .00003947  00000+0  66908-3 0  9991",
        "tle_line2": "2 35614  73.9575 196.8065 0074798  32.7058 327.8709 14.67763571887176"
      },
      "geometry": {
        "type": "Point",
        "coordinates": [
          20.31676933280347,
          -39.34445287705558
        ]
      }
    },
    {
      "type": "Feature",
      "properties": {
        "norad_id": 35645,
        "name": "COSMOS 2251 DEB",
        "group": "cosmos-2251-debris",
        "lat": 39.481440191929956,
        "lon": 118.0105472036649,
        "alt_km": 699.8153530275868,
        "timestamp": "2026-02-23T07:17:29.434919+00:00",
        "meta_object_name": "COSMOS 2251 DEB",
        "meta_object_id": "1993-036ANL",
        "meta_epoch": "2026-02-21T03:12:21.474432",
        "meta_mean_motion": 14.46537981,
        "meta_eccentricity": 0.00670609,
        "meta_inclination": 73.9649,
        "meta_ra_of_asc_node": 315.7843,
        "meta_arg_of_pericenter": 97.7372,
        "meta_mean_anomaly": 263.1408,
        "meta_ephemeris_type": 0,
        "meta_classification_type": "U",
        "meta_norad_cat_id": 35645,
        "meta_element_set_no": 999,
        "meta_rev_at_epoch": 87789,
        "meta_bstar": 0.0013075924,
        "meta_mean_motion_dot": 4.819e-05,
        "meta_mean_motion_ddot": 0,
        "tle_line1": "1 35645U 93036ANL 26052.13358188  .00004819  00000+0  13076-2 0  9996",
        "tle_line2": "2 35645  73.9649 315.7843 0067060  97.7372 263.1408 14.46537981877899"
      },
      "geometry": {
        "type": "Point",
        "coordinates": [
          118.0105472036649,
          39.481440191929956
        ]
      }
    },
    {
      "type": "Feature",
      "properties": {
        "norad_id": 35646,
        "name": "COSMOS 2251 DEB",
        "group": "cosmos-2251-debris",
        "lat": -41.72188403918729,
        "lon": -74.06621966217112,
        "alt_km": 1049.9513714100103,
        "timestamp": "2026-02-23T07:17:29.434929+00:00",
        "meta_object_name": "COSMOS 2251 DEB",
        "meta_object_id": "1993-036ANM",
        "meta_epoch": "2026-02-21T18:10:30.317376",
        "meta_mean_motion": 13.4096144,
        "meta_eccentricity": 0.04567165,
        "meta_inclination": 73.8714,
        "meta_ra_of_asc_node": 303.3387,
        "meta_arg_of_pericenter": 41.1004,
        "meta_mean_anomaly": 17.2451,
        "meta_ephemeris_type": 0,
        "meta_classification_type": "U",
        "meta_norad_cat_id": 35646,
        "meta_element_set_no": 999,
        "meta_rev_at_epoch": 82810,
        "meta_bstar": 0.0010149914,
        "meta_mean_motion_dot": 1.017e-05,
        "meta_mean_motion_ddot": 0,
        "tle_line1": "1 35646U 93036ANM 26052.75729534  .00001017  00000+0  10150-2 0  9999",
        "tle_line2": "2 35646  73.8714 303.3387 0456716  41.1004  17.2451 13.40961440828103"
      },
      "geometry": {
        "type": "Point",
        "coordinates": [
          -74.06621966217112,
          -41.72188403918729
        ]
      }
    },
    {
      "type": "Feature",
      "properties": {
        "norad_id": 35647,
        "name": "COSMOS 2251 DEB",
        "group": "cosmos-2251-debris",
        "lat": -15.998375391454188,
        "lon": 154.83070675922158,
        "alt_km": 754.4782477712952,
        "timestamp": "2026-02-23T07:17:29.434939+00:00",
        "meta_object_name": "COSMOS 2251 DEB",
        "meta_object_id": "1993-036ANN",
        "meta_epoch": "2026-02-10T15:05:50.752032",
        "meta_mean_motion": 14.43996925,
        "meta_eccentricity": 0.00470723,
        "meta_inclination": 74.0232,
        "meta_ra_of_asc_node": 183.1251,
        "meta_arg_of_pericenter": 271.3414,
        "meta_mean_anomaly": 88.2351,
        "meta_ephemeris_type": 0,
        "meta_classification_type": "U",
        "meta_norad_cat_id": 35647,
        "meta_element_set_no": 999,
        "meta_rev_at_epoch": 68528,
        "meta_bstar": 0.00085594932,
        "meta_mean_motion_dot": 2.939e-05,
        "meta_mean_motion_ddot": 0,
        "tle_line1": "1 35647U 93036ANN 26041.62905963  .00002939  00000+0  85595-3 0  9996",
        "tle_line2": "2 35647  74.0232 183.1251 0047072 271.3414  88.2351 14.43996925685286"
      },
      "geometry": {
        "type": "Point",
        "coordinates": [
          154.83070675922158,
          -15.998375391454188
        ]
      }
    },
    {
      "type": "Feature",
      "properties": {
        "norad_id": 35650,
        "name": "COSMOS 2251 DEB",
        "group": "cosmos-2251-debris",
        "lat": 74.02457390545014,
        "lon": -37.01933387704057,
        "alt_km": 612.910008883121,
        "timestamp": "2026-02-23T07:17:29.434949+00:00",
        "meta_object_name": "COSMOS 2251 DEB",
        "meta_object_id": "1993-036ANR",
        "meta_epoch": "2026-02-21T05:20:23.136864",
        "meta_mean_motion": 14.86198745,
        "meta_eccentricity": 0.0015328,
        "meta_inclination": 74.0433,
        "meta_ra_of_asc_node": 239.0327,
        "meta_arg_of_pericenter": 278.1939,
        "meta_mean_anomaly": 200.02,
        "meta_ephemeris_type": 0,
        "meta_classification_type": "U",
        "meta_norad_cat_id": 35650,
        "meta_element_set_no": 999,
        "meta_rev_at_epoch": 88680,
        "meta_bstar": 0.001487,
        "meta_mean_motion_dot": 0.00013078,
        "meta_mean_motion_ddot": 0,
        "tle_line1": "1 35650U 93036ANR 26052.22249001  .00013078  00000+0  14870-2 0  9995",
        "tle_line2": "2 35650  74.0433 239.0327 0015328 278.1939 200.0200 14.86198745886803"
      },
      "geometry": {
        "type": "Point",
        "coordinates": [
          -37.01933387704057,
          74.02457390545014
        ]
      }
    },
    {
      "type": "Feature",
      "properties": {
        "norad_id": 35660,
        "name": "COSMOS 2251 DEB",
        "group": "cosmos-2251-debris",
        "lat": -72.59087102691335,
        "lon": -68.87634028963308,
        "alt_km": 741.4472606996587,
        "timestamp": "2026-02-23T07:17:29.434959+00:00",
        "meta_object_name": "COSMOS 2251 DEB",
        "meta_object_id": "1993-036APB",
        "meta_epoch": "2026-02-13T14:47:12.177888",
        "meta_mean_motion": 14.50186957,
        "meta_eccentricity": 0.001687,
        "meta_inclination": 74.0412,
        "meta_ra_of_asc_node": 15.1767,
        "meta_arg_of_pericenter": 154.6505,
        "meta_mean_anomaly": 326.0231,
        "meta_ephemeris_type": 0,
        "meta_classification_type": "U",
        "meta_norad_cat_id": 35660,
        "meta_element_set_no": 999,
        "meta_rev_at_epoch": 66782,
        "meta_bstar": 0.00042107682,
        "meta_mean_motion_dot": 1.613e-05,
        "meta_mean_motion_ddot": 0,
        "tle_line1": "1 35660U 93036APB 26044.61611317  .00001613  00000+0  42108-3 0  9991",
        "tle_line2": "2 35660  74.0412  15.1767 0016870 154.6505 326.0231 14.50186957667827"
      },
      "geometry": {
        "type": "Point",
        "coordinates": [
          -68.87634028963308,
          -72.59087102691335
        ]
      }
    },
    {
      "type": "Feature",
      "properties": {
        "norad_id": 35661,
        "name": "COSMOS 2251 DEB",
        "group": "cosmos-2251-debris",
        "lat": -48.6989333453405,
        "lon": 134.00174594217273,
        "alt_km": 661.7472029081455,
        "timestamp": "2026-02-23T07:17:29.434970+00:00",
        "meta_object_name": "COSMOS 2251 DEB",
        "meta_object_id": "1993-036APC",
        "meta_epoch": "2026-02-22T15:43:47.988192",
        "meta_mean_motion": 14.8778972,
        "meta_eccentricity": 0.00856,
        "meta_inclination": 74.0121,
        "meta_ra_of_asc_node": 296.2491,
        "meta_arg_of_pericenter": 20.5437,
        "meta_mean_anomaly": 339.915,
        "meta_ephemeris_type": 0,
        "meta_classification_type": "U",
        "meta_norad_cat_id": 35661,
        "meta_element_set_no": 999,
        "meta_rev_at_epoch": 88937,
        "meta_bstar": 0.00073984,
        "meta_mean_motion_dot": 7.197e-05,
        "meta_mean_motion_ddot": 0,
        "tle_line1": "1 35661U 93036APC 26053.65541653  .00007197  00000+0  73984-3 0  9990",
        "tle_line2": "2 35661  74.0121 296.2491 0085600  20.5437 339.9150 14.87789720889379"
      },
      "geometry": {
        "type": "Point",
        "coordinates": [
          134.00174594217273,
          -48.6989333453405
        ]
      }
    },
    {
      "type": "Feature",
      "properties": {
        "norad_id": 35663,
        "name": "COSMOS 2251 DEB",
        "group": "cosmos-2251-debris",
        "lat": 64.01490487242891,
        "lon": 20.662206633449514,
        "alt_km": 662.4209885327427,
        "timestamp": "2026-02-23T07:17:29.434981+00:00",
        "meta_object_name": "COSMOS 2251 DEB",
        "meta_object_id": "1993-036APE",
        "meta_epoch": "2026-02-20T02:02:47.450688",
        "meta_mean_motion": 14.66839521,
        "meta_eccentricity": 0.00043493,
        "meta_inclination": 74.0211,
        "meta_ra_of_asc_node": 350.8677,
        "meta_arg_of_pericenter": 27.8586,
        "meta_mean_anomaly": 332.2815,
        "meta_ephemeris_type": 0,
        "meta_classification_type": "U",
        "meta_norad_cat_id": 35663,
        "meta_element_set_no": 999,
        "meta_rev_at_epoch": 74398,
        "meta_bstar": 0.0010717497,
        "meta_mean_motion_dot": 5.96e-05,
        "meta_mean_motion_ddot": 0,
        "tle_line1": "1 35663U 93036APE 26051.08527142  .00005960  00000+0  10717-2 0  9994",
        "tle_line2": "2 35663  74.0211 350.8677 0004349  27.8586 332.2815 14.66839521743982"
      },
      "geometry": {
        "type": "Point",
        "coordinates": [
          20.662206633449514,
          64.01490487242891
        ]
      }
    },
    {
      "type": "Feature",
      "properties": {
        "norad_id": 35667,
        "name": "COSMOS 2251 DEB",
        "group": "cosmos-2251-debris",
        "lat": 33.48937749775297,
        "lon": 12.607172992844848,
        "alt_km": 675.8140494745849,
        "timestamp": "2026-02-23T07:17:29.434994+00:00",
        "meta_object_name": "COSMOS 2251 DEB",
        "meta_object_id": "1993-036APJ",
        "meta_epoch": "2026-02-22T04:50:06.656352",
        "meta_mean_motion": 14.60834406,
        "meta_eccentricity": 0.00172912,
        "meta_inclination": 74.058,
        "meta_ra_of_asc_node": 3.8085,
        "meta_arg_of_pericenter": 40.792,
        "meta_mean_anomaly": 319.4537,
        "meta_ephemeris_type": 0,
        "meta_classification_type": "U",
        "meta_norad_cat_id": 35667,
        "meta_element_set_no": 999,
        "meta_rev_at_epoch": 71846,
        "meta_bstar": 0.00089852264,
        "meta_mean_motion_dot": 4.374e-05,
        "meta_mean_motion_ddot": 0,
        "tle_line1": "1 35667U 93036APJ 26053.20146593  .00004374  00000+0  89852-3 0  9996",
        "tle_line2": "2 35667  74.0580   3.8085 0017291  40.7920 319.4537 14.60834406718463"
      },
      "geometry": {
        "type": "Point",
        "coordinates": [
          12.607172992844848,
          33.48937749775297
        ]
      }
    },
    {
      "type": "Feature",
      "properties": {
        "norad_id": 35668,
        "name": "COSMOS 2251 DEB",
        "group": "cosmos-2251-debris",
        "lat": 26.260822653975698,
        "lon": 89.32267152434086,
        "alt_km": 723.6769734359359,
        "timestamp": "2026-02-23T07:17:29.435003+00:00",
        "meta_object_name": "COSMOS 2251 DEB",
        "meta_object_id": "1993-036APK",
        "meta_epoch": "2026-02-22T01:38:58.412832",
        "meta_mean_motion": 14.64257665,
        "meta_eccentricity": 0.00817732,
        "meta_inclination": 74.0439,
        "meta_ra_of_asc_node": 83.5787,
        "meta_arg_of_pericenter": 172.4955,
        "meta_mean_anomaly": 187.7459,
        "meta_ephemeris_type": 0,
        "meta_classification_type": "U",
        "meta_norad_cat_id": 35668,
        "meta_element_set_no": 999,
        "meta_rev_at_epoch": 88691,
        "meta_bstar": 0.00015787179,
        "meta_mean_motion_dot": 8.41e-06,
        "meta_mean_motion_ddot": 0,
        "tle_line1": "1 35668U 93036APK 26053.06873163  .00000841  00000+0  15787-3 0  9992",
        "tle_line2": "2 35668  74.0439  83.5787 0081773 172.4955 187.7459 14.64257665886913"
      },
      "geometry": {
        "type": "Point",
        "coordinates": [
          89.32267152434086,
          26.260822653975698
        ]
      }
    },
    {
      "type": "Feature",
      "properties": {
        "norad_id": 35669,
        "name": "COSMOS 2251 DEB",
        "group": "cosmos-2251-debris",
        "lat": -26.040952290183952,
        "lon": -130.88191620459125,
        "alt_km": 927.4635455804446,
        "timestamp": "2026-02-23T07:17:29.435013+00:00",
        "meta_object_name": "COSMOS 2251 DEB",
        "meta_object_id": "1993-036APL",
        "meta_epoch": "2026-02-18T07:47:54.100608",
        "meta_mean_motion": 13.57377144,
        "meta_eccentricity": 0.038554,
        "meta_inclination": 73.8598,
        "meta_ra_of_asc_node": 49.1067,
        "meta_arg_of_pericenter": 149.5035,
        "meta_mean_anomaly": 212.9126,
        "meta_ephemeris_type": 0,
        "meta_classification_type": "U",
        "meta_norad_cat_id": 35669,
        "meta_element_set_no": 999,
        "meta_rev_at_epoch": 61706,
        "meta_bstar": 0.00061837,
        "meta_mean_motion_dot": 6.97e-06,
        "meta_mean_motion_ddot": 0,
        "tle_line1": "1 35669U 93036APL 26049.32493172  .00000697  00000+0  61837-3 0  9991",
        "tle_line2": "2 35669  73.8598  49.1067 0385540 149.5035 212.9126 13.57377144617065"
      },
      "geometry": {
        "type": "Point",
        "coordinates": [
          -130.88191620459125,
          -26.040952290183952
        ]
      }
    },
    {
      "type": "Feature",
      "properties": {
        "norad_id": 35670,
        "name": "COSMOS 2251 DEB",
        "group": "cosmos-2251-debris",
        "lat": 14.602665879505508,
        "lon": 92.50677228983989,
        "alt_km": 564.4911076193694,
        "timestamp": "2026-02-23T07:17:29.435023+00:00",
        "meta_object_name": "COSMOS 2251 DEB",
        "meta_object_id": "1993-036APM",
        "meta_epoch": "2026-02-14T01:08:57.352128",
        "meta_mean_motion": 14.96401465,
        "meta_eccentricity": 0.00365616,
        "meta_inclination": 73.8937,
        "meta_ra_of_asc_node": 295.6883,
        "meta_arg_of_pericenter": 244.0363,
        "meta_mean_anomaly": 115.7052,
        "meta_ephemeris_type": 0,
        "meta_classification_type": "U",
        "meta_norad_cat_id": 35670,
        "meta_element_set_no": 999,
        "meta_rev_at_epoch": 88673,
        "meta_bstar": 0.0011683964,
        "meta_mean_motion_dot": 0.00013408,
        "meta_mean_motion_ddot": 0,
        "tle_line1": "1 35670U 93036APM 26045.04788602  .00013408  00000+0  11684-2 0  9991",
        "tle_line2": "2 35670  73.8937 295.6883 0036561 244.0363 115.7052 14.96401465886737"
      },
      "geometry": {
        "type": "Point",
        "coordinates": [
          92.50677228983989,
          14.602665879505508
        ]
      }
    },
    {
      "type": "Feature",
      "properties": {
        "norad_id": 35671,
        "name": "COSMOS 2251 DEB",
        "group": "cosmos-2251-debris",
        "lat": -68.22487590320252,
        "lon": 169.08864941592478,
        "alt_km": 762.8788947624244,
        "timestamp": "2026-02-23T07:17:29.435033+00:00",
        "meta_object_name": "COSMOS 2251 DEB",
        "meta_object_id": "1993-036APN",
        "meta_epoch": "2026-02-22T02:15:38.155968",
        "meta_mean_motion": 14.48476315,
        "meta_eccentricity": 0.0039197,
        "meta_inclination": 74.0181,
        "meta_ra_of_asc_node": 305.5133,
        "meta_arg_of_pericenter": 102.0286,
        "meta_mean_anomaly": 327.7474,
        "meta_ephemeris_type": 0,
        "meta_classification_type": "U",
        "meta_norad_cat_id": 35671,
        "meta_element_set_no": 999,
        "meta_rev_at_epoch": 87796,
        "meta_bstar": 0.00013629205,
        "meta_mean_motion_dot": 4.88e-06,
        "meta_mean_motion_ddot": 0,
        "tle_line1": "1 35671U 93036APN 26053.09419162  .00000488  00000+0  13629-3 0  9994",
        "tle_line2": "2 35671  74.0181 305.5133 0039197 102.0286 327.7474 14.48476315877967"
      },
      "geometry": {
        "type": "Point",
        "coordinates": [
          169.08864941592478,
          -68.22487590320252
        ]
      }
    },
    {
      "type": "Feature",
      "properties": {
        "norad_id": 35674,
        "name": "COSMOS 2251 DEB",
        "group": "cosmos-2251-debris",
        "lat": -4.358722143135951,
        "lon": 178.1121712144261,
        "alt_km": 767.348080190729,
        "timestamp": "2026-02-23T07:17:29.435043+00:00",
        "meta_object_name": "COSMOS 2251 DEB",
        "meta_object_id": "1993-036APR",
        "meta_epoch": "2026-02-22T18:06:51.122304",
        "meta_mean_motion": 14.55321902,
        "meta_eccentricity": 0.00939251,
        "meta_inclination": 74.06,
        "meta_ra_of_asc_node": 180.3985,
        "meta_arg_of_pericenter": 209.4001,
        "meta_mean_anomaly": 150.1862,
        "meta_ephemeris_type": 0,
        "meta_classification_type": "U",
        "meta_norad_cat_id": 35674,
        "meta_element_set_no": 999,
        "meta_rev_at_epoch": 87158,
        "meta_bstar": 0.0017418159,
        "meta_mean_motion_dot": 7.994e-05,
        "meta_mean_motion_ddot": 0,
        "tle_line1": "1 35674U 93036APR 26053.75475836  .00007994  00000+0  17418-2 0  9998",
        "tle_line2": "2 35674  74.0600 180.3985 0093925 209.4001 150.1862 14.55321902871586"
      },
      "geometry": {
        "type": "Point",
        "coordinates": [
          178.1121712144261,
          -4.358722143135951
        ]
      }
    },
    {
      "type": "Feature",
      "properties": {
        "norad_id": 35701,
        "name": "COSMOS 2251 DEB",
        "group": "cosmos-2251-debris",
        "lat": 49.00812644429426,
        "lon": -18.968089339002113,
        "alt_km": 1039.2926794994646,
        "timestamp": "2026-02-23T07:17:29.435053+00:00",
        "meta_object_name": "COSMOS 2251 DEB",
        "meta_object_id": "1993-036APW",
        "meta_epoch": "2026-02-20T00:28:04.578816",
        "meta_mean_motion": 13.81154775,
        "meta_eccentricity": 0.02899367,
        "meta_inclination": 74.0022,
        "meta_ra_of_asc_node": 185.8319,
        "meta_arg_of_pericenter": 19.5503,
        "meta_mean_anomaly": 341.6466,
        "meta_ephemeris_type": 0,
        "meta_classification_type": "U",
        "meta_norad_cat_id": 35701,
        "meta_element_set_no": 999,
        "meta_rev_at_epoch": 63115,
        "meta_bstar": 0.00088930017,
        "meta_mean_motion_dot": 1.273e-05,
        "meta_mean_motion_ddot": 0,
        "tle_line1": "1 35701U 93036APW 26051.01949744  .00001273  00000+0  88930-3 0  9992",
        "tle_line2": "2 35701  74.0022 185.8319 0289936  19.5503 341.6466 13.81154775631156"
      },
      "geometry": {
        "type": "Point",
        "coordinates": [
          -18.968089339002113,
          49.00812644429426
        ]
      }
    },
    {
      "type": "Feature",
      "properties": {
        "norad_id": 35703,
        "name": "COSMOS 2251 DEB",
        "group": "cosmos-2251-debris",
        "lat": 57.56692359806738,
        "lon": -75.85148289211911,
        "alt_km": 604.17622480106,
        "timestamp": "2026-02-23T07:17:29.435063+00:00",
        "meta_object_name": "COSMOS 2251 DEB",
        "meta_object_id": "1993-036APY",
        "meta_epoch": "2026-02-05T09:16:18.735744",
        "meta_mean_motion": 14.91488986,
        "meta_eccentricity": 0.00647511,
        "meta_inclination": 74.0421,
        "meta_ra_of_asc_node": 293.3062,
        "meta_arg_of_pericenter": 347.7666,
        "meta_mean_anomaly": 12.194,
        "meta_ephemeris_type": 0,
        "meta_classification_type": "U",
        "meta_norad_cat_id": 35703,
        "meta_element_set_no": 999,
        "meta_rev_at_epoch": 67430,
        "meta_bstar": 0.0013289449,
        "meta_mean_motion_dot": 0.00013837,
        "meta_mean_motion_ddot": 0,
        "tle_line1": "1 35703U 93036APY 26036.38632796  .00013837  00000+0  13289-2 0  9996",
        "tle_line2": "2 35703  74.0421 293.3062 0064751 347.7666  12.1940 14.91488986674300"
      },
      "geometry": {
        "type": "Point",
        "coordinates": [
          -75.85148289211911,
          57.56692359806738
        ]
      }
    },
    {
      "type": "Feature",
      "properties": {
        "norad_id": 35705,
        "name": "COSMOS 2251 DEB",
        "group": "cosmos-2251-debris",
        "lat": -8.508051914388854,
        "lon": -6.009962536141605,
        "alt_km": 640.2682188474173,
        "timestamp": "2026-02-23T07:17:29.435074+00:00",
        "meta_object_name": "COSMOS 2251 DEB",
        "meta_object_id": "1993-036AQA",
        "meta_epoch": "2026-02-12T14:11:07.151136",
        "meta_mean_motion": 14.75015155,
        "meta_eccentricity": 0.0033932,
        "meta_inclination": 74.2852,
        "meta_ra_of_asc_node": 17.0205,
        "meta_arg_of_pericenter": 302.202,
        "meta_mean_anomaly": 57.5866,
        "meta_ephemeris_type": 0,
        "meta_classification_type": "U",
        "meta_norad_cat_id": 35705,
        "meta_element_set_no": 999,
        "meta_rev_at_epoch": 86837,
        "meta_bstar": 0.0035216,
        "meta_mean_motion_dot": 0.00023974,
        "meta_mean_motion_ddot": 0,
        "tle_line1": "1 35705U 93036AQA 26043.59105499  .00023974  00000+0  35216-2 0  9991",
        "tle_line2": "2 35705  74.2852  17.0205 0033932 302.2020  57.5866 14.75015155868377"
      },
      "geometry": {
        "type": "Point",
        "coordinates": [
          -6.009962536141605,
          -8.508051914388854
        ]
      }
    },
    {
      "type": "Feature",
      "properties": {
        "norad_id": 35706,
        "name": "COSMOS 2251 DEB",
        "group": "cosmos-2251-debris",
        "lat": -49.83433524379751,
        "lon": 142.9375019662561,
        "alt_km": 1083.6629282089243,
        "timestamp": "2026-02-23T07:17:29.435084+00:00",
        "meta_object_name": "COSMOS 2251 DEB",
        "meta_object_id": "1993-036AQB",
        "meta_epoch": "2026-02-09T02:57:53.505216",
        "meta_mean_motion": 13.66146127,
        "meta_eccentricity": 0.03417329,
        "meta_inclination": 73.8912,
        "meta_ra_of_asc_node": 326.3415,
        "meta_arg_of_pericenter": 5.1861,
        "meta_mean_anomaly": 355.2646,
        "meta_ephemeris_type": 0,
        "meta_classification_type": "U",
        "meta_norad_cat_id": 35706,
        "meta_element_set_no": 999,
        "meta_rev_at_epoch": 62859,
        "meta_bstar": 0.0017734555,
        "meta_mean_motion_dot": 2.161e-05,
        "meta_mean_motion_ddot": 0,
        "tle_line1": "1 35706U 93036AQB 26040.12353594  .00002161  00000+0  17735-2 0  9990",
        "tle_line2": "2 35706  73.8912 326.3415 0341732   5.1861 355.2646 13.66146127628596"
      },
      "geometry": {
        "type": "Point",
        "coordinates": [
          142.9375019662561,
          -49.83433524379751
        ]
      }
    },
    {
      "type": "Feature",
      "properties": {
        "norad_id": 35711,
        "name": "COSMOS 2251 DEB",
        "group": "cosmos-2251-debris",
        "lat": -57.907879625704716,
        "lon": 54.050195770049875,
        "alt_km": 726.8127311773842,
        "timestamp": "2026-02-23T07:17:29.435094+00:00",
        "meta_object_name": "COSMOS 2251 DEB",
        "meta_object_id": "1993-036AQG",
        "meta_epoch": "2026-02-22T18:27:28.321056",
        "meta_mean_motion": 14.64062418,
        "meta_eccentricity": 0.00837942,
        "meta_inclination": 74.0448,
        "meta_ra_of_asc_node": 82.2188,
        "meta_arg_of_pericenter": 166.5649,
        "meta_mean_anomaly": 193.7779,
        "meta_ephemeris_type": 0,
        "meta_classification_type": "U",
        "meta_norad_cat_id": 35711,
        "meta_element_set_no": 999,
        "meta_rev_at_epoch": 88825,
        "meta_bstar": 0.00017911632,
        "meta_mean_motion_dot": 9.56e-06,
        "meta_mean_motion_ddot": 0,
        "tle_line1": "1 35711U 93036AQG 26053.76907779  .00000956  00000+0  17912-3 0  9998",
        "tle_line2": "2 35711  74.0448  82.2188 0083794 166.5649 193.7779 14.64062418888253"
      },
      "geometry": {
        "type": "Point",
        "coordinates": [
          54.050195770049875,
          -57.907879625704716
        ]
      }
    },
    {
      "type": "Feature",
      "properties": {
        "norad_id": 35716,
        "name": "COSMOS 2251 DEB",
        "group": "cosmos-2251-debris",
        "lat": 66.81778194128427,
        "lon": -166.7603869299221,
        "alt_km": 728.849475787637,
        "timestamp": "2026-02-23T07:17:29.435104+00:00",
        "meta_object_name": "COSMOS 2251 DEB",
        "meta_object_id": "1993-036AQM",
        "meta_epoch": "2026-02-15T10:00:07.180128",
        "meta_mean_motion": 14.60186453,
        "meta_eccentricity": 0.00907789,
        "meta_inclination": 73.992,
        "meta_ra_of_asc_node": 70.4282,
        "meta_arg_of_pericenter": 256.6013,
        "meta_mean_anomaly": 168.2504,
        "meta_ephemeris_type": 0,
        "meta_classification_type": "U",
        "meta_norad_cat_id": 35716,
        "meta_element_set_no": 999,
        "meta_rev_at_epoch": 88571,
        "meta_bstar": 0.00014665442,
        "meta_mean_motion_dot": 7.15e-06,
        "meta_mean_motion_ddot": 0,
        "tle_line1": "1 35716U 93036AQM 26046.41674977  .00000715  00000+0  14665-3 0  9993",
        "tle_line2": "2 35716  73.9920  70.4282 0090778 256.6013 168.2504 14.60186453885714"
      },
      "geometry": {
        "type": "Point",
        "coordinates": [
          -166.7603869299221,
          66.81778194128427
        ]
      }
    },
    {
      "type": "Feature",
      "properties": {
        "norad_id": 35717,
        "name": "COSMOS 2251 DEB",
        "group": "cosmos-2251-debris",
        "lat": 61.26960243519617,
        "lon": 115.88272825166975,
        "alt_km": 800.9861165296352,
        "timestamp": "2026-02-23T07:17:29.435114+00:00",
        "meta_object_name": "COSMOS 2251 DEB",
        "meta_object_id": "1993-036AQN",
        "meta_epoch": "2026-02-09T20:58:47.686656",
        "meta_mean_motion": 14.39015902,
        "meta_eccentricity": 0.0080468,
        "meta_inclination": 74.1602,
        "meta_ra_of_asc_node": 109.2725,
        "meta_arg_of_pericenter": 310.7661,
        "meta_mean_anomaly": 48.6528,
        "meta_ephemeris_type": 0,
        "meta_classification_type": "U",
        "meta_norad_cat_id": 35717,
        "meta_element_set_no": 999,
        "meta_rev_at_epoch": 74950,
        "meta_bstar": 0.0011421,
        "meta_mean_motion_dot": 3.637e-05,
        "meta_mean_motion_ddot": 0,
        "tle_line1": "1 35717U 93036AQN 26040.87416304  .00003637  00000+0  11421-2 0  9998",
        "tle_line2": "2 35717  74.1602 109.2725 0080468 310.7661  48.6528 14.39015902749503"
      },
      "geometry": {
        "type": "Point",
        "coordinates": [
          115.88272825166975,
          61.26960243519617
        ]
      }
    },
    {
      "type": "Feature",
      "properties": {
        "norad_id": 35718,
        "name": "COSMOS 2251 DEB",
        "group": "cosmos-2251-debris",
        "lat": -62.87726250386502,
        "lon": -156.64777973989683,
        "alt_km": 670.1452635570922,
        "timestamp": "2026-02-23T07:17:29.435124+00:00",
        "meta_object_name": "COSMOS 2251 DEB",
        "meta_object_id": "1993-036AQP",
        "meta_epoch": "2026-02-19T04:10:52.895712",
        "meta_mean_motion": 14.70166059,
        "meta_eccentricity": 0.00090501,
        "meta_inclination": 74.0346,
        "meta_ra_of_asc_node": 357.3787,
        "meta_arg_of_pericenter": 14.8048,
        "meta_mean_anomaly": 345.3387,
        "meta_ephemeris_type": 0,
        "meta_classification_type": "U",
        "meta_norad_cat_id": 35718,
        "meta_element_set_no": 999,
        "meta_rev_at_epoch": 66845,
        "meta_bstar": 0.0013475254,
        "meta_mean_motion_dot": 8.095e-05,
        "meta_mean_motion_ddot": 0,
        "tle_line1": "1 35718U 93036AQP 26050.17422333  .00008095  00000+0  13475-2 0  9996",
        "tle_line2": "2 35718  74.0346 357.3787 0009050  14.8048 345.3387 14.70166059668450"
      },
      "geometry": {
        "type": "Point",
        "coordinates": [
          -156.64777973989683,
          -62.87726250386502
        ]
      }
    },
    {
      "type": "Feature",
      "properties": {
        "norad_id": 35721,
        "name": "COSMOS 2251 DEB",
        "group": "cosmos-2251-debris",
        "lat": -42.15241184462031,
        "lon": -120.85165849290227,
        "alt_km": 709.5843614995565,
        "timestamp": "2026-02-23T07:17:29.435134+00:00",
        "meta_object_name": "COSMOS 2251 DEB",
        "meta_object_id": "1993-036AQS",
        "meta_epoch": "2026-02-03T09:26:41.447328",
        "meta_mean_motion": 14.35018184,
        "meta_eccentricity": 0.01473216,
        "meta_inclination": 73.9485,
        "meta_ra_of_asc_node": 80.7361,
        "meta_arg_of_pericenter": 217.0798,
        "meta_mean_anomaly": 142.0107,
        "meta_ephemeris_type": 0,
        "meta_classification_type": "U",
        "meta_norad_cat_id": 35721,
        "meta_element_set_no": 999,
        "meta_rev_at_epoch": 58544,
        "meta_bstar": 0.0015515556,
        "meta_mean_motion_dot": 4.972e-05,
        "meta_mean_motion_ddot": 0,
        "tle_line1": "1 35721U 93036AQS 26034.39353527  .00004972  00000+0  15516-2 0  9992",
        "tle_line2": "2 35721  73.9485  80.7361 0147321 217.0798 142.0107 14.35018184585449"
      },
      "geometry": {
        "type": "Point",
        "coordinates": [
          -120.85165849290227,
          -42.15241184462031
        ]
      }
    },
    {
      "type": "Feature",
      "properties": {
        "norad_id": 35724,
        "name": "COSMOS 2251 DEB",
        "group": "cosmos-2251-debris",
        "lat": -3.1009377365325475,
        "lon": -14.55867566727259,
        "alt_km": 720.3928529319837,
        "timestamp": "2026-02-23T07:17:29.435144+00:00",
        "meta_object_name": "COSMOS 2251 DEB",
        "meta_object_id": "1993-036AQV",
        "meta_epoch": "2026-02-22T17:16:42.553344",
        "meta_mean_motion": 14.58401517,
        "meta_eccentricity": 0.00616491,
        "meta_inclination": 74.0319,
        "meta_ra_of_asc_node": 165.6637,
        "meta_arg_of_pericenter": 300.5329,
        "meta_mean_anomaly": 58.976,
        "meta_ephemeris_type": 0,
        "meta_classification_type": "U",
        "meta_norad_cat_id": 35724,
        "meta_element_set_no": 999,
        "meta_rev_at_epoch": 88578,
        "meta_bstar": 0.00025478147,
        "meta_mean_motion_dot": 1.181e-05,
        "meta_mean_motion_ddot": 0,
        "tle_line1": "1 35724U 93036AQV 26053.71993696  .00001181  00000+0  25478-3 0  9997",
        "tle_line2": "2 35724  74.0319 165.6637 0061649 300.5329  58.9760 14.58401517885786"
      },
      "geometry": {
        "type": "Point",
        "coordinates": [
          -14.55867566727259,
          -3.1009377365325475
        ]
      }
    },
    {
      "type": "Feature",
      "properties": {
        "norad_id": 35759,
        "name": "COSMOS 2251 DEB",
        "group": "cosmos-2251-debris",
        "lat": 0.6013340186441793,
        "lon": 76.65542797170271,
        "alt_km": 733.3103172462843,
        "timestamp": "2026-02-23T07:17:29.435154+00:00",
        "meta_object_name": "COSMOS 2251 DEB",
        "meta_object_id": "1993-036ARD",
        "meta_epoch": "2026-02-03T15:20:18.234816",
        "meta_mean_motion": 14.65132411,
        "meta_eccentricity": 0.00772014,
        "meta_inclination": 74.0381,
        "meta_ra_of_asc_node": 114.3011,
        "meta_arg_of_pericenter": 220.9219,
        "meta_mean_anomaly": 138.614,
        "meta_ephemeris_type": 0,
        "meta_classification_type": "U",
        "meta_norad_cat_id": 35759,
        "meta_element_set_no": 999,
        "meta_rev_at_epoch": 66910,
        "meta_bstar": 0.00038739767,
        "meta_mean_motion_dot": 2.142e-05,
        "meta_mean_motion_ddot": 0,
        "tle_line1": "1 35759U 93036ARD 26034.63909994  .00002142  00000+0  38740-3 0  9997",
        "tle_line2": "2 35759  74.0381 114.3011 0077201 220.9219 138.6140 14.65132411669100"
      },
      "geometry": {
        "type": "Point",
        "coordinates": [
          76.65542797170271,
          0.6013340186441793
        ]
      }
    },
    {
      "type": "Feature",
      "properties": {
        "norad_id": 35771,
        "name": "COSMOS 2251 DEB",
        "group": "cosmos-2251-debris",
        "lat": 47.08280125332337,
        "lon": -159.61147469405537,
        "alt_km": 737.0763722188258,
        "timestamp": "2026-02-23T07:17:29.435164+00:00",
        "meta_object_name": "COSMOS 2251 DEB",
        "meta_object_id": "1993-036ARR",
        "meta_epoch": "2026-02-17T18:42:58.437792",
        "meta_mean_motion": 14.15005888,
        "meta_eccentricity": 0.0214204,
        "meta_inclination": 74.1548,
        "meta_ra_of_asc_node": 192.3371,
        "meta_arg_of_pericenter": 111.3044,
        "meta_mean_anomaly": 251.1114,
        "meta_ephemeris_type": 0,
        "meta_classification_type": "U",
        "meta_norad_cat_id": 35771,
        "meta_element_set_no": 999,
        "meta_rev_at_epoch": 83808,
        "meta_bstar": 0.0040935,
        "meta_mean_motion_dot": 9.88e-05,
        "meta_mean_motion_ddot": 0,
        "tle_line1": "1 35771U 93036ARR 26048.77984303  .00009880  00000+0  40935-2 0  9992",
        "tle_line2": "2 35771  74.1548 192.3371 0214204 111.3044 251.1114 14.15005888838089"
      },
      "geometry": {
        "type": "Point",
        "coordinates": [
          -159.61147469405537,
          47.08280125332337
        ]
      }
    },
    {
      "type": "Feature",
      "properties": {
        "norad_id": 35773,
        "name": "COSMOS 2251 DEB",
        "group": "cosmos-2251-debris",
        "lat": -69.30444323765434,
        "lon": 70.97980995619213,
        "alt_km": 688.2779031564178,
        "timestamp": "2026-02-23T07:17:29.435174+00:00",
        "meta_object_name": "COSMOS 2251 DEB",
        "meta_object_id": "1993-036ART",
        "meta_epoch": "2026-02-22T20:16:07.359168",
        "meta_mean_motion": 14.62575024,
        "meta_eccentricity": 0.00469896,
        "meta_inclination": 74.0072,
        "meta_ra_of_asc_node": 202.4699,
        "meta_arg_of_pericenter": 341.8758,
        "meta_mean_anomaly": 18.0731,
        "meta_ephemeris_type": 0,
        "meta_classification_type": "U",
        "meta_norad_cat_id": 35773,
        "meta_element_set_no": 999,
        "meta_rev_at_epoch": 87893,
        "meta_bstar": 0.00060817284,
        "meta_mean_motion_dot": 3.107e-05,
        "meta_mean_motion_ddot": 0,
        "tle_line1": "1 35773U 93036ART 26053.84452962  .00003107  00000+0  60817-3 0  9997",
        "tle_line2": "2 35773  74.0072 202.4699 0046989 341.8758  18.0731 14.62575024878932"
      },
      "geometry": {
        "type": "Point",
        "coordinates": [
          70.97980995619213,
          -69.30444323765434
        ]
      }
    },
    {
      "type": "Feature",
      "properties": {
        "norad_id": 35777,
        "name": "COSMOS 2251 DEB",
        "group": "cosmos-2251-debris",
        "lat": 11.728229593627423,
        "lon": 23.336400371083634,
        "alt_km": 1014.7737877091367,
        "timestamp": "2026-02-23T07:17:29.435184+00:00",
        "meta_object_name": "COSMOS 2251 DEB",
        "meta_object_id": "1993-036ARX",
        "meta_epoch": "2026-02-21T21:13:02.376192",
        "meta_mean_motion": 13.41383875,
        "meta_eccentricity": 0.044992,
        "meta_inclination": 73.7689,
        "meta_ra_of_asc_node": 209.0712,
        "meta_arg_of_pericenter": 93.185,
        "meta_mean_anomaly": 55.9918,
        "meta_ephemeris_type": 0,
        "meta_classification_type": "U",
        "meta_norad_cat_id": 35777,
        "meta_element_set_no": 999,
        "meta_rev_at_epoch": 80638,
        "meta_bstar": 0.00055283,
        "meta_mean_motion_dot": 5.4e-06,
        "meta_mean_motion_ddot": 0,
        "tle_line1": "1 35777U 93036ARX 26052.88405528  .00000540  00000+0  55283-3 0  9999",
        "tle_line2": "2 35777  73.7689 209.0712 0449920  93.1850  55.9918 13.41383875806381"
      },
      "geometry": {
        "type": "Point",
        "coordinates": [
          23.336400371083634,
          11.728229593627423
        ]
      }
    },
    {
      "type": "Feature",
      "properties": {
        "norad_id": 35784,
        "name": "COSMOS 2251 DEB",
        "group": "cosmos-2251-debris",
        "lat": -28.541451211875156,
        "lon": -55.51517688612103,
        "alt_km": 732.5852866745754,
        "timestamp": "2026-02-23T07:17:29.435194+00:00",
        "meta_object_name": "COSMOS 2251 DEB",
        "meta_object_id": "1993-036ASE",
        "meta_epoch": "2026-02-10T13:08:38.355360",
        "meta_mean_motion": 14.50207571,
        "meta_eccentricity": 0.00396718,
        "meta_inclination": 74.0401,
        "meta_ra_of_asc_node": 337.3862,
        "meta_arg_of_pericenter": 92.1791,
        "meta_mean_anomaly": 268.3913,
        "meta_ephemeris_type": 0,
        "meta_classification_type": "U",
        "meta_norad_cat_id": 35784,
        "meta_element_set_no": 999,
        "meta_rev_at_epoch": 66573,
        "meta_bstar": 0.00031053835,
        "meta_mean_motion_dot": 1.192e-05,
        "meta_mean_motion_ddot": 0,
        "tle_line1": "1 35784U 93036ASE 26041.54766615  .00001192  00000+0  31054-3 0  9999",
        "tle_line2": "2 35784  74.0401 337.3862 0039671  92.1791 268.3913 14.50207571665733"
      },
      "geometry": {
        "type": "Point",
        "coordinates": [
          -55.51517688612103,
          -28.541451211875156
        ]
      }
    },
    {
      "type": "Feature",
      "properties": {
        "norad_id": 35786,
        "name": "COSMOS 2251 DEB",
        "group": "cosmos-2251-debris",
        "lat": -67.01427354437813,
        "lon": 126.14528060759251,
        "alt_km": 688.4804438656802,
        "timestamp": "2026-02-23T07:17:29.435204+00:00",
        "meta_object_name": "COSMOS 2251 DEB",
        "meta_object_id": "1993-036ASG",
        "meta_epoch": "2026-02-22T13:46:30.379872",
        "meta_mean_motion": 14.6718015,
        "meta_eccentricity": 0.0034229,
        "meta_inclination": 74.011,
        "meta_ra_of_asc_node": 265.027,
        "meta_arg_of_pericenter": 13.5354,
        "meta_mean_anomaly": 346.6724,
        "meta_ephemeris_type": 0,
        "meta_classification_type": "U",
        "meta_norad_cat_id": 35786,
        "meta_element_set_no": 999,
        "meta_rev_at_epoch": 74461,
        "meta_bstar": 0.00084342,
        "meta_mean_motion_dot": 4.759e-05,
        "meta_mean_motion_ddot": 0,
        "tle_line1": "1 35786U 93036ASG 26053.57396273  .00004759  00000+0  84342-3 0  9996",
        "tle_line2": "2 35786  74.0110 265.0270 0034229  13.5354 346.6724 14.67180150744614"
      },
      "geometry": {
        "type": "Point",
        "coordinates": [
          126.14528060759251,
          -67.01427354437813
        ]
      }
    },
    {
      "type": "Feature",
      "properties": {
        "norad_id": 35789,
        "name": "COSMOS 2251 DEB",
        "group": "cosmos-2251-debris",
        "lat": -34.72243365636177,
        "lon": -17.385665469668332,
        "alt_km": 744.3346205566568,
        "timestamp": "2026-02-23T07:17:29.435214+00:00",
        "meta_object_name": "COSMOS 2251 DEB",
        "meta_object_id": "1993-036ASK",
        "meta_epoch": "2026-02-19T17:00:59.182848",
        "meta_mean_motion": 14.36046903,
        "meta_eccentricity": 0.00489275,
        "meta_inclination": 74.0393,
        "meta_ra_of_asc_node": 157.771,
        "meta_arg_of_pericenter": 242.5837,
        "meta_mean_anomaly": 117.0335,
        "meta_ephemeris_type": 0,
        "meta_classification_type": "U",
        "meta_norad_cat_id": 35789,
        "meta_element_set_no": 999,
        "meta_rev_at_epoch": 62217,
        "meta_bstar": 0.0001206547,
        "meta_mean_motion_dot": 3.29e-06,
        "meta_mean_motion_ddot": 0,
        "tle_line1": "1 35789U 93036ASK 26050.70901832  .00000329  00000+0  12065-3 0  9996",
        "tle_line2": "2 35789  74.0393 157.7710 0048927 242.5837 117.0335 14.36046903622173"
      },
      "geometry": {
        "type": "Point",
        "coordinates": [
          -17.385665469668332,
          -34.72243365636177
        ]
      }
    },
    {
      "type": "Feature",
      "properties": {
        "norad_id": 35793,
        "name": "COSMOS 2251 DEB",
        "group": "cosmos-2251-debris",
        "lat": 0.046756327057360915,
        "lon": 97.31487598869094,
        "alt_km": 631.0793571046634,
        "timestamp": "2026-02-23T07:17:29.435224+00:00",
        "meta_object_name": "COSMOS 2251 DEB",
        "meta_object_id": "1993-036ASP",
        "meta_epoch": "2026-02-22T22:39:00.152928",
        "meta_mean_motion": 14.80950317,
        "meta_eccentricity": 0.00040551,
        "meta_inclination": 74.0388,
        "meta_ra_of_asc_node": 278.0381,
        "meta_arg_of_pericenter": 318.9976,
        "meta_mean_anomaly": 102.028,
        "meta_ephemeris_type": 0,
        "meta_classification_type": "U",
        "meta_norad_cat_id": 35793,
        "meta_element_set_no": 999,
        "meta_rev_at_epoch": 66865,
        "meta_bstar": 0.001672614,
        "meta_mean_motion_dot": 0.00012937,
        "meta_mean_motion_ddot": 0,
        "tle_line1": "1 35793U 93036ASP 26053.94375177  .00012937  00000+0  16726-2 0  9992",
        "tle_line2": "2 35793  74.0388 278.0381 0004055 318.9976 102.0280 14.80950317668657"
      },
      "geometry": {
        "type": "Point",
        "coordinates": [
          97.31487598869094,
          0.046756327057360915
        ]
      }
    },
    {
      "type": "Feature",
      "properties": {
        "norad_id": 35824,
        "name": "COSMOS 2251 DEB",
        "group": "cosmos-2251-debris",
        "lat": 26.689072751172912,
        "lon": 95.65082623925122,
        "alt_km": 1097.1127820597267,
        "timestamp": "2026-02-23T07:17:29.435234+00:00",
        "meta_object_name": "COSMOS 2251 DEB",
        "meta_object_id": "1993-036ASW",
        "meta_epoch": "2026-02-21T23:26:57.851808",
        "meta_mean_motion": 13.88775262,
        "meta_eccentricity": 0.0250809,
        "meta_inclination": 73.8443,
        "meta_ra_of_asc_node": 286.311,
        "meta_arg_of_pericenter": 359.3617,
        "meta_mean_anomaly": 0.715,
        "meta_ephemeris_type": 0,
        "meta_classification_type": "U",
        "meta_norad_cat_id": 35824,
        "meta_element_set_no": 999,
        "meta_rev_at_epoch": 85216,
        "meta_bstar": 0.00093248,
        "meta_mean_motion_dot": 1.422e-05,
        "meta_mean_motion_ddot": 0,
        "tle_line1": "1 35824U 93036ASW 26052.97705847  .00001422  00000+0  93248-3 0  9992",
        "tle_line2": "2 35824  73.8443 286.3110 0250809 359.3617   0.7150 13.88775262852166"
      },
      "geometry": {
        "type": "Point",
        "coordinates": [
          95.65082623925122,
          26.689072751172912
        ]
      }
    },
    {
      "type": "Feature",
      "properties": {
        "norad_id": 35825,
        "name": "COSMOS 2251 DEB",
        "group": "cosmos-2251-debris",
        "lat": -63.93538101602161,
        "lon": -12.29435681300096,
        "alt_km": 1256.1212226519592,
        "timestamp": "2026-02-23T07:17:29.435244+00:00",
        "meta_object_name": "COSMOS 2251 DEB",
        "meta_object_id": "1993-036ASX",
        "meta_epoch": "2026-02-20T07:51:28.444320",
        "meta_mean_motion": 13.71269458,
        "meta_eccentricity": 0.03492096,
        "meta_inclination": 74.1147,
        "meta_ra_of_asc_node": 28.2018,
        "meta_arg_of_pericenter": 107.794,
        "meta_mean_anomaly": 256.16,
        "meta_ephemeris_type": 0,
        "meta_classification_type": "U",
        "meta_norad_cat_id": 35825,
        "meta_element_set_no": 999,
        "meta_rev_at_epoch": 83462,
        "meta_bstar": 0.00092097665,
        "meta_mean_motion_dot": 1.256e-05,
        "meta_mean_motion_ddot": 0,
        "tle_line1": "1 35825U 93036ASX 26051.32741255  .00001256  00000+0  92098-3 0  9991",
        "tle_line2": "2 35825  74.1147  28.2018 0349209 107.7940 256.1600 13.71269458834624"
      },
      "geometry": {
        "type": "Point",
        "coordinates": [
          -12.29435681300096,
          -63.93538101602161
        ]
      }
    },
    {
      "type": "Feature",
      "properties": {
        "norad_id": 35829,
        "name": "COSMOS 2251 DEB",
        "group": "cosmos-2251-debris",
        "lat": -3.0910102655029603,
        "lon": 137.25726997904843,
        "alt_km": 640.715895722532,
        "timestamp": "2026-02-23T07:17:29.435254+00:00",
        "meta_object_name": "COSMOS 2251 DEB",
        "meta_object_id": "1993-036ATB",
        "meta_epoch": "2026-02-15T03:35:00.356352",
        "meta_mean_motion": 14.78345435,
        "meta_eccentricity": 0.00057827,
        "meta_inclination": 74.0263,
        "meta_ra_of_asc_node": 332.3956,
        "meta_arg_of_pericenter": 355.4557,
        "meta_mean_anomaly": 4.6564,
        "meta_ephemeris_type": 0,
        "meta_classification_type": "U",
        "meta_norad_cat_id": 35829,
        "meta_element_set_no": 999,
        "meta_rev_at_epoch": 88726,
        "meta_bstar": 0.0014449258,
        "meta_mean_motion_dot": 0.00010498,
        "meta_mean_motion_ddot": 0,
        "tle_line1": "1 35829U 93036ATB 26046.14930968  .00010498  00000+0  14449-2 0  9991",
        "tle_line2": "2 35829  74.0263 332.3956 0005782 355.4557   4.6564 14.78345435887268"
      },
      "geometry": {
        "type": "Point",
        "coordinates": [
          137.25726997904843,
          -3.0910102655029603
        ]
      }
    },
    {
      "type": "Feature",
      "properties": {
        "norad_id": 35830,
        "name": "COSMOS 2251 DEB",
        "group": "cosmos-2251-debris",
        "lat": -32.95631831815064,
        "lon": 123.48465250210175,
        "alt_km": 859.2060189884251,
        "timestamp": "2026-02-23T07:17:29.435265+00:00",
        "meta_object_name": "COSMOS 2251 DEB",
        "meta_object_id": "1993-036ATC",
        "meta_epoch": "2026-02-22T21:20:34.692288",
        "meta_mean_motion": 14.24746336,
        "meta_eccentricity": 0.01171071,
        "meta_inclination": 73.8599,
        "meta_ra_of_asc_node": 135.0607,
        "meta_arg_of_pericenter": 88.6134,
        "meta_mean_anomaly": 272.8423,
        "meta_ephemeris_type": 0,
        "meta_classification_type": "U",
        "meta_norad_cat_id": 35830,
        "meta_element_set_no": 999,
        "meta_rev_at_epoch": 62291,
        "meta_bstar": 0.0014852196,
        "meta_mean_motion_dot": 3.691e-05,
        "meta_mean_motion_ddot": 0,
        "tle_line1": "1 35830U 93036ATC 26053.88929042  .00003691  00000+0  14852-2 0  9998",
        "tle_line2": "2 35830  73.8599 135.0607 0117107  88.6134 272.8423 14.24746336622919"
      },
      "geometry": {
        "type": "Point",
        "coordinates": [
          123.48465250210175,
          -32.95631831815064
        ]
      }
    },
    {
      "type": "Feature",
      "properties": {
        "norad_id": 35834,
        "name": "COSMOS 2251 DEB",
        "group": "cosmos-2251-debris",
        "lat": 73.82095348320138,
        "lon": -101.18329669549058,
        "alt_km": 890.3931596066641,
        "timestamp": "2026-02-23T07:17:29.435275+00:00",
        "meta_object_name": "COSMOS 2251 DEB",
        "meta_object_id": "1993-036ATG",
        "meta_epoch": "2026-02-14T10:46:18.567264",
        "meta_mean_motion": 14.13041554,
        "meta_eccentricity": 0.0110391,
        "meta_inclination": 73.9321,
        "meta_ra_of_asc_node": 191.1646,
        "meta_arg_of_pericenter": 337.4851,
        "meta_mean_anomaly": 82.1902,
        "meta_ephemeris_type": 0,
        "meta_classification_type": "U",
        "meta_norad_cat_id": 35834,
        "meta_element_set_no": 999,
        "meta_rev_at_epoch": 67163,
        "meta_bstar": 0.00039578694,
        "meta_mean_motion_dot": 7.57e-06,
        "meta_mean_motion_ddot": 0,
        "tle_line1": "1 35834U 93036ATG 26045.44882601  .00000757  00000+0  39579-3 0  9998",
        "tle_line2": "2 35834  73.9321 191.1646 0110391 337.4851  82.1902 14.13041554671637"
      },
      "geometry": {
        "type": "Point",
        "coordinates": [
          -101.18329669549058,
          73.82095348320138
        ]
      }
    },
    {
      "type": "Feature",
      "properties": {
        "norad_id": 35835,
        "name": "COSMOS 2251 DEB",
        "group": "cosmos-2251-debris",
        "lat": 62.61959367645825,
        "lon": -67.08353432839729,
        "alt_km": 1147.382042310861,
        "timestamp": "2026-02-23T07:17:29.435285+00:00",
        "meta_object_name": "COSMOS 2251 DEB",
        "meta_object_id": "1993-036ATH",
        "meta_epoch": "2026-02-22T15:06:17.841888",
        "meta_mean_motion": 13.83163189,
        "meta_eccentricity": 0.0295034,
        "meta_inclination": 74.0625,
        "meta_ra_of_asc_node": 147.5352,
        "meta_arg_of_pericenter": 272.8502,
        "meta_mean_anomaly": 83.8896,
        "meta_ephemeris_type": 0,
        "meta_classification_type": "U",
        "meta_norad_cat_id": 35835,
        "meta_element_set_no": 999,
        "meta_rev_at_epoch": 62693,
        "meta_bstar": 0.0014027,
        "meta_mean_motion_dot": 2.123e-05,
        "meta_mean_motion_ddot": 0,
        "tle_line1": "1 35835U 93036ATH 26053.62937317  .00002123  00000+0  14027-2 0  9992",
        "tle_line2": "2 35835  74.0625 147.5352 0295034 272.8502  83.8896 13.83163189626937"
      },
      "geometry": {
        "type": "Point",
        "coordinates": [
          -67.08353432839729,
          62.61959367645825
        ]
      }
    },
    {
      "type": "Feature",
      "properties": {
        "norad_id": 35836,
        "name": "COSMOS 2251 DEB",
        "group": "cosmos-2251-debris",
        "lat": 12.811356018787535,
        "lon": -151.98241706548797,
        "alt_km": 653.6188619136301,
        "timestamp": "2026-02-23T07:17:29.435295+00:00",
        "meta_object_name": "COSMOS 2251 DEB",
        "meta_object_id": "1993-036ATJ",
        "meta_epoch": "2026-02-22T15:52:12.000864",
        "meta_mean_motion": 14.73013778,
        "meta_eccentricity": 0.00187265,
        "meta_inclination": 74.0328,
        "meta_ra_of_asc_node": 33.0022,
        "meta_arg_of_pericenter": 71.8832,
        "meta_mean_anomaly": 288.4378,
        "meta_ephemeris_type": 0,
        "meta_classification_type": "U",
        "meta_norad_cat_id": 35836,
        "meta_element_set_no": 999,
        "meta_rev_at_epoch": 64578,
        "meta_bstar": 0.0022634809,
        "meta_mean_motion_dot": 0.00014584,
        "meta_mean_motion_ddot": 0,
        "tle_line1": "1 35836U 93036ATJ 26053.66125001  .00014584  00000+0  22635-2 0  9994",
        "tle_line2": "2 35836  74.0328  33.0022 0018726  71.8832 288.4378 14.73013778645785"
      },
      "geometry": {
        "type": "Point",
        "coordinates": [
          -151.98241706548797,
          12.811356018787535
        ]
      }
    },
    {
      "type": "Feature",
      "properties": {
        "norad_id": 35837,
        "name": "COSMOS 2251 DEB",
        "group": "cosmos-2251-debris",
        "lat": -61.06402575064205,
        "lon": 54.93458457213687,
        "alt_km": 868.4195473233531,
        "timestamp": "2026-02-23T07:17:29.435305+00:00",
        "meta_object_name": "COSMOS 2251 DEB",
        "meta_object_id": "1993-036ATK",
        "meta_epoch": "2026-02-17T20:08:08.157120",
        "meta_mean_motion": 13.64153358,
        "meta_eccentricity": 0.0415322,
        "meta_inclination": 73.7227,
        "meta_ra_of_asc_node": 95.9359,
        "meta_arg_of_pericenter": 5.1047,
        "meta_mean_anomaly": 105.1787,
        "meta_ephemeris_type": 0,
        "meta_classification_type": "U",
        "meta_norad_cat_id": 35837,
        "meta_element_set_no": 999,
        "meta_rev_at_epoch": 58891,
        "meta_bstar": 0.0030686,
        "meta_mean_motion_dot": 4.382e-05,
        "meta_mean_motion_ddot": 0,
        "tle_line1": "1 35837U 93036ATK 26048.83898330  .00004382  00000+0  30686-2 0  9990",
        "tle_line2": "2 35837  73.7227  95.9359 0415322   5.1047 105.1787 13.64153358588919"
      },
      "geometry": {
        "type": "Point",
        "coordinates": [
          54.93458457213687,
          -61.06402575064205
        ]
      }
    },
    {
      "type": "Feature",
      "properties": {
        "norad_id": 35840,
        "name": "COSMOS 2251 DEB",
        "group": "cosmos-2251-debris",
        "lat": 68.75331563402071,
        "lon": 71.4166988458738,
        "alt_km": 837.6052843696352,
        "timestamp": "2026-02-23T07:17:29.435315+00:00",
        "meta_object_name": "COSMOS 2251 DEB",
        "meta_object_id": "1993-036ATN",
        "meta_epoch": "2026-02-22T14:14:50.941824",
        "meta_mean_motion": 14.38749772,
        "meta_eccentricity": 0.0118522,
        "meta_inclination": 73.9348,
        "meta_ra_of_asc_node": 24.9056,
        "meta_arg_of_pericenter": 271.4717,
        "meta_mean_anomaly": 87.2862,
        "meta_ephemeris_type": 0,
        "meta_classification_type": "U",
        "meta_norad_cat_id": 35840,
        "meta_element_set_no": 999,
        "meta_rev_at_epoch": 86324,
        "meta_bstar": 0.0021528,
        "meta_mean_motion_dot": 7.153e-05,
        "meta_mean_motion_ddot": 0,
        "tle_line1": "1 35840U 93036ATN 26053.59364516  .00007153  00000+0  21528-2 0  9991",
        "tle_line2": "2 35840  73.9348  24.9056 0118522 271.4717  87.2862 14.38749772863248"
      },
      "geometry": {
        "type": "Point",
        "coordinates": [
          71.4166988458738,
          68.75331563402071
        ]
      }
    },
    {
      "type": "Feature",
      "properties": {
        "norad_id": 35883,
        "name": "COSMOS 2251 DEB",
        "group": "cosmos-2251-debris",
        "lat": 72.51974749287245,
        "lon": -1.0427314451949963,
        "alt_km": 670.3016853443123,
        "timestamp": "2026-02-23T07:17:29.435325+00:00",
        "meta_object_name": "COSMOS 2251 DEB",
        "meta_object_id": "1993-036ATW",
        "meta_epoch": "2026-02-14T01:25:55.152768",
        "meta_mean_motion": 14.50773681,
        "meta_eccentricity": 0.00819848,
        "meta_inclination": 74.0248,
        "meta_ra_of_asc_node": 310.8888,
        "meta_arg_of_pericenter": 63.4989,
        "meta_mean_anomaly": 357.8793,
        "meta_ephemeris_type": 0,
        "meta_classification_type": "U",
        "meta_norad_cat_id": 35883,
        "meta_element_set_no": 999,
        "meta_rev_at_epoch": 63304,
        "meta_bstar": 0.00028013865,
        "meta_mean_motion_dot": 1.122e-05,
        "meta_mean_motion_ddot": 0,
        "tle_line1": "1 35883U 93036ATW 26045.05966612  .00001122  00000+0  28014-3 0  9993",
        "tle_line2": "2 35883  74.0248 310.8888 0081984  63.4989 357.8793 14.50773681633049"
      },
      "geometry": {
        "type": "Point",
        "coordinates": [
          -1.0427314451949963,
          72.51974749287245
        ]
      }
    },
    {
      "type": "Feature",
      "properties": {
        "norad_id": 35884,
        "name": "COSMOS 2251 DEB",
        "group": "cosmos-2251-debris",
        "lat": -10.727223684735886,
        "lon": 27.6695142572642,
        "alt_km": 871.9374714982832,
        "timestamp": "2026-02-23T07:17:29.435334+00:00",
        "meta_object_name": "COSMOS 2251 DEB",
        "meta_object_id": "1993-036ATX",
        "meta_epoch": "2026-02-14T20:23:06.722304",
        "meta_mean_motion": 14.26226388,
        "meta_eccentricity": 0.01118844,
        "meta_inclination": 73.9877,
        "meta_ra_of_asc_node": 219.8695,
        "meta_arg_of_pericenter": 351.2575,
        "meta_mean_anomaly": 8.6619,
        "meta_ephemeris_type": 0,
        "meta_classification_type": "U",
        "meta_norad_cat_id": 35884,
        "meta_element_set_no": 999,
        "meta_rev_at_epoch": 23271,
        "meta_bstar": 0.00091069659,
        "meta_mean_motion_dot": 2.306e-05,
        "meta_mean_motion_ddot": 0,
        "tle_line1": "1 35884U 93036ATX 26045.84938336  .00002306  00000+0  91070-3 0  9990",
        "tle_line2": "2 35884  73.9877 219.8695 0111884 351.2575   8.6619 14.26226388232719"
      },
      "geometry": {
        "type": "Point",
        "coordinates": [
          27.6695142572642,
          -10.727223684735886
        ]
      }
    },
    {
      "type": "Feature",
      "properties": {
        "norad_id": 35885,
        "name": "COSMOS 2251 DEB",
        "group": "cosmos-2251-debris",
        "lat": 43.97057493359666,
        "lon": -34.86503102022332,
        "alt_km": 763.8261724652921,
        "timestamp": "2026-02-23T07:17:29.435344+00:00",
        "meta_object_name": "COSMOS 2251 DEB",
        "meta_object_id": "1993-036ATY",
        "meta_epoch": "2026-02-16T17:41:07.830816",
        "meta_mean_motion": 14.37663181,
        "meta_eccentricity": 0.00248402,
        "meta_inclination": 74.0273,
        "meta_ra_of_asc_node": 173.2645,
        "meta_arg_of_pericenter": 242.9988,
        "meta_mean_anomaly": 116.863,
        "meta_ephemeris_type": 0,
        "meta_classification_type": "U",
        "meta_norad_cat_id": 35885,
        "meta_element_set_no": 999,
        "meta_rev_at_epoch": 65964,
        "meta_bstar": 0.00029805548,
        "meta_mean_motion_dot": 8.72e-06,
        "meta_mean_motion_ddot": 0,
        "tle_line1": "1 35885U 93036ATY 26047.73689619  .00000872  00000+0  29806-3 0  9992",
        "tle_line2": "2 35885  74.0273 173.2645 0024840 242.9988 116.8630 14.37663181659647"
      },
      "geometry": {
        "type": "Point",
        "coordinates": [
          -34.86503102022332,
          43.97057493359666
        ]
      }
    },
    {
      "type": "Feature",
      "properties": {
        "norad_id": 35888,
        "name": "COSMOS 2251 DEB",
        "group": "cosmos-2251-debris",
        "lat": 37.854922300013136,
        "lon": 25.655333209414685,
        "alt_km": 729.4776572300316,
        "timestamp": "2026-02-23T07:17:29.435354+00:00",
        "meta_object_name": "COSMOS 2251 DEB",
        "meta_object_id": "1993-036AUB",
        "meta_epoch": "2026-02-19T03:53:15.332064",
        "meta_mean_motion": 14.586333,
        "meta_eccentricity": 0.00502886,
        "meta_inclination": 74.0331,
        "meta_ra_of_asc_node": 226.3972,
        "meta_arg_of_pericenter": 339.086,
        "meta_mean_anomaly": 20.8246,
        "meta_ephemeris_type": 0,
        "meta_classification_type": "U",
        "meta_norad_cat_id": 35888,
        "meta_element_set_no": 999,
        "meta_rev_at_epoch": 87271,
        "meta_bstar": 0.00030453354,
        "meta_mean_motion_dot": 1.413e-05,
        "meta_mean_motion_ddot": 0,
        "tle_line1": "1 35888U 93036AUB 26050.16198301  .00001413  00000+0  30453-3 0  9991",
        "tle_line2": "2 35888  74.0331 226.3972 0050288 339.0860  20.8246 14.58633300872715"
      },
      "geometry": {
        "type": "Point",
        "coordinates": [
          25.655333209414685,
          37.854922300013136
        ]
      }
    },
    {
      "type": "Feature",
      "properties": {
        "norad_id": 35890,
        "name": "COSMOS 2251 DEB",
        "group": "cosmos-2251-debris",
        "lat": 73.66831421394612,
        "lon": -176.62105058295015,
        "alt_km": 714.6917030886598,
        "timestamp": "2026-02-23T07:17:29.435364+00:00",
        "meta_object_name": "COSMOS 2251 DEB",
        "meta_object_id": "1993-036AUD",
        "meta_epoch": "2026-02-09T13:42:00.938880",
        "meta_mean_motion": 14.58605375,
        "meta_eccentricity": 0.0055996,
        "meta_inclination": 73.9341,
        "meta_ra_of_asc_node": 130.1118,
        "meta_arg_of_pericenter": 246.2738,
        "meta_mean_anomaly": 113.2546,
        "meta_ephemeris_type": 0,
        "meta_classification_type": "U",
        "meta_norad_cat_id": 35890,
        "meta_element_set_no": 999,
        "meta_rev_at_epoch": 66008,
        "meta_bstar": 0.0018236,
        "meta_mean_motion_dot": 8.655e-05,
        "meta_mean_motion_ddot": 0,
        "tle_line1": "1 35890U 93036AUD 26040.57084420  .00008655  00000+0  18236-2 0  9993",
        "tle_line2": "2 35890  73.9341 130.1118 0055996 246.2738 113.2546 14.58605375660081"
      },
      "geometry": {
        "type": "Point",
        "coordinates": [
          -176.62105058295015,
          73.66831421394612
        ]
      }
    },
    {
      "type": "Feature",
      "properties": {
        "norad_id": 35891,
        "name": "COSMOS 2251 DEB",
        "group": "cosmos-2251-debris",
        "lat": 37.58487090674751,
        "lon": -49.91382480566639,
        "alt_km": 415.86491253415625,
        "timestamp": "2026-02-23T07:17:29.435374+00:00",
        "meta_object_name": "COSMOS 2251 DEB",
        "meta_object_id": "1993-036AUE",
        "meta_epoch": "2026-02-21T23:57:40.734432",
        "meta_mean_motion": 15.41007966,
        "meta_eccentricity": 0.00355474,
        "meta_inclination": 73.9869,
        "meta_ra_of_asc_node": 300.1482,
        "meta_arg_of_pericenter": 52.1003,
        "meta_mean_anomaly": 308.341,
        "meta_ephemeris_type": 0,
        "meta_classification_type": "U",
        "meta_norad_cat_id": 35891,
        "meta_element_set_no": 999,
        "meta_rev_at_epoch": 68315,
        "meta_bstar": 0.0010732968,
        "meta_mean_motion_dot": 0.00045511,
        "meta_mean_motion_ddot": 0,
        "tle_line1": "1 35891U 93036AUE 26052.99838813  .00045511  00000+0  10733-2 0  9992",
        "tle_line2": "2 35891  73.9869 300.1482 0035547  52.1003 308.3410 15.41007966683154"
      },
      "geometry": {
        "type": "Point",
        "coordinates": [
          -49.91382480566639,
          37.58487090674751
        ]
      }
    },
    {
      "type": "Feature",
      "properties": {
        "norad_id": 35895,
        "name": "COSMOS 2251 DEB",
        "group": "cosmos-2251-debris",
        "lat": -3.7217360914921507,
        "lon": -139.31782258207016,
        "alt_km": 800.682050603521,
        "timestamp": "2026-02-23T07:17:29.435384+00:00",
        "meta_object_name": "COSMOS 2251 DEB",
        "meta_object_id": "1993-036AUJ",
        "meta_epoch": "2026-01-28T07:57:02.738016",
        "meta_mean_motion": 14.01862986,
        "meta_eccentricity": 0.0201016,
        "meta_inclination": 74.0475,
        "meta_ra_of_asc_node": 266.8215,
        "meta_arg_of_pericenter": 354.0441,
        "meta_mean_anomaly": 5.8303,
        "meta_ephemeris_type": 0,
        "meta_classification_type": "U",
        "meta_norad_cat_id": 35895,
        "meta_element_set_no": 999,
        "meta_rev_at_epoch": 59665,
        "meta_bstar": 0.0022467269,
        "meta_mean_motion_dot": 4.056e-05,
        "meta_mean_motion_ddot": 0,
        "tle_line1": "1 35895U 93036AUJ 26028.33128169  .00004056  00000+0  22467-2 0  9999",
        "tle_line2": "2 35895  74.0475 266.8215 0201016 354.0441   5.8303 14.01862986596655"
      },
      "geometry": {
        "type": "Point",
        "coordinates": [
          -139.31782258207016,
          -3.7217360914921507
        ]
      }
    },
    {
      "type": "Feature",
      "properties": {
        "norad_id": 35898,
        "name": "COSMOS 2251 DEB",
        "group": "cosmos-2251-debris",
        "lat": 10.210785627805995,
        "lon": -32.351282880298264,
        "alt_km": 596.6311644171819,
        "timestamp": "2026-02-23T07:17:29.435394+00:00",
        "meta_object_name": "COSMOS 2251 DEB",
        "meta_object_id": "1993-036AUM",
        "meta_epoch": "2026-02-21T14:41:17.153376",
        "meta_mean_motion": 14.96029551,
        "meta_eccentricity": 0.0081226,
        "meta_inclination": 73.991,
        "meta_ra_of_asc_node": 154.0386,
        "meta_arg_of_pericenter": 280.299,
        "meta_mean_anomaly": 142.0442,
        "meta_ephemeris_type": 0,
        "meta_classification_type": "U",
        "meta_norad_cat_id": 35898,
        "meta_element_set_no": 999,
        "meta_rev_at_epoch": 67869,
        "meta_bstar": 0.0006253,
        "meta_mean_motion_dot": 7.468e-05,
        "meta_mean_motion_ddot": 0,
        "tle_line1": "1 35898U 93036AUM 26052.61200409  .00007468  00000+0  62530-3 0  9994",
        "tle_line2": "2 35898  73.9910 154.0386 0081226 280.2990 142.0442 14.96029551678695"
      },
      "geometry": {
        "type": "Point",
        "coordinates": [
          -32.351282880298264,
          10.210785627805995
        ]
      }
    },
    {
      "type": "Feature",
      "properties": {
        "norad_id": 35901,
        "name": "COSMOS 2251 DEB",
        "group": "cosmos-2251-debris",
        "lat": -31.23068375773626,
        "lon": -137.76460423142746,
        "alt_km": 518.0245699404795,
        "timestamp": "2026-02-23T07:17:29.435404+00:00",
        "meta_object_name": "COSMOS 2251 DEB",
        "meta_object_id": "1993-036AUQ",
        "meta_epoch": "2026-02-15T20:58:29.350848",
        "meta_mean_motion": 15.17479625,
        "meta_eccentricity": 0.0003578,
        "meta_inclination": 74.0056,
        "meta_ra_of_asc_node": 247.8005,
        "meta_arg_of_pericenter": 183.4568,
        "meta_mean_anomaly": 237.1663,
        "meta_ephemeris_type": 0,
        "meta_classification_type": "U",
        "meta_norad_cat_id": 35901,
        "meta_element_set_no": 999,
        "meta_rev_at_epoch": 87111,
        "meta_bstar": 0.0038598,
        "meta_mean_motion_dot": 0.00078165,
        "meta_mean_motion_ddot": 0,
        "tle_line1": "1 35901U 93036AUQ 26046.87395082  .00078165  00000+0  38598-2 0  9990",
        "tle_line2": "2 35901  74.0056 247.8005 0003578 183.4568 237.1663 15.17479625871119"
      },
      "geometry": {
        "type": "Point",
        "coordinates": [
          -137.76460423142746,
          -31.23068375773626
        ]
      }
    },
    {
      "type": "Feature",
      "properties": {
        "norad_id": 35902,
        "name": "COSMOS 2251 DEB",
        "group": "cosmos-2251-debris",
        "lat": -66.19084046592923,
        "lon": 62.20303806336038,
        "alt_km": 799.0461338987689,
        "timestamp": "2026-02-23T07:17:29.435414+00:00",
        "meta_object_name": "COSMOS 2251 DEB",
        "meta_object_id": "1993-036AUR",
        "meta_epoch": "2026-02-22T19:51:27.512928",
        "meta_mean_motion": 14.27373121,
        "meta_eccentricity": 0.01031755,
        "meta_inclination": 73.9812,
        "meta_ra_of_asc_node": 103.6912,
        "meta_arg_of_pericenter": 204.7404,
        "meta_mean_anomaly": 154.8778,
        "meta_ephemeris_type": 0,
        "meta_classification_type": "U",
        "meta_norad_cat_id": 35902,
        "meta_element_set_no": 999,
        "meta_rev_at_epoch": 62158,
        "meta_bstar": 0.00081412374,
        "meta_mean_motion_dot": 2.086e-05,
        "meta_mean_motion_ddot": 0,
        "tle_line1": "1 35902U 93036AUR 26053.82740177  .00002086  00000+0  81412-3 0  9996",
        "tle_line2": "2 35902  73.9812 103.6912 0103175 204.7404 154.8778 14.27373121621584"
      },
      "geometry": {
        "type": "Point",
        "coordinates": [
          62.20303806336038,
          -66.19084046592923
        ]
      }
    },
    {
      "type": "Feature",
      "properties": {
        "norad_id": 35905,
        "name": "COSMOS 2251 DEB",
        "group": "cosmos-2251-debris",
        "lat": 70.32626150562966,
        "lon": -169.86590157505228,
        "alt_km": 503.97313894203216,
        "timestamp": "2026-02-23T07:17:29.435424+00:00",
        "meta_object_name": "COSMOS 2251 DEB",
        "meta_object_id": "1993-036AUU",
        "meta_epoch": "2026-02-10T11:34:21.872640",
        "meta_mean_motion": 15.00224676,
        "meta_eccentricity": 0.00860305,
        "meta_inclination": 74.031,
        "meta_ra_of_asc_node": 89.4223,
        "meta_arg_of_pericenter": 155.1334,
        "meta_mean_anomaly": 205.4038,
        "meta_ephemeris_type": 0,
        "meta_classification_type": "U",
        "meta_norad_cat_id": 35905,
        "meta_element_set_no": 999,
        "meta_rev_at_epoch": 89478,
        "meta_bstar": 0.00048455895,
        "meta_mean_motion_dot": 6.519e-05,
        "meta_mean_motion_ddot": 0,
        "tle_line1": "1 35905U 93036AUU 26041.48219760  .00006519  00000+0  48456-3 0  9993",
        "tle_line2": "2 35905  74.0310  89.4223 0086030 155.1334 205.4038 15.00224676894787"
      },
      "geometry": {
        "type": "Point",
        "coordinates": [
          -169.86590157505228,
          70.32626150562966
        ]
      }
    },
    {
      "type": "Feature",
      "properties": {
        "norad_id": 35959,
        "name": "COSMOS 2251 DEB",
        "group": "cosmos-2251-debris",
        "lat": 43.633444964885264,
        "lon": -164.93868529390875,
        "alt_km": 789.4158718689714,
        "timestamp": "2026-02-23T07:17:29.435434+00:00",
        "meta_object_name": "COSMOS 2251 DEB",
        "meta_object_id": "1993-036AUZ",
        "meta_epoch": "2026-02-21T08:12:11.672928",
        "meta_mean_motion": 14.34193103,
        "meta_eccentricity": 0.00233831,
        "meta_inclination": 74.0326,
        "meta_ra_of_asc_node": 182.8107,
        "meta_arg_of_pericenter": 250.3481,
        "meta_mean_anomaly": 109.5148,
        "meta_ephemeris_type": 0,
        "meta_classification_type": "U",
        "meta_norad_cat_id": 35959,
        "meta_element_set_no": 999,
        "meta_rev_at_epoch": 85940,
        "meta_bstar": 0.00011625455,
        "meta_mean_motion_dot": 3e-06,
        "meta_mean_motion_ddot": 0,
        "tle_line1": "1 35959U 93036AUZ 26052.34180177  .00000300  00000+0  11625-3 0  9998",
        "tle_line2": "2 35959  74.0326 182.8107 0023383 250.3481 109.5148 14.34193103859407"
      },
      "geometry": {
        "type": "Point",
        "coordinates": [
          -164.93868529390875,
          43.633444964885264
        ]
      }
    },
    {
      "type": "Feature",
      "properties": {
        "norad_id": 35961,
        "name": "COSMOS 2251 DEB",
        "group": "cosmos-2251-debris",
        "lat": 72.9488422979715,
        "lon": -173.57447830008303,
        "alt_km": 893.480177230058,
        "timestamp": "2026-02-23T07:17:29.435444+00:00",
        "meta_object_name": "COSMOS 2251 DEB",
        "meta_object_id": "1993-036AVB",
        "meta_epoch": "2026-02-12T19:47:53.746368",
        "meta_mean_motion": 14.05804438,
        "meta_eccentricity": 0.0188859,
        "meta_inclination": 73.924,
        "meta_ra_of_asc_node": 94.9474,
        "meta_arg_of_pericenter": 13.7456,
        "meta_mean_anomaly": 346.872,
        "meta_ephemeris_type": 0,
        "meta_classification_type": "U",
        "meta_norad_cat_id": 35961,
        "meta_element_set_no": 999,
        "meta_rev_at_epoch": 63554,
        "meta_bstar": 0.0013325,
        "meta_mean_motion_dot": 2.532e-05,
        "meta_mean_motion_ddot": 0,
        "tle_line1": "1 35961U 93036AVB 26043.82492762  .00002532  00000+0  13325-2 0  9997",
        "tle_line2": "2 35961  73.9240  94.9474 0188859  13.7456 346.8720 14.05804438635543"
      },
      "geometry": {
        "type": "Point",
        "coordinates": [
          -173.57447830008303,
          72.9488422979715
        ]
      }
    },
    {
      "type": "Feature",
      "properties": {
        "norad_id": 35979,
        "name": "COSMOS 2251 DEB",
        "group": "cosmos-2251-debris",
        "lat": 59.126758669983325,
        "lon": -112.33785701551693,
        "alt_km": 642.0193251450892,
        "timestamp": "2026-02-23T07:17:29.435454+00:00",
        "meta_object_name": "COSMOS 2251 DEB",
        "meta_object_id": "1993-036AVV",
        "meta_epoch": "2026-02-14T15:10:25.607712",
        "meta_mean_motion": 14.75555831,
        "meta_eccentricity": 0.0060099,
        "meta_inclination": 74.0101,
        "meta_ra_of_asc_node": 113.3058,
        "meta_arg_of_pericenter": 232.9629,
        "meta_mean_anomaly": 278.9497,
        "meta_ephemeris_type": 0,
        "meta_classification_type": "U",
        "meta_norad_cat_id": 35979,
        "meta_element_set_no": 999,
        "meta_rev_at_epoch": 89575,
        "meta_bstar": 0.00066056026,
        "meta_mean_motion_dot": 4.603e-05,
        "meta_mean_motion_ddot": 0,
        "tle_line1": "1 35979U 93036AVV 26045.63224083  .00004603  00000+0  66056-3 0  9997",
        "tle_line2": "2 35979  74.0101 113.3058 0060099 232.9629 278.9497 14.75555831895750"
      },
      "geometry": {
        "type": "Point",
        "coordinates": [
          -112.33785701551693,
          59.126758669983325
        ]
      }
    },
    {
      "type": "Feature",
      "properties": {
        "norad_id": 35980,
        "name": "COSMOS 2251 DEB",
        "group": "cosmos-2251-debris",
        "lat": -22.787023399783525,
        "lon": -23.77783306717665,
        "alt_km": 718.0817396856128,
        "timestamp": "2026-02-23T07:17:29.435464+00:00",
        "meta_object_name": "COSMOS 2251 DEB",
        "meta_object_id": "1993-036AVW",
        "meta_epoch": "2026-02-19T04:45:21.558816",
        "meta_mean_motion": 14.6036016,
        "meta_eccentricity": 0.0050613,
        "meta_inclination": 73.914,
        "meta_ra_of_asc_node": 351.0793,
        "meta_arg_of_pericenter": 111.6142,
        "meta_mean_anomaly": 249.0426,
        "meta_ephemeris_type": 0,
        "meta_classification_type": "U",
        "meta_norad_cat_id": 35980,
        "meta_element_set_no": 999,
        "meta_rev_at_epoch": 62485,
        "meta_bstar": 0.001148,
        "meta_mean_motion_dot": 5.627e-05,
        "meta_mean_motion_ddot": 0,
        "tle_line1": "1 35980U 93036AVW 26050.19816619  .00005627  00000+0  11480-2 0  9995",
        "tle_line2": "2 35980  73.9140 351.0793 0050613 111.6142 249.0426 14.60360160624859"
      },
      "geometry": {
        "type": "Point",
        "coordinates": [
          -23.77783306717665,
          -22.787023399783525
        ]
      }
    },
    {
      "type": "Feature",
      "properties": {
        "norad_id": 35982,
        "name": "COSMOS 2251 DEB",
        "group": "cosmos-2251-debris",
        "lat": 1.3485928130470912,
        "lon": -151.6551460629599,
        "alt_km": 696.3271786107834,
        "timestamp": "2026-02-23T07:17:29.435474+00:00",
        "meta_object_name": "COSMOS 2251 DEB",
        "meta_object_id": "1993-036AVY",
        "meta_epoch": "2026-02-22T19:47:57.399360",
        "meta_mean_motion": 14.63277371,
        "meta_eccentricity": 0.00659841,
        "meta_inclination": 74.0565,
        "meta_ra_of_asc_node": 208.8763,
        "meta_arg_of_pericenter": 258.211,
        "meta_mean_anomaly": 101.1651,
        "meta_ephemeris_type": 0,
        "meta_classification_type": "U",
        "meta_norad_cat_id": 35982,
        "meta_element_set_no": 999,
        "meta_rev_at_epoch": 87220,
        "meta_bstar": 0.00064624443,
        "meta_mean_motion_dot": 3.408e-05,
        "meta_mean_motion_ddot": 0,
        "tle_line1": "1 35982U 93036AVY 26053.82496990  .00003408  00000+0  64624-3 0  9990",
        "tle_line2": "2 35982  74.0565 208.8763 0065984 258.2110 101.1651 14.63277371872206"
      },
      "geometry": {
        "type": "Point",
        "coordinates": [
          -151.6551460629599,
          1.3485928130470912
        ]
      }
    },
    {
      "type": "Feature",
      "properties": {
        "norad_id": 35987,
        "name": "COSMOS 2251 DEB",
        "group": "cosmos-2251-debris",
        "lat": -73.98315769364464,
        "lon": 102.95897951271695,
        "alt_km": 722.7315647787127,
        "timestamp": "2026-02-23T07:17:29.435484+00:00",
        "meta_object_name": "COSMOS 2251 DEB",
        "meta_object_id": "1993-036AWD",
        "meta_epoch": "2026-02-18T09:37:10.835904",
        "meta_mean_motion": 14.43621486,
        "meta_eccentricity": 0.0049407,
        "meta_inclination": 73.9979,
        "meta_ra_of_asc_node": 200.6413,
        "meta_arg_of_pericenter": 310.1278,
        "meta_mean_anomaly": 49.5554,
        "meta_ephemeris_type": 0,
        "meta_classification_type": "U",
        "meta_norad_cat_id": 35987,
        "meta_element_set_no": 999,
        "meta_rev_at_epoch": 62041,
        "meta_bstar": 0.0008314,
        "meta_mean_motion_dot": 2.835e-05,
        "meta_mean_motion_ddot": 0,
        "tle_line1": "1 35987U 93036AWD 26049.40081986  .00002835  00000+0  83140-3 0  9996",
        "tle_line2": "2 35987  73.9979 200.6413 0049407 310.1278  49.5554 14.43621486620414"
      },
      "geometry": {
        "type": "Point",
        "coordinates": [
          102.95897951271695,
          -73.98315769364464
        ]
      }
    },
    {
      "type": "Feature",
      "properties": {
        "norad_id": 35989,
        "name": "COSMOS 2251 DEB",
        "group": "cosmos-2251-debris",
        "lat": 51.409346887160275,
        "lon": -50.62503650051741,
        "alt_km": 764.0249244387196,
        "timestamp": "2026-02-23T07:17:29.435494+00:00",
        "meta_object_name": "COSMOS 2251 DEB",
        "meta_object_id": "1993-036AWF",
        "meta_epoch": "2026-02-18T23:07:51.367008",
        "meta_mean_motion": 14.37198036,
        "meta_eccentricity": 0.0023152,
        "meta_inclination": 74.0397,
        "meta_ra_of_asc_node": 158.3679,
        "meta_arg_of_pericenter": 229.5118,
        "meta_mean_anomaly": 130.4018,
        "meta_ephemeris_type": 0,
        "meta_classification_type": "U",
        "meta_norad_cat_id": 35989,
        "meta_element_set_no": 999,
        "meta_rev_at_epoch": 88159,
        "meta_bstar": 0.00017764,
        "meta_mean_motion_dot": 5.04e-06,
        "meta_mean_motion_ddot": 0,
        "tle_line1": "1 35989U 93036AWF 26049.96378897  .00000504  00000+0  17764-3 0  9999",
        "tle_line2": "2 35989  74.0397 158.3679 0023152 229.5118 130.4018 14.37198036881596"
      },
      "geometry": {
        "type": "Point",
        "coordinates": [
          -50.62503650051741,
          51.409346887160275
        ]
      }
    },
    {
      "type": "Feature",
      "properties": {
        "norad_id": 35993,
        "name": "COSMOS 2251 DEB",
        "group": "cosmos-2251-debris",
        "lat": -53.677119490723996,
        "lon": 35.85883194046577,
        "alt_km": 691.754152390331,
        "timestamp": "2026-02-23T07:17:29.435504+00:00",
        "meta_object_name": "COSMOS 2251 DEB",
        "meta_object_id": "1993-036AWK",
        "meta_epoch": "2026-02-04T05:14:04.977888",
        "meta_mean_motion": 14.65801878,
        "meta_eccentricity": 0.0029238,
        "meta_inclination": 74.0119,
        "meta_ra_of_asc_node": 229.7058,
        "meta_arg_of_pericenter": 41.1602,
        "meta_mean_anomaly": 319.1764,
        "meta_ephemeris_type": 0,
        "meta_classification_type": "U",
        "meta_norad_cat_id": 35993,
        "meta_element_set_no": 999,
        "meta_rev_at_epoch": 61226,
        "meta_bstar": 0.00073458,
        "meta_mean_motion_dot": 4.004e-05,
        "meta_mean_motion_ddot": 0,
        "tle_line1": "1 35993U 93036AWK 26035.21811317  .00004004  00000+0  73458-3 0  9997",
        "tle_line2": "2 35993  74.0119 229.7058 0029238  41.1602 319.1764 14.65801878612260"
      },
      "geometry": {
        "type": "Point",
        "coordinates": [
          35.85883194046577,
          -53.677119490723996
        ]
      }
    },
    {
      "type": "Feature",
      "properties": {
        "norad_id": 35996,
        "name": "COSMOS 2251 DEB",
        "group": "cosmos-2251-debris",
        "lat": 26.275095254948177,
        "lon": -38.44185305623546,
        "alt_km": 474.3767468793185,
        "timestamp": "2026-02-23T07:17:29.435514+00:00",
        "meta_object_name": "COSMOS 2251 DEB",
        "meta_object_id": "1993-036AWN",
        "meta_epoch": "2026-02-20T02:53:38.347008",
        "meta_mean_motion": 15.10863655,
        "meta_eccentricity": 0.00837943,
        "meta_inclination": 74.015,
        "meta_ra_of_asc_node": 320.0081,
        "meta_arg_of_pericenter": 31.3164,
        "meta_mean_anomaly": 329.2979,
        "meta_ephemeris_type": 0,
        "meta_classification_type": "U",
        "meta_norad_cat_id": 35996,
        "meta_element_set_no": 999,
        "meta_rev_at_epoch": 73373,
        "meta_bstar": 0.00053002099,
        "meta_mean_motion_dot": 9.561e-05,
        "meta_mean_motion_ddot": 0,
        "tle_line1": "1 35996U 93036AWN 26051.12058272  .00009561  00000+0  53002-3 0  9997",
        "tle_line2": "2 35996  74.0150 320.0081 0083794  31.3164 329.2979 15.10863655733738"
      },
      "geometry": {
        "type": "Point",
        "coordinates": [
          -38.44185305623546,
          26.275095254948177
        ]
      }
    },
    {
      "type": "Feature",
      "properties": {
        "norad_id": 35997,
        "name": "COSMOS 2251 DEB",
        "group": "cosmos-2251-debris",
        "lat": -17.103175096266163,
        "lon": 45.71925502725518,
        "alt_km": 730.9590817370208,
        "timestamp": "2026-02-23T07:17:29.435524+00:00",
        "meta_object_name": "COSMOS 2251 DEB",
        "meta_object_id": "1993-036AWP",
        "meta_epoch": "2026-02-03T20:59:15.639648",
        "meta_mean_motion": 14.51701617,
        "meta_eccentricity": 0.00132893,
        "meta_inclination": 74.043,
        "meta_ra_of_asc_node": 87.3268,
        "meta_arg_of_pericenter": 158.4434,
        "meta_mean_anomaly": 201.729,
        "meta_ephemeris_type": 0,
        "meta_classification_type": "U",
        "meta_norad_cat_id": 35997,
        "meta_element_set_no": 999,
        "meta_rev_at_epoch": 71655,
        "meta_bstar": 0.00065571833,
        "meta_mean_motion_dot": 2.608e-05,
        "meta_mean_motion_ddot": 0,
        "tle_line1": "1 35997U 93036AWP 26034.87448657  .00002608  00000+0  65572-3 0  9991",
        "tle_line2": "2 35997  74.0430  87.3268 0013289 158.4434 201.7290 14.51701617716557"
      },
      "geometry": {
        "type": "Point",
        "coordinates": [
          45.71925502725518,
          -17.103175096266163
        ]
      }
    },
    {
      "type": "Feature",
      "properties": {
        "norad_id": 36000,
        "name": "COSMOS 2251 DEB",
        "group": "cosmos-2251-debris",
        "lat": 73.95103784349692,
        "lon": 27.020088815253878,
        "alt_km": 562.3046423371461,
        "timestamp": "2026-02-23T07:17:29.435534+00:00",
        "meta_object_name": "COSMOS 2251 DEB",
        "meta_object_id": "1993-036AWS",
        "meta_epoch": "2026-02-05T13:08:53.275776",
        "meta_mean_motion": 14.93380606,
        "meta_eccentricity": 0.0026806,
        "meta_inclination": 73.9936,
        "meta_ra_of_asc_node": 336.5993,
        "meta_arg_of_pericenter": 75.5967,
        "meta_mean_anomaly": 284.8188,
        "meta_ephemeris_type": 0,
        "meta_classification_type": "U",
        "meta_norad_cat_id": 36000,
        "meta_element_set_no": 999,
        "meta_rev_at_epoch": 60987,
        "meta_bstar": 0.0056803,
        "meta_mean_motion_dot": 0.00060528,
        "meta_mean_motion_ddot": 0,
        "tle_line1": "1 36000U 93036AWS 26036.54783884  .00060528  00000+0  56803-2 0  9998",
        "tle_line2": "2 36000  73.9936 336.5993 0026806  75.5967 284.8188 14.93380606609876"
      },
      "geometry": {
        "type": "Point",
        "coordinates": [
          27.020088815253878,
          73.95103784349692
        ]
      }
    },
    {
      "type": "Feature",
      "properties": {
        "norad_id": 36005,
        "name": "COSMOS 2251 DEB",
        "group": "cosmos-2251-debris",
        "lat": 9.609934063999333,
        "lon": -38.99411055421384,
        "alt_km": 718.2411859716321,
        "timestamp": "2026-02-23T07:17:29.435544+00:00",
        "meta_object_name": "COSMOS 2251 DEB",
        "meta_object_id": "1993-036AWX",
        "meta_epoch": "2026-02-22T01:23:18.008448",
        "meta_mean_motion": 14.47468851,
        "meta_eccentricity": 0.00597611,
        "meta_inclination": 74.0284,
        "meta_ra_of_asc_node": 320.5569,
        "meta_arg_of_pericenter": 79.5313,
        "meta_mean_anomaly": 281.2572,
        "meta_ephemeris_type": 0,
        "meta_classification_type": "U",
        "meta_norad_cat_id": 36005,
        "meta_element_set_no": 999,
        "meta_rev_at_epoch": 88616,
        "meta_bstar": 0.00013257394,
        "meta_mean_motion_dot": 4.7e-06,
        "meta_mean_motion_ddot": 0,
        "tle_line1": "1 36005U 93036AWX 26053.05784732  .00000470  00000+0  13257-3 0  9998",
        "tle_line2": "2 36005  74.0284 320.5569 0059761  79.5313 281.2572 14.47468851886161"
      },
      "geometry": {
        "type": "Point",
        "coordinates": [
          -38.99411055421384,
          9.609934063999333
        ]
      }
    },
    {
      "type": "Feature",
      "properties": {
        "norad_id": 36045,
        "name": "COSMOS 2251 DEB",
        "group": "cosmos-2251-debris",
        "lat": 73.2930206032942,
        "lon": -7.989786358633532,
        "alt_km": 680.0135721137922,
        "timestamp": "2026-02-23T07:17:29.435554+00:00",
        "meta_object_name": "COSMOS 2251 DEB",
        "meta_object_id": "1993-036AXG",
        "meta_epoch": "2026-02-20T23:26:37.156416",
        "meta_mean_motion": 14.72006851,
        "meta_eccentricity": 0.0047603,
        "meta_inclination": 73.7618,
        "meta_ra_of_asc_node": 280.441,
        "meta_arg_of_pericenter": 282.1865,
        "meta_mean_anomaly": 77.3975,
        "meta_ephemeris_type": 0,
        "meta_classification_type": "U",
        "meta_norad_cat_id": 36045,
        "meta_element_set_no": 999,
        "meta_rev_at_epoch": 9421,
        "meta_bstar": 0.0010786,
        "meta_mean_motion_dot": 6.864e-05,
        "meta_mean_motion_ddot": 0,
        "tle_line1": "1 36045U 93036AXG 26051.97681894  .00006864  00000+0  10786-2 0  9992",
        "tle_line2": "2 36045  73.7618 280.4410 0047603 282.1865  77.3975 14.72006851 94211"
      },
      "geometry": {
        "type": "Point",
        "coordinates": [
          -7.989786358633532,
          73.2930206032942
        ]
      }
    },
    {
      "type": "Feature",
      "properties": {
        "norad_id": 36046,
        "name": "COSMOS 2251 DEB",
        "group": "cosmos-2251-debris",
        "lat": 8.532292166714704,
        "lon": -45.82079840205386,
        "alt_km": 678.7200887632307,
        "timestamp": "2026-02-23T07:17:29.435564+00:00",
        "meta_object_name": "COSMOS 2251 DEB",
        "meta_object_id": "1993-036AXH",
        "meta_epoch": "2026-02-10T13:53:43.154880",
        "meta_mean_motion": 14.65692327,
        "meta_eccentricity": 0.00583451,
        "meta_inclination": 74.0165,
        "meta_ra_of_asc_node": 161.1681,
        "meta_arg_of_pericenter": 292.7576,
        "meta_mean_anomaly": 82.188,
        "meta_ephemeris_type": 0,
        "meta_classification_type": "U",
        "meta_norad_cat_id": 36046,
        "meta_element_set_no": 999,
        "meta_rev_at_epoch": 64880,
        "meta_bstar": 0.00058685272,
        "meta_mean_motion_dot": 3.243e-05,
        "meta_mean_motion_ddot": 0,
        "tle_line1": "1 36046U 93036AXH 26041.57897170  .00003243  00000+0  58685-3 0  9993",
        "tle_line2": "2 36046  74.0165 161.1681 0058345 292.7576  82.1880 14.65692327648809"
      },
      "geometry": {
        "type": "Point",
        "coordinates": [
          -45.82079840205386,
          8.532292166714704
        ]
      }
    },
    {
      "type": "Feature",
      "properties": {
        "norad_id": 36047,
        "name": "COSMOS 2251 DEB",
        "group": "cosmos-2251-debris",
        "lat": 71.94735610685986,
        "lon": -54.46197145830158,
        "alt_km": 563.3292790649975,
        "timestamp": "2026-02-23T07:17:29.435574+00:00",
        "meta_object_name": "COSMOS 2251 DEB",
        "meta_object_id": "1993-036AXJ",
        "meta_epoch": "2026-02-16T19:41:57.549408",
        "meta_mean_motion": 15.00849214,
        "meta_eccentricity": 0.00158913,
        "meta_inclination": 74.0352,
        "meta_ra_of_asc_node": 200.1714,
        "meta_arg_of_pericenter": 248.6034,
        "meta_mean_anomaly": 111.3458,
        "meta_ephemeris_type": 0,
        "meta_classification_type": "U",
        "meta_norad_cat_id": 36047,
        "meta_element_set_no": 999,
        "meta_rev_at_epoch": 66929,
        "meta_bstar": 0.0028671676,
        "meta_mean_motion_dot": 0.00036714,
        "meta_mean_motion_ddot": 0,
        "tle_line1": "1 36047U 93036AXJ 26047.82080497  .00036714  00000+0  28672-2 0  9995",
        "tle_line2": "2 36047  74.0352 200.1714 0015891 248.6034 111.3458 15.00849214669298"
      },
      "geometry": {
        "type": "Point",
        "coordinates": [
          -54.46197145830158,
          71.94735610685986
        ]
      }
    },
    {
      "type": "Feature",
      "properties": {
        "norad_id": 36048,
        "name": "COSMOS 2251 DEB",
        "group": "cosmos-2251-debris",
        "lat": 28.646282689594504,
        "lon": 174.8098667069631,
        "alt_km": 782.4395924013597,
        "timestamp": "2026-02-23T07:17:29.435584+00:00",
        "meta_object_name": "COSMOS 2251 DEB",
        "meta_object_id": "1993-036AXK",
        "meta_epoch": "2026-02-22T18:30:24.081984",
        "meta_mean_motion": 14.37990412,
        "meta_eccentricity": 0.00267092,
        "meta_inclination": 74.0576,
        "meta_ra_of_asc_node": 166.806,
        "meta_arg_of_pericenter": 205.0683,
        "meta_mean_anomaly": 308.4111,
        "meta_ephemeris_type": 0,
        "meta_classification_type": "U",
        "meta_norad_cat_id": 36048,
        "meta_element_set_no": 999,
        "meta_rev_at_epoch": 86537,
        "meta_bstar": 0.00026780112,
        "meta_mean_motion_dot": 7.87e-06,
        "meta_mean_motion_ddot": 0,
        "tle_line1": "1 36048U 93036AXK 26053.77111206  .00000787  00000+0  26780-3 0  9990",
        "tle_line2": "2 36048  74.0576 166.8060 0026709 205.0683 308.4111 14.37990412865374"
      },
      "geometry": {
        "type": "Point",
        "coordinates": [
          174.8098667069631,
          28.646282689594504
        ]
      }
    },
    {
      "type": "Feature",
      "properties": {
        "norad_id": 36049,
        "name": "COSMOS 2251 DEB",
        "group": "cosmos-2251-debris",
        "lat": 60.68861517786683,
        "lon": 129.42369141795632,
        "alt_km": 674.8954741103871,
        "timestamp": "2026-02-23T07:17:29.435594+00:00",
        "meta_object_name": "COSMOS 2251 DEB",
        "meta_object_id": "1993-036AXL",
        "meta_epoch": "2026-02-16T12:18:41.891040",
        "meta_mean_motion": 14.63094787,
        "meta_eccentricity": 0.0008035,
        "meta_inclination": 74.0335,
        "meta_ra_of_asc_node": 353.1035,
        "meta_arg_of_pericenter": 57.8075,
        "meta_mean_anomaly": 302.3871,
        "meta_ephemeris_type": 0,
        "meta_classification_type": "U",
        "meta_norad_cat_id": 36049,
        "meta_element_set_no": 999,
        "meta_rev_at_epoch": 86326,
        "meta_bstar": 0.0012557,
        "meta_mean_motion_dot": 6.429e-05,
        "meta_mean_motion_ddot": 0,
        "tle_line1": "1 36049U 93036AXL 26047.51298485  .00006429  00000+0  12557-2 0  9996",
        "tle_line2": "2 36049  74.0335 353.1035 0008035  57.8075 302.3871 14.63094787863262"
      },
      "geometry": {
        "type": "Point",
        "coordinates": [
          129.42369141795632,
          60.68861517786683
        ]
      }
    },
    {
      "type": "Feature",
      "properties": {
        "norad_id": 36050,
        "name": "COSMOS 2251 DEB",
        "group": "cosmos-2251-debris",
        "lat": -38.89509395152834,
        "lon": 32.715385285293685,
        "alt_km": 613.8324178125513,
        "timestamp": "2026-02-23T07:17:29.435604+00:00",
        "meta_object_name": "COSMOS 2251 DEB",
        "meta_object_id": "1993-036AXM",
        "meta_epoch": "2026-02-17T09:14:47.258880",
        "meta_mean_motion": 15.02418466,
        "meta_eccentricity": 0.0082938,
        "meta_inclination": 74.0299,
        "meta_ra_of_asc_node": 58.1487,
        "meta_arg_of_pericenter": 120.7668,
        "meta_mean_anomaly": 240.172,
        "meta_ephemeris_type": 0,
        "meta_classification_type": "U",
        "meta_norad_cat_id": 36050,
        "meta_element_set_no": 999,
        "meta_rev_at_epoch": 68035,
        "meta_bstar": 0.00049397365,
        "meta_mean_motion_dot": 7.017e-05,
        "meta_mean_motion_ddot": 0,
        "tle_line1": "1 36050U 93036AXM 26048.38526920  .00007017  00000+0  49397-3 0  9999",
        "tle_line2": "2 36050  74.0299  58.1487 0082938 120.7668 240.1720 15.02418466680355"
      },
      "geometry": {
        "type": "Point",
        "coordinates": [
          32.715385285293685,
          -38.89509395152834
        ]
      }
    },
    {
      "type": "Feature",
      "properties": {
        "norad_id": 36053,
        "name": "COSMOS 2251 DEB",
        "group": "cosmos-2251-debris",
        "lat": -67.25489620717526,
        "lon": -123.03558655237298,
        "alt_km": 689.637677926271,
        "timestamp": "2026-02-23T07:17:29.435625+00:00",
        "meta_object_name": "COSMOS 2251 DEB",
        "meta_object_id": "1993-036AXQ",
        "meta_epoch": "2026-02-22T13:39:56.593728",
        "meta_mean_motion": 14.58378097,
        "meta_eccentricity": 0.0033934,
        "meta_inclination": 73.8721,
        "meta_ra_of_asc_node": 14.73,
        "meta_arg_of_pericenter": 304.8602,
        "meta_mean_anomaly": 54.9372,
        "meta_ephemeris_type": 0,
        "meta_classification_type": "U",
        "meta_norad_cat_id": 36053,
        "meta_element_set_no": 999,
        "meta_rev_at_epoch": 88491,
        "meta_bstar": 0.0021421,
        "meta_mean_motion_dot": 9.986e-05,
        "meta_mean_motion_ddot": 0,
        "tle_line1": "1 36053U 93036AXQ 26053.56940502  .00009986  00000+0  21421-2 0  9998",
        "tle_line2": "2 36053  73.8721  14.7300 0033934 304.8602  54.9372 14.58378097884919"
      },
      "geometry": {
        "type": "Point",
        "coordinates": [
          -123.03558655237298,
          -67.25489620717526
        ]
      }
    },
    {
      "type": "Feature",
      "properties": {
        "norad_id": 36058,
        "name": "COSMOS 2251 DEB",
        "group": "cosmos-2251-debris",
        "lat": -36.75209532784165,
        "lon": -117.24350495348185,
        "alt_km": 680.0547598685516,
        "timestamp": "2026-02-23T07:17:29.435635+00:00",
        "meta_object_name": "COSMOS 2251 DEB",
        "meta_object_id": "1993-036AXV",
        "meta_epoch": "2026-02-22T21:35:36.108672",
        "meta_mean_motion": 14.59143811,
        "meta_eccentricity": 0.00447746,
        "meta_inclination": 74.0205,
        "meta_ra_of_asc_node": 255.8833,
        "meta_arg_of_pericenter": 8.9683,
        "meta_mean_anomaly": 351.2271,
        "meta_ephemeris_type": 0,
        "meta_classification_type": "U",
        "meta_norad_cat_id": 36058,
        "meta_element_set_no": 999,
        "meta_rev_at_epoch": 67163,
        "meta_bstar": 0.00045274027,
        "meta_mean_motion_dot": 2.132e-05,
        "meta_mean_motion_ddot": 0,
        "tle_line1": "1 36058U 93036AXV 26053.89972348  .00002132  00000+0  45274-3 0  9991",
        "tle_line2": "2 36058  74.0205 255.8833 0044774   8.9683 351.2271 14.59143811671637"
      },
      "geometry": {
        "type": "Point",
        "coordinates": [
          -117.24350495348185,
          -36.75209532784165
        ]
      }
    },
    {
      "type": "Feature",
      "properties": {
        "norad_id": 36060,
        "name": "COSMOS 2251 DEB",
        "group": "cosmos-2251-debris",
        "lat": 25.292953970553185,
        "lon": -87.79514557818037,
        "alt_km": 741.5632692166328,
        "timestamp": "2026-02-23T07:17:29.435645+00:00",
        "meta_object_name": "COSMOS 2251 DEB",
        "meta_object_id": "1993-036AXX",
        "meta_epoch": "2026-02-21T19:37:13.968192",
        "meta_mean_motion": 14.42192807,
        "meta_eccentricity": 0.00151533,
        "meta_inclination": 74.0282,
        "meta_ra_of_asc_node": 102.7392,
        "meta_arg_of_pericenter": 194.3701,
        "meta_mean_anomaly": 165.7026,
        "meta_ephemeris_type": 0,
        "meta_classification_type": "U",
        "meta_norad_cat_id": 36060,
        "meta_element_set_no": 999,
        "meta_rev_at_epoch": 86034,
        "meta_bstar": 0.00024398446,
        "meta_mean_motion_dot": 7.78e-06,
        "meta_mean_motion_ddot": 0,
        "tle_line1": "1 36060U 93036AXX 26052.81752278  .00000778  00000+0  24398-3 0  9991",
        "tle_line2": "2 36060  74.0282 102.7392 0015153 194.3701 165.7026 14.42192807860340"
      },
      "geometry": {
        "type": "Point",
        "coordinates": [
          -87.79514557818037,
          25.292953970553185
        ]
      }
    },
    {
      "type": "Feature",
      "properties": {
        "norad_id": 36061,
        "name": "COSMOS 2251 DEB",
        "group": "cosmos-2251-debris",
        "lat": -32.63162377301485,
        "lon": -143.64805557011763,
        "alt_km": 760.0251376239485,
        "timestamp": "2026-02-23T07:17:29.435655+00:00",
        "meta_object_name": "COSMOS 2251 DEB",
        "meta_object_id": "1993-036AXY",
        "meta_epoch": "2026-02-20T04:05:52.027584",
        "meta_mean_motion": 14.33850592,
        "meta_eccentricity": 0.00391415,
        "meta_inclination": 74.0214,
        "meta_ra_of_asc_node": 232.6581,
        "meta_arg_of_pericenter": 303.76,
        "meta_mean_anomaly": 55.9825,
        "meta_ephemeris_type": 0,
        "meta_classification_type": "U",
        "meta_norad_cat_id": 36061,
        "meta_element_set_no": 999,
        "meta_rev_at_epoch": 66099,
        "meta_bstar": 0.00022288557,
        "meta_mean_motion_dot": 5.99e-06,
        "meta_mean_motion_ddot": 0,
        "tle_line1": "1 36061U 93036AXY 26051.17074106  .00000599  00000+0  22289-3 0  9995",
        "tle_line2": "2 36061  74.0214 232.6581 0039141 303.7600  55.9825 14.33850592660994"
      },
      "geometry": {
        "type": "Point",
        "coordinates": [
          -143.64805557011763,
          -32.63162377301485
        ]
      }
    },
    {
      "type": "Feature",
      "properties": {
        "norad_id": 36073,
        "name": "COSMOS 2251 DEB",
        "group": "cosmos-2251-debris",
        "lat": 20.56842356591617,
        "lon": -164.29861106290554,
        "alt_km": 788.1652903943013,
        "timestamp": "2026-02-23T07:17:29.435665+00:00",
        "meta_object_name": "COSMOS 2251 DEB",
        "meta_object_id": "1993-036AYL",
        "meta_epoch": "2026-02-10T19:42:34.989120",
        "meta_mean_motion": 14.35045862,
        "meta_eccentricity": 0.00257255,
        "meta_inclination": 74.0302,
        "meta_ra_of_asc_node": 212.412,
        "meta_arg_of_pericenter": 269.187,
        "meta_mean_anomaly": 90.6334,
        "meta_ephemeris_type": 0,
        "meta_classification_type": "U",
        "meta_norad_cat_id": 36073,
        "meta_element_set_no": 999,
        "meta_rev_at_epoch": 71069,
        "meta_bstar": 0.00023649413,
        "meta_mean_motion_dot": 6.5e-06,
        "meta_mean_motion_ddot": 0,
        "tle_line1": "1 36073U 93036AYL 26041.82123830  .00000650  00000+0  23649-3 0  9997",
        "tle_line2": "2 36073  74.0302 212.4120 0025725 269.1870  90.6334 14.35045862710699"
      },
      "geometry": {
        "type": "Point",
        "coordinates": [
          -164.29861106290554,
          20.56842356591617
        ]
      }
    },
    {
      "type": "Feature",
      "properties": {
        "norad_id": 36074,
        "name": "COSMOS 2251 DEB",
        "group": "cosmos-2251-debris",
        "lat": 3.1643593761272353,
        "lon": -153.93861049592857,
        "alt_km": 741.6355105172443,
        "timestamp": "2026-02-23T07:17:29.435675+00:00",
        "meta_object_name": "COSMOS 2251 DEB",
        "meta_object_id": "1993-036AYM",
        "meta_epoch": "2026-02-18T10:54:53.012736",
        "meta_mean_motion": 14.4434099,
        "meta_eccentricity": 0.0044289,
        "meta_inclination": 73.9915,
        "meta_ra_of_asc_node": 214.1962,
        "meta_arg_of_pericenter": 291.8088,
        "meta_mean_anomaly": 67.836,
        "meta_ephemeris_type": 0,
        "meta_classification_type": "U",
        "meta_norad_cat_id": 36074,
        "meta_element_set_no": 999,
        "meta_rev_at_epoch": 86887,
        "meta_bstar": 0.00095362,
        "meta_mean_motion_dot": 3.296e-05,
        "meta_mean_motion_ddot": 0,
        "tle_line1": "1 36074U 93036AYM 26049.45478024  .00003296  00000+0  95362-3 0  9993",
        "tle_line2": "2 36074  73.9915 214.1962 0044289 291.8088  67.8360 14.44340990868879"
      },
      "geometry": {
        "type": "Point",
        "coordinates": [
          -153.93861049592857,
          3.1643593761272353
        ]
      }
    },
    {
      "type": "Feature",
      "properties": {
        "norad_id": 36366,
        "name": "COSMOS 2251 DEB",
        "group": "cosmos-2251-debris",
        "lat": 43.48768564879881,
        "lon": -55.17692613442647,
        "alt_km": 715.2668706319364,
        "timestamp": "2026-02-23T07:17:29.435685+00:00",
        "meta_object_name": "COSMOS 2251 DEB",
        "meta_object_id": "1993-036AYT",
        "meta_epoch": "2026-02-20T15:03:15.117984",
        "meta_mean_motion": 14.34216128,
        "meta_eccentricity": 0.0086096,
        "meta_inclination": 74.0651,
        "meta_ra_of_asc_node": 145.4365,
        "meta_arg_of_pericenter": 158.6588,
        "meta_mean_anomaly": 201.8191,
        "meta_ephemeris_type": 0,
        "meta_classification_type": "U",
        "meta_norad_cat_id": 36366,
        "meta_element_set_no": 999,
        "meta_rev_at_epoch": 87290,
        "meta_bstar": 0.0012466776,
        "meta_mean_motion_dot": 3.62e-05,
        "meta_mean_motion_ddot": 0,
        "tle_line1": "1 36366U 93036AYT 26051.62725831  .00003620  00000+0  12467-2 0  9995",
        "tle_line2": "2 36366  74.0651 145.4365 0086096 158.6588 201.8191 14.34216128872907"
      },
      "geometry": {
        "type": "Point",
        "coordinates": [
          -55.17692613442647,
          43.48768564879881
        ]
      }
    },
    {
      "type": "Feature",
      "properties": {
        "norad_id": 36367,
        "name": "COSMOS 2251 DEB",
        "group": "cosmos-2251-debris",
        "lat": 67.68340133299924,
        "lon": 152.9711239705699,
        "alt_km": 932.0407378528662,
        "timestamp": "2026-02-23T07:17:29.435717+00:00",
        "meta_object_name": "COSMOS 2251 DEB",
        "meta_object_id": "1993-036AYU",
        "meta_epoch": "2026-02-09T22:36:16.665120",
        "meta_mean_motion": 13.8665694,
        "meta_eccentricity": 0.0260465,
        "meta_inclination": 74.1017,
        "meta_ra_of_asc_node": 131.5377,
        "meta_arg_of_pericenter": 191.0318,
        "meta_mean_anomaly": 168.5033,
        "meta_ephemeris_type": 0,
        "meta_classification_type": "U",
        "meta_norad_cat_id": 36367,
        "meta_element_set_no": 999,
        "meta_rev_at_epoch": 58350,
        "meta_bstar": 0.00099798,
        "meta_mean_motion_dot": 1.494e-05,
        "meta_mean_motion_ddot": 0,
        "tle_line1": "1 36367U 93036AYU 26040.94185955  .00001494  00000+0  99798-3 0  9996",
        "tle_line2": "2 36367  74.1017 131.5377 0260465 191.0318 168.5033 13.86656940583505"
      },
      "geometry": {
        "type": "Point",
        "coordinates": [
          152.9711239705699,
          67.68340133299924
        ]
      }
    },
    {
      "type": "Feature",
      "properties": {
        "norad_id": 36369,
        "name": "COSMOS 2251 DEB",
        "group": "cosmos-2251-debris",
        "lat": 37.67125459940359,
        "lon": 96.23929477713105,
        "alt_km": 647.6773258414469,
        "timestamp": "2026-02-23T07:17:29.435730+00:00",
        "meta_object_name": "COSMOS 2251 DEB",
        "meta_object_id": "1993-036AYW",
        "meta_epoch": "2026-02-14T09:28:09.672960",
        "meta_mean_motion": 14.75269985,
        "meta_eccentricity": 0.00109607,
        "meta_inclination": 74.0327,
        "meta_ra_of_asc_node": 306.4274,
        "meta_arg_of_pericenter": 3.0426,
        "meta_mean_anomaly": 357.0812,
        "meta_ephemeris_type": 0,
        "meta_classification_type": "U",
        "meta_norad_cat_id": 36369,
        "meta_element_set_no": 999,
        "meta_rev_at_epoch": 86860,
        "meta_bstar": 0.0016390613,
        "meta_mean_motion_dot": 0.00011093,
        "meta_mean_motion_ddot": 0,
        "tle_line1": "1 36369U 93036AYW 26045.39455640  .00011093  00000+0  16391-2 0  9996",
        "tle_line2": "2 36369  74.0327 306.4274 0010960   3.0426 357.0812 14.75269985868609"
      },
      "geometry": {
        "type": "Point",
        "coordinates": [
          96.23929477713105,
          37.67125459940359
        ]
      }
    },
    {
      "type": "Feature",
      "properties": {
        "norad_id": 36371,
        "name": "COSMOS 2251 DEB",
        "group": "cosmos-2251-debris",
        "lat": 35.79574262362722,
        "lon": 32.22171937616989,
        "alt_km": 645.8746080327865,
        "timestamp": "2026-02-23T07:17:29.435746+00:00",
        "meta_object_name": "COSMOS 2251 DEB",
        "meta_object_id": "1993-036AYY",
        "meta_epoch": "2026-02-14T07:53:35.181024",
        "meta_mean_motion": 14.72418753,
        "meta_eccentricity": 0.0005908,
        "meta_inclination": 74.0132,
        "meta_ra_of_asc_node": 37.7779,
        "meta_arg_of_pericenter": 40.2578,
        "meta_mean_anomaly": 319.903,
        "meta_ephemeris_type": 0,
        "meta_classification_type": "U",
        "meta_norad_cat_id": 36371,
        "meta_element_set_no": 999,
        "meta_rev_at_epoch": 72380,
        "meta_bstar": 0.0019724,
        "meta_mean_motion_dot": 0.00012497,
        "meta_mean_motion_ddot": 0,
        "tle_line1": "1 36371U 93036AYY 26045.32887941  .00012497  00000+0  19724-2 0  9997",
        "tle_line2": "2 36371  74.0132  37.7779 0005908  40.2578 319.9030 14.72418753723804"
      },
      "geometry": {
        "type": "Point",
        "coordinates": [
          32.22171937616989,
          35.79574262362722
        ]
      }
    },
    {
      "type": "Feature",
      "properties": {
        "norad_id": 36379,
        "name": "COSMOS 2251 DEB",
        "group": "cosmos-2251-debris",
        "lat": -55.11184414088766,
        "lon": 149.10905880913825,
        "alt_km": 745.3018116813955,
        "timestamp": "2026-02-23T07:17:29.435756+00:00",
        "meta_object_name": "COSMOS 2251 DEB",
        "meta_object_id": "1993-036AZG",
        "meta_epoch": "2026-02-16T02:14:37.255200",
        "meta_mean_motion": 14.36209782,
        "meta_eccentricity": 0.00472087,
        "meta_inclination": 74.0123,
        "meta_ra_of_asc_node": 186.642,
        "meta_arg_of_pericenter": 300.0162,
        "meta_mean_anomaly": 176.1821,
        "meta_ephemeris_type": 0,
        "meta_classification_type": "U",
        "meta_norad_cat_id": 36379,
        "meta_element_set_no": 999,
        "meta_rev_at_epoch": 65766,
        "meta_bstar": 0.000293399,
        "meta_mean_motion_dot": 8.4e-06,
        "meta_mean_motion_ddot": 0,
        "tle_line1": "1 36379U 93036AZG 26047.09348675  .00000840  00000+0  29340-3 0  9992",
        "tle_line2": "2 36379  74.0123 186.6420 0047208 300.0162 176.1821 14.36209782657665"
      },
      "geometry": {
        "type": "Point",
        "coordinates": [
          149.10905880913825,
          -55.11184414088766
        ]
      }
    },
    {
      "type": "Feature",
      "properties": {
        "norad_id": 36385,
        "name": "COSMOS 2251 DEB",
        "group": "cosmos-2251-debris",
        "lat": -55.524134182799045,
        "lon": -12.330018489124678,
        "alt_km": 714.7378085566443,
        "timestamp": "2026-02-23T07:17:29.435766+00:00",
        "meta_object_name": "COSMOS 2251 DEB",
        "meta_object_id": "1993-036AZN",
        "meta_epoch": "2026-02-21T08:20:35.467872",
        "meta_mean_motion": 14.74490037,
        "meta_eccentricity": 0.01374492,
        "meta_inclination": 73.9718,
        "meta_ra_of_asc_node": 16.2539,
        "meta_arg_of_pericenter": 175.2217,
        "meta_mean_anomaly": 185.0308,
        "meta_ephemeris_type": 0,
        "meta_classification_type": "U",
        "meta_norad_cat_id": 36385,
        "meta_element_set_no": 999,
        "meta_rev_at_epoch": 86142,
        "meta_bstar": 0.001092137,
        "meta_mean_motion_dot": 8.432e-05,
        "meta_mean_motion_ddot": 0,
        "tle_line1": "1 36385U 93036AZN 26052.34763273  .00008432  00000+0  10921-2 0  9997",
        "tle_line2": "2 36385  73.9718  16.2539 0137449 175.2217 185.0308 14.74490037861426"
      },
      "geometry": {
        "type": "Point",
        "coordinates": [
          -12.330018489124678,
          -55.524134182799045
        ]
      }
    },
    {
      "type": "Feature",
      "properties": {
        "norad_id": 36420,
        "name": "COSMOS 2251 DEB",
        "group": "cosmos-2251-debris",
        "lat": 24.860166493713308,
        "lon": 149.70560695298056,
        "alt_km": 780.820756990156,
        "timestamp": "2026-02-23T07:17:29.435776+00:00",
        "meta_object_name": "COSMOS 2251 DEB",
        "meta_object_id": "1993-036AZT",
        "meta_epoch": "2026-02-16T23:40:54.278976",
        "meta_mean_motion": 14.36975142,
        "meta_eccentricity": 0.00192588,
        "meta_inclination": 74.0381,
        "meta_ra_of_asc_node": 153.6941,
        "meta_arg_of_pericenter": 232.2331,
        "meta_mean_anomaly": 247.9115,
        "meta_ephemeris_type": 0,
        "meta_classification_type": "U",
        "meta_norad_cat_id": 36420,
        "meta_element_set_no": 999,
        "meta_rev_at_epoch": 85988,
        "meta_bstar": 0.00016794823,
        "meta_mean_motion_dot": 4.72e-06,
        "meta_mean_motion_ddot": 0,
        "tle_line1": "1 36420U 93036AZT 26047.98673934  .00000472  00000+0  16795-3 0  9997",
        "tle_line2": "2 36420  74.0381 153.6941 0019258 232.2331 247.9115 14.36975142859889"
      },
      "geometry": {
        "type": "Point",
        "coordinates": [
          149.70560695298056,
          24.860166493713308
        ]
      }
    },
    {
      "type": "Feature",
      "properties": {
        "norad_id": 36423,
        "name": "COSMOS 2251 DEB",
        "group": "cosmos-2251-debris",
        "lat": -56.194643473958116,
        "lon": 45.68215806075262,
        "alt_km": 605.8722788188907,
        "timestamp": "2026-02-23T07:17:29.435786+00:00",
        "meta_object_name": "COSMOS 2251 DEB",
        "meta_object_id": "1993-036AZW",
        "meta_epoch": "2026-01-26T00:21:00.044640",
        "meta_mean_motion": 14.89309951,
        "meta_eccentricity": 0.0086102,
        "meta_inclination": 73.7836,
        "meta_ra_of_asc_node": 129.0533,
        "meta_arg_of_pericenter": 108.212,
        "meta_mean_anomaly": 252.8456,
        "meta_ephemeris_type": 0,
        "meta_classification_type": "U",
        "meta_norad_cat_id": 36423,
        "meta_element_set_no": 999,
        "meta_rev_at_epoch": 25694,
        "meta_bstar": 0.0081715,
        "meta_mean_motion_dot": 0.00083969,
        "meta_mean_motion_ddot": 0,
        "tle_line1": "1 36423U 93036AZW 26026.01458385  .00083969  00000+0  81715-2 0  9997",
        "tle_line2": "2 36423  73.7836 129.0533 0086102 108.2120 252.8456 14.89309951256945"
      },
      "geometry": {
        "type": "Point",
        "coordinates": [
          45.68215806075262,
          -56.194643473958116
        ]
      }
    },
    {
      "type": "Feature",
      "properties": {
        "norad_id": 36430,
        "name": "COSMOS 2251 DEB",
        "group": "cosmos-2251-debris",
        "lat": -24.424873741717164,
        "lon": 164.2813339785164,
        "alt_km": 808.713738750982,
        "timestamp": "2026-02-23T07:17:29.435796+00:00",
        "meta_object_name": "COSMOS 2251 DEB",
        "meta_object_id": "1993-036BAD",
        "meta_epoch": "2026-02-12T13:05:19.375296",
        "meta_mean_motion": 14.27947772,
        "meta_eccentricity": 0.0095242,
        "meta_inclination": 74.0059,
        "meta_ra_of_asc_node": 356.3216,
        "meta_arg_of_pericenter": 132.6405,
        "meta_mean_anomaly": 228.2823,
        "meta_ephemeris_type": 0,
        "meta_classification_type": "U",
        "meta_norad_cat_id": 36430,
        "meta_element_set_no": 999,
        "meta_rev_at_epoch": 65439,
        "meta_bstar": 0.00034418,
        "meta_mean_motion_dot": 8.7e-06,
        "meta_mean_motion_ddot": 0,
        "tle_line1": "1 36430U 93036BAD 26043.54536314  .00000870  00000+0  34418-3 0  9990",
        "tle_line2": "2 36430  74.0059 356.3216 0095242 132.6405 228.2823 14.27947772654396"
      },
      "geometry": {
        "type": "Point",
        "coordinates": [
          164.2813339785164,
          -24.424873741717164
        ]
      }
    },
    {
      "type": "Feature",
      "properties": {
        "norad_id": 36437,
        "name": "COSMOS 2251 DEB",
        "group": "cosmos-2251-debris",
        "lat": 64.30934567207561,
        "lon": -71.03975186397943,
        "alt_km": 635.1901644391919,
        "timestamp": "2026-02-23T07:17:29.435806+00:00",
        "meta_object_name": "COSMOS 2251 DEB",
        "meta_object_id": "1993-036BAL",
        "meta_epoch": "2026-02-03T10:43:56.422848",
        "meta_mean_motion": 14.71929715,
        "meta_eccentricity": 0.00211275,
        "meta_inclination": 73.9413,
        "meta_ra_of_asc_node": 291.0129,
        "meta_arg_of_pericenter": 149.9483,
        "meta_mean_anomaly": 210.2906,
        "meta_ephemeris_type": 0,
        "meta_classification_type": "U",
        "meta_norad_cat_id": 36437,
        "meta_element_set_no": 999,
        "meta_rev_at_epoch": 66826,
        "meta_bstar": 0.0015410209,
        "meta_mean_motion_dot": 9.673e-05,
        "meta_mean_motion_ddot": 0,
        "tle_line1": "1 36437U 93036BAL 26034.44718082  .00009673  00000+0  15410-2 0  9990",
        "tle_line2": "2 36437  73.9413 291.0129 0021127 149.9483 210.2906 14.71929715668261"
      },
      "geometry": {
        "type": "Point",
        "coordinates": [
          -71.03975186397943,
          64.30934567207561
        ]
      }
    },
    {
      "type": "Feature",
      "properties": {
        "norad_id": 36439,
        "name": "COSMOS 2251 DEB",
        "group": "cosmos-2251-debris",
        "lat": 23.435515349218527,
        "lon": 93.74069172751504,
        "alt_km": 1027.9341236955906,
        "timestamp": "2026-02-23T07:17:29.435816+00:00",
        "meta_object_name": "COSMOS 2251 DEB",
        "meta_object_id": "1993-036BAN",
        "meta_epoch": "2026-02-04T11:53:47.844096",
        "meta_mean_motion": 13.48070879,
        "meta_eccentricity": 0.04281131,
        "meta_inclination": 73.9757,
        "meta_ra_of_asc_node": 310.903,
        "meta_arg_of_pericenter": 272.5191,
        "meta_mean_anomaly": 82.6984,
        "meta_ephemeris_type": 0,
        "meta_classification_type": "U",
        "meta_norad_cat_id": 36439,
        "meta_element_set_no": 999,
        "meta_rev_at_epoch": 59337,
        "meta_bstar": 0.0014176413,
        "meta_mean_motion_dot": 1.512e-05,
        "meta_mean_motion_ddot": 0,
        "tle_line1": "1 36439U 93036BAN 26035.49569264  .00001512  00000+0  14176-2 0  9996",
        "tle_line2": "2 36439  73.9757 310.9030 0428113 272.5191  82.6984 13.48070879593378"
      },
      "geometry": {
        "type": "Point",
        "coordinates": [
          93.74069172751504,
          23.435515349218527
        ]
      }
    },
    {
      "type": "Feature",
      "properties": {
        "norad_id": 36441,
        "name": "COSMOS 2251 DEB",
        "group": "cosmos-2251-debris",
        "lat": -44.466066028714636,
        "lon": 35.215717284692765,
        "alt_km": 504.68654302062623,
        "timestamp": "2026-02-23T07:17:29.435826+00:00",
        "meta_object_name": "COSMOS 2251 DEB",
        "meta_object_id": "1993-036BAQ",
        "meta_epoch": "2026-02-08T04:54:03.063168",
        "meta_mean_motion": 15.08057516,
        "meta_eccentricity": 0.0108459,
        "meta_inclination": 73.8323,
        "meta_ra_of_asc_node": 230.1304,
        "meta_arg_of_pericenter": 316.8329,
        "meta_mean_anomaly": 42.4393,
        "meta_ephemeris_type": 0,
        "meta_classification_type": "U",
        "meta_norad_cat_id": 36441,
        "meta_element_set_no": 999,
        "meta_rev_at_epoch": 87831,
        "meta_bstar": 0.00049866,
        "meta_mean_motion_dot": 8.77e-05,
        "meta_mean_motion_ddot": 0,
        "tle_line1": "1 36441U 93036BAQ 26039.20420212  .00008770  00000+0  49866-3 0  9999",
        "tle_line2": "2 36441  73.8323 230.1304 0108459 316.8329  42.4393 15.08057516878318"
      },
      "geometry": {
        "type": "Point",
        "coordinates": [
          35.215717284692765,
          -44.466066028714636
        ]
      }
    },
    {
      "type": "Feature",
      "properties": {
        "norad_id": 36451,
        "name": "COSMOS 2251 DEB",
        "group": "cosmos-2251-debris",
        "lat": 25.733635910674668,
        "lon": 16.96432808928082,
        "alt_km": 928.4087771365785,
        "timestamp": "2026-02-23T07:17:29.435837+00:00",
        "meta_object_name": "COSMOS 2251 DEB",
        "meta_object_id": "1993-036BBA",
        "meta_epoch": "2026-02-12T20:10:39.973152",
        "meta_mean_motion": 14.19034671,
        "meta_eccentricity": 0.01842184,
        "meta_inclination": 73.9505,
        "meta_ra_of_asc_node": 223.7258,
        "meta_arg_of_pericenter": 33.7649,
        "meta_mean_anomaly": 327.5066,
        "meta_ephemeris_type": 0,
        "meta_classification_type": "U",
        "meta_norad_cat_id": 36451,
        "meta_element_set_no": 999,
        "meta_rev_at_epoch": 85106,
        "meta_bstar": 0.00059513071,
        "meta_mean_motion_dot": 1.446e-05,
        "meta_mean_motion_ddot": 0,
        "tle_line1": "1 36451U 93036BBA 26043.84074043  .00001446  00000+0  59513-3 0  9995",
        "tle_line2": "2 36451  73.9505 223.7258 0184218  33.7649 327.5066 14.19034671851060"
      },
      "geometry": {
        "type": "Point",
        "coordinates": [
          16.96432808928082,
          25.733635910674668
        ]
      }
    },
    {
      "type": "Feature",
      "properties": {
        "norad_id": 36453,
        "name": "COSMOS 2251 DEB",
        "group": "cosmos-2251-debris",
        "lat": -67.51814932130506,
        "lon": -29.62985420556027,
        "alt_km": 674.8003804012524,
        "timestamp": "2026-02-23T07:17:29.435847+00:00",
        "meta_object_name": "COSMOS 2251 DEB",
        "meta_object_id": "1993-036BBC",
        "meta_epoch": "2026-02-21T08:24:55.138752",
        "meta_mean_motion": 14.53264125,
        "meta_eccentricity": 0.00725163,
        "meta_inclination": 73.9267,
        "meta_ra_of_asc_node": 18.2426,
        "meta_arg_of_pericenter": 266.0978,
        "meta_mean_anomaly": 245.0871,
        "meta_ephemeris_type": 0,
        "meta_classification_type": "U",
        "meta_norad_cat_id": 36453,
        "meta_element_set_no": 999,
        "meta_rev_at_epoch": 85493,
        "meta_bstar": 0.00090947294,
        "meta_mean_motion_dot": 3.878e-05,
        "meta_mean_motion_ddot": 0,
        "tle_line1": "1 36453U 93036BBC 26052.35063818  .00003878  00000+0  90947-3 0  9998",
        "tle_line2": "2 36453  73.9267  18.2426 0072516 266.0978 245.0871 14.53264125854938"
      },
      "geometry": {
        "type": "Point",
        "coordinates": [
          -29.62985420556027,
          -67.51814932130506
        ]
      }
    },
    {
      "type": "Feature",
      "properties": {
        "norad_id": 36459,
        "name": "COSMOS 2251 DEB",
        "group": "cosmos-2251-debris",
        "lat": -15.220299893714628,
        "lon": 53.09683347120526,
        "alt_km": 835.5052134528023,
        "timestamp": "2026-02-23T07:17:29.435857+00:00",
        "meta_object_name": "COSMOS 2251 DEB",
        "meta_object_id": "1993-036BBJ",
        "meta_epoch": "2026-02-19T19:55:14.028672",
        "meta_mean_motion": 14.26939118,
        "meta_eccentricity": 0.01148571,
        "meta_inclination": 74.0435,
        "meta_ra_of_asc_node": 234.9123,
        "meta_arg_of_pericenter": 314.2286,
        "meta_mean_anomaly": 44.9473,
        "meta_ephemeris_type": 0,
        "meta_classification_type": "U",
        "meta_norad_cat_id": 36459,
        "meta_element_set_no": 999,
        "meta_rev_at_epoch": 8867,
        "meta_bstar": 0.001048888,
        "meta_mean_motion_dot": 2.708e-05,
        "meta_mean_motion_ddot": 0,
        "tle_line1": "1 36459U 93036BBJ 26050.83002348  .00002708  00000+0  10489-2 0  9999",
        "tle_line2": "2 36459  74.0435 234.9123 0114857 314.2286  44.9473 14.26939118 88672"
      },
      "geometry": {
        "type": "Point",
        "coordinates": [
          53.09683347120526,
          -15.220299893714628
        ]
      }
    },
    {
      "type": "Feature",
      "properties": {
        "norad_id": 36470,
        "name": "COSMOS 2251 DEB",
        "group": "cosmos-2251-debris",
        "lat": 13.947872180276923,
        "lon": -81.69768145909687,
        "alt_km": 519.8507653719307,
        "timestamp": "2026-02-23T07:17:29.435866+00:00",
        "meta_object_name": "COSMOS 2251 DEB",
        "meta_object_id": "1993-036BBV",
        "meta_epoch": "2026-02-02T14:51:15.343776",
        "meta_mean_motion": 15.1415244,
        "meta_eccentricity": 0.00277374,
        "meta_inclination": 73.8401,
        "meta_ra_of_asc_node": 146.019,
        "meta_arg_of_pericenter": 327.5803,
        "meta_mean_anomaly": 32.3685,
        "meta_ephemeris_type": 0,
        "meta_classification_type": "U",
        "meta_norad_cat_id": 36470,
        "meta_element_set_no": 999,
        "meta_rev_at_epoch": 66877,
        "meta_bstar": 0.0048029673,
        "meta_mean_motion_dot": 0.00089473,
        "meta_mean_motion_ddot": 0,
        "tle_line1": "1 36470U 93036BBV 26033.61892759  .00089473  00000+0  48030-2 0  9999",
        "tle_line2": "2 36470  73.8401 146.0190 0027737 327.5803  32.3685 15.14152440668778"
      },
      "geometry": {
        "type": "Point",
        "coordinates": [
          -81.69768145909687,
          13.947872180276923
        ]
      }
    },
    {
      "type": "Feature",
      "properties": {
        "norad_id": 36528,
        "name": "COSMOS 2251 DEB",
        "group": "cosmos-2251-debris",
        "lat": -50.70055584831481,
        "lon": -7.545781666024706,
        "alt_km": 802.5416148069417,
        "timestamp": "2026-02-23T07:17:29.435876+00:00",
        "meta_object_name": "COSMOS 2251 DEB",
        "meta_object_id": "1993-036BCN",
        "meta_epoch": "2026-02-16T14:27:48.280896",
        "meta_mean_motion": 14.30929428,
        "meta_eccentricity": 0.0082039,
        "meta_inclination": 74.0163,
        "meta_ra_of_asc_node": 25.1656,
        "meta_arg_of_pericenter": 57.9736,
        "meta_mean_anomaly": 302.935,
        "meta_ephemeris_type": 0,
        "meta_classification_type": "U",
        "meta_norad_cat_id": 36528,
        "meta_element_set_no": 999,
        "meta_rev_at_epoch": 65369,
        "meta_bstar": 0.00053556,
        "meta_mean_motion_dot": 1.435e-05,
        "meta_mean_motion_ddot": 0,
        "tle_line1": "1 36528U 93036BCN 26047.60264214  .00001435  00000+0  53556-3 0  9998",
        "tle_line2": "2 36528  74.0163  25.1656 0082039  57.9736 302.9350 14.30929428653694"
      },
      "geometry": {
        "type": "Point",
        "coordinates": [
          -7.545781666024706,
          -50.70055584831481
        ]
      }
    },
    {
      "type": "Feature",
      "properties": {
        "norad_id": 36533,
        "name": "COSMOS 2251 DEB",
        "group": "cosmos-2251-debris",
        "lat": 56.24763137560546,
        "lon": 3.7686257193440365,
        "alt_km": 698.3976850445533,
        "timestamp": "2026-02-23T07:17:29.435886+00:00",
        "meta_object_name": "COSMOS 2251 DEB",
        "meta_object_id": "1993-036BCT",
        "meta_epoch": "2026-02-21T05:20:40.237152",
        "meta_mean_motion": 14.50088822,
        "meta_eccentricity": 0.0046903,
        "meta_inclination": 74.0137,
        "meta_ra_of_asc_node": 342.2769,
        "meta_arg_of_pericenter": 115.0197,
        "meta_mean_anomaly": 245.5844,
        "meta_ephemeris_type": 0,
        "meta_classification_type": "U",
        "meta_norad_cat_id": 36533,
        "meta_element_set_no": 999,
        "meta_rev_at_epoch": 85506,
        "meta_bstar": 0.00034041,
        "meta_mean_motion_dot": 1.311e-05,
        "meta_mean_motion_ddot": 0,
        "tle_line1": "1 36533U 93036BCT 26052.22268793  .00001311  00000+0  34041-3 0  9995",
        "tle_line2": "2 36533  74.0137 342.2769 0046903 115.0197 245.5844 14.50088822855067"
      },
      "geometry": {
        "type": "Point",
        "coordinates": [
          3.7686257193440365,
          56.24763137560546
        ]
      }
    },
    {
      "type": "Feature",
      "properties": {
        "norad_id": 36539,
        "name": "COSMOS 2251 DEB",
        "group": "cosmos-2251-debris",
        "lat": -65.11566488112207,
        "lon": 134.84531887713584,
        "alt_km": 716.4144788720741,
        "timestamp": "2026-02-23T07:17:29.435896+00:00",
        "meta_object_name": "COSMOS 2251 DEB",
        "meta_object_id": "1993-036BCZ",
        "meta_epoch": "2026-02-22T13:42:01.317312",
        "meta_mean_motion": 14.59845763,
        "meta_eccentricity": 0.0026279,
        "meta_inclination": 74.0213,
        "meta_ra_of_asc_node": 278.0942,
        "meta_arg_of_pericenter": 41.014,
        "meta_mean_anomaly": 319.2995,
        "meta_ephemeris_type": 0,
        "meta_classification_type": "U",
        "meta_norad_cat_id": 36539,
        "meta_element_set_no": 999,
        "meta_rev_at_epoch": 84995,
        "meta_bstar": 0.0005446,
        "meta_mean_motion_dot": 2.588e-05,
        "meta_mean_motion_ddot": 0,
        "tle_line1": "1 36539U 93036BCZ 26053.57084858  .00002588  00000+0  54460-3 0  9992",
        "tle_line2": "2 36539  74.0213 278.0942 0026279  41.0140 319.2995 14.59845763849958"
      },
      "geometry": {
        "type": "Point",
        "coordinates": [
          134.84531887713584,
          -65.11566488112207
        ]
      }
    },
    {
      "type": "Feature",
      "properties": {
        "norad_id": 36540,
        "name": "COSMOS 2251 DEB",
        "group": "cosmos-2251-debris",
        "lat": 48.76458914130177,
        "lon": 61.28723169706637,
        "alt_km": 685.1075155239978,
        "timestamp": "2026-02-23T07:17:29.435907+00:00",
        "meta_object_name": "COSMOS 2251 DEB",
        "meta_object_id": "1993-036BDA",
        "meta_epoch": "2026-02-22T22:49:50.724192",
        "meta_mean_motion": 14.59399791,
        "meta_eccentricity": 0.0010977,
        "meta_inclination": 74.029,
        "meta_ra_of_asc_node": 42.8889,
        "meta_arg_of_pericenter": 99.8245,
        "meta_mean_anomaly": 260.416,
        "meta_ephemeris_type": 0,
        "meta_classification_type": "U",
        "meta_norad_cat_id": 36540,
        "meta_element_set_no": 999,
        "meta_rev_at_epoch": 87063,
        "meta_bstar": 0.0012385835,
        "meta_mean_motion_dot": 5.847e-05,
        "meta_mean_motion_ddot": 0,
        "tle_line1": "1 36540U 93036BDA 26053.95128153  .00005847  00000+0  12386-2 0  9994",
        "tle_line2": "2 36540  74.0290  42.8889 0010977  99.8245 260.4160 14.59399791870632"
      },
      "geometry": {
        "type": "Point",
        "coordinates": [
          61.28723169706637,
          48.76458914130177
        ]
      }
    },
    {
      "type": "Feature",
      "properties": {
        "norad_id": 36550,
        "name": "COSMOS 2251 DEB",
        "group": "cosmos-2251-debris",
        "lat": -69.1353212238999,
        "lon": 12.79417534217355,
        "alt_km": 860.2722839903654,
        "timestamp": "2026-02-23T07:17:29.435916+00:00",
        "meta_object_name": "COSMOS 2251 DEB",
        "meta_object_id": "1993-036BDL",
        "meta_epoch": "2026-02-18T09:54:56.777760",
        "meta_mean_motion": 14.27481593,
        "meta_eccentricity": 0.0075011,
        "meta_inclination": 74.0421,
        "meta_ra_of_asc_node": 70.2938,
        "meta_arg_of_pericenter": 105.024,
        "meta_mean_anomaly": 255.9225,
        "meta_ephemeris_type": 0,
        "meta_classification_type": "U",
        "meta_norad_cat_id": 36550,
        "meta_element_set_no": 999,
        "meta_rev_at_epoch": 85561,
        "meta_bstar": 0.00045426,
        "meta_mean_motion_dot": 1.125e-05,
        "meta_mean_motion_ddot": 0,
        "tle_line1": "1 36550U 93036BDL 26049.41315715  .00001125  00000+0  45426-3 0  9990",
        "tle_line2": "2 36550  74.0421  70.2938 0075011 105.0240 255.9225 14.27481593855613"
      },
      "geometry": {
        "type": "Point",
        "coordinates": [
          12.79417534217355,
          -69.1353212238999
        ]
      }
    },
    {
      "type": "Feature",
      "properties": {
        "norad_id": 36551,
        "name": "COSMOS 2251 DEB",
        "group": "cosmos-2251-debris",
        "lat": -29.17355225973504,
        "lon": 54.19583247379879,
        "alt_km": 534.7971471498886,
        "timestamp": "2026-02-23T07:17:29.435926+00:00",
        "meta_object_name": "COSMOS 2251 DEB",
        "meta_object_id": "1993-036BDM",
        "meta_epoch": "2026-02-22T17:36:28.119456",
        "meta_mean_motion": 15.05905,
        "meta_eccentricity": 0.0044793,
        "meta_inclination": 73.8832,
        "meta_ra_of_asc_node": 226.086,
        "meta_arg_of_pericenter": 160.1378,
        "meta_mean_anomaly": 200.1568,
        "meta_ephemeris_type": 0,
        "meta_classification_type": "U",
        "meta_norad_cat_id": 36551,
        "meta_element_set_no": 999,
        "meta_rev_at_epoch": 68014,
        "meta_bstar": 0.0026366659,
        "meta_mean_motion_dot": 0.00039392,
        "meta_mean_motion_ddot": 0,
        "tle_line1": "1 36551U 93036BDM 26053.73365879  .00039392  00000+0  26367-2 0  9996",
        "tle_line2": "2 36551  73.8832 226.0860 0044793 160.1378 200.1568 15.05905000680146"
      },
      "geometry": {
        "type": "Point",
        "coordinates": [
          54.19583247379879,
          -29.17355225973504
        ]
      }
    },
    {
      "type": "Feature",
      "properties": {
        "norad_id": 36557,
        "name": "COSMOS 2251 DEB",
        "group": "cosmos-2251-debris",
        "lat": 42.558614847457235,
        "lon": -1.8958685913538775,
        "alt_km": 618.4614745589115,
        "timestamp": "2026-02-23T07:17:29.435937+00:00",
        "meta_object_name": "COSMOS 2251 DEB",
        "meta_object_id": "1993-036BDT",
        "meta_epoch": "2026-02-15T12:42:33.475968",
        "meta_mean_motion": 14.81299215,
        "meta_eccentricity": 0.00190527,
        "meta_inclination": 73.9804,
        "meta_ra_of_asc_node": 358.2013,
        "meta_arg_of_pericenter": 143.8019,
        "meta_mean_anomaly": 216.4452,
        "meta_ephemeris_type": 0,
        "meta_classification_type": "U",
        "meta_norad_cat_id": 36557,
        "meta_element_set_no": 999,
        "meta_rev_at_epoch": 34855,
        "meta_bstar": 0.0026122896,
        "meta_mean_motion_dot": 0.00020477,
        "meta_mean_motion_ddot": 0,
        "tle_line1": "1 36557U 93036BDT 26046.52955412  .00020477  00000+0  26123-2 0  9993",
        "tle_line2": "2 36557  73.9804 358.2013 0019052 143.8019 216.4452 14.81299215348555"
      },
      "geometry": {
        "type": "Point",
        "coordinates": [
          -1.8958685913538775,
          42.558614847457235
        ]
      }
    },
    {
      "type": "Feature",
      "properties": {
        "norad_id": 36558,
        "name": "COSMOS 2251 DEB",
        "group": "cosmos-2251-debris",
        "lat": 73.74908184211043,
        "lon": 118.13225209601846,
        "alt_km": 691.8061534607978,
        "timestamp": "2026-02-23T07:17:29.435946+00:00",
        "meta_object_name": "COSMOS 2251 DEB",
        "meta_object_id": "1993-036BDU",
        "meta_epoch": "2026-02-22T14:22:32.577024",
        "meta_mean_motion": 14.55971335,
        "meta_eccentricity": 0.0009882,
        "meta_inclination": 74.0446,
        "meta_ra_of_asc_node": 18.4222,
        "meta_arg_of_pericenter": 90.1964,
        "meta_mean_anomaly": 270.0332,
        "meta_ephemeris_type": 0,
        "meta_classification_type": "U",
        "meta_norad_cat_id": 36558,
        "meta_element_set_no": 999,
        "meta_rev_at_epoch": 86314,
        "meta_bstar": 0.00088816,
        "meta_mean_motion_dot": 3.882e-05,
        "meta_mean_motion_ddot": 0,
        "tle_line1": "1 36558U 93036BDU 26053.59898816  .00003882  00000+0  88816-3 0  9992",
        "tle_line2": "2 36558  74.0446  18.4222 0009882  90.1964 270.0332 14.55971335863141"
      },
      "geometry": {
        "type": "Point",
        "coordinates": [
          118.13225209601846,
          73.74908184211043
        ]
      }
    },
    {
      "type": "Feature",
      "properties": {
        "norad_id": 36559,
        "name": "COSMOS 2251 DEB",
        "group": "cosmos-2251-debris",
        "lat": 33.92339541086476,
        "lon": 54.61878302707672,
        "alt_km": 986.1283536197334,
        "timestamp": "2026-02-23T07:17:29.435956+00:00",
        "meta_object_name": "COSMOS 2251 DEB",
        "meta_object_id": "1993-036BDV",
        "meta_epoch": "2026-02-22T21:58:42.017376",
        "meta_mean_motion": 13.96395337,
        "meta_eccentricity": 0.02601571,
        "meta_inclination": 74.1294,
        "meta_ra_of_asc_node": 246.3135,
        "meta_arg_of_pericenter": 262.3097,
        "meta_mean_anomaly": 94.8424,
        "meta_ephemeris_type": 0,
        "meta_classification_type": "U",
        "meta_norad_cat_id": 36559,
        "meta_element_set_no": 999,
        "meta_rev_at_epoch": 82101,
        "meta_bstar": 0.0037323297,
        "meta_mean_motion_dot": 6.829e-05,
        "meta_mean_motion_ddot": 0,
        "tle_line1": "1 36559U 93036BDV 26053.91576409  .00006829  00000+0  37323-2 0  9990",
        "tle_line2": "2 36559  74.1294 246.3135 0260157 262.3097  94.8424 13.96395337821013"
      },
      "geometry": {
        "type": "Point",
        "coordinates": [
          54.61878302707672,
          33.92339541086476
        ]
      }
    },
    {
      "type": "Feature",
      "properties": {
        "norad_id": 36614,
        "name": "COSMOS 2251 DEB",
        "group": "cosmos-2251-debris",
        "lat": 23.752333586483623,
        "lon": 43.05575810304468,
        "alt_km": 684.3043486156248,
        "timestamp": "2026-02-23T07:17:29.435966+00:00",
        "meta_object_name": "COSMOS 2251 DEB",
        "meta_object_id": "1993-036BEC",
        "meta_epoch": "2026-02-17T08:14:14.436096",
        "meta_mean_motion": 14.61310923,
        "meta_eccentricity": 0.00117587,
        "meta_inclination": 74.0218,
        "meta_ra_of_asc_node": 47.2154,
        "meta_arg_of_pericenter": 102.379,
        "meta_mean_anomaly": 257.8693,
        "meta_ephemeris_type": 0,
        "meta_classification_type": "U",
        "meta_norad_cat_id": 36614,
        "meta_element_set_no": 999,
        "meta_rev_at_epoch": 66585,
        "meta_bstar": 0.0010229054,
        "meta_mean_motion_dot": 5.031e-05,
        "meta_mean_motion_ddot": 0,
        "tle_line1": "1 36614U 93036BEC 26048.34322264  .00005031  00000+0  10229-2 0  9991",
        "tle_line2": "2 36614  74.0218  47.2154 0011758 102.3790 257.8693 14.61310923665851"
      },
      "geometry": {
        "type": "Point",
        "coordinates": [
          43.05575810304468,
          23.752333586483623
        ]
      }
    },
    {
      "type": "Feature",
      "properties": {
        "norad_id": 36622,
        "name": "COSMOS 2251 DEB",
        "group": "cosmos-2251-debris",
        "lat": -54.43325435337525,
        "lon": -153.26733124670454,
        "alt_km": 665.6905227008674,
        "timestamp": "2026-02-23T07:17:29.435976+00:00",
        "meta_object_name": "COSMOS 2251 DEB",
        "meta_object_id": "1993-036BEL",
        "meta_epoch": "2026-02-22T20:28:14.306304",
        "meta_mean_motion": 14.76961567,
        "meta_eccentricity": 0.00654928,
        "meta_inclination": 74.0161,
        "meta_ra_of_asc_node": 3.9855,
        "meta_arg_of_pericenter": 122.4645,
        "meta_mean_anomaly": 238.2885,
        "meta_ephemeris_type": 0,
        "meta_classification_type": "U",
        "meta_norad_cat_id": 36622,
        "meta_element_set_no": 999,
        "meta_rev_at_epoch": 67814,
        "meta_bstar": 0.0006034887,
        "meta_mean_motion_dot": 4.371e-05,
        "meta_mean_motion_ddot": 0,
        "tle_line1": "1 36622U 93036BEL 26053.85294336  .00004371  00000+0  60349-3 0  9995",
        "tle_line2": "2 36622  74.0161   3.9855 0065492 122.4645 238.2885 14.76961567678144"
      },
      "geometry": {
        "type": "Point",
        "coordinates": [
          -153.26733124670454,
          -54.43325435337525
        ]
      }
    },
    {
      "type": "Feature",
      "properties": {
        "norad_id": 36632,
        "name": "COSMOS 2251 DEB",
        "group": "cosmos-2251-debris",
        "lat": 9.817845316514529,
        "lon": 160.11118965646014,
        "alt_km": 759.4397554072448,
        "timestamp": "2026-02-23T07:17:29.435986+00:00",
        "meta_object_name": "COSMOS 2251 DEB",
        "meta_object_id": "1993-036BEW",
        "meta_epoch": "2026-02-22T14:36:44.921664",
        "meta_mean_motion": 14.43608641,
        "meta_eccentricity": 0.0034937,
        "meta_inclination": 74.0025,
        "meta_ra_of_asc_node": 158.5593,
        "meta_arg_of_pericenter": 253.8426,
        "meta_mean_anomaly": 105.8884,
        "meta_ephemeris_type": 0,
        "meta_classification_type": "U",
        "meta_norad_cat_id": 36632,
        "meta_element_set_no": 999,
        "meta_rev_at_epoch": 66252,
        "meta_bstar": 0.0007868,
        "meta_mean_motion_dot": 2.661e-05,
        "meta_mean_motion_ddot": 0,
        "tle_line1": "1 36632U 93036BEW 26053.60885326  .00002661  00000+0  78680-3 0  9991",
        "tle_line2": "2 36632  74.0025 158.5593 0034937 253.8426 105.8884 14.43608641662524"
      },
      "geometry": {
        "type": "Point",
        "coordinates": [
          160.11118965646014,
          9.817845316514529
        ]
      }
    },
    {
      "type": "Feature",
      "properties": {
        "norad_id": 37084,
        "name": "COSMOS 2251 DEB",
        "group": "cosmos-2251-debris",
        "lat": 69.18286692959785,
        "lon": 144.61672035856824,
        "alt_km": 496.9684479186717,
        "timestamp": "2026-02-23T07:17:29.435996+00:00",
        "meta_object_name": "COSMOS 2251 DEB",
        "meta_object_id": "1993-036BFE",
        "meta_epoch": "2026-02-17T14:58:59.856960",
        "meta_mean_motion": 15.02190745,
        "meta_eccentricity": 0.0092656,
        "meta_inclination": 74.0294,
        "meta_ra_of_asc_node": 25.0726,
        "meta_arg_of_pericenter": 86.7656,
        "meta_mean_anomaly": 274.4127,
        "meta_ephemeris_type": 0,
        "meta_classification_type": "U",
        "meta_norad_cat_id": 37084,
        "meta_element_set_no": 999,
        "meta_rev_at_epoch": 67271,
        "meta_bstar": 0.00045304482,
        "meta_mean_motion_dot": 6.512e-05,
        "meta_mean_motion_ddot": 0,
        "tle_line1": "1 37084U 93036BFE 26048.62430390  .00006512  00000+0  45304-3 0  9992",
        "tle_line2": "2 37084  74.0294  25.0726 0092656  86.7656 274.4127 15.02190745672712"
      },
      "geometry": {
        "type": "Point",
        "coordinates": [
          144.61672035856824,
          69.18286692959785
        ]
      }
    },
    {
      "type": "Feature",
      "properties": {
        "norad_id": 37085,
        "name": "COSMOS 2251 DEB",
        "group": "cosmos-2251-debris",
        "lat": 57.57187199436686,
        "lon": -151.2088484867017,
        "alt_km": 374.82248846496077,
        "timestamp": "2026-02-23T07:17:29.436005+00:00",
        "meta_object_name": "COSMOS 2251 DEB",
        "meta_object_id": "1993-036BFF",
        "meta_epoch": "2026-01-27T21:51:32.584320",
        "meta_mean_motion": 15.53787647,
        "meta_eccentricity": 0.00267706,
        "meta_inclination": 73.9426,
        "meta_ra_of_asc_node": 114.705,
        "meta_arg_of_pericenter": 308.0854,
        "meta_mean_anomaly": 51.7946,
        "meta_ephemeris_type": 0,
        "meta_classification_type": "U",
        "meta_norad_cat_id": 37085,
        "meta_element_set_no": 999,
        "meta_rev_at_epoch": 67851,
        "meta_bstar": 0.0027337761,
        "meta_mean_motion_dot": 0.00182199,
        "meta_mean_motion_ddot": 0,
        "tle_line1": "1 37085U 93036BFF 26027.91079380  .00182199  00000+0  27338-2 0  9992",
        "tle_line2": "2 37085  73.9426 114.7050 0026770 308.0854  51.7946 15.53787647678516"
      },
      "geometry": {
        "type": "Point",
        "coordinates": [
          -151.2088484867017,
          57.57187199436686
        ]
      }
    },
    {
      "type": "Feature",
      "properties": {
        "norad_id": 37089,
        "name": "COSMOS 2251 DEB",
        "group": "cosmos-2251-debris",
        "lat": 59.01656692801311,
        "lon": 37.04922351751014,
        "alt_km": 623.6956611739406,
        "timestamp": "2026-02-23T07:17:29.436015+00:00",
        "meta_object_name": "COSMOS 2251 DEB",
        "meta_object_id": "1993-036BFK",
        "meta_epoch": "2026-02-21T05:29:20.109408",
        "meta_mean_motion": 14.54617068,
        "meta_eccentricity": 0.0128703,
        "meta_inclination": 74.0389,
        "meta_ra_of_asc_node": 12.5086,
        "meta_arg_of_pericenter": 95.6683,
        "meta_mean_anomaly": 265.9171,
        "meta_ephemeris_type": 0,
        "meta_classification_type": "U",
        "meta_norad_cat_id": 37089,
        "meta_element_set_no": 999,
        "meta_rev_at_epoch": 67134,
        "meta_bstar": 0.0018453,
        "meta_mean_motion_dot": 8.788e-05,
        "meta_mean_motion_ddot": 0,
        "tle_line1": "1 37089U 93036BFK 26052.22870497  .00008788  00000+0  18453-2 0  9995",
        "tle_line2": "2 37089  74.0389  12.5086 0128703  95.6683 265.9171 14.54617068671344"
      },
      "geometry": {
        "type": "Point",
        "coordinates": [
          37.04922351751014,
          59.01656692801311
        ]
      }
    },
    {
      "type": "Feature",
      "properties": {
        "norad_id": 37094,
        "name": "COSMOS 2251 DEB",
        "group": "cosmos-2251-debris",
        "lat": 10.273932943037385,
        "lon": -8.953417096775897,
        "alt_km": 750.7193495700258,
        "timestamp": "2026-02-23T07:17:29.436025+00:00",
        "meta_object_name": "COSMOS 2251 DEB",
        "meta_object_id": "1993-036BFQ",
        "meta_epoch": "2026-02-18T05:23:11.166720",
        "meta_mean_motion": 14.38322796,
        "meta_eccentricity": 0.0084952,
        "meta_inclination": 74.1128,
        "meta_ra_of_asc_node": 357.4013,
        "meta_arg_of_pericenter": 304.6936,
        "meta_mean_anomaly": 54.6234,
        "meta_ephemeris_type": 0,
        "meta_classification_type": "U",
        "meta_norad_cat_id": 37094,
        "meta_element_set_no": 999,
        "meta_rev_at_epoch": 85476,
        "meta_bstar": 0.0012532,
        "meta_mean_motion_dot": 3.954e-05,
        "meta_mean_motion_ddot": 0,
        "tle_line1": "1 37094U 93036BFQ 26049.22443480  .00003954  00000+0  12532-2 0  9997",
        "tle_line2": "2 37094  74.1128 357.4013 0084952 304.6936  54.6234 14.38322796854769"
      },
      "geometry": {
        "type": "Point",
        "coordinates": [
          -8.953417096775897,
          10.273932943037385
        ]
      }
    },
    {
      "type": "Feature",
      "properties": {
        "norad_id": 37095,
        "name": "COSMOS 2251 DEB",
        "group": "cosmos-2251-debris",
        "lat": -48.53185395233059,
        "lon": 42.93012188368961,
        "alt_km": 1014.3350109635021,
        "timestamp": "2026-02-23T07:17:29.436035+00:00",
        "meta_object_name": "COSMOS 2251 DEB",
        "meta_object_id": "1993-036BFR",
        "meta_epoch": "2026-02-16T18:11:10.835520",
        "meta_mean_motion": 14.0373747,
        "meta_eccentricity": 0.01880012,
        "meta_inclination": 73.8493,
        "meta_ra_of_asc_node": 73.6019,
        "meta_arg_of_pericenter": 120.4832,
        "meta_mean_anomaly": 241.5018,
        "meta_ephemeris_type": 0,
        "meta_classification_type": "U",
        "meta_norad_cat_id": 37095,
        "meta_element_set_no": 999,
        "meta_rev_at_epoch": 63562,
        "meta_bstar": 0.00061521957,
        "meta_mean_motion_dot": 1.108e-05,
        "meta_mean_motion_ddot": 0,
        "tle_line1": "1 37095U 93036BFR 26047.75776430  .00001108  00000+0  61522-3 0  9991",
        "tle_line2": "2 37095  73.8493  73.6019 0188001 120.4832 241.5018 14.03737470635623"
      },
      "geometry": {
        "type": "Point",
        "coordinates": [
          42.93012188368961,
          -48.53185395233059
        ]
      }
    },
    {
      "type": "Feature",
      "properties": {
        "norad_id": 37101,
        "name": "COSMOS 2251 DEB",
        "group": "cosmos-2251-debris",
        "lat": -45.975260312909356,
        "lon": -63.121259096793345,
        "alt_km": 668.7949632391528,
        "timestamp": "2026-02-23T07:17:29.436045+00:00",
        "meta_object_name": "COSMOS 2251 DEB",
        "meta_object_id": "1993-036BFX",
        "meta_epoch": "2026-02-21T09:39:26.801856",
        "meta_mean_motion": 14.66138927,
        "meta_eccentricity": 0.0041808,
        "meta_inclination": 74.0352,
        "meta_ra_of_asc_node": 317.7701,
        "meta_arg_of_pericenter": 24.1902,
        "meta_mean_anomaly": 336.1218,
        "meta_ephemeris_type": 0,
        "meta_classification_type": "U",
        "meta_norad_cat_id": 37101,
        "meta_element_set_no": 999,
        "meta_rev_at_epoch": 66707,
        "meta_bstar": 0.0010048906,
        "meta_mean_motion_dot": 5.568e-05,
        "meta_mean_motion_ddot": 0,
        "tle_line1": "1 37101U 93036BFX 26052.40239354  .00005568  00000+0  10049-2 0  9997",
        "tle_line2": "2 37101  74.0352 317.7701 0041808  24.1902 336.1218 14.66138927667077"
      },
      "geometry": {
        "type": "Point",
        "coordinates": [
          -63.121259096793345,
          -45.975260312909356
        ]
      }
    },
    {
      "type": "Feature",
      "properties": {
        "norad_id": 37108,
        "name": "COSMOS 2251 DEB",
        "group": "cosmos-2251-debris",
        "lat": -12.980362792543037,
        "lon": 129.95578964133412,
        "alt_km": 820.0536302945393,
        "timestamp": "2026-02-23T07:17:29.436055+00:00",
        "meta_object_name": "COSMOS 2251 DEB",
        "meta_object_id": "1993-036BGE",
        "meta_epoch": "2026-02-22T02:05:27.122208",
        "meta_mean_motion": 14.41950719,
        "meta_eccentricity": 0.00908697,
        "meta_inclination": 74.0441,
        "meta_ra_of_asc_node": 308.4281,
        "meta_arg_of_pericenter": 6.3444,
        "meta_mean_anomaly": 353.8838,
        "meta_ephemeris_type": 0,
        "meta_classification_type": "U",
        "meta_norad_cat_id": 37108,
        "meta_element_set_no": 999,
        "meta_rev_at_epoch": 86535,
        "meta_bstar": 0.00085566586,
        "meta_mean_motion_dot": 2.92e-05,
        "meta_mean_motion_ddot": 0,
        "tle_line1": "1 37108U 93036BGE 26053.08711947  .00002920  00000+0  85567-3 0  9999",
        "tle_line2": "2 37108  74.0441 308.4281 0090869   6.3444 353.8838 14.41950719865356"
      },
      "geometry": {
        "type": "Point",
        "coordinates": [
          129.95578964133412,
          -12.980362792543037
        ]
      }
    },
    {
      "type": "Feature",
      "properties": {
        "norad_id": 37118,
        "name": "COSMOS 2251 DEB",
        "group": "cosmos-2251-debris",
        "lat": 26.496781338014262,
        "lon": 112.21587872081338,
        "alt_km": 626.8371335850434,
        "timestamp": "2026-02-23T07:17:29.436065+00:00",
        "meta_object_name": "COSMOS 2251 DEB",
        "meta_object_id": "1993-036BGQ",
        "meta_epoch": "2026-02-03T04:55:29.226432",
        "meta_mean_motion": 14.79989849,
        "meta_eccentricity": 0.0002697,
        "meta_inclination": 74.0172,
        "meta_ra_of_asc_node": 340.0735,
        "meta_arg_of_pericenter": 344.2912,
        "meta_mean_anomaly": 15.818,
        "meta_ephemeris_type": 0,
        "meta_classification_type": "U",
        "meta_norad_cat_id": 37118,
        "meta_element_set_no": 999,
        "meta_rev_at_epoch": 66327,
        "meta_bstar": 0.002908,
        "meta_mean_motion_dot": 0.00022037,
        "meta_mean_motion_ddot": 0,
        "tle_line1": "1 37118U 93036BGQ 26034.20519938  .00022037  00000+0  29080-2 0  9997",
        "tle_line2": "2 37118  74.0172 340.0735 0002697 344.2912  15.8180 14.79989849663279"
      },
      "geometry": {
        "type": "Point",
        "coordinates": [
          112.21587872081338,
          26.496781338014262
        ]
      }
    },
    {
      "type": "Feature",
      "properties": {
        "norad_id": 37126,
        "name": "COSMOS 2251 DEB",
        "group": "cosmos-2251-debris",
        "lat": 52.669392980859456,
        "lon": -125.45568387072454,
        "alt_km": 564.2900133147168,
        "timestamp": "2026-02-23T07:17:29.436075+00:00",
        "meta_object_name": "COSMOS 2251 DEB",
        "meta_object_id": "1993-036BGY",
        "meta_epoch": "2026-02-12T20:04:34.319712",
        "meta_mean_motion": 14.73293903,
        "meta_eccentricity": 0.0120361,
        "meta_inclination": 73.9496,
        "meta_ra_of_asc_node": 232.8712,
        "meta_arg_of_pericenter": 96.0297,
        "meta_mean_anomaly": 265.4606,
        "meta_ephemeris_type": 0,
        "meta_classification_type": "U",
        "meta_norad_cat_id": 37126,
        "meta_element_set_no": 999,
        "meta_rev_at_epoch": 9013,
        "meta_bstar": 0.00023567,
        "meta_mean_motion_dot": 1.674e-05,
        "meta_mean_motion_ddot": 0,
        "tle_line1": "1 37126U 93036BGY 26043.83650833  .00001674  00000+0  23567-3 0  9994",
        "tle_line2": "2 37126  73.9496 232.8712 0120361  96.0297 265.4606 14.73293903 90133"
      },
      "geometry": {
        "type": "Point",
        "coordinates": [
          -125.45568387072454,
          52.669392980859456
        ]
      }
    },
    {
      "type": "Feature",
      "properties": {
        "norad_id": 37132,
        "name": "COSMOS 2251 DEB",
        "group": "cosmos-2251-debris",
        "lat": 39.92759050651199,
        "lon": 105.0805432724124,
        "alt_km": 658.5021798837579,
        "timestamp": "2026-02-23T07:17:29.436085+00:00",
        "meta_object_name": "COSMOS 2251 DEB",
        "meta_object_id": "1993-036BHE",
        "meta_epoch": "2026-02-01T23:43:15.794400",
        "meta_mean_motion": 14.7879545,
        "meta_eccentricity": 0.00433974,
        "meta_inclination": 74.0037,
        "meta_ra_of_asc_node": 133.1709,
        "meta_arg_of_pericenter": 278.8272,
        "meta_mean_anomaly": 80.799,
        "meta_ephemeris_type": 0,
        "meta_classification_type": "U",
        "meta_norad_cat_id": 37132,
        "meta_element_set_no": 999,
        "meta_rev_at_epoch": 63173,
        "meta_bstar": 0.001092546,
        "meta_mean_motion_dot": 8.135e-05,
        "meta_mean_motion_ddot": 0,
        "tle_line1": "1 37132U 93036BHE 26032.98837725  .00008135  00000+0  10925-2 0  9994",
        "tle_line2": "2 37132  74.0037 133.1709 0043397 278.8272  80.7990 14.78795450631738"
      },
      "geometry": {
        "type": "Point",
        "coordinates": [
          105.0805432724124,
          39.92759050651199
        ]
      }
    },
    {
      "type": "Feature",
      "properties": {
        "norad_id": 37270,
        "name": "COSMOS 2251 DEB",
        "group": "cosmos-2251-debris",
        "lat": -61.33353536831113,
        "lon": -174.4096751786141,
        "alt_km": 968.3525227741402,
        "timestamp": "2026-02-23T07:17:29.436095+00:00",
        "meta_object_name": "COSMOS 2251 DEB",
        "meta_object_id": "1993-036BHJ",
        "meta_epoch": "2026-02-22T21:02:05.057952",
        "meta_mean_motion": 13.6050444,
        "meta_eccentricity": 0.03951988,
        "meta_inclination": 73.9354,
        "meta_ra_of_asc_node": 218.0932,
        "meta_arg_of_pericenter": 216.9681,
        "meta_mean_anomaly": 140.3599,
        "meta_ephemeris_type": 0,
        "meta_classification_type": "U",
        "meta_norad_cat_id": 37270,
        "meta_element_set_no": 999,
        "meta_rev_at_epoch": 78050,
        "meta_bstar": 0.004494829,
        "meta_mean_motion_dot": 5.658e-05,
        "meta_mean_motion_ddot": 0,
        "tle_line1": "1 37270U 93036BHJ 26053.87644743  .00005658  00000+0  44948-2 0  9993",
        "tle_line2": "2 37270  73.9354 218.0932 0395198 216.9681 140.3599 13.60504440780503"
      },
      "geometry": {
        "type": "Point",
        "coordinates": [
          -174.4096751786141,
          -61.33353536831113
        ]
      }
    },
    {
      "type": "Feature",
      "properties": {
        "norad_id": 37278,
        "name": "COSMOS 2251 DEB",
        "group": "cosmos-2251-debris",
        "lat": -61.361205027818905,
        "lon": -173.9074457382789,
        "alt_km": 856.9482003716221,
        "timestamp": "2026-02-23T07:17:29.436106+00:00",
        "meta_object_name": "COSMOS 2251 DEB",
        "meta_object_id": "1993-036BHS",
        "meta_epoch": "2026-02-16T19:49:12.078336",
        "meta_mean_motion": 14.15470125,
        "meta_eccentricity": 0.0297391,
        "meta_inclination": 73.7777,
        "meta_ra_of_asc_node": 230.0059,
        "meta_arg_of_pericenter": 41.01,
        "meta_mean_anomaly": 19.0092,
        "meta_ephemeris_type": 0,
        "meta_classification_type": "U",
        "meta_norad_cat_id": 37278,
        "meta_element_set_no": 999,
        "meta_rev_at_epoch": 64764,
        "meta_bstar": 0.00079997989,
        "meta_mean_motion_dot": 2.373e-05,
        "meta_mean_motion_ddot": 0,
        "tle_line1": "1 37278U 93036BHS 26047.82583424  .00002373  00000+0  79998-3 0  9992",
        "tle_line2": "2 37278  73.7777 230.0059 0297391  41.0100  19.0092 14.15470125647641"
      },
      "geometry": {
        "type": "Point",
        "coordinates": [
          -173.9074457382789,
          -61.361205027818905
        ]
      }
    },
    {
      "type": "Feature",
      "properties": {
        "norad_id": 37280,
        "name": "COSMOS 2251 DEB",
        "group": "cosmos-2251-debris",
        "lat": -73.83564650010453,
        "lon": -153.77908414100827,
        "alt_km": 886.2391630079728,
        "timestamp": "2026-02-23T07:17:29.436116+00:00",
        "meta_object_name": "COSMOS 2251 DEB",
        "meta_object_id": "1993-036BHU",
        "meta_epoch": "2026-02-09T00:24:35.318016",
        "meta_mean_motion": 14.19703073,
        "meta_eccentricity": 0.01293822,
        "meta_inclination": 74.0303,
        "meta_ra_of_asc_node": 312.8598,
        "meta_arg_of_pericenter": 66.8618,
        "meta_mean_anomaly": 294.6098,
        "meta_ephemeris_type": 0,
        "meta_classification_type": "U",
        "meta_norad_cat_id": 37280,
        "meta_element_set_no": 999,
        "meta_rev_at_epoch": 58150,
        "meta_bstar": 0.0015398301,
        "meta_mean_motion_dot": 3.518e-05,
        "meta_mean_motion_ddot": 0,
        "tle_line1": "1 37280U 93036BHU 26040.01707544  .00003518  00000+0  15398-2 0  9995",
        "tle_line2": "2 37280  74.0303 312.8598 0129382  66.8618 294.6098 14.19703073581507"
      },
      "geometry": {
        "type": "Point",
        "coordinates": [
          -153.77908414100827,
          -73.83564650010453
        ]
      }
    },
    {
      "type": "Feature",
      "properties": {
        "norad_id": 37284,
        "name": "COSMOS 2251 DEB",
        "group": "cosmos-2251-debris",
        "lat": -21.002196357945166,
        "lon": 21.920559162183455,
        "alt_km": 970.6793331849094,
        "timestamp": "2026-02-23T07:17:29.436125+00:00",
        "meta_object_name": "COSMOS 2251 DEB",
        "meta_object_id": "1993-036BHY",
        "meta_epoch": "2026-02-05T07:55:19.503840",
        "meta_mean_motion": 14.13024671,
        "meta_eccentricity": 0.0163535,
        "meta_inclination": 74.0143,
        "meta_ra_of_asc_node": 60.0665,
        "meta_arg_of_pericenter": 200.9081,
        "meta_mean_anomaly": 178.3706,
        "meta_ephemeris_type": 0,
        "meta_classification_type": "U",
        "meta_norad_cat_id": 37284,
        "meta_element_set_no": 999,
        "meta_rev_at_epoch": 59946,
        "meta_bstar": 0.0017497,
        "meta_mean_motion_dot": 3.683e-05,
        "meta_mean_motion_ddot": 0,
        "tle_line1": "1 37284U 93036BHY 26036.33008685  .00003683  00000+0  17497-2 0  9994",
        "tle_line2": "2 37284  74.0143  60.0665 0163535 200.9081 178.3706 14.13024671599465"
      },
      "geometry": {
        "type": "Point",
        "coordinates": [
          21.920559162183455,
          -21.002196357945166
        ]
      }
    },
    {
      "type": "Feature",
      "properties": {
        "norad_id": 37292,
        "name": "COSMOS 2251 DEB",
        "group": "cosmos-2251-debris",
        "lat": -15.282597729131709,
        "lon": 108.49170215872172,
        "alt_km": 837.9891643291585,
        "timestamp": "2026-02-23T07:17:29.436136+00:00",
        "meta_object_name": "COSMOS 2251 DEB",
        "meta_object_id": "1993-036BJG",
        "meta_epoch": "2026-02-21T23:33:24.238656",
        "meta_mean_motion": 14.0392426,
        "meta_eccentricity": 0.0209491,
        "meta_inclination": 74.1288,
        "meta_ra_of_asc_node": 286.3242,
        "meta_arg_of_pericenter": 271.731,
        "meta_mean_anomaly": 85.9843,
        "meta_ephemeris_type": 0,
        "meta_classification_type": "U",
        "meta_norad_cat_id": 37292,
        "meta_element_set_no": 999,
        "meta_rev_at_epoch": 60848,
        "meta_bstar": 0.00084208,
        "meta_mean_motion_dot": 1.591e-05,
        "meta_mean_motion_ddot": 0,
        "tle_line1": "1 37292U 93036BJG 26052.98153054  .00001591  00000+0  84208-3 0  9994",
        "tle_line2": "2 37292  74.1288 286.3242 0209491 271.7310  85.9843 14.03924260608482"
      },
      "geometry": {
        "type": "Point",
        "coordinates": [
          108.49170215872172,
          -15.282597729131709
        ]
      }
    },
    {
      "type": "Feature",
      "properties": {
        "norad_id": 37295,
        "name": "COSMOS 2251 DEB",
        "group": "cosmos-2251-debris",
        "lat": 60.94421682721742,
        "lon": 172.76278331476627,
        "alt_km": 686.911364820412,
        "timestamp": "2026-02-23T07:17:29.436146+00:00",
        "meta_object_name": "COSMOS 2251 DEB",
        "meta_object_id": "1993-036BJK",
        "meta_epoch": "2026-02-19T16:10:39.269568",
        "meta_mean_motion": 14.65749744,
        "meta_eccentricity": 0.00470839,
        "meta_inclination": 74.0094,
        "meta_ra_of_asc_node": 148.6878,
        "meta_arg_of_pericenter": 309.106,
        "meta_mean_anomaly": 50.5926,
        "meta_ephemeris_type": 0,
        "meta_classification_type": "U",
        "meta_norad_cat_id": 37295,
        "meta_element_set_no": 999,
        "meta_rev_at_epoch": 83314,
        "meta_bstar": 0.00051319318,
        "meta_mean_motion_dot": 2.811e-05,
        "meta_mean_motion_ddot": 0,
        "tle_line1": "1 37295U 93036BJK 26050.67406562  .00002811  00000+0  51319-3 0  9999",
        "tle_line2": "2 37295  74.0094 148.6878 0047083 309.1060  50.5926 14.65749744833142"
      },
      "geometry": {
        "type": "Point",
        "coordinates": [
          172.76278331476627,
          60.94421682721742
        ]
      }
    },
    {
      "type": "Feature",
      "properties": {
        "norad_id": 37305,
        "name": "COSMOS 2251 DEB",
        "group": "cosmos-2251-debris",
        "lat": 34.6867156936938,
        "lon": -35.67140280761272,
        "alt_km": 743.0770634439987,
        "timestamp": "2026-02-23T07:17:29.436155+00:00",
        "meta_object_name": "COSMOS 2251 DEB",
        "meta_object_id": "1993-036BJV",
        "meta_epoch": "2026-02-20T23:28:16.652064",
        "meta_mean_motion": 14.3643886,
        "meta_eccentricity": 0.0046235,
        "meta_inclination": 73.8691,
        "meta_ra_of_asc_node": 160.1976,
        "meta_arg_of_pericenter": 106.1077,
        "meta_mean_anomaly": 254.5172,
        "meta_ephemeris_type": 0,
        "meta_classification_type": "U",
        "meta_norad_cat_id": 37305,
        "meta_element_set_no": 999,
        "meta_rev_at_epoch": 67875,
        "meta_bstar": 0.00054181,
        "meta_mean_motion_dot": 1.581e-05,
        "meta_mean_motion_ddot": 0,
        "tle_line1": "1 37305U 93036BJV 26051.97797051  .00001581  00000+0  54181-3 0  9994",
        "tle_line2": "2 37305  73.8691 160.1976 0046235 106.1077 254.5172 14.36438860678758"
      },
      "geometry": {
        "type": "Point",
        "coordinates": [
          -35.67140280761272,
          34.6867156936938
        ]
      }
    },
    {
      "type": "Feature",
      "properties": {
        "norad_id": 37312,
        "name": "COSMOS 2251 DEB",
        "group": "cosmos-2251-debris",
        "lat": -73.74874230312639,
        "lon": -10.546540948134853,
        "alt_km": 748.269055359372,
        "timestamp": "2026-02-23T07:17:29.436165+00:00",
        "meta_object_name": "COSMOS 2251 DEB",
        "meta_object_id": "1993-036BKC",
        "meta_epoch": "2026-02-21T00:54:58.447008",
        "meta_mean_motion": 14.46420196,
        "meta_eccentricity": 0.00171281,
        "meta_inclination": 74.0294,
        "meta_ra_of_asc_node": 72.9286,
        "meta_arg_of_pericenter": 168.7187,
        "meta_mean_anomaly": 191.4359,
        "meta_ephemeris_type": 0,
        "meta_classification_type": "U",
        "meta_norad_cat_id": 37312,
        "meta_element_set_no": 999,
        "meta_rev_at_epoch": 87180,
        "meta_bstar": 0.00035578495,
        "meta_mean_motion_dot": 1.254e-05,
        "meta_mean_motion_ddot": 0,
        "tle_line1": "1 37312U 93036BKC 26052.03817647  .00001254  00000+0  35578-3 0  9990",
        "tle_line2": "2 37312  74.0294  72.9286 0017128 168.7187 191.4359 14.46420196871808"
      },
      "geometry": {
        "type": "Point",
        "coordinates": [
          -10.546540948134853,
          -73.74874230312639
        ]
      }
    },
    {
      "type": "Feature",
      "properties": {
        "norad_id": 37316,
        "name": "COSMOS 2251 DEB",
        "group": "cosmos-2251-debris",
        "lat": 0.8892904644619696,
        "lon": -125.60765590146463,
        "alt_km": 564.892242533947,
        "timestamp": "2026-02-23T07:17:29.436175+00:00",
        "meta_object_name": "COSMOS 2251 DEB",
        "meta_object_id": "1993-036BKG",
        "meta_epoch": "2026-02-22T18:28:35.675904",
        "meta_mean_motion": 14.99345724,
        "meta_eccentricity": 0.00286222,
        "meta_inclination": 74.0176,
        "meta_ra_of_asc_node": 235.2223,
        "meta_arg_of_pericenter": 291.0533,
        "meta_mean_anomaly": 68.7593,
        "meta_ephemeris_type": 0,
        "meta_classification_type": "U",
        "meta_norad_cat_id": 37316,
        "meta_element_set_no": 999,
        "meta_rev_at_epoch": 87221,
        "meta_bstar": 0.0035154645,
        "meta_mean_motion_dot": 0.00043587,
        "meta_mean_motion_ddot": 0,
        "tle_line1": "1 37316U 93036BKG 26053.76985736  .00043587  00000+0  35155-2 0  9995",
        "tle_line2": "2 37316  74.0176 235.2223 0028622 291.0533  68.7593 14.99345724872215"
      },
      "geometry": {
        "type": "Point",
        "coordinates": [
          -125.60765590146463,
          0.8892904644619696
        ]
      }
    },
    {
      "type": "Feature",
      "properties": {
        "norad_id": 37320,
        "name": "COSMOS 2251 DEB",
        "group": "cosmos-2251-debris",
        "lat": -60.482361192429664,
        "lon": -74.17478445117005,
        "alt_km": 639.7395563016989,
        "timestamp": "2026-02-23T07:17:29.436185+00:00",
        "meta_object_name": "COSMOS 2251 DEB",
        "meta_object_id": "1993-036BKL",
        "meta_epoch": "2026-02-02T12:05:44.560608",
        "meta_mean_motion": 14.79701,
        "meta_eccentricity": 0.00448743,
        "meta_inclination": 74.0469,
        "meta_ra_of_asc_node": 116.3947,
        "meta_arg_of_pericenter": 194.1927,
        "meta_mean_anomaly": 165.7992,
        "meta_ephemeris_type": 0,
        "meta_classification_type": "U",
        "meta_norad_cat_id": 37320,
        "meta_element_set_no": 999,
        "meta_rev_at_epoch": 66912,
        "meta_bstar": 0.00097284209,
        "meta_mean_motion_dot": 7.407e-05,
        "meta_mean_motion_ddot": 0,
        "tle_line1": "1 37320U 93036BKL 26033.50398797  .00007407  00000+0  97284-3 0  9998",
        "tle_line2": "2 37320  74.0469 116.3947 0044874 194.1927 165.7992 14.79701000669120"
      },
      "geometry": {
        "type": "Point",
        "coordinates": [
          -74.17478445117005,
          -60.482361192429664
        ]
      }
    },
    {
      "type": "Feature",
      "properties": {
        "norad_id": 37326,
        "name": "COSMOS 2251 DEB",
        "group": "cosmos-2251-debris",
        "lat": -4.113233306430182,
        "lon": 16.91112100737961,
        "alt_km": 710.9978448582378,
        "timestamp": "2026-02-23T07:17:29.436195+00:00",
        "meta_object_name": "COSMOS 2251 DEB",
        "meta_object_id": "1993-036BKS",
        "meta_epoch": "2026-02-21T01:53:42.609696",
        "meta_mean_motion": 14.62009253,
        "meta_eccentricity": 0.00577633,
        "meta_inclination": 74.0249,
        "meta_ra_of_asc_node": 199.9911,
        "meta_arg_of_pericenter": 310.5166,
        "meta_mean_anomaly": 49.0976,
        "meta_ephemeris_type": 0,
        "meta_classification_type": "U",
        "meta_norad_cat_id": 37326,
        "meta_element_set_no": 999,
        "meta_rev_at_epoch": 86511,
        "meta_bstar": 0.00044937862,
        "meta_mean_motion_dot": 2.276e-05,
        "meta_mean_motion_ddot": 0,
        "tle_line1": "1 37326U 93036BKS 26052.07896539  .00002276  00000+0  44938-3 0  9991",
        "tle_line2": "2 37326  74.0249 199.9911 0057763 310.5166  49.0976 14.62009253865116"
      },
      "geometry": {
        "type": "Point",
        "coordinates": [
          16.91112100737961,
          -4.113233306430182
        ]
      }
    },
    {
      "type": "Feature",
      "properties": {
        "norad_id": 37330,
        "name": "COSMOS 2251 DEB",
        "group": "cosmos-2251-debris",
        "lat": -17.005322504335247,
        "lon": 151.50774227742988,
        "alt_km": 657.2255757337462,
        "timestamp": "2026-02-23T07:17:29.436204+00:00",
        "meta_object_name": "COSMOS 2251 DEB",
        "meta_object_id": "1993-036BKW",
        "meta_epoch": "2026-02-21T15:53:51.753984",
        "meta_mean_motion": 14.59786246,
        "meta_eccentricity": 0.00582739,
        "meta_inclination": 74.0176,
        "meta_ra_of_asc_node": 159.6697,
        "meta_arg_of_pericenter": 348.09,
        "meta_mean_anomaly": 11.8882,
        "meta_ephemeris_type": 0,
        "meta_classification_type": "U",
        "meta_norad_cat_id": 37330,
        "meta_element_set_no": 999,
        "meta_rev_at_epoch": 87403,
        "meta_bstar": 0.00023762734,
        "meta_mean_motion_dot": 1.131e-05,
        "meta_mean_motion_ddot": 0,
        "tle_line1": "1 37330U 93036BKW 26052.66240456  .00001131  00000+0  23763-3 0  9994",
        "tle_line2": "2 37330  74.0176 159.6697 0058273 348.0900  11.8882 14.59786246874037"
      },
      "geometry": {
        "type": "Point",
        "coordinates": [
          151.50774227742988,
          -17.005322504335247
        ]
      }
    },
    {
      "type": "Feature",
      "properties": {
        "norad_id": 37331,
        "name": "COSMOS 2251 DEB",
        "group": "cosmos-2251-debris",
        "lat": -8.903358040485587,
        "lon": 117.70866907606295,
        "alt_km": 785.8905711245225,
        "timestamp": "2026-02-23T07:17:29.436215+00:00",
        "meta_object_name": "COSMOS 2251 DEB",
        "meta_object_id": "1993-036BKX",
        "meta_epoch": "2026-02-18T00:56:55.918176",
        "meta_mean_motion": 14.35306008,
        "meta_eccentricity": 0.00570895,
        "meta_inclination": 74.0761,
        "meta_ra_of_asc_node": 304.7717,
        "meta_arg_of_pericenter": 302.0004,
        "meta_mean_anomaly": 57.5607,
        "meta_ephemeris_type": 0,
        "meta_classification_type": "U",
        "meta_norad_cat_id": 37331,
        "meta_element_set_no": 999,
        "meta_rev_at_epoch": 85725,
        "meta_bstar": 0.00047283965,
        "meta_mean_motion_dot": 1.354e-05,
        "meta_mean_motion_ddot": 0,
        "tle_line1": "1 37331U 93036BKX 26049.03953609  .00001354  00000+0  47284-3 0  9994",
        "tle_line2": "2 37331  74.0761 304.7717 0057089 302.0004  57.5607 14.35306008857258"
      },
      "geometry": {
        "type": "Point",
        "coordinates": [
          117.70866907606295,
          -8.903358040485587
        ]
      }
    },
    {
      "type": "Feature",
      "properties": {
        "norad_id": 37336,
        "name": "COSMOS 2251 DEB",
        "group": "cosmos-2251-debris",
        "lat": -73.86176481470251,
        "lon": 100.25146992574594,
        "alt_km": 767.4403615845513,
        "timestamp": "2026-02-23T07:17:29.436225+00:00",
        "meta_object_name": "COSMOS 2251 DEB",
        "meta_object_id": "1993-036BLC",
        "meta_epoch": "2026-02-12T03:36:18.016992",
        "meta_mean_motion": 14.32790458,
        "meta_eccentricity": 0.00308746,
        "meta_inclination": 74.0393,
        "meta_ra_of_asc_node": 219.0983,
        "meta_arg_of_pericenter": 283.2625,
        "meta_mean_anomaly": 76.5083,
        "meta_ephemeris_type": 0,
        "meta_classification_type": "U",
        "meta_norad_cat_id": 37336,
        "meta_element_set_no": 999,
        "meta_rev_at_epoch": 65999,
        "meta_bstar": 8.0799842e-05,
        "meta_mean_motion_dot": 1.95e-06,
        "meta_mean_motion_ddot": 0,
        "tle_line1": "1 37336U 93036BLC 26043.15020853  .00000195  00000+0  80800-4 0  9996",
        "tle_line2": "2 37336  74.0393 219.0983 0030874 283.2625  76.5083 14.32790458659992"
      },
      "geometry": {
        "type": "Point",
        "coordinates": [
          100.25146992574594,
          -73.86176481470251
        ]
      }
    },
    {
      "type": "Feature",
      "properties": {
        "norad_id": 37340,
        "name": "COSMOS 2251 DEB",
        "group": "cosmos-2251-debris",
        "lat": 35.83527610779658,
        "lon": -48.29338457925039,
        "alt_km": 764.254937569247,
        "timestamp": "2026-02-23T07:17:29.436235+00:00",
        "meta_object_name": "COSMOS 2251 DEB",
        "meta_object_id": "1993-036BLG",
        "meta_epoch": "2026-02-21T14:31:49.012032",
        "meta_mean_motion": 14.37019653,
        "meta_eccentricity": 0.0019398,
        "meta_inclination": 74.0238,
        "meta_ra_of_asc_node": 146.7706,
        "meta_arg_of_pericenter": 230.741,
        "meta_mean_anomaly": 129.2023,
        "meta_ephemeris_type": 0,
        "meta_classification_type": "U",
        "meta_norad_cat_id": 37340,
        "meta_element_set_no": 999,
        "meta_rev_at_epoch": 85085,
        "meta_bstar": 0.00015743,
        "meta_mean_motion_dot": 4.41e-06,
        "meta_mean_motion_ddot": 0,
        "tle_line1": "1 37340U 93036BLG 26052.60542838  .00000441  00000+0  15743-3 0  9990",
        "tle_line2": "2 37340  74.0238 146.7706 0019398 230.7410 129.2023 14.37019653850855"
      },
      "geometry": {
        "type": "Point",
        "coordinates": [
          -48.29338457925039,
          35.83527610779658
        ]
      }
    },
    {
      "type": "Feature",
      "properties": {
        "norad_id": 37483,
        "name": "COSMOS 2251 DEB",
        "group": "cosmos-2251-debris",
        "lat": -13.657290817945475,
        "lon": -168.0571075707341,
        "alt_km": 684.067013185314,
        "timestamp": "2026-02-23T07:17:29.436245+00:00",
        "meta_object_name": "COSMOS 2251 DEB",
        "meta_object_id": "1993-036BLL",
        "meta_epoch": "2026-02-17T14:01:16.285728",
        "meta_mean_motion": 14.43699151,
        "meta_eccentricity": 0.009358,
        "meta_inclination": 73.9762,
        "meta_ra_of_asc_node": 18.6068,
        "meta_arg_of_pericenter": 211.1274,
        "meta_mean_anomaly": 148.432,
        "meta_ephemeris_type": 0,
        "meta_classification_type": "U",
        "meta_norad_cat_id": 37483,
        "meta_element_set_no": 999,
        "meta_rev_at_epoch": 66244,
        "meta_bstar": 0.0001723,
        "meta_mean_motion_dot": 5.88e-06,
        "meta_mean_motion_ddot": 0,
        "tle_line1": "1 37483U 93036BLL 26048.58421627  .00000588  00000+0  17230-3 0  9997",
        "tle_line2": "2 37483  73.9762  18.6068 0093580 211.1274 148.4320 14.43699151662440"
      },
      "geometry": {
        "type": "Point",
        "coordinates": [
          -168.0571075707341,
          -13.657290817945475
        ]
      }
    },
    {
      "type": "Feature",
      "properties": {
        "norad_id": 37484,
        "name": "COSMOS 2251 DEB",
        "group": "cosmos-2251-debris",
        "lat": 24.558230881132758,
        "lon": 79.81344323460681,
        "alt_km": 740.8049693478642,
        "timestamp": "2026-02-23T07:17:29.436255+00:00",
        "meta_object_name": "COSMOS 2251 DEB",
        "meta_object_id": "1993-036BLM",
        "meta_epoch": "2026-02-02T11:50:12.096384",
        "meta_mean_motion": 14.42157759,
        "meta_eccentricity": 0.00365879,
        "meta_inclination": 73.8242,
        "meta_ra_of_asc_node": 111.2654,
        "meta_arg_of_pericenter": 138.1895,
        "meta_mean_anomaly": 243.5181,
        "meta_ephemeris_type": 0,
        "meta_classification_type": "U",
        "meta_norad_cat_id": 37484,
        "meta_element_set_no": 999,
        "meta_rev_at_epoch": 66125,
        "meta_bstar": 0.00068401208,
        "meta_mean_motion_dot": 2.242e-05,
        "meta_mean_motion_ddot": 0,
        "tle_line1": "1 37484U 93036BLM 26033.49319556  .00002242  00000+0  68401-3 0  9994",
        "tle_line2": "2 37484  73.8242 111.2654 0036587 138.1895 243.5181 14.42157759661257"
      },
      "geometry": {
        "type": "Point",
        "coordinates": [
          79.81344323460681,
          24.558230881132758
        ]
      }
    },
    {
      "type": "Feature",
      "properties": {
        "norad_id": 37486,
        "name": "COSMOS 2251 DEB",
        "group": "cosmos-2251-debris",
        "lat": 56.84966274769768,
        "lon": 136.6626568092816,
        "alt_km": 812.542719849972,
        "timestamp": "2026-02-23T07:17:29.436265+00:00",
        "meta_object_name": "COSMOS 2251 DEB",
        "meta_object_id": "1993-036BLP",
        "meta_epoch": "2026-02-10T04:43:04.611360",
        "meta_mean_motion": 14.14168757,
        "meta_eccentricity": 0.02305625,
        "meta_inclination": 73.6912,
        "meta_ra_of_asc_node": 7.018,
        "meta_arg_of_pericenter": 227.0187,
        "meta_mean_anomaly": 148.8439,
        "meta_ephemeris_type": 0,
        "meta_classification_type": "U",
        "meta_norad_cat_id": 37486,
        "meta_element_set_no": 999,
        "meta_rev_at_epoch": 64210,
        "meta_bstar": 0.0016967221,
        "meta_mean_motion_dot": 4.146e-05,
        "meta_mean_motion_ddot": 0,
        "tle_line1": "1 37486U 93036BLP 26041.19658115  .00004146  00000+0  16967-2 0  9993",
        "tle_line2": "2 37486  73.6912   7.0180 0230562 227.0187 148.8439 14.14168757642103"
      },
      "geometry": {
        "type": "Point",
        "coordinates": [
          136.6626568092816,
          56.84966274769768
        ]
      }
    },
    {
      "type": "Feature",
      "properties": {
        "norad_id": 37487,
        "name": "COSMOS 2251 DEB",
        "group": "cosmos-2251-debris",
        "lat": -9.184369717308465,
        "lon": 44.55344407860373,
        "alt_km": 624.0893060895432,
        "timestamp": "2026-02-23T07:17:29.436275+00:00",
        "meta_object_name": "COSMOS 2251 DEB",
        "meta_object_id": "1993-036BLQ",
        "meta_epoch": "2026-02-21T10:04:53.711040",
        "meta_mean_motion": 14.85549634,
        "meta_eccentricity": 0.00308343,
        "meta_inclination": 73.9028,
        "meta_ra_of_asc_node": 51.0017,
        "meta_arg_of_pericenter": 240.4466,
        "meta_mean_anomaly": 119.3638,
        "meta_ephemeris_type": 0,
        "meta_classification_type": "U",
        "meta_norad_cat_id": 37487,
        "meta_element_set_no": 999,
        "meta_rev_at_epoch": 82293,
        "meta_bstar": 0.0034217734,
        "meta_mean_motion_dot": 0.0002993,
        "meta_mean_motion_ddot": 0,
        "tle_line1": "1 37487U 93036BLQ 26052.42006610  .00029930  00000+0  34218-2 0  9996",
        "tle_line2": "2 37487  73.9028  51.0017 0030834 240.4466 119.3638 14.85549634822932"
      },
      "geometry": {
        "type": "Point",
        "coordinates": [
          44.55344407860373,
          -9.184369717308465
        ]
      }
    },
    {
      "type": "Feature",
      "properties": {
        "norad_id": 37491,
        "name": "COSMOS 2251 DEB",
        "group": "cosmos-2251-debris",
        "lat": 24.842105109578696,
        "lon": 160.11109620160758,
        "alt_km": 1035.5970867942524,
        "timestamp": "2026-02-23T07:17:29.436285+00:00",
        "meta_object_name": "COSMOS 2251 DEB",
        "meta_object_id": "1993-036BLU",
        "meta_epoch": "2026-02-17T23:44:41.478144",
        "meta_mean_motion": 13.75543849,
        "meta_eccentricity": 0.03123171,
        "meta_inclination": 73.9094,
        "meta_ra_of_asc_node": 161.3392,
        "meta_arg_of_pericenter": 142.0401,
        "meta_mean_anomaly": 220.319,
        "meta_ephemeris_type": 0,
        "meta_classification_type": "U",
        "meta_norad_cat_id": 37491,
        "meta_element_set_no": 999,
        "meta_rev_at_epoch": 56671,
        "meta_bstar": 0.0010221313,
        "meta_mean_motion_dot": 1.385e-05,
        "meta_mean_motion_ddot": 0,
        "tle_line1": "1 37491U 93036BLU 26048.98936896  .00001385  00000+0  10221-2 0  9997",
        "tle_line2": "2 37491  73.9094 161.3392 0312317 142.0401 220.3190 13.75543849566713"
      },
      "geometry": {
        "type": "Point",
        "coordinates": [
          160.11109620160758,
          24.842105109578696
        ]
      }
    },
    {
      "type": "Feature",
      "properties": {
        "norad_id": 37496,
        "name": "COSMOS 2251 DEB",
        "group": "cosmos-2251-debris",
        "lat": -69.12224349586212,
        "lon": 125.62797080602844,
        "alt_km": 598.8989454993562,
        "timestamp": "2026-02-23T07:17:29.436295+00:00",
        "meta_object_name": "COSMOS 2251 DEB",
        "meta_object_id": "1993-036BLZ",
        "meta_epoch": "2026-02-19T00:59:25.418688",
        "meta_mean_motion": 14.96926697,
        "meta_eccentricity": 0.00598785,
        "meta_inclination": 73.9497,
        "meta_ra_of_asc_node": 183.3008,
        "meta_arg_of_pericenter": 179.708,
        "meta_mean_anomaly": 180.4152,
        "meta_ephemeris_type": 0,
        "meta_classification_type": "U",
        "meta_norad_cat_id": 37496,
        "meta_element_set_no": 999,
        "meta_rev_at_epoch": 67038,
        "meta_bstar": 0.002441734,
        "meta_mean_motion_dot": 0.00029174,
        "meta_mean_motion_ddot": 0,
        "tle_line1": "1 37496U 93036BLZ 26050.04126642  .00029174  00000+0  24417-2 0  9990",
        "tle_line2": "2 37496  73.9497 183.3008 0059878 179.7080 180.4152 14.96926697670386"
      },
      "geometry": {
        "type": "Point",
        "coordinates": [
          125.62797080602844,
          -69.12224349586212
        ]
      }
    },
    {
      "type": "Feature",
      "properties": {
        "norad_id": 37498,
        "name": "COSMOS 2251 DEB",
        "group": "cosmos-2251-debris",
        "lat": 4.256887615582018,
        "lon": 47.709577235171245,
        "alt_km": 710.2974381738568,
        "timestamp": "2026-02-23T07:17:29.436304+00:00",
        "meta_object_name": "COSMOS 2251 DEB",
        "meta_object_id": "1993-036BMB",
        "meta_epoch": "2026-02-18T08:29:49.038720",
        "meta_mean_motion": 14.55439643,
        "meta_eccentricity": 0.0008396,
        "meta_inclination": 74.0333,
        "meta_ra_of_asc_node": 55.8626,
        "meta_arg_of_pericenter": 109.1266,
        "meta_mean_anomaly": 251.0807,
        "meta_ephemeris_type": 0,
        "meta_classification_type": "U",
        "meta_norad_cat_id": 37498,
        "meta_element_set_no": 999,
        "meta_rev_at_epoch": 66338,
        "meta_bstar": 0.00078856,
        "meta_mean_motion_dot": 3.403e-05,
        "meta_mean_motion_ddot": 0,
        "tle_line1": "1 37498U 93036BMB 26049.35403980  .00003403  00000+0  78856-3 0  9991",
        "tle_line2": "2 37498  74.0333  55.8626 0008396 109.1266 251.0807 14.55439643663389"
      },
      "geometry": {
        "type": "Point",
        "coordinates": [
          47.709577235171245,
          4.256887615582018
        ]
      }
    },
    {
      "type": "Feature",
      "properties": {
        "norad_id": 37499,
        "name": "COSMOS 2251 DEB",
        "group": "cosmos-2251-debris",
        "lat": -18.77306250921899,
        "lon": 14.921896685248242,
        "alt_km": 768.802977872353,
        "timestamp": "2026-02-23T07:17:29.436314+00:00",
        "meta_object_name": "COSMOS 2251 DEB",
        "meta_object_id": "1993-036BMC",
        "meta_epoch": "2026-02-22T18:38:43.120608",
        "meta_mean_motion": 14.34420825,
        "meta_eccentricity": 0.00288808,
        "meta_inclination": 74.0376,
        "meta_ra_of_asc_node": 190.3033,
        "meta_arg_of_pericenter": 252.0943,
        "meta_mean_anomaly": 107.7059,
        "meta_ephemeris_type": 0,
        "meta_classification_type": "U",
        "meta_norad_cat_id": 37499,
        "meta_element_set_no": 999,
        "meta_rev_at_epoch": 86182,
        "meta_bstar": 0.00017016222,
        "meta_mean_motion_dot": 4.55e-06,
        "meta_mean_motion_ddot": 0,
        "tle_line1": "1 37499U 93036BMC 26053.77688797  .00000455  00000+0  17016-3 0  9999",
        "tle_line2": "2 37499  74.0376 190.3033 0028880 252.0943 107.7059 14.34420825861828"
      },
      "geometry": {
        "type": "Point",
        "coordinates": [
          14.921896685248242,
          -18.77306250921899
        ]
      }
    },
    {
      "type": "Feature",
      "properties": {
        "norad_id": 37528,
        "name": "COSMOS 2251 DEB",
        "group": "cosmos-2251-debris",
        "lat": -67.64774696840081,
        "lon": -58.36922709315164,
        "alt_km": 743.0092786185423,
        "timestamp": "2026-02-23T07:17:29.436324+00:00",
        "meta_object_name": "COSMOS 2251 DEB",
        "meta_object_id": "1993-036BNH",
        "meta_epoch": "2026-02-22T13:25:46.888608",
        "meta_mean_motion": 14.50809041,
        "meta_eccentricity": 0.0018911,
        "meta_inclination": 74.0399,
        "meta_ra_of_asc_node": 347.1337,
        "meta_arg_of_pericenter": 120.0455,
        "meta_mean_anomaly": 240.2584,
        "meta_ephemeris_type": 0,
        "meta_classification_type": "U",
        "meta_norad_cat_id": 37528,
        "meta_element_set_no": 999,
        "meta_rev_at_epoch": 86972,
        "meta_bstar": 0.00042908,
        "meta_mean_motion_dot": 1.667e-05,
        "meta_mean_motion_ddot": 0,
        "tle_line1": "1 37528U 93036BNH 26053.55957047  .00001667  00000+0  42908-3 0  9999",
        "tle_line2": "2 37528  74.0399 347.1337 0018911 120.0455 240.2584 14.50809041869723"
      },
      "geometry": {
        "type": "Point",
        "coordinates": [
          -58.36922709315164,
          -67.64774696840081
        ]
      }
    },
    {
      "type": "Feature",
      "properties": {
        "norad_id": 37530,
        "name": "COSMOS 2251 DEB",
        "group": "cosmos-2251-debris",
        "lat": -46.8605350738334,
        "lon": -177.04312817287894,
        "alt_km": 773.3914791228763,
        "timestamp": "2026-02-23T07:17:29.436334+00:00",
        "meta_object_name": "COSMOS 2251 DEB",
        "meta_object_id": "1993-036BNK",
        "meta_epoch": "2026-02-16T03:42:24.378048",
        "meta_mean_motion": 14.34604709,
        "meta_eccentricity": 0.00278497,
        "meta_inclination": 74.0348,
        "meta_ra_of_asc_node": 213.8358,
        "meta_arg_of_pericenter": 263.5006,
        "meta_mean_anomaly": 218.1864,
        "meta_ephemeris_type": 0,
        "meta_classification_type": "U",
        "meta_norad_cat_id": 37530,
        "meta_element_set_no": 999,
        "meta_rev_at_epoch": 86170,
        "meta_bstar": 0.00023604297,
        "meta_mean_motion_dot": 6.43e-06,
        "meta_mean_motion_ddot": 0,
        "tle_line1": "1 37530U 93036BNK 26047.15444882  .00000643  00000+0  23604-3 0  9994",
        "tle_line2": "2 37530  74.0348 213.8358 0027849 263.5006 218.1864 14.34604709861708"
      },
      "geometry": {
        "type": "Point",
        "coordinates": [
          -177.04312817287894,
          -46.8605350738334
        ]
      }
    },
    {
      "type": "Feature",
      "properties": {
        "norad_id": 37532,
        "name": "COSMOS 2251 DEB",
        "group": "cosmos-2251-debris",
        "lat": -2.37603859427929,
        "lon": 80.55982223741516,
        "alt_km": 764.2858863800302,
        "timestamp": "2026-02-23T07:17:29.436343+00:00",
        "meta_object_name": "COSMOS 2251 DEB",
        "meta_object_id": "1993-036BNM",
        "meta_epoch": "2026-02-05T05:02:14.455392",
        "meta_mean_motion": 14.42523934,
        "meta_eccentricity": 0.0015924,
        "meta_inclination": 74.0502,
        "meta_ra_of_asc_node": 114.7677,
        "meta_arg_of_pericenter": 211.1023,
        "meta_mean_anomaly": 180.07,
        "meta_ephemeris_type": 0,
        "meta_classification_type": "U",
        "meta_norad_cat_id": 37532,
        "meta_element_set_no": 999,
        "meta_rev_at_epoch": 85701,
        "meta_bstar": 0.00031666,
        "meta_mean_motion_dot": 1.025e-05,
        "meta_mean_motion_ddot": 0,
        "tle_line1": "1 37532U 93036BNM 26036.20988953  .00001025  00000+0  31666-3 0  9994",
        "tle_line2": "2 37532  74.0502 114.7677 0015924 211.1023 180.0700 14.42523934857018"
      },
      "geometry": {
        "type": "Point",
        "coordinates": [
          80.55982223741516,
          -2.37603859427929
        ]
      }
    },
    {
      "type": "Feature",
      "properties": {
        "norad_id": 37533,
        "name": "COSMOS 2251 DEB",
        "group": "cosmos-2251-debris",
        "lat": 6.66474970582391,
        "lon": -118.0816270370268,
        "alt_km": 810.5801102811538,
        "timestamp": "2026-02-23T07:17:29.436353+00:00",
        "meta_object_name": "COSMOS 2251 DEB",
        "meta_object_id": "1993-036BNN",
        "meta_epoch": "2026-02-22T18:35:39.719328",
        "meta_mean_motion": 14.1268151,
        "meta_eccentricity": 0.01538217,
        "meta_inclination": 74.0684,
        "meta_ra_of_asc_node": 64.7641,
        "meta_arg_of_pericenter": 104.9955,
        "meta_mean_anomaly": 256.827,
        "meta_ephemeris_type": 0,
        "meta_classification_type": "U",
        "meta_norad_cat_id": 37533,
        "meta_element_set_no": 999,
        "meta_rev_at_epoch": 63938,
        "meta_bstar": 0.0011781793,
        "meta_mean_motion_dot": 2.421e-05,
        "meta_mean_motion_ddot": 0,
        "tle_line1": "1 37533U 93036BNN 26053.77476527  .00002421  00000+0  11782-2 0  9992",
        "tle_line2": "2 37533  74.0684  64.7641 0153821 104.9955 256.8270 14.12681510639381"
      },
      "geometry": {
        "type": "Point",
        "coordinates": [
          -118.0816270370268,
          6.66474970582391
        ]
      }
    },
    {
      "type": "Feature",
      "properties": {
        "norad_id": 37535,
        "name": "COSMOS 2251 DEB",
        "group": "cosmos-2251-debris",
        "lat": -60.77604177921379,
        "lon": -95.60190064310099,
        "alt_km": 711.8033105576478,
        "timestamp": "2026-02-23T07:17:29.436363+00:00",
        "meta_object_name": "COSMOS 2251 DEB",
        "meta_object_id": "1993-036BNQ",
        "meta_epoch": "2026-02-22T15:15:17.307936",
        "meta_mean_motion": 14.59018881,
        "meta_eccentricity": 0.0026295,
        "meta_inclination": 74.0228,
        "meta_ra_of_asc_node": 296.4778,
        "meta_arg_of_pericenter": 54.1908,
        "meta_mean_anomaly": 332.68,
        "meta_ephemeris_type": 0,
        "meta_classification_type": "U",
        "meta_norad_cat_id": 37535,
        "meta_element_set_no": 999,
        "meta_rev_at_epoch": 86373,
        "meta_bstar": 0.00058379,
        "meta_mean_motion_dot": 2.726e-05,
        "meta_mean_motion_ddot": 0,
        "tle_line1": "1 37535U 93036BNQ 26053.63561699  .00002726  00000+0  58379-3 0  9996",
        "tle_line2": "2 37535  74.0228 296.4778 0026295  54.1908 332.6800 14.59018881863736"
      },
      "geometry": {
        "type": "Point",
        "coordinates": [
          -95.60190064310099,
          -60.77604177921379
        ]
      }
    },
    {
      "type": "Feature",
      "properties": {
        "norad_id": 37537,
        "name": "COSMOS 2251 DEB",
        "group": "cosmos-2251-debris",
        "lat": -4.573229374401493,
        "lon": 130.06907663352575,
        "alt_km": 775.7474344821849,
        "timestamp": "2026-02-23T07:17:29.436373+00:00",
        "meta_object_name": "COSMOS 2251 DEB",
        "meta_object_id": "1993-036BNS",
        "meta_epoch": "2026-02-21T13:33:38.096928",
        "meta_mean_motion": 14.37599313,
        "meta_eccentricity": 0.0052725,
        "meta_inclination": 74.0122,
        "meta_ra_of_asc_node": 134.587,
        "meta_arg_of_pericenter": 259.3221,
        "meta_mean_anomaly": 100.1993,
        "meta_ephemeris_type": 0,
        "meta_classification_type": "U",
        "meta_norad_cat_id": 37537,
        "meta_element_set_no": 999,
        "meta_rev_at_epoch": 86051,
        "meta_bstar": 0.00017342,
        "meta_mean_motion_dot": 5.02e-06,
        "meta_mean_motion_ddot": 0,
        "tle_line1": "1 37537U 93036BNS 26052.56502427  .00000502  00000+0  17342-3 0  9998",
        "tle_line2": "2 37537  74.0122 134.5870 0052725 259.3221 100.1993 14.37599313860514"
      },
      "geometry": {
        "type": "Point",
        "coordinates": [
          130.06907663352575,
          -4.573229374401493
        ]
      }
    },
    {
      "type": "Feature",
      "properties": {
        "norad_id": 37546,
        "name": "COSMOS 2251 DEB",
        "group": "cosmos-2251-debris",
        "lat": 10.527666026770124,
        "lon": 131.4306102741114,
        "alt_km": 621.9684125203876,
        "timestamp": "2026-02-23T07:17:29.436383+00:00",
        "meta_object_name": "COSMOS 2251 DEB",
        "meta_object_id": "1993-036BPB",
        "meta_epoch": "2026-02-21T17:18:25.592256",
        "meta_mean_motion": 14.83481311,
        "meta_eccentricity": 0.00065085,
        "meta_inclination": 74.0215,
        "meta_ra_of_asc_node": 317.619,
        "meta_arg_of_pericenter": 296.4481,
        "meta_mean_anomaly": 63.6028,
        "meta_ephemeris_type": 0,
        "meta_classification_type": "U",
        "meta_norad_cat_id": 37546,
        "meta_element_set_no": 999,
        "meta_rev_at_epoch": 66939,
        "meta_bstar": 0.0015479882,
        "meta_mean_motion_dot": 0.00012723,
        "meta_mean_motion_ddot": 0,
        "tle_line1": "1 37546U 93036BPB 26052.72112954  .00012723  00000+0  15480-2 0  9996",
        "tle_line2": "2 37546  74.0215 317.6190 0006508 296.4481  63.6028 14.83481311669398"
      },
      "geometry": {
        "type": "Point",
        "coordinates": [
          131.4306102741114,
          10.527666026770124
        ]
      }
    },
    {
      "type": "Feature",
      "properties": {
        "norad_id": 37959,
        "name": "COSMOS 2251 DEB",
        "group": "cosmos-2251-debris",
        "lat": -48.92870760071821,
        "lon": -100.60414659069319,
        "alt_km": 706.0652578538275,
        "timestamp": "2026-02-23T07:17:29.436394+00:00",
        "meta_object_name": "COSMOS 2251 DEB",
        "meta_object_id": "1993-036BPJ",
        "meta_epoch": "2026-02-21T01:53:27.514752",
        "meta_mean_motion": 14.58638243,
        "meta_eccentricity": 0.00565985,
        "meta_inclination": 74.0091,
        "meta_ra_of_asc_node": 282.8492,
        "meta_arg_of_pericenter": 46.4096,
        "meta_mean_anomaly": 103.6029,
        "meta_ephemeris_type": 0,
        "meta_classification_type": "U",
        "meta_norad_cat_id": 37959,
        "meta_element_set_no": 999,
        "meta_rev_at_epoch": 81152,
        "meta_bstar": 0.00045425346,
        "meta_mean_motion_dot": 2.133e-05,
        "meta_mean_motion_ddot": 0,
        "tle_line1": "1 37959U 93036BPJ 26052.07879068  .00002133  00000+0  45425-3 0  9995",
        "tle_line2": "2 37959  74.0091 282.8492 0056598  46.4096 103.6029 14.58638243811525"
      },
      "geometry": {
        "type": "Point",
        "coordinates": [
          -100.60414659069319,
          -48.92870760071821
        ]
      }
    },
    {
      "type": "Feature",
      "properties": {
        "norad_id": 37960,
        "name": "COSMOS 2251 DEB",
        "group": "cosmos-2251-debris",
        "lat": -24.60571636685136,
        "lon": 52.169700443330804,
        "alt_km": 855.1564759666499,
        "timestamp": "2026-02-23T07:17:29.436404+00:00",
        "meta_object_name": "COSMOS 2251 DEB",
        "meta_object_id": "1993-036BPK",
        "meta_epoch": "2026-02-20T00:58:46.605216",
        "meta_mean_motion": 14.08131289,
        "meta_eccentricity": 0.02449235,
        "meta_inclination": 74.057,
        "meta_ra_of_asc_node": 65.4115,
        "meta_arg_of_pericenter": 67.2441,
        "meta_mean_anomaly": 295.4377,
        "meta_ephemeris_type": 0,
        "meta_classification_type": "U",
        "meta_norad_cat_id": 37960,
        "meta_element_set_no": 999,
        "meta_rev_at_epoch": 78381,
        "meta_bstar": 0.00051344563,
        "meta_mean_motion_dot": 1.129e-05,
        "meta_mean_motion_ddot": 0,
        "tle_line1": "1 37960U 93036BPK 26051.04081719  .00001129  00000+0  51345-3 0  9993",
        "tle_line2": "2 37960  74.0570  65.4115 0244923  67.2441 295.4377 14.08131289783811"
      },
      "geometry": {
        "type": "Point",
        "coordinates": [
          52.169700443330804,
          -24.60571636685136
        ]
      }
    },
    {
      "type": "Feature",
      "properties": {
        "norad_id": 37961,
        "name": "COSMOS 2251 DEB",
        "group": "cosmos-2251-debris",
        "lat": 4.160055664504302,
        "lon": 0.23140961314731703,
        "alt_km": 684.417526372571,
        "timestamp": "2026-02-23T07:17:29.436413+00:00",
        "meta_object_name": "COSMOS 2251 DEB",
        "meta_object_id": "1993-036BPL",
        "meta_epoch": "2026-02-22T06:34:57.022176",
        "meta_mean_motion": 14.58713548,
        "meta_eccentricity": 0.00373538,
        "meta_inclination": 74.0439,
        "meta_ra_of_asc_node": 0.9978,
        "meta_arg_of_pericenter": 62.3662,
        "meta_mean_anomaly": 298.1287,
        "meta_ephemeris_type": 0,
        "meta_classification_type": "U",
        "meta_norad_cat_id": 37961,
        "meta_element_set_no": 999,
        "meta_rev_at_epoch": 81108,
        "meta_bstar": 0.0010327841,
        "meta_mean_motion_dot": 4.84e-05,
        "meta_mean_motion_ddot": 0,
        "tle_line1": "1 37961U 93036BPL 26053.27427109  .00004840  00000+0  10328-2 0  9996",
        "tle_line2": "2 37961  74.0439   0.9978 0037353  62.3662 298.1287 14.58713548811085"
      },
      "geometry": {
        "type": "Point",
        "coordinates": [
          0.23140961314731703,
          4.160055664504302
        ]
      }
    },
    {
      "type": "Feature",
      "properties": {
        "norad_id": 37967,
        "name": "COSMOS 2251 DEB",
        "group": "cosmos-2251-debris",
        "lat": -68.82805934050128,
        "lon": -44.88472455989258,
        "alt_km": 858.8109677967168,
        "timestamp": "2026-02-23T07:17:29.436423+00:00",
        "meta_object_name": "COSMOS 2251 DEB",
        "meta_object_id": "1993-036BPS",
        "meta_epoch": "2026-02-22T19:59:31.799616",
        "meta_mean_motion": 14.41365203,
        "meta_eccentricity": 0.01472849,
        "meta_inclination": 74.0167,
        "meta_ra_of_asc_node": 3.7209,
        "meta_arg_of_pericenter": 126.0215,
        "meta_mean_anomaly": 235.4696,
        "meta_ephemeris_type": 0,
        "meta_classification_type": "U",
        "meta_norad_cat_id": 37967,
        "meta_element_set_no": 999,
        "meta_rev_at_epoch": 65774,
        "meta_bstar": 0.0010520523,
        "meta_mean_motion_dot": 3.851e-05,
        "meta_mean_motion_ddot": 0,
        "tle_line1": "1 37967U 93036BPS 26053.83300694  .00003851  00000+0  10521-2 0  9999",
        "tle_line2": "2 37967  74.0167   3.7209 0147284 126.0215 235.4696 14.41365203657746"
      },
      "geometry": {
        "type": "Point",
        "coordinates": [
          -44.88472455989258,
          -68.82805934050128
        ]
      }
    },
    {
      "type": "Feature",
      "properties": {
        "norad_id": 37968,
        "name": "COSMOS 2251 DEB",
        "group": "cosmos-2251-debris",
        "lat": 39.07188120491548,
        "lon": 136.47089930960678,
        "alt_km": 611.1477976806873,
        "timestamp": "2026-02-23T07:17:29.436433+00:00",
        "meta_object_name": "COSMOS 2251 DEB",
        "meta_object_id": "1993-036BPT",
        "meta_epoch": "2026-01-30T15:43:08.226048",
        "meta_mean_motion": 15.01896475,
        "meta_eccentricity": 0.00808572,
        "meta_inclination": 73.9994,
        "meta_ra_of_asc_node": 171.3226,
        "meta_arg_of_pericenter": 276.0227,
        "meta_mean_anomaly": 83.1751,
        "meta_ephemeris_type": 0,
        "meta_classification_type": "U",
        "meta_norad_cat_id": 37968,
        "meta_element_set_no": 999,
        "meta_rev_at_epoch": 60953,
        "meta_bstar": 0.0010897002,
        "meta_mean_motion_dot": 0.00015274,
        "meta_mean_motion_ddot": 0,
        "tle_line1": "1 37968U 93036BPT 26030.65495632  .00015274  00000+0  10897-2 0  9990",
        "tle_line2": "2 37968  73.9994 171.3226 0080857 276.0227  83.1751 15.01896475609536"
      },
      "geometry": {
        "type": "Point",
        "coordinates": [
          136.47089930960678,
          39.07188120491548
        ]
      }
    },
    {
      "type": "Feature",
      "properties": {
        "norad_id": 37971,
        "name": "COSMOS 2251 DEB",
        "group": "cosmos-2251-debris",
        "lat": -26.319257827870956,
        "lon": -102.86018002063966,
        "alt_km": 703.7657495479834,
        "timestamp": "2026-02-23T07:17:29.436442+00:00",
        "meta_object_name": "COSMOS 2251 DEB",
        "meta_object_id": "1993-036BPW",
        "meta_epoch": "2026-01-29T11:08:47.870016",
        "meta_mean_motion": 14.49365785,
        "meta_eccentricity": 0.00648228,
        "meta_inclination": 73.9939,
        "meta_ra_of_asc_node": 312.0199,
        "meta_arg_of_pericenter": 78.2002,
        "meta_mean_anomaly": 282.6419,
        "meta_ephemeris_type": 0,
        "meta_classification_type": "U",
        "meta_norad_cat_id": 37971,
        "meta_element_set_no": 999,
        "meta_rev_at_epoch": 61369,
        "meta_bstar": 0.0023069405,
        "meta_mean_motion_dot": 9.039e-05,
        "meta_mean_motion_ddot": 0,
        "tle_line1": "1 37971U 93036BPW 26029.46444294  .00009039  00000+0  23069-2 0  9996",
        "tle_line2": "2 37971  73.9939 312.0199 0064822  78.2002 282.6419 14.49365785613694"
      },
      "geometry": {
        "type": "Point",
        "coordinates": [
          -102.86018002063966,
          -26.319257827870956
        ]
      }
    },
    {
      "type": "Feature",
      "properties": {
        "norad_id": 37975,
        "name": "COSMOS 2251 DEB",
        "group": "cosmos-2251-debris",
        "lat": -26.80592738623205,
        "lon": 9.579501027373876,
        "alt_km": 597.8116889500525,
        "timestamp": "2026-02-23T07:17:29.436452+00:00",
        "meta_object_name": "COSMOS 2251 DEB",
        "meta_object_id": "1993-036BQA",
        "meta_epoch": "2026-02-05T05:09:11.642976",
        "meta_mean_motion": 14.79115917,
        "meta_eccentricity": 0.0086682,
        "meta_inclination": 73.999,
        "meta_ra_of_asc_node": 216.9327,
        "meta_arg_of_pericenter": 193.5646,
        "meta_mean_anomaly": 166.3201,
        "meta_ephemeris_type": 0,
        "meta_classification_type": "U",
        "meta_norad_cat_id": 37975,
        "meta_element_set_no": 999,
        "meta_rev_at_epoch": 70550,
        "meta_bstar": 0.0049123,
        "meta_mean_motion_dot": 0.00038957,
        "meta_mean_motion_ddot": 0,
        "tle_line1": "1 37975U 93036BQA 26036.21471809  .00038957  00000+0  49123-2 0  9993",
        "tle_line2": "2 37975  73.9990 216.9327 0086682 193.5646 166.3201 14.79115917705505"
      },
      "geometry": {
        "type": "Point",
        "coordinates": [
          9.579501027373876,
          -26.80592738623205
        ]
      }
    },
    {
      "type": "Feature",
      "properties": {
        "norad_id": 37985,
        "name": "COSMOS 2251 DEB",
        "group": "cosmos-2251-debris",
        "lat": -47.093106845162545,
        "lon": 114.60541474714775,
        "alt_km": 773.9098816623491,
        "timestamp": "2026-02-23T07:17:29.436462+00:00",
        "meta_object_name": "COSMOS 2251 DEB",
        "meta_object_id": "1993-036BQL",
        "meta_epoch": "2026-02-18T13:47:19.049856",
        "meta_mean_motion": 14.35507764,
        "meta_eccentricity": 0.002258,
        "meta_inclination": 74.0258,
        "meta_ra_of_asc_node": 141.2317,
        "meta_arg_of_pericenter": 251.5905,
        "meta_mean_anomaly": 108.2792,
        "meta_ephemeris_type": 0,
        "meta_classification_type": "U",
        "meta_norad_cat_id": 37985,
        "meta_element_set_no": 999,
        "meta_rev_at_epoch": 65890,
        "meta_bstar": 5.2447e-05,
        "meta_mean_motion_dot": 1.25e-06,
        "meta_mean_motion_ddot": 0,
        "tle_line1": "1 37985U 93036BQL 26049.57452604  .00000125  00000+0  52447-4 0  9990",
        "tle_line2": "2 37985  74.0258 141.2317 0022580 251.5905 108.2792 14.35507764658902"
      },
      "geometry": {
        "type": "Point",
        "coordinates": [
          114.60541474714775,
          -47.093106845162545
        ]
      }
    },
    {
      "type": "Feature",
      "properties": {
        "norad_id": 37988,
        "name": "COSMOS 2251 DEB",
        "group": "cosmos-2251-debris",
        "lat": 16.885002791445388,
        "lon": 58.69554244907686,
        "alt_km": 670.0477988276971,
        "timestamp": "2026-02-23T07:17:29.436473+00:00",
        "meta_object_name": "COSMOS 2251 DEB",
        "meta_object_id": "1993-036BQP",
        "meta_epoch": "2026-02-22T22:22:55.184160",
        "meta_mean_motion": 14.69928752,
        "meta_eccentricity": 0.00638671,
        "meta_inclination": 74.0607,
        "meta_ra_of_asc_node": 244.3904,
        "meta_arg_of_pericenter": 264.4441,
        "meta_mean_anomaly": 94.9444,
        "meta_ephemeris_type": 0,
        "meta_classification_type": "U",
        "meta_norad_cat_id": 37988,
        "meta_element_set_no": 999,
        "meta_rev_at_epoch": 24456,
        "meta_bstar": 0.00093824485,
        "meta_mean_motion_dot": 5.768e-05,
        "meta_mean_motion_ddot": 0,
        "tle_line1": "1 37988U 93036BQP 26053.93258315  .00005768  00000+0  93824-3 0  9992",
        "tle_line2": "2 37988  74.0607 244.3904 0063867 264.4441  94.9444 14.69928752244560"
      },
      "geometry": {
        "type": "Point",
        "coordinates": [
          58.69554244907686,
          16.885002791445388
        ]
      }
    },
    {
      "type": "Feature",
      "properties": {
        "norad_id": 37993,
        "name": "COSMOS 2251 DEB",
        "group": "cosmos-2251-debris",
        "lat": 48.72364274555969,
        "lon": -170.82243189935224,
        "alt_km": 673.8560068785564,
        "timestamp": "2026-02-23T07:17:29.436483+00:00",
        "meta_object_name": "COSMOS 2251 DEB",
        "meta_object_id": "1993-036BQU",
        "meta_epoch": "2026-02-19T09:01:49.791072",
        "meta_mean_motion": 14.6093032,
        "meta_eccentricity": 0.00180517,
        "meta_inclination": 74.0229,
        "meta_ra_of_asc_node": 35.736,
        "meta_arg_of_pericenter": 110.7512,
        "meta_mean_anomaly": 249.5591,
        "meta_ephemeris_type": 0,
        "meta_classification_type": "U",
        "meta_norad_cat_id": 37993,
        "meta_element_set_no": 999,
        "meta_rev_at_epoch": 66319,
        "meta_bstar": 0.0010418948,
        "meta_mean_motion_dot": 5.088e-05,
        "meta_mean_motion_ddot": 0,
        "tle_line1": "1 37993U 93036BQU 26050.37627073  .00005088  00000+0  10419-2 0  9997",
        "tle_line2": "2 37993  74.0229  35.7360 0018051 110.7512 249.5591 14.60930320663191"
      },
      "geometry": {
        "type": "Point",
        "coordinates": [
          -170.82243189935224,
          48.72364274555969
        ]
      }
    },
    {
      "type": "Feature",
      "properties": {
        "norad_id": 37994,
        "name": "COSMOS 2251 DEB",
        "group": "cosmos-2251-debris",
        "lat": -17.02191300370041,
        "lon": -33.29566055527775,
        "alt_km": 747.320936298649,
        "timestamp": "2026-02-23T07:17:29.436493+00:00",
        "meta_object_name": "COSMOS 2251 DEB",
        "meta_object_id": "1993-036BQV",
        "meta_epoch": "2026-02-22T22:02:16.540800",
        "meta_mean_motion": 14.39809246,
        "meta_eccentricity": 0.00235356,
        "meta_inclination": 74.0368,
        "meta_ra_of_asc_node": 142.3889,
        "meta_arg_of_pericenter": 211.7852,
        "meta_mean_anomaly": 148.1884,
        "meta_ephemeris_type": 0,
        "meta_classification_type": "U",
        "meta_norad_cat_id": 37994,
        "meta_element_set_no": 999,
        "meta_rev_at_epoch": 78103,
        "meta_bstar": 0.0003120092,
        "meta_mean_motion_dot": 9.56e-06,
        "meta_mean_motion_ddot": 0,
        "tle_line1": "1 37994U 93036BQV 26053.91824700  .00000956  00000+0  31201-3 0  9999",
        "tle_line2": "2 37994  74.0368 142.3889 0023535 211.7852 148.1884 14.39809246781030"
      },
      "geometry": {
        "type": "Point",
        "coordinates": [
          -33.29566055527775,
          -17.02191300370041
        ]
      }
    },
    {
      "type": "Feature",
      "properties": {
        "norad_id": 37998,
        "name": "COSMOS 2251 DEB",
        "group": "cosmos-2251-debris",
        "lat": -28.078425061111716,
        "lon": -71.4118191578369,
        "alt_km": 734.8841597788796,
        "timestamp": "2026-02-23T07:17:29.436503+00:00",
        "meta_object_name": "COSMOS 2251 DEB",
        "meta_object_id": "1993-036BQZ",
        "meta_epoch": "2026-02-18T11:44:37.027680",
        "meta_mean_motion": 14.45806122,
        "meta_eccentricity": 0.0018744,
        "meta_inclination": 74.0365,
        "meta_ra_of_asc_node": 108.7807,
        "meta_arg_of_pericenter": 177.241,
        "meta_mean_anomaly": 182.8855,
        "meta_ephemeris_type": 0,
        "meta_classification_type": "U",
        "meta_norad_cat_id": 37998,
        "meta_element_set_no": 999,
        "meta_rev_at_epoch": 65266,
        "meta_bstar": 0.0004358,
        "meta_mean_motion_dot": 1.523e-05,
        "meta_mean_motion_ddot": 0,
        "tle_line1": "1 37998U 93036BQZ 26049.48931745  .00001523  00000+0  43580-3 0  9992",
        "tle_line2": "2 37998  74.0365 108.7807 0018744 177.2410 182.8855 14.45806122652665"
      },
      "geometry": {
        "type": "Point",
        "coordinates": [
          -71.4118191578369,
          -28.078425061111716
        ]
      }
    },
    {
      "type": "Feature",
      "properties": {
        "norad_id": 38001,
        "name": "COSMOS 2251 DEB",
        "group": "cosmos-2251-debris",
        "lat": 18.37058759529484,
        "lon": -5.355223990264909,
        "alt_km": 638.8138079480823,
        "timestamp": "2026-02-23T07:17:29.436513+00:00",
        "meta_object_name": "COSMOS 2251 DEB",
        "meta_object_id": "1993-036BRC",
        "meta_epoch": "2026-02-17T07:29:42.223200",
        "meta_mean_motion": 14.79954814,
        "meta_eccentricity": 0.0062386,
        "meta_inclination": 74.0026,
        "meta_ra_of_asc_node": 0.9988,
        "meta_arg_of_pericenter": 135.5597,
        "meta_mean_anomaly": 15.1606,
        "meta_ephemeris_type": 0,
        "meta_classification_type": "U",
        "meta_norad_cat_id": 38001,
        "meta_element_set_no": 999,
        "meta_rev_at_epoch": 75692,
        "meta_bstar": 0.00071148,
        "meta_mean_motion_dot": 5.526e-05,
        "meta_mean_motion_ddot": 0,
        "tle_line1": "1 38001U 93036BRC 26048.31229425  .00005526  00000+0  71148-3 0  9992",
        "tle_line2": "2 38001  74.0026   0.9988 0062386 135.5597  15.1606 14.79954814756927"
      },
      "geometry": {
        "type": "Point",
        "coordinates": [
          -5.355223990264909,
          18.37058759529484
        ]
      }
    },
    {
      "type": "Feature",
      "properties": {
        "norad_id": 38054,
        "name": "COSMOS 2251 DEB",
        "group": "cosmos-2251-debris",
        "lat": 41.51442005636415,
        "lon": 161.78600014542442,
        "alt_km": 913.586826135378,
        "timestamp": "2026-02-23T07:17:29.436523+00:00",
        "meta_object_name": "COSMOS 2251 DEB",
        "meta_object_id": "1993-036BRL",
        "meta_epoch": "2026-02-22T17:43:20.033184",
        "meta_mean_motion": 13.62889463,
        "meta_eccentricity": 0.0349712,
        "meta_inclination": 73.9526,
        "meta_ra_of_asc_node": 147.9517,
        "meta_arg_of_pericenter": 111.9364,
        "meta_mean_anomaly": 42.424,
        "meta_ephemeris_type": 0,
        "meta_classification_type": "U",
        "meta_norad_cat_id": 38054,
        "meta_element_set_no": 999,
        "meta_rev_at_epoch": 68160,
        "meta_bstar": 0.0019338536,
        "meta_mean_motion_dot": 2.262e-05,
        "meta_mean_motion_ddot": 0,
        "tle_line1": "1 38054U 93036BRL 26053.73842631  .00002262  00000+0  19339-2 0  9999",
        "tle_line2": "2 38054  73.9526 147.9517 0349712 111.9364  42.4240 13.62889463681606"
      },
      "geometry": {
        "type": "Point",
        "coordinates": [
          161.78600014542442,
          41.51442005636415
        ]
      }
    },
    {
      "type": "Feature",
      "properties": {
        "norad_id": 38055,
        "name": "COSMOS 2251 DEB",
        "group": "cosmos-2251-debris",
        "lat": 73.8710863326574,
        "lon": 161.500722748504,
        "alt_km": 623.8170443984754,
        "timestamp": "2026-02-23T07:17:29.436533+00:00",
        "meta_object_name": "COSMOS 2251 DEB",
        "meta_object_id": "1993-036BRM",
        "meta_epoch": "2026-02-20T01:01:08.291712",
        "meta_mean_motion": 14.78013662,
        "meta_eccentricity": 0.00643319,
        "meta_inclination": 74.0073,
        "meta_ra_of_asc_node": 70.5548,
        "meta_arg_of_pericenter": 184.1863,
        "meta_mean_anomaly": 202.4854,
        "meta_ephemeris_type": 0,
        "meta_classification_type": "U",
        "meta_norad_cat_id": 38055,
        "meta_element_set_no": 999,
        "meta_rev_at_epoch": 61706,
        "meta_bstar": 0.000532525,
        "meta_mean_motion_dot": 3.945e-05,
        "meta_mean_motion_ddot": 0,
        "tle_line1": "1 38055U 93036BRM 26051.04245708  .00003945  00000+0  53252-3 0  9996",
        "tle_line2": "2 38055  74.0073  70.5548 0064331 184.1863 202.4854 14.78013662617064"
      },
      "geometry": {
        "type": "Point",
        "coordinates": [
          161.500722748504,
          73.8710863326574
        ]
      }
    },
    {
      "type": "Feature",
      "properties": {
        "norad_id": 38060,
        "name": "COSMOS 2251 DEB",
        "group": "cosmos-2251-debris",
        "lat": 50.62392114815751,
        "lon": 176.39196091173957,
        "alt_km": 716.1907162023572,
        "timestamp": "2026-02-23T07:17:29.436542+00:00",
        "meta_object_name": "COSMOS 2251 DEB",
        "meta_object_id": "1993-036BRS",
        "meta_epoch": "2026-02-16T17:38:08.668320",
        "meta_mean_motion": 14.64280476,
        "meta_eccentricity": 0.00607343,
        "meta_inclination": 74.046,
        "meta_ra_of_asc_node": 168.6015,
        "meta_arg_of_pericenter": 259.7255,
        "meta_mean_anomaly": 99.7062,
        "meta_ephemeris_type": 0,
        "meta_classification_type": "U",
        "meta_norad_cat_id": 38060,
        "meta_element_set_no": 999,
        "meta_rev_at_epoch": 72930,
        "meta_bstar": 0.00055493463,
        "meta_mean_motion_dot": 2.975e-05,
        "meta_mean_motion_ddot": 0,
        "tle_line1": "1 38060U 93036BRS 26047.73482255  .00002975  00000+0  55493-3 0  9994",
        "tle_line2": "2 38060  74.0460 168.6015 0060734 259.7255  99.7062 14.64280476729308"
      },
      "geometry": {
        "type": "Point",
        "coordinates": [
          176.39196091173957,
          50.62392114815751
        ]
      }
    },
    {
      "type": "Feature",
      "properties": {
        "norad_id": 38062,
        "name": "COSMOS 2251 DEB",
        "group": "cosmos-2251-debris",
        "lat": -48.51839810672861,
        "lon": 124.51474974272439,
        "alt_km": 566.4801523372862,
        "timestamp": "2026-02-23T07:17:29.436556+00:00",
        "meta_object_name": "COSMOS 2251 DEB",
        "meta_object_id": "1993-036BRU",
        "meta_epoch": "2026-02-21T14:09:45.153216",
        "meta_mean_motion": 14.99001579,
        "meta_eccentricity": 0.0017259,
        "meta_inclination": 74.0061,
        "meta_ra_of_asc_node": 146.9269,
        "meta_arg_of_pericenter": 277.3195,
        "meta_mean_anomaly": 147.2685,
        "meta_ephemeris_type": 0,
        "meta_classification_type": "U",
        "meta_norad_cat_id": 38062,
        "meta_element_set_no": 999,
        "meta_rev_at_epoch": 64090,
        "meta_bstar": 0.0019091,
        "meta_mean_motion_dot": 0.00023247,
        "meta_mean_motion_ddot": 0,
        "tle_line1": "1 38062U 93036BRU 26052.59010594  .00023247  00000+0  19091-2 0  9997",
        "tle_line2": "2 38062  74.0061 146.9269 0017259 277.3195 147.2685 14.99001579640901"
      },
      "geometry": {
        "type": "Point",
        "coordinates": [
          124.51474974272439,
          -48.51839810672861
        ]
      }
    },
    {
      "type": "Feature",
      "properties": {
        "norad_id": 38064,
        "name": "COSMOS 2251 DEB",
        "group": "cosmos-2251-debris",
        "lat": 24.164769410823148,
        "lon": 158.91118463208812,
        "alt_km": 689.5982683875682,
        "timestamp": "2026-02-23T07:17:29.436568+00:00",
        "meta_object_name": "COSMOS 2251 DEB",
        "meta_object_id": "1993-036BRW",
        "meta_epoch": "2026-02-22T19:03:08.979552",
        "meta_mean_motion": 14.56921181,
        "meta_eccentricity": 0.0044591,
        "meta_inclination": 74.0248,
        "meta_ra_of_asc_node": 347.2645,
        "meta_arg_of_pericenter": 89.0236,
        "meta_mean_anomaly": 271.6037,
        "meta_ephemeris_type": 0,
        "meta_classification_type": "U",
        "meta_norad_cat_id": 38064,
        "meta_element_set_no": 999,
        "meta_rev_at_epoch": 72914,
        "meta_bstar": 0.00079171101,
        "meta_mean_motion_dot": 3.574e-05,
        "meta_mean_motion_ddot": 0,
        "tle_line1": "1 38064U 93036BRW 26053.79385393  .00003574  00000+0  79171-3 0  9991",
        "tle_line2": "2 38064  74.0248 347.2645 0044591  89.0236 271.6037 14.56921181729147"
      },
      "geometry": {
        "type": "Point",
        "coordinates": [
          158.91118463208812,
          24.164769410823148
        ]
      }
    },
    {
      "type": "Feature",
      "properties": {
        "norad_id": 38067,
        "name": "COSMOS 2251 DEB",
        "group": "cosmos-2251-debris",
        "lat": -73.56669197359452,
        "lon": 31.93786830453648,
        "alt_km": 644.7179782497842,
        "timestamp": "2026-02-23T07:17:29.436577+00:00",
        "meta_object_name": "COSMOS 2251 DEB",
        "meta_object_id": "1993-036BRZ",
        "meta_epoch": "2026-02-10T01:48:05.074272",
        "meta_mean_motion": 14.61370955,
        "meta_eccentricity": 0.0071947,
        "meta_inclination": 74.0173,
        "meta_ra_of_asc_node": 160.9148,
        "meta_arg_of_pericenter": 294.1713,
        "meta_mean_anomaly": 243.7451,
        "meta_ephemeris_type": 0,
        "meta_classification_type": "U",
        "meta_norad_cat_id": 38067,
        "meta_element_set_no": 999,
        "meta_rev_at_epoch": 63422,
        "meta_bstar": 0.00037945,
        "meta_mean_motion_dot": 1.914e-05,
        "meta_mean_motion_ddot": 0,
        "tle_line1": "1 38067U 93036BRZ 26041.07505873  .00001914  00000+0  37945-3 0  9998",
        "tle_line2": "2 38067  74.0173 160.9148 0071947 294.1713 243.7451 14.61370955634226"
      },
      "geometry": {
        "type": "Point",
        "coordinates": [
          31.93786830453648,
          -73.56669197359452
        ]
      }
    },
    {
      "type": "Feature",
      "properties": {
        "norad_id": 38068,
        "name": "COSMOS 2251 DEB",
        "group": "cosmos-2251-debris",
        "lat": -63.42029181264225,
        "lon": 139.958994459789,
        "alt_km": 763.8506916866954,
        "timestamp": "2026-02-23T07:17:29.436587+00:00",
        "meta_object_name": "COSMOS 2251 DEB",
        "meta_object_id": "1993-036BSA",
        "meta_epoch": "2026-02-19T08:18:53.814816",
        "meta_mean_motion": 14.36124401,
        "meta_eccentricity": 0.00269577,
        "meta_inclination": 74.0221,
        "meta_ra_of_asc_node": 182.1646,
        "meta_arg_of_pericenter": 257.597,
        "meta_mean_anomaly": 102.2165,
        "meta_ephemeris_type": 0,
        "meta_classification_type": "U",
        "meta_norad_cat_id": 38068,
        "meta_element_set_no": 999,
        "meta_rev_at_epoch": 67631,
        "meta_bstar": 0.00025206421,
        "meta_mean_motion_dot": 7.11e-06,
        "meta_mean_motion_ddot": 0,
        "tle_line1": "1 38068U 93036BSA 26050.34645619  .00000711  00000+0  25206-3 0  9993",
        "tle_line2": "2 38068  74.0221 182.1646 0026957 257.5970 102.2165 14.36124401676311"
      },
      "geometry": {
        "type": "Point",
        "coordinates": [
          139.958994459789,
          -63.42029181264225
        ]
      }
    },
    {
      "type": "Feature",
      "properties": {
        "norad_id": 38197,
        "name": "COSMOS 2251 DEB",
        "group": "cosmos-2251-debris",
        "lat": 15.23591705029968,
        "lon": 29.70001515616112,
        "alt_km": 638.1314405730391,
        "timestamp": "2026-02-23T07:17:29.436597+00:00",
        "meta_object_name": "COSMOS 2251 DEB",
        "meta_object_id": "1993-036BSM",
        "meta_epoch": "2026-02-13T12:28:43.309344",
        "meta_mean_motion": 14.7678105,
        "meta_eccentricity": 0.01199791,
        "meta_inclination": 73.935,
        "meta_ra_of_asc_node": 233.4971,
        "meta_arg_of_pericenter": 95.1977,
        "meta_mean_anomaly": 266.2902,
        "meta_ephemeris_type": 0,
        "meta_classification_type": "U",
        "meta_norad_cat_id": 38197,
        "meta_element_set_no": 999,
        "meta_rev_at_epoch": 86681,
        "meta_bstar": 0.0027980177,
        "meta_mean_motion_dot": 0.00022136,
        "meta_mean_motion_ddot": 0,
        "tle_line1": "1 38197U 93036BSM 26044.51994571  .00022136  00000+0  27980-2 0  9997",
        "tle_line2": "2 38197  73.9350 233.4971 0119979  95.1977 266.2902 14.76781050866815"
      },
      "geometry": {
        "type": "Point",
        "coordinates": [
          29.70001515616112,
          15.23591705029968
        ]
      }
    },
    {
      "type": "Feature",
      "properties": {
        "norad_id": 38199,
        "name": "COSMOS 2251 DEB",
        "group": "cosmos-2251-debris",
        "lat": -27.37321046871258,
        "lon": 131.5139710011541,
        "alt_km": 751.9264436721123,
        "timestamp": "2026-02-23T07:17:29.436617+00:00",
        "meta_object_name": "COSMOS 2251 DEB",
        "meta_object_id": "1993-036BSP",
        "meta_epoch": "2026-02-22T00:21:18.870336",
        "meta_mean_motion": 13.64929435,
        "meta_eccentricity": 0.03691607,
        "meta_inclination": 73.9566,
        "meta_ra_of_asc_node": 305.0635,
        "meta_arg_of_pericenter": 217.7338,
        "meta_mean_anomaly": 139.7365,
        "meta_ephemeris_type": 0,
        "meta_classification_type": "U",
        "meta_norad_cat_id": 38199,
        "meta_element_set_no": 999,
        "meta_rev_at_epoch": 61994,
        "meta_bstar": 0.00025841847,
        "meta_mean_motion_dot": 3.09e-06,
        "meta_mean_motion_ddot": 0,
        "tle_line1": "1 38199U 93036BSP 26053.01480174  .00000309  00000+0  25842-3 0  9997",
        "tle_line2": "2 38199  73.9566 305.0635 0369160 217.7338 139.7365 13.64929435619945"
      },
      "geometry": {
        "type": "Point",
        "coordinates": [
          131.5139710011541,
          -27.37321046871258
        ]
      }
    },
    {
      "type": "Feature",
      "properties": {
        "norad_id": 38208,
        "name": "COSMOS 2251 DEB",
        "group": "cosmos-2251-debris",
        "lat": -16.517279631046016,
        "lon": 119.320710145685,
        "alt_km": 612.0853475908307,
        "timestamp": "2026-02-23T07:17:29.436629+00:00",
        "meta_object_name": "COSMOS 2251 DEB",
        "meta_object_id": "1993-036BSY",
        "meta_epoch": "2026-02-22T16:01:00.948576",
        "meta_mean_motion": 14.87363236,
        "meta_eccentricity": 0.0002317,
        "meta_inclination": 74.0042,
        "meta_ra_of_asc_node": 295.711,
        "meta_arg_of_pericenter": 351.7559,
        "meta_mean_anomaly": 38.9191,
        "meta_ephemeris_type": 0,
        "meta_classification_type": "U",
        "meta_norad_cat_id": 38208,
        "meta_element_set_no": 999,
        "meta_rev_at_epoch": 72227,
        "meta_bstar": 0.0022955,
        "meta_mean_motion_dot": 0.00020774,
        "meta_mean_motion_ddot": 0,
        "tle_line1": "1 38208U 93036BSY 26053.66737209  .00020774  00000+0  22955-2 0  9992",
        "tle_line2": "2 38208  74.0042 295.7110 0002317 351.7559  38.9191 14.87363236722277"
      },
      "geometry": {
        "type": "Point",
        "coordinates": [
          119.320710145685,
          -16.517279631046016
        ]
      }
    },
    {
      "type": "Feature",
      "properties": {
        "norad_id": 38212,
        "name": "COSMOS 2251 DEB",
        "group": "cosmos-2251-debris",
        "lat": -49.34231286091499,
        "lon": -85.19900806126797,
        "alt_km": 586.5793143533483,
        "timestamp": "2026-02-23T07:17:29.436639+00:00",
        "meta_object_name": "COSMOS 2251 DEB",
        "meta_object_id": "1993-036BTC",
        "meta_epoch": "2026-02-19T23:56:05.871552",
        "meta_mean_motion": 14.7821689,
        "meta_eccentricity": 0.0092674,
        "meta_inclination": 74.0527,
        "meta_ra_of_asc_node": 300.7343,
        "meta_arg_of_pericenter": 348.05,
        "meta_mean_anomaly": 11.8474,
        "meta_ephemeris_type": 0,
        "meta_classification_type": "U",
        "meta_norad_cat_id": 38212,
        "meta_element_set_no": 999,
        "meta_rev_at_epoch": 82333,
        "meta_bstar": 0.00030856328,
        "meta_mean_motion_dot": 2.367e-05,
        "meta_mean_motion_ddot": 0,
        "tle_line1": "1 38212U 93036BTC 26050.99729018  .00002367  00000+0  30856-3 0  9997",
        "tle_line2": "2 38212  74.0527 300.7343 0092674 348.0500  11.8474 14.78216890823331"
      },
      "geometry": {
        "type": "Point",
        "coordinates": [
          -85.19900806126797,
          -49.34231286091499
        ]
      }
    },
    {
      "type": "Feature",
      "properties": {
        "norad_id": 38220,
        "name": "COSMOS 2251 DEB",
        "group": "cosmos-2251-debris",
        "lat": 72.38263031254874,
        "lon": 37.031333062739854,
        "alt_km": 564.2311520881694,
        "timestamp": "2026-02-23T07:17:29.436649+00:00",
        "meta_object_name": "COSMOS 2251 DEB",
        "meta_object_id": "1993-036BTL",
        "meta_epoch": "2026-02-12T01:43:08.970240",
        "meta_mean_motion": 14.98308889,
        "meta_eccentricity": 0.0004157,
        "meta_inclination": 74.0129,
        "meta_ra_of_asc_node": 304.3697,
        "meta_arg_of_pericenter": 260.0232,
        "meta_mean_anomaly": 100.0485,
        "meta_ephemeris_type": 0,
        "meta_classification_type": "U",
        "meta_norad_cat_id": 38220,
        "meta_element_set_no": 999,
        "meta_rev_at_epoch": 72287,
        "meta_bstar": 0.0032572871,
        "meta_mean_motion_dot": 0.00038966,
        "meta_mean_motion_ddot": 0,
        "tle_line1": "1 38220U 93036BTL 26043.07163160  .00038966  00000+0  32573-2 0  9998",
        "tle_line2": "2 38220  74.0129 304.3697 0004157 260.0232 100.0485 14.98308889722876"
      },
      "geometry": {
        "type": "Point",
        "coordinates": [
          37.031333062739854,
          72.38263031254874
        ]
      }
    },
    {
      "type": "Feature",
      "properties": {
        "norad_id": 38479,
        "name": "COSMOS 2251 DEB",
        "group": "cosmos-2251-debris",
        "lat": 66.50028196113936,
        "lon": -171.05245048606474,
        "alt_km": 707.1759170158603,
        "timestamp": "2026-02-23T07:17:29.436658+00:00",
        "meta_object_name": "COSMOS 2251 DEB",
        "meta_object_id": "1993-036BTP",
        "meta_epoch": "2026-02-03T09:44:08.763936",
        "meta_mean_motion": 14.39154742,
        "meta_eccentricity": 0.00824297,
        "meta_inclination": 74.0077,
        "meta_ra_of_asc_node": 86.9901,
        "meta_arg_of_pericenter": 186.6131,
        "meta_mean_anomaly": 184.4757,
        "meta_ephemeris_type": 0,
        "meta_classification_type": "U",
        "meta_norad_cat_id": 38479,
        "meta_element_set_no": 999,
        "meta_rev_at_epoch": 65445,
        "meta_bstar": 0.0014997156,
        "meta_mean_motion_dot": 4.808e-05,
        "meta_mean_motion_ddot": 0,
        "tle_line1": "1 38479U 93036BTP 26034.40565699  .00004808  00000+0  14997-2 0  9992",
        "tle_line2": "2 38479  74.0077  86.9901 0082429 186.6131 184.4757 14.39154742654452"
      },
      "geometry": {
        "type": "Point",
        "coordinates": [
          -171.05245048606474,
          66.50028196113936
        ]
      }
    },
    {
      "type": "Feature",
      "properties": {
        "norad_id": 38483,
        "name": "COSMOS 2251 DEB",
        "group": "cosmos-2251-debris",
        "lat": 57.555344249292304,
        "lon": -91.82837616418789,
        "alt_km": 796.4698235234509,
        "timestamp": "2026-02-23T07:17:29.436668+00:00",
        "meta_object_name": "COSMOS 2251 DEB",
        "meta_object_id": "1993-036BTT",
        "meta_epoch": "2026-01-30T10:09:12.731328",
        "meta_mean_motion": 14.29109335,
        "meta_eccentricity": 0.01122979,
        "meta_inclination": 74.2615,
        "meta_ra_of_asc_node": 284.5924,
        "meta_arg_of_pericenter": 14.6754,
        "meta_mean_anomaly": 345.761,
        "meta_ephemeris_type": 0,
        "meta_classification_type": "U",
        "meta_norad_cat_id": 38483,
        "meta_element_set_no": 999,
        "meta_rev_at_epoch": 64173,
        "meta_bstar": 0.0014318991,
        "meta_mean_motion_dot": 3.863e-05,
        "meta_mean_motion_ddot": 0,
        "tle_line1": "1 38483U 93036BTT 26030.42306402  .00003863  00000+0  14319-2 0  9998",
        "tle_line2": "2 38483  74.2615 284.5924 0112297  14.6754 345.7610 14.29109335641730"
      },
      "geometry": {
        "type": "Point",
        "coordinates": [
          -91.82837616418789,
          57.555344249292304
        ]
      }
    },
    {
      "type": "Feature",
      "properties": {
        "norad_id": 38486,
        "name": "COSMOS 2251 DEB",
        "group": "cosmos-2251-debris",
        "lat": 72.55915598347475,
        "lon": 128.79220945620014,
        "alt_km": 644.9686175237639,
        "timestamp": "2026-02-23T07:17:29.436678+00:00",
        "meta_object_name": "COSMOS 2251 DEB",
        "meta_object_id": "1993-036BTW",
        "meta_epoch": "2026-02-12T19:18:27.154080",
        "meta_mean_motion": 14.75803113,
        "meta_eccentricity": 0.0031985,
        "meta_inclination": 73.9394,
        "meta_ra_of_asc_node": 82.9639,
        "meta_arg_of_pericenter": 224.4457,
        "meta_mean_anomaly": 255.2426,
        "meta_ephemeris_type": 0,
        "meta_classification_type": "U",
        "meta_norad_cat_id": 38486,
        "meta_element_set_no": 999,
        "meta_rev_at_epoch": 76349,
        "meta_bstar": 0.0018430764,
        "meta_mean_motion_dot": 0.00012729,
        "meta_mean_motion_ddot": 0,
        "tle_line1": "1 38486U 93036BTW 26043.80448095  .00012729  00000+0  18431-2 0  9992",
        "tle_line2": "2 38486  73.9394  82.9639 0031985 224.4457 255.2426 14.75803113763495"
      },
      "geometry": {
        "type": "Point",
        "coordinates": [
          128.79220945620014,
          72.55915598347475
        ]
      }
    },
    {
      "type": "Feature",
      "properties": {
        "norad_id": 38487,
        "name": "COSMOS 2251 DEB",
        "group": "cosmos-2251-debris",
        "lat": 72.48413298221065,
        "lon": -53.463332120651216,
        "alt_km": 474.3338097032638,
        "timestamp": "2026-02-23T07:17:29.436688+00:00",
        "meta_object_name": "COSMOS 2251 DEB",
        "meta_object_id": "1993-036BTX",
        "meta_epoch": "2026-02-17T06:04:09.236352",
        "meta_mean_motion": 15.24530572,
        "meta_eccentricity": 0.0020426,
        "meta_inclination": 73.968,
        "meta_ra_of_asc_node": 253.7021,
        "meta_arg_of_pericenter": 44.7604,
        "meta_mean_anomaly": 315.5239,
        "meta_ephemeris_type": 0,
        "meta_classification_type": "U",
        "meta_norad_cat_id": 38487,
        "meta_element_set_no": 999,
        "meta_rev_at_epoch": 67811,
        "meta_bstar": 0.0022612,
        "meta_mean_motion_dot": 0.00056373,
        "meta_mean_motion_ddot": 0,
        "tle_line1": "1 38487U 93036BTX 26048.25288468  .00056373  00000+0  22612-2 0  9992",
        "tle_line2": "2 38487  73.9680 253.7021 0020426  44.7604 315.5239 15.24530572678119"
      },
      "geometry": {
        "type": "Point",
        "coordinates": [
          -53.463332120651216,
          72.48413298221065
        ]
      }
    },
    {
      "type": "Feature",
      "properties": {
        "norad_id": 39109,
        "name": "COSMOS 2251 DEB",
        "group": "cosmos-2251-debris",
        "lat": -74.01648672796213,
        "lon": -3.1682834219445093,
        "alt_km": 669.3474446600449,
        "timestamp": "2026-02-23T07:17:29.436699+00:00",
        "meta_object_name": "COSMOS 2251 DEB",
        "meta_object_id": "1993-036BTY",
        "meta_epoch": "2026-02-14T11:50:56.278752",
        "meta_mean_motion": 14.71307105,
        "meta_eccentricity": 0.00580241,
        "meta_inclination": 74.0424,
        "meta_ra_of_asc_node": 101.3207,
        "meta_arg_of_pericenter": 191.7917,
        "meta_mean_anomaly": 232.2525,
        "meta_ephemeris_type": 0,
        "meta_classification_type": "U",
        "meta_norad_cat_id": 39109,
        "meta_element_set_no": 999,
        "meta_rev_at_epoch": 66111,
        "meta_bstar": 0.00049402138,
        "meta_mean_motion_dot": 3.101e-05,
        "meta_mean_motion_ddot": 0,
        "tle_line1": "1 39109U 93036BTY 26045.49370693  .00003101  00000+0  49402-3 0  9997",
        "tle_line2": "2 39109  74.0424 101.3207 0058024 191.7917 232.2525 14.71307105661118"
      },
      "geometry": {
        "type": "Point",
        "coordinates": [
          -3.1682834219445093,
          -74.01648672796213
        ]
      }
    },
    {
      "type": "Feature",
      "properties": {
        "norad_id": 39546,
        "name": "COSMOS 2251 DEB",
        "group": "cosmos-2251-debris",
        "lat": -5.055601904409622,
        "lon": 171.95974289704267,
        "alt_km": 569.1557389899499,
        "timestamp": "2026-02-23T07:17:29.436708+00:00",
        "meta_object_name": "COSMOS 2251 DEB",
        "meta_object_id": "1993-036BUC",
        "meta_epoch": "2026-02-20T04:33:43.313760",
        "meta_mean_motion": 14.94372797,
        "meta_eccentricity": 0.00404046,
        "meta_inclination": 74.0003,
        "meta_ra_of_asc_node": 356.7895,
        "meta_arg_of_pericenter": 142.5037,
        "meta_mean_anomaly": 217.8978,
        "meta_ephemeris_type": 0,
        "meta_classification_type": "U",
        "meta_norad_cat_id": 39546,
        "meta_element_set_no": 999,
        "meta_rev_at_epoch": 65473,
        "meta_bstar": 0.0010936423,
        "meta_mean_motion_dot": 0.00011944,
        "meta_mean_motion_ddot": 0,
        "tle_line1": "1 39546U 93036BUC 26051.19008465  .00011944  00000+0  10936-2 0  9994",
        "tle_line2": "2 39546  74.0003 356.7895 0040404 142.5037 217.8978 14.94372797654730"
      },
      "geometry": {
        "type": "Point",
        "coordinates": [
          171.95974289704267,
          -5.055601904409622
        ]
      }
    },
    {
      "type": "Feature",
      "properties": {
        "norad_id": 39547,
        "name": "COSMOS 2251 DEB",
        "group": "cosmos-2251-debris",
        "lat": -13.875687455644506,
        "lon": -135.2725341735476,
        "alt_km": 531.4133701258606,
        "timestamp": "2026-02-23T07:17:29.436718+00:00",
        "meta_object_name": "COSMOS 2251 DEB",
        "meta_object_id": "1993-036BUD",
        "meta_epoch": "2026-02-18T05:36:35.053920",
        "meta_mean_motion": 15.11947293,
        "meta_eccentricity": 0.0003046,
        "meta_inclination": 73.9998,
        "meta_ra_of_asc_node": 239.3113,
        "meta_arg_of_pericenter": 315.2619,
        "meta_mean_anomaly": 161.0018,
        "meta_ephemeris_type": 0,
        "meta_classification_type": "U",
        "meta_norad_cat_id": 39547,
        "meta_element_set_no": 999,
        "meta_rev_at_epoch": 65042,
        "meta_bstar": 0.0029907,
        "meta_mean_motion_dot": 0.00051628,
        "meta_mean_motion_ddot": 0,
        "tle_line1": "1 39547U 93036BUD 26049.23373905  .00051628  00000+0  29907-2 0  9992",
        "tle_line2": "2 39547  73.9998 239.3113 0003046 315.2619 161.0018 15.11947293650423"
      },
      "geometry": {
        "type": "Point",
        "coordinates": [
          -135.2725341735476,
          -13.875687455644506
        ]
      }
    },
    {
      "type": "Feature",
      "properties": {
        "norad_id": 39553,
        "name": "COSMOS 2251 DEB",
        "group": "cosmos-2251-debris",
        "lat": 43.85139967344882,
        "lon": 8.314408672137814,
        "alt_km": 1036.242664354154,
        "timestamp": "2026-02-23T07:17:29.436728+00:00",
        "meta_object_name": "COSMOS 2251 DEB",
        "meta_object_id": "1993-036BUK",
        "meta_epoch": "2026-02-10T04:52:18.894144",
        "meta_mean_motion": 14.00212172,
        "meta_eccentricity": 0.02057899,
        "meta_inclination": 74.0243,
        "meta_ra_of_asc_node": 226.9917,
        "meta_arg_of_pericenter": 348.9994,
        "meta_mean_anomaly": 10.6671,
        "meta_ephemeris_type": 0,
        "meta_classification_type": "U",
        "meta_norad_cat_id": 39553,
        "meta_element_set_no": 999,
        "meta_rev_at_epoch": 76449,
        "meta_bstar": 0.001196352,
        "meta_mean_motion_dot": 2.098e-05,
        "meta_mean_motion_ddot": 0,
        "tle_line1": "1 39553U 93036BUK 26041.20299646  .00002098  00000+0  11964-2 0  9998",
        "tle_line2": "2 39553  74.0243 226.9917 0205789 348.9994  10.6671 14.00212172764491"
      },
      "geometry": {
        "type": "Point",
        "coordinates": [
          8.314408672137814,
          43.85139967344882
        ]
      }
    },
    {
      "type": "Feature",
      "properties": {
        "norad_id": 39554,
        "name": "COSMOS 2251 DEB",
        "group": "cosmos-2251-debris",
        "lat": -44.32446088870069,
        "lon": -50.22171489807258,
        "alt_km": 509.571639310926,
        "timestamp": "2026-02-23T07:17:29.436738+00:00",
        "meta_object_name": "COSMOS 2251 DEB",
        "meta_object_id": "1993-036BUL",
        "meta_epoch": "2026-02-22T03:34:13.359072",
        "meta_mean_motion": 15.19807371,
        "meta_eccentricity": 0.00090737,
        "meta_inclination": 74.0458,
        "meta_ra_of_asc_node": 115.9712,
        "meta_arg_of_pericenter": 292.1561,
        "meta_mean_anomaly": 97.3303,
        "meta_ephemeris_type": 0,
        "meta_classification_type": "U",
        "meta_norad_cat_id": 39554,
        "meta_element_set_no": 999,
        "meta_rev_at_epoch": 65466,
        "meta_bstar": 0.0025030181,
        "meta_mean_motion_dot": 0.0005405,
        "meta_mean_motion_ddot": 0,
        "tle_line1": "1 39554U 93036BUL 26053.14876573  .00054050  00000+0  25030-2 0  9999",
        "tle_line2": "2 39554  74.0458 115.9712 0009073 292.1561  97.3303 15.19807371654661"
      },
      "geometry": {
        "type": "Point",
        "coordinates": [
          -50.22171489807258,
          -44.32446088870069
        ]
      }
    },
    {
      "type": "Feature",
      "properties": {
        "norad_id": 39583,
        "name": "COSMOS 2251 DEB",
        "group": "cosmos-2251-debris",
        "lat": -6.217175131584969,
        "lon": 105.75649972540415,
        "alt_km": 768.8019433065974,
        "timestamp": "2026-02-23T07:17:29.436748+00:00",
        "meta_object_name": "COSMOS 2251 DEB",
        "meta_object_id": "1993-036BUN",
        "meta_epoch": "2026-02-02T13:45:17.409888",
        "meta_mean_motion": 14.61804146,
        "meta_eccentricity": 0.01361462,
        "meta_inclination": 73.9335,
        "meta_ra_of_asc_node": 147.4932,
        "meta_arg_of_pericenter": 250.8919,
        "meta_mean_anomaly": 107.7465,
        "meta_ephemeris_type": 0,
        "meta_classification_type": "U",
        "meta_norad_cat_id": 39583,
        "meta_element_set_no": 999,
        "meta_rev_at_epoch": 62536,
        "meta_bstar": 0.0026589585,
        "meta_mean_motion_dot": 0.00015155,
        "meta_mean_motion_ddot": 0,
        "tle_line1": "1 39583U 93036BUN 26033.57311817  .00015155  00000+0  26590-2 0  9996",
        "tle_line2": "2 39583  73.9335 147.4932 0136146 250.8919 107.7465 14.61804146625362"
      },
      "geometry": {
        "type": "Point",
        "coordinates": [
          105.75649972540415,
          -6.217175131584969
        ]
      }
    },
    {
      "type": "Feature",
      "properties": {
        "norad_id": 39585,
        "name": "COSMOS 2251 DEB",
        "group": "cosmos-2251-debris",
        "lat": -47.060003994057496,
        "lon": 1.0780052863579082,
        "alt_km": 664.5116583677482,
        "timestamp": "2026-02-23T07:17:29.436758+00:00",
        "meta_object_name": "COSMOS 2251 DEB",
        "meta_object_id": "1993-036BUQ",
        "meta_epoch": "2026-02-07T03:28:40.702656",
        "meta_mean_motion": 14.58844351,
        "meta_eccentricity": 0.00677691,
        "meta_inclination": 74.0403,
        "meta_ra_of_asc_node": 193.9274,
        "meta_arg_of_pericenter": 300.7751,
        "meta_mean_anomaly": 58.6753,
        "meta_ephemeris_type": 0,
        "meta_classification_type": "U",
        "meta_norad_cat_id": 39585,
        "meta_element_set_no": 999,
        "meta_rev_at_epoch": 63343,
        "meta_bstar": 0.00031897443,
        "meta_mean_motion_dot": 1.509e-05,
        "meta_mean_motion_ddot": 0,
        "tle_line1": "1 39585U 93036BUQ 26038.14491554  .00001509  00000+0  31897-3 0  9998",
        "tle_line2": "2 39585  74.0403 193.9274 0067769 300.7751  58.6753 14.58844351633439"
      },
      "geometry": {
        "type": "Point",
        "coordinates": [
          1.0780052863579082,
          -47.060003994057496
        ]
      }
    },
    {
      "type": "Feature",
      "properties": {
        "norad_id": 39586,
        "name": "COSMOS 2251 DEB",
        "group": "cosmos-2251-debris",
        "lat": -31.68083916957762,
        "lon": 87.77269739312484,
        "alt_km": 850.6646316042097,
        "timestamp": "2026-02-23T07:17:29.436768+00:00",
        "meta_object_name": "COSMOS 2251 DEB",
        "meta_object_id": "1993-036BUR",
        "meta_epoch": "2026-02-16T20:37:42.153024",
        "meta_mean_motion": 14.21386298,
        "meta_eccentricity": 0.01025213,
        "meta_inclination": 74.0098,
        "meta_ra_of_asc_node": 109.5335,
        "meta_arg_of_pericenter": 230.213,
        "meta_mean_anomaly": 253.1778,
        "meta_ephemeris_type": 0,
        "meta_classification_type": "U",
        "meta_norad_cat_id": 39586,
        "meta_element_set_no": 999,
        "meta_rev_at_epoch": 61911,
        "meta_bstar": 0.00039162242,
        "meta_mean_motion_dot": 8.76e-06,
        "meta_mean_motion_ddot": 0,
        "tle_line1": "1 39586U 93036BUR 26047.85951566  .00000876  00000+0  39162-3 0  9990",
        "tle_line2": "2 39586  74.0098 109.5335 0102521 230.2130 253.1778 14.21386298619114"
      },
      "geometry": {
        "type": "Point",
        "coordinates": [
          87.77269739312484,
          -31.68083916957762
        ]
      }
    },
    {
      "type": "Feature",
      "properties": {
        "norad_id": 39591,
        "name": "COSMOS 2251 DEB",
        "group": "cosmos-2251-debris",
        "lat": -12.755121823887444,
        "lon": -64.13855308893905,
        "alt_km": 735.6233071229044,
        "timestamp": "2026-02-23T07:17:29.436778+00:00",
        "meta_object_name": "COSMOS 2251 DEB",
        "meta_object_id": "1993-036BUW",
        "meta_epoch": "2026-02-20T13:47:13.255872",
        "meta_mean_motion": 14.42034019,
        "meta_eccentricity": 0.00302845,
        "meta_inclination": 74.0191,
        "meta_ra_of_asc_node": 117.205,
        "meta_arg_of_pericenter": 219.1696,
        "meta_mean_anomaly": 210.8517,
        "meta_ephemeris_type": 0,
        "meta_classification_type": "U",
        "meta_norad_cat_id": 39591,
        "meta_element_set_no": 999,
        "meta_rev_at_epoch": 62783,
        "meta_bstar": 0.00031427324,
        "meta_mean_motion_dot": 1.011e-05,
        "meta_mean_motion_ddot": 0,
        "tle_line1": "1 39591U 93036BUW 26051.57445898  .00001011  00000+0  31427-3 0  9994",
        "tle_line2": "2 39591  74.0191 117.2050 0030284 219.1696 210.8517 14.42034019627836"
      },
      "geometry": {
        "type": "Point",
        "coordinates": [
          -64.13855308893905,
          -12.755121823887444
        ]
      }
    },
    {
      "type": "Feature",
      "properties": {
        "norad_id": 40218,
        "name": "COSMOS 2251 DEB",
        "group": "cosmos-2251-debris",
        "lat": 27.633595689936037,
        "lon": 122.97236582075608,
        "alt_km": 762.2733500649983,
        "timestamp": "2026-02-23T07:17:29.436788+00:00",
        "meta_object_name": "COSMOS 2251 DEB",
        "meta_object_id": "1993-036BUX",
        "meta_epoch": "2026-02-10T22:44:22.081920",
        "meta_mean_motion": 14.41775713,
        "meta_eccentricity": 0.00167195,
        "meta_inclination": 74.0309,
        "meta_ra_of_asc_node": 137.2459,
        "meta_arg_of_pericenter": 215.5864,
        "meta_mean_anomaly": 144.4179,
        "meta_ephemeris_type": 0,
        "meta_classification_type": "U",
        "meta_norad_cat_id": 40218,
        "meta_element_set_no": 999,
        "meta_rev_at_epoch": 59729,
        "meta_bstar": 0.0003844708,
        "meta_mean_motion_dot": 1.231e-05,
        "meta_mean_motion_ddot": 0,
        "tle_line1": "1 40218U 93036BUX 26041.94747780  .00001231  00000+0  38447-3 0  9990",
        "tle_line2": "2 40218  74.0309 137.2459 0016719 215.5864 144.4179 14.41775713597298"
      },
      "geometry": {
        "type": "Point",
        "coordinates": [
          122.97236582075608,
          27.633595689936037
        ]
      }
    },
    {
      "type": "Feature",
      "properties": {
        "norad_id": 40223,
        "name": "COSMOS 2251 DEB",
        "group": "cosmos-2251-debris",
        "lat": 40.27600749720739,
        "lon": 104.23628862054007,
        "alt_km": 511.49580405191955,
        "timestamp": "2026-02-23T07:17:29.436798+00:00",
        "meta_object_name": "COSMOS 2251 DEB",
        "meta_object_id": "1993-036BVC",
        "meta_epoch": "2026-02-16T10:13:44.369472",
        "meta_mean_motion": 15.12804495,
        "meta_eccentricity": 0.00127873,
        "meta_inclination": 73.935,
        "meta_ra_of_asc_node": 312.7227,
        "meta_arg_of_pericenter": 146.6156,
        "meta_mean_anomaly": 334.9496,
        "meta_ephemeris_type": 0,
        "meta_classification_type": "U",
        "meta_norad_cat_id": 40223,
        "meta_element_set_no": 999,
        "meta_rev_at_epoch": 60364,
        "meta_bstar": 0.0052634073,
        "meta_mean_motion_dot": 0.00093795,
        "meta_mean_motion_ddot": 0,
        "tle_line1": "1 40223U 93036BVC 26047.42620798  .00093795  00000+0  52634-2 0  9993",
        "tle_line2": "2 40223  73.9350 312.7227 0012787 146.6156 334.9496 15.12804495603644"
      },
      "geometry": {
        "type": "Point",
        "coordinates": [
          104.23628862054007,
          40.27600749720739
        ]
      }
    },
    {
      "type": "Feature",
      "properties": {
        "norad_id": 40228,
        "name": "COSMOS 2251 DEB",
        "group": "cosmos-2251-debris",
        "lat": 57.91885377471169,
        "lon": -80.75618527961595,
        "alt_km": 740.0233834501278,
        "timestamp": "2026-02-23T07:17:29.436808+00:00",
        "meta_object_name": "COSMOS 2251 DEB",
        "meta_object_id": "1993-036BVH",
        "meta_epoch": "2026-02-18T05:16:17.105952",
        "meta_mean_motion": 14.41164378,
        "meta_eccentricity": 0.0023166,
        "meta_inclination": 74.0556,
        "meta_ra_of_asc_node": 135.7744,
        "meta_arg_of_pericenter": 187.3053,
        "meta_mean_anomaly": 204.016,
        "meta_ephemeris_type": 0,
        "meta_classification_type": "U",
        "meta_norad_cat_id": 40228,
        "meta_element_set_no": 999,
        "meta_rev_at_epoch": 59893,
        "meta_bstar": 0.00028362,
        "meta_mean_motion_dot": 8.91e-06,
        "meta_mean_motion_ddot": 0,
        "tle_line1": "1 40228U 93036BVH 26049.21964243  .00000891  00000+0  28362-3 0  9990",
        "tle_line2": "2 40228  74.0556 135.7744 0023166 187.3053 204.0160 14.41164378598937"
      },
      "geometry": {
        "type": "Point",
        "coordinates": [
          -80.75618527961595,
          57.91885377471169
        ]
      }
    },
    {
      "type": "Feature",
      "properties": {
        "norad_id": 40230,
        "name": "COSMOS 2251 DEB",
        "group": "cosmos-2251-debris",
        "lat": -22.67367081669044,
        "lon": 83.9296132910871,
        "alt_km": 742.0814115666753,
        "timestamp": "2026-02-23T07:17:29.436818+00:00",
        "meta_object_name": "COSMOS 2251 DEB",
        "meta_object_id": "1993-036BVK",
        "meta_epoch": "2026-02-21T19:30:35.054208",
        "meta_mean_motion": 14.49812998,
        "meta_eccentricity": 0.00159873,
        "meta_inclination": 74.0433,
        "meta_ra_of_asc_node": 93.591,
        "meta_arg_of_pericenter": 141.4165,
        "meta_mean_anomaly": 336.738,
        "meta_ephemeris_type": 0,
        "meta_classification_type": "U",
        "meta_norad_cat_id": 40230,
        "meta_element_set_no": 999,
        "meta_rev_at_epoch": 60001,
        "meta_bstar": 0.00049130745,
        "meta_mean_motion_dot": 1.871e-05,
        "meta_mean_motion_ddot": 0,
        "tle_line1": "1 40230U 93036BVK 26052.81290572  .00001871  00000+0  49131-3 0  9996",
        "tle_line2": "2 40230  74.0433  93.5910 0015987 141.4165 336.7380 14.49812998600013"
      },
      "geometry": {
        "type": "Point",
        "coordinates": [
          83.9296132910871,
          -22.67367081669044
        ]
      }
    },
    {
      "type": "Feature",
      "properties": {
        "norad_id": 40233,
        "name": "COSMOS 2251 DEB",
        "group": "cosmos-2251-debris",
        "lat": 61.78371542368714,
        "lon": -3.456827557945939,
        "alt_km": 667.6221847603701,
        "timestamp": "2026-02-23T07:17:29.436828+00:00",
        "meta_object_name": "COSMOS 2251 DEB",
        "meta_object_id": "1993-036BVN",
        "meta_epoch": "2026-02-20T04:57:09.203328",
        "meta_mean_motion": 14.59290936,
        "meta_eccentricity": 0.0043792,
        "meta_inclination": 73.9425,
        "meta_ra_of_asc_node": 330.0129,
        "meta_arg_of_pericenter": 26.6574,
        "meta_mean_anomaly": 333.6828,
        "meta_ephemeris_type": 0,
        "meta_classification_type": "U",
        "meta_norad_cat_id": 40233,
        "meta_element_set_no": 999,
        "meta_rev_at_epoch": 60150,
        "meta_bstar": 0.0008727,
        "meta_mean_motion_dot": 4.15e-05,
        "meta_mean_motion_ddot": 0,
        "tle_line1": "1 40233U 93036BVN 26051.20635652  .00004150  00000+0  87270-3 0  9992",
        "tle_line2": "2 40233  73.9425 330.0129 0043792  26.6574 333.6828 14.59290936601500"
      },
      "geometry": {
        "type": "Point",
        "coordinates": [
          -3.456827557945939,
          61.78371542368714
        ]
      }
    },
    {
      "type": "Feature",
      "properties": {
        "norad_id": 40236,
        "name": "COSMOS 2251 DEB",
        "group": "cosmos-2251-debris",
        "lat": 36.29212517160121,
        "lon": 41.88795511757616,
        "alt_km": 1439.6467582597497,
        "timestamp": "2026-02-23T07:17:29.436838+00:00",
        "meta_object_name": "COSMOS 2251 DEB",
        "meta_object_id": "1993-036BVR",
        "meta_epoch": "2026-02-17T15:10:28.733664",
        "meta_mean_motion": 13.24799143,
        "meta_eccentricity": 0.0537923,
        "meta_inclination": 73.5345,
        "meta_ra_of_asc_node": 38.2846,
        "meta_arg_of_pericenter": 272.5358,
        "meta_mean_anomaly": 81.4287,
        "meta_ephemeris_type": 0,
        "meta_classification_type": "U",
        "meta_norad_cat_id": 40236,
        "meta_element_set_no": 999,
        "meta_rev_at_epoch": 54510,
        "meta_bstar": 0.0007693,
        "meta_mean_motion_dot": 6.98e-06,
        "meta_mean_motion_ddot": 0,
        "tle_line1": "1 40236U 93036BVR 26048.63227701  .00000698  00000+0  76930-3 0  9994",
        "tle_line2": "2 40236  73.5345  38.2846 0537923 272.5358  81.4287 13.24799143545104"
      },
      "geometry": {
        "type": "Point",
        "coordinates": [
          41.88795511757616,
          36.29212517160121
        ]
      }
    },
    {
      "type": "Feature",
      "properties": {
        "norad_id": 40238,
        "name": "COSMOS 2251 DEB",
        "group": "cosmos-2251-debris",
        "lat": -73.89842752124211,
        "lon": -144.08191002803713,
        "alt_km": 754.266601941832,
        "timestamp": "2026-02-23T07:17:29.436848+00:00",
        "meta_object_name": "COSMOS 2251 DEB",
        "meta_object_id": "1993-036BVT",
        "meta_epoch": "2026-02-13T03:10:30.754560",
        "meta_mean_motion": 13.25387917,
        "meta_eccentricity": 0.0553052,
        "meta_inclination": 73.9976,
        "meta_ra_of_asc_node": 327.7658,
        "meta_arg_of_pericenter": 287.868,
        "meta_mean_anomaly": 66.2853,
        "meta_ephemeris_type": 0,
        "meta_classification_type": "U",
        "meta_norad_cat_id": 40238,
        "meta_element_set_no": 999,
        "meta_rev_at_epoch": 54863,
        "meta_bstar": -0.0010594337,
        "meta_mean_motion_dot": -1.079e-05,
        "meta_mean_motion_ddot": 0,
        "tle_line1": "1 40238U 93036BVT 26044.13230040 -.00001079  00000+0 -10594-2 0  9996",
        "tle_line2": "2 40238  73.9976 327.7658 0553052 287.8680  66.2853 13.25387917548639"
      },
      "geometry": {
        "type": "Point",
        "coordinates": [
          -144.08191002803713,
          -73.89842752124211
        ]
      }
    },
    {
      "type": "Feature",
      "properties": {
        "norad_id": 40239,
        "name": "COSMOS 2251 DEB",
        "group": "cosmos-2251-debris",
        "lat": 17.202956094115017,
        "lon": -48.24668203545143,
        "alt_km": 663.5224309999176,
        "timestamp": "2026-02-23T07:17:29.436858+00:00",
        "meta_object_name": "COSMOS 2251 DEB",
        "meta_object_id": "1993-036BVU",
        "meta_epoch": "2026-02-05T02:36:45.829728",
        "meta_mean_motion": 14.62250063,
        "meta_eccentricity": 0.00869096,
        "meta_inclination": 74.0297,
        "meta_ra_of_asc_node": 171.6906,
        "meta_arg_of_pericenter": 270.6387,
        "meta_mean_anomaly": 268.1502,
        "meta_ephemeris_type": 0,
        "meta_classification_type": "U",
        "meta_norad_cat_id": 40239,
        "meta_element_set_no": 999,
        "meta_rev_at_epoch": 60405,
        "meta_bstar": 0.00055490899,
        "meta_mean_motion_dot": 2.921e-05,
        "meta_mean_motion_ddot": 0,
        "tle_line1": "1 40239U 93036BVU 26036.10886377  .00002921  00000+0  55491-3 0  9996",
        "tle_line2": "2 40239  74.0297 171.6906 0086909 270.6387 268.1502 14.62250063604052"
      },
      "geometry": {
        "type": "Point",
        "coordinates": [
          -48.24668203545143,
          17.202956094115017
        ]
      }
    },
    {
      "type": "Feature",
      "properties": {
        "norad_id": 40792,
        "name": "COSMOS 2251 DEB",
        "group": "cosmos-2251-debris",
        "lat": 66.49516511768135,
        "lon": -51.58915052393475,
        "alt_km": 657.4617440468055,
        "timestamp": "2026-02-23T07:17:29.436868+00:00",
        "meta_object_name": "COSMOS 2251 DEB",
        "meta_object_id": "1993-036BVV",
        "meta_epoch": "2026-02-19T14:49:09.780384",
        "meta_mean_motion": 14.68564064,
        "meta_eccentricity": 0.001647,
        "meta_inclination": 74.0428,
        "meta_ra_of_asc_node": 274.3961,
        "meta_arg_of_pericenter": 356.8008,
        "meta_mean_anomaly": 34.3972,
        "meta_ephemeris_type": 0,
        "meta_classification_type": "U",
        "meta_norad_cat_id": 40792,
        "meta_element_set_no": 999,
        "meta_rev_at_epoch": 64195,
        "meta_bstar": 0.00069794,
        "meta_mean_motion_dot": 4.03e-05,
        "meta_mean_motion_ddot": 0,
        "tle_line1": "1 40792U 93036BVV 26050.61747431  .00004030  00000+0  69794-3 0  9993",
        "tle_line2": "2 40792  74.0428 274.3961 0016470 356.8008  34.3972 14.68564064641956"
      },
      "geometry": {
        "type": "Point",
        "coordinates": [
          -51.58915052393475,
          66.49516511768135
        ]
      }
    },
    {
      "type": "Feature",
      "properties": {
        "norad_id": 40794,
        "name": "COSMOS 2251 DEB",
        "group": "cosmos-2251-debris",
        "lat": 9.770988306689297,
        "lon": -20.170061925977603,
        "alt_km": 568.3610888793346,
        "timestamp": "2026-02-23T07:17:29.436878+00:00",
        "meta_object_name": "COSMOS 2251 DEB",
        "meta_object_id": "1993-036BVX",
        "meta_epoch": "2026-02-09T15:52:57.231264",
        "meta_mean_motion": 14.99173171,
        "meta_eccentricity": 0.00065644,
        "meta_inclination": 73.9757,
        "meta_ra_of_asc_node": 4.8029,
        "meta_arg_of_pericenter": 156.8975,
        "meta_mean_anomaly": 22.7645,
        "meta_ephemeris_type": 0,
        "meta_classification_type": "U",
        "meta_norad_cat_id": 40794,
        "meta_element_set_no": 999,
        "meta_rev_at_epoch": 62805,
        "meta_bstar": 0.0042917983,
        "meta_mean_motion_dot": 0.00052633,
        "meta_mean_motion_ddot": 0,
        "tle_line1": "1 40794U 93036BVX 26040.66177351  .00052633  00000+0  42918-2 0  9997",
        "tle_line2": "2 40794  73.9757   4.8029 0006564 156.8975  22.7645 14.99173171628059"
      },
      "geometry": {
        "type": "Point",
        "coordinates": [
          -20.170061925977603,
          9.770988306689297
        ]
      }
    },
    {
      "type": "Feature",
      "properties": {
        "norad_id": 40796,
        "name": "COSMOS 2251 DEB",
        "group": "cosmos-2251-debris",
        "lat": -73.79376785688379,
        "lon": -100.96895397139751,
        "alt_km": 658.6419201438575,
        "timestamp": "2026-02-23T07:17:29.436888+00:00",
        "meta_object_name": "COSMOS 2251 DEB",
        "meta_object_id": "1993-036BVZ",
        "meta_epoch": "2026-02-22T04:28:03.252864",
        "meta_mean_motion": 14.82864088,
        "meta_eccentricity": 0.00525044,
        "meta_inclination": 74.0142,
        "meta_ra_of_asc_node": 0.7305,
        "meta_arg_of_pericenter": 120.9149,
        "meta_mean_anomaly": 302.1682,
        "meta_ephemeris_type": 0,
        "meta_classification_type": "U",
        "meta_norad_cat_id": 40796,
        "meta_element_set_no": 999,
        "meta_rev_at_epoch": 77217,
        "meta_bstar": 0.00067527443,
        "meta_mean_motion_dot": 5.572e-05,
        "meta_mean_motion_ddot": 0,
        "tle_line1": "1 40796U 93036BVZ 26053.18614876  .00005572  00000+0  67527-3 0  9992",
        "tle_line2": "2 40796  74.0142   0.7305 0052504 120.9149 302.1682 14.82864088772178"
      },
      "geometry": {
        "type": "Point",
        "coordinates": [
          -100.96895397139751,
          -73.79376785688379
        ]
      }
    },
    {
      "type": "Feature",
      "properties": {
        "norad_id": 40799,
        "name": "COSMOS 2251 DEB",
        "group": "cosmos-2251-debris",
        "lat": -61.925123919772375,
        "lon": 163.24501129513504,
        "alt_km": 552.4920026409918,
        "timestamp": "2026-02-23T07:17:29.436898+00:00",
        "meta_object_name": "COSMOS 2251 DEB",
        "meta_object_id": "1993-036BWC",
        "meta_epoch": "2026-02-11T12:00:37.182240",
        "meta_mean_motion": 14.97454831,
        "meta_eccentricity": 0.01175414,
        "meta_inclination": 73.9281,
        "meta_ra_of_asc_node": 334.5756,
        "meta_arg_of_pericenter": 203.4277,
        "meta_mean_anomaly": 156.153,
        "meta_ephemeris_type": 0,
        "meta_classification_type": "U",
        "meta_norad_cat_id": 40799,
        "meta_element_set_no": 999,
        "meta_rev_at_epoch": 50886,
        "meta_bstar": 0.00037296621,
        "meta_mean_motion_dot": 4.962e-05,
        "meta_mean_motion_ddot": 0,
        "tle_line1": "1 40799U 93036BWC 26042.50043035  .00004962  00000+0  37297-3 0  9995",
        "tle_line2": "2 40799  73.9281 334.5756 0117541 203.4277 156.1530 14.97454831508862"
      },
      "geometry": {
        "type": "Point",
        "coordinates": [
          163.24501129513504,
          -61.925123919772375
        ]
      }
    },
    {
      "type": "Feature",
      "properties": {
        "norad_id": 40802,
        "name": "COSMOS 2251 DEB",
        "group": "cosmos-2251-debris",
        "lat": -2.067478772410871,
        "lon": 9.963693062979022,
        "alt_km": 639.1578819484903,
        "timestamp": "2026-02-23T07:17:29.436908+00:00",
        "meta_object_name": "COSMOS 2251 DEB",
        "meta_object_id": "1993-036BWF",
        "meta_epoch": "2026-02-10T05:51:33.125760",
        "meta_mean_motion": 14.78347843,
        "meta_eccentricity": 0.00593723,
        "meta_inclination": 74.0407,
        "meta_ra_of_asc_node": 36.1977,
        "meta_arg_of_pericenter": 120.1774,
        "meta_mean_anomaly": 240.5302,
        "meta_ephemeris_type": 0,
        "meta_classification_type": "U",
        "meta_norad_cat_id": 40802,
        "meta_element_set_no": 999,
        "meta_rev_at_epoch": 65288,
        "meta_bstar": 0.00058798208,
        "meta_mean_motion_dot": 4.374e-05,
        "meta_mean_motion_ddot": 0,
        "tle_line1": "1 40802U 93036BWF 26041.24413340  .00004374  00000+0  58798-3 0  9996",
        "tle_line2": "2 40802  74.0407  36.1977 0059372 120.1774 240.5302 14.78347843652883"
      },
      "geometry": {
        "type": "Point",
        "coordinates": [
          9.963693062979022,
          -2.067478772410871
        ]
      }
    },
    {
      "type": "Feature",
      "properties": {
        "norad_id": 40803,
        "name": "COSMOS 2251 DEB",
        "group": "cosmos-2251-debris",
        "lat": -37.03236266595157,
        "lon": 107.51868352570959,
        "alt_km": 730.5852831471211,
        "timestamp": "2026-02-23T07:17:29.436918+00:00",
        "meta_object_name": "COSMOS 2251 DEB",
        "meta_object_id": "1993-036BWG",
        "meta_epoch": "2026-02-22T00:31:37.390656",
        "meta_mean_motion": 14.52027758,
        "meta_eccentricity": 0.00319118,
        "meta_inclination": 74.013,
        "meta_ra_of_asc_node": 277.4449,
        "meta_arg_of_pericenter": 117.0765,
        "meta_mean_anomaly": 243.3659,
        "meta_ephemeris_type": 0,
        "meta_classification_type": "U",
        "meta_norad_cat_id": 40803,
        "meta_element_set_no": 999,
        "meta_rev_at_epoch": 59787,
        "meta_bstar": 0.00019791461,
        "meta_mean_motion_dot": 7.77e-06,
        "meta_mean_motion_ddot": 0,
        "tle_line1": "1 40803U 93036BWG 26053.02196054  .00000777  00000+0  19791-3 0  9999",
        "tle_line2": "2 40803  74.0130 277.4449 0031911 117.0765 243.3659 14.52027758597870"
      },
      "geometry": {
        "type": "Point",
        "coordinates": [
          107.51868352570959,
          -37.03236266595157
        ]
      }
    },
    {
      "type": "Feature",
      "properties": {
        "norad_id": 40808,
        "name": "COSMOS 2251 DEB",
        "group": "cosmos-2251-debris",
        "lat": 64.96921190078862,
        "lon": 43.00710951004319,
        "alt_km": 655.500197692746,
        "timestamp": "2026-02-23T07:17:29.436928+00:00",
        "meta_object_name": "COSMOS 2251 DEB",
        "meta_object_id": "1993-036BWM",
        "meta_epoch": "2026-02-22T07:08:16.039968",
        "meta_mean_motion": 14.68970789,
        "meta_eccentricity": 0.00072393,
        "meta_inclination": 74.0439,
        "meta_ra_of_asc_node": 7.1685,
        "meta_arg_of_pericenter": 7.0235,
        "meta_mean_anomaly": 143.406,
        "meta_ephemeris_type": 0,
        "meta_classification_type": "U",
        "meta_norad_cat_id": 40808,
        "meta_element_set_no": 999,
        "meta_rev_at_epoch": 64669,
        "meta_bstar": 0.001674752,
        "meta_mean_motion_dot": 9.799e-05,
        "meta_mean_motion_ddot": 0,
        "tle_line1": "1 40808U 93036BWM 26053.29740787  .00009799  00000+0  16748-2 0  9992",
        "tle_line2": "2 40808  74.0439   7.1685 0007239   7.0235 143.4060 14.68970789646692"
      },
      "geometry": {
        "type": "Point",
        "coordinates": [
          43.00710951004319,
          64.96921190078862
        ]
      }
    },
    {
      "type": "Feature",
      "properties": {
        "norad_id": 40810,
        "name": "COSMOS 2251 DEB",
        "group": "cosmos-2251-debris",
        "lat": 72.5926332571862,
        "lon": 50.554002042607706,
        "alt_km": 678.017464018305,
        "timestamp": "2026-02-23T07:17:29.436938+00:00",
        "meta_object_name": "COSMOS 2251 DEB",
        "meta_object_id": "1993-036BWP",
        "meta_epoch": "2026-02-22T16:02:31.676352",
        "meta_mean_motion": 14.59281095,
        "meta_eccentricity": 0.0016761,
        "meta_inclination": 74.0353,
        "meta_ra_of_asc_node": 297.6977,
        "meta_arg_of_pericenter": 67.0747,
        "meta_mean_anomaly": 293.2185,
        "meta_ephemeris_type": 0,
        "meta_classification_type": "U",
        "meta_norad_cat_id": 40810,
        "meta_element_set_no": 999,
        "meta_rev_at_epoch": 62732,
        "meta_bstar": 0.00057574,
        "meta_mean_motion_dot": 2.697e-05,
        "meta_mean_motion_ddot": 0,
        "tle_line1": "1 40810U 93036BWP 26053.66842218  .00002697  00000+0  57574-3 0  9991",
        "tle_line2": "2 40810  74.0353 297.6977 0016761  67.0747 293.2185 14.59281095627320"
      },
      "geometry": {
        "type": "Point",
        "coordinates": [
          50.554002042607706,
          72.5926332571862
        ]
      }
    },
    {
      "type": "Feature",
      "properties": {
        "norad_id": 46271,
        "name": "COSMOS 2251 DEB",
        "group": "cosmos-2251-debris",
        "lat": -6.136085813250842,
        "lon": 123.47456056478079,
        "alt_km": 745.6761002676349,
        "timestamp": "2026-02-23T07:17:29.436948+00:00",
        "meta_object_name": "COSMOS 2251 DEB",
        "meta_object_id": "1993-036BWT",
        "meta_epoch": "2026-02-10T12:26:59.359776",
        "meta_mean_motion": 14.51605684,
        "meta_eccentricity": 0.00386343,
        "meta_inclination": 74.0483,
        "meta_ra_of_asc_node": 325.7557,
        "meta_arg_of_pericenter": 70.1154,
        "meta_mean_anomaly": 290.4164,
        "meta_ephemeris_type": 0,
        "meta_classification_type": "U",
        "meta_norad_cat_id": 46271,
        "meta_element_set_no": 999,
        "meta_rev_at_epoch": 85509,
        "meta_bstar": 0.00032913568,
        "meta_mean_motion_dot": 1.303e-05,
        "meta_mean_motion_ddot": 0,
        "tle_line1": "1 46271U 93036BWT 26041.51874259  .00001303  00000+0  32914-3 0  9993",
        "tle_line2": "2 46271  74.0483 325.7557 0038634  70.1154 290.4164 14.51605684855097"
      },
      "geometry": {
        "type": "Point",
        "coordinates": [
          123.47456056478079,
          -6.136085813250842
        ]
      }
    },
    {
      "type": "Feature",
      "properties": {
        "norad_id": 46430,
        "name": "COSMOS 2251 DEB",
        "group": "cosmos-2251-debris",
        "lat": 2.8584006479387765,
        "lon": -140.56653586830382,
        "alt_km": 753.644994616905,
        "timestamp": "2026-02-23T07:17:29.436958+00:00",
        "meta_object_name": "COSMOS 2251 DEB",
        "meta_object_id": "1993-036BWU",
        "meta_epoch": "2026-02-03T07:52:45.669504",
        "meta_mean_motion": 14.52268592,
        "meta_eccentricity": 0.00983004,
        "meta_inclination": 73.9112,
        "meta_ra_of_asc_node": 256.5422,
        "meta_arg_of_pericenter": 165.1545,
        "meta_mean_anomaly": 195.2541,
        "meta_ephemeris_type": 0,
        "meta_classification_type": "U",
        "meta_norad_cat_id": 46430,
        "meta_element_set_no": 999,
        "meta_rev_at_epoch": 80446,
        "meta_bstar": 0.001703491,
        "meta_mean_motion_dot": 7.351e-05,
        "meta_mean_motion_ddot": 0,
        "tle_line1": "1 46430U 93036BWU 26034.32830636  .00007351  00000+0  17035-2 0  9997",
        "tle_line2": "2 46430  73.9112 256.5422 0098300 165.1545 195.2541 14.52268592804468"
      },
      "geometry": {
        "type": "Point",
        "coordinates": [
          -140.56653586830382,
          2.8584006479387765
        ]
      }
    },
    {
      "type": "Feature",
      "properties": {
        "norad_id": 46432,
        "name": "COSMOS 2251 DEB",
        "group": "cosmos-2251-debris",
        "lat": -66.77398480014085,
        "lon": -45.43662412904473,
        "alt_km": 1480.1433002031972,
        "timestamp": "2026-02-23T07:17:29.436967+00:00",
        "meta_object_name": "COSMOS 2251 DEB",
        "meta_object_id": "1993-036BWW",
        "meta_epoch": "2026-02-13T07:20:55.157280",
        "meta_mean_motion": 13.3672639,
        "meta_eccentricity": 0.0470721,
        "meta_inclination": 73.8731,
        "meta_ra_of_asc_node": 12.7015,
        "meta_arg_of_pericenter": 119.8182,
        "meta_mean_anomaly": 314.0928,
        "meta_ephemeris_type": 0,
        "meta_classification_type": "U",
        "meta_norad_cat_id": 46432,
        "meta_element_set_no": 999,
        "meta_rev_at_epoch": 67802,
        "meta_bstar": 0.00073835,
        "meta_mean_motion_dot": 7.05e-06,
        "meta_mean_motion_ddot": 0,
        "tle_line1": "1 46432U 93036BWW 26044.30619395  .00000705  00000+0  73835-3 0  9992",
        "tle_line2": "2 46432  73.8731  12.7015 0470721 119.8182 314.0928 13.36726390678027"
      },
      "geometry": {
        "type": "Point",
        "coordinates": [
          -45.43662412904473,
          -66.77398480014085
        ]
      }
    },
    {
      "type": "Feature",
      "properties": {
        "norad_id": 47045,
        "name": "COSMOS 2251 DEB",
        "group": "cosmos-2251-debris",
        "lat": 10.669448964684564,
        "lon": 18.60181111616663,
        "alt_km": 776.6898046213246,
        "timestamp": "2026-02-23T07:17:29.436977+00:00",
        "meta_object_name": "COSMOS 2251 DEB",
        "meta_object_id": "1993-036BWZ",
        "meta_epoch": "2026-02-02T07:24:08.040960",
        "meta_mean_motion": 14.38935714,
        "meta_eccentricity": 0.002931,
        "meta_inclination": 74.0575,
        "meta_ra_of_asc_node": 54.1762,
        "meta_arg_of_pericenter": 185.7,
        "meta_mean_anomaly": 189.6698,
        "meta_ephemeris_type": 0,
        "meta_classification_type": "U",
        "meta_norad_cat_id": 47045,
        "meta_element_set_no": 999,
        "meta_rev_at_epoch": 8547,
        "meta_bstar": 7.8302e-05,
        "meta_mean_motion_dot": 2.16e-06,
        "meta_mean_motion_ddot": 0,
        "tle_line1": "1 47045U 93036BWZ 26033.30842640  .00000216  00000+0  78302-4 0  9994",
        "tle_line2": "2 47045  74.0575  54.1762 0029310 185.7000 189.6698 14.38935714 85477"
      },
      "geometry": {
        "type": "Point",
        "coordinates": [
          18.60181111616663,
          10.669448964684564
        ]
      }
    },
    {
      "type": "Feature",
      "properties": {
        "norad_id": 47048,
        "name": "COSMOS 2251 DEB",
        "group": "cosmos-2251-debris",
        "lat": -51.787905443704204,
        "lon": 160.37943683553038,
        "alt_km": 655.304196527868,
        "timestamp": "2026-02-23T07:17:29.436987+00:00",
        "meta_object_name": "COSMOS 2251 DEB",
        "meta_object_id": "1993-036BXC",
        "meta_epoch": "2026-02-16T02:36:17.177760",
        "meta_mean_motion": 14.53113858,
        "meta_eccentricity": 0.01337148,
        "meta_inclination": 73.9767,
        "meta_ra_of_asc_node": 195.417,
        "meta_arg_of_pericenter": 6.4945,
        "meta_mean_anomaly": 114.2325,
        "meta_ephemeris_type": 0,
        "meta_classification_type": "U",
        "meta_norad_cat_id": 47048,
        "meta_element_set_no": 999,
        "meta_rev_at_epoch": 60639,
        "meta_bstar": 0.0010273431,
        "meta_mean_motion_dot": 4.753e-05,
        "meta_mean_motion_ddot": 0,
        "tle_line1": "1 47048U 93036BXC 26047.10853215  .00004753  00000+0  10273-2 0  9991",
        "tle_line2": "2 47048  73.9767 195.4170 0133714   6.4945 114.2325 14.53113858606399"
      },
      "geometry": {
        "type": "Point",
        "coordinates": [
          160.37943683553038,
          -51.787905443704204
        ]
      }
    },
    {
      "type": "Feature",
      "properties": {
        "norad_id": 47051,
        "name": "COSMOS 2251 DEB",
        "group": "cosmos-2251-debris",
        "lat": -68.54760941347763,
        "lon": 18.459328118895026,
        "alt_km": 1143.4588211953997,
        "timestamp": "2026-02-23T07:17:29.436997+00:00",
        "meta_object_name": "COSMOS 2251 DEB",
        "meta_object_id": "1993-036BXF",
        "meta_epoch": "2026-02-18T10:22:57.079776",
        "meta_mean_motion": 13.67428873,
        "meta_eccentricity": 0.0340716,
        "meta_inclination": 74.0983,
        "meta_ra_of_asc_node": 72.9281,
        "meta_arg_of_pericenter": 171.5303,
        "meta_mean_anomaly": 259.0191,
        "meta_ephemeris_type": 0,
        "meta_classification_type": "U",
        "meta_norad_cat_id": 47051,
        "meta_element_set_no": 999,
        "meta_rev_at_epoch": 60863,
        "meta_bstar": 0.00092163,
        "meta_mean_motion_dot": 1.139e-05,
        "meta_mean_motion_ddot": 0,
        "tle_line1": "1 47051U 93036BXF 26049.43260509  .00001139  00000+0  92163-3 0  9995",
        "tle_line2": "2 47051  74.0983  72.9281 0340716 171.5303 259.0191 13.67428873608639"
      },
      "geometry": {
        "type": "Point",
        "coordinates": [
          18.459328118895026,
          -68.54760941347763
        ]
      }
    },
    {
      "type": "Feature",
      "properties": {
        "norad_id": 47052,
        "name": "COSMOS 2251 DEB",
        "group": "cosmos-2251-debris",
        "lat": 14.636473649019596,
        "lon": 23.023480088481715,
        "alt_km": 780.7992277682961,
        "timestamp": "2026-02-23T07:17:29.437007+00:00",
        "meta_object_name": "COSMOS 2251 DEB",
        "meta_object_id": "1993-036BXG",
        "meta_epoch": "2026-02-21T03:14:31.153056",
        "meta_mean_motion": 14.35623645,
        "meta_eccentricity": 0.00605205,
        "meta_inclination": 74.0486,
        "meta_ra_of_asc_node": 211.2817,
        "meta_arg_of_pericenter": 269.2011,
        "meta_mean_anomaly": 212.1053,
        "meta_ephemeris_type": 0,
        "meta_classification_type": "U",
        "meta_norad_cat_id": 47052,
        "meta_element_set_no": 999,
        "meta_rev_at_epoch": 62799,
        "meta_bstar": 0.00026077577,
        "meta_mean_motion_dot": 7.41e-06,
        "meta_mean_motion_ddot": 0,
        "tle_line1": "1 47052U 93036BXG 26052.13508279  .00000741  00000+0  26078-3 0  9996",
        "tle_line2": "2 47052  74.0486 211.2817 0060520 269.2011 212.1053 14.35623645627991"
      },
      "geometry": {
        "type": "Point",
        "coordinates": [
          23.023480088481715,
          14.636473649019596
        ]
      }
    },
    {
      "type": "Feature",
      "properties": {
        "norad_id": 47053,
        "name": "COSMOS 2251 DEB",
        "group": "cosmos-2251-debris",
        "lat": -37.75501106138185,
        "lon": 123.8095540484485,
        "alt_km": 787.4613600149278,
        "timestamp": "2026-02-23T07:17:29.437017+00:00",
        "meta_object_name": "COSMOS 2251 DEB",
        "meta_object_id": "1993-036BXH",
        "meta_epoch": "2026-02-09T01:53:10.207968",
        "meta_mean_motion": 13.59837713,
        "meta_eccentricity": 0.03811045,
        "meta_inclination": 74.0576,
        "meta_ra_of_asc_node": 159.6243,
        "meta_arg_of_pericenter": 320.0647,
        "meta_mean_anomaly": 225.2715,
        "meta_ephemeris_type": 0,
        "meta_classification_type": "U",
        "meta_norad_cat_id": 47053,
        "meta_element_set_no": 999,
        "meta_rev_at_epoch": 29681,
        "meta_bstar": 0.0012257384,
        "meta_mean_motion_dot": 1.45e-05,
        "meta_mean_motion_ddot": 0,
        "tle_line1": "1 47053U 93036BXH 26040.07859037  .00001450  00000+0  12257-2 0  9999",
        "tle_line2": "2 47053  74.0576 159.6243 0381104 320.0647 225.2715 13.59837713296816"
      },
      "geometry": {
        "type": "Point",
        "coordinates": [
          123.8095540484485,
          -37.75501106138185
        ]
      }
    },
    {
      "type": "Feature",
      "properties": {
        "norad_id": 47059,
        "name": "COSMOS 2251 DEB",
        "group": "cosmos-2251-debris",
        "lat": -45.69511829230483,
        "lon": 66.2357180025947,
        "alt_km": 493.70731534561673,
        "timestamp": "2026-02-23T07:17:29.437027+00:00",
        "meta_object_name": "COSMOS 2251 DEB",
        "meta_object_id": "1993-036BXP",
        "meta_epoch": "2026-02-08T22:04:26.640192",
        "meta_mean_motion": 15.21117504,
        "meta_eccentricity": 0.0020633,
        "meta_inclination": 73.9757,
        "meta_ra_of_asc_node": 113.7121,
        "meta_arg_of_pericenter": 292.802,
        "meta_mean_anomaly": 67.0998,
        "meta_ephemeris_type": 0,
        "meta_classification_type": "U",
        "meta_norad_cat_id": 47059,
        "meta_element_set_no": 999,
        "meta_rev_at_epoch": 9187,
        "meta_bstar": 0.0034255,
        "meta_mean_motion_dot": 0.00077455,
        "meta_mean_motion_ddot": 0,
        "tle_line1": "1 47059U 93036BXP 26039.91975278  .00077455  00000+0  34255-2 0  9992",
        "tle_line2": "2 47059  73.9757 113.7121 0020633 292.8020  67.0998 15.21117504 91879"
      },
      "geometry": {
        "type": "Point",
        "coordinates": [
          66.2357180025947,
          -45.69511829230483
        ]
      }
    },
    {
      "type": "Feature",
      "properties": {
        "norad_id": 47062,
        "name": "COSMOS 2251 DEB",
        "group": "cosmos-2251-debris",
        "lat": 8.5726095659774,
        "lon": 136.04065274115314,
        "alt_km": 1041.79578677062,
        "timestamp": "2026-02-23T07:17:29.437037+00:00",
        "meta_object_name": "COSMOS 2251 DEB",
        "meta_object_id": "1993-036BXS",
        "meta_epoch": "2026-02-10T03:49:49.154016",
        "meta_mean_motion": 13.72079263,
        "meta_eccentricity": 0.03198916,
        "meta_inclination": 74.0836,
        "meta_ra_of_asc_node": 340.1786,
        "meta_arg_of_pericenter": 92.0096,
        "meta_mean_anomaly": 333.3005,
        "meta_ephemeris_type": 0,
        "meta_classification_type": "U",
        "meta_norad_cat_id": 47062,
        "meta_element_set_no": 999,
        "meta_rev_at_epoch": 56417,
        "meta_bstar": 0.0013820815,
        "meta_mean_motion_dot": 1.791e-05,
        "meta_mean_motion_ddot": 0,
        "tle_line1": "1 47062U 93036BXS 26041.15959669  .00001791  00000+0  13821-2 0  9997",
        "tle_line2": "2 47062  74.0836 340.1786 0319891  92.0096 333.3005 13.72079263564175"
      },
      "geometry": {
        "type": "Point",
        "coordinates": [
          136.04065274115314,
          8.5726095659774
        ]
      }
    },
    {
      "type": "Feature",
      "properties": {
        "norad_id": 47068,
        "name": "COSMOS 2251 DEB",
        "group": "cosmos-2251-debris",
        "lat": -47.333617072225756,
        "lon": 48.242470833552595,
        "alt_km": 730.6825290131501,
        "timestamp": "2026-02-23T07:17:29.437047+00:00",
        "meta_object_name": "COSMOS 2251 DEB",
        "meta_object_id": "1993-036BXY",
        "meta_epoch": "2026-02-13T11:21:04.933728",
        "meta_mean_motion": 14.53757237,
        "meta_eccentricity": 0.00162854,
        "meta_inclination": 74.0237,
        "meta_ra_of_asc_node": 84.9309,
        "meta_arg_of_pericenter": 168.6745,
        "meta_mean_anomaly": 191.4787,
        "meta_ephemeris_type": 0,
        "meta_classification_type": "U",
        "meta_norad_cat_id": 47068,
        "meta_element_set_no": 999,
        "meta_rev_at_epoch": 62668,
        "meta_bstar": 0.00070711689,
        "meta_mean_motion_dot": 2.943e-05,
        "meta_mean_motion_ddot": 0,
        "tle_line1": "1 47068U 93036BXY 26044.47297377  .00002943  00000+0  70712-3 0  9995",
        "tle_line2": "2 47068  74.0237  84.9309 0016285 168.6745 191.4787 14.53757237626681"
      },
      "geometry": {
        "type": "Point",
        "coordinates": [
          48.242470833552595,
          -47.333617072225756
        ]
      }
    },
    {
      "type": "Feature",
      "properties": {
        "norad_id": 47069,
        "name": "COSMOS 2251 DEB",
        "group": "cosmos-2251-debris",
        "lat": 73.8228342149177,
        "lon": 67.97866767779435,
        "alt_km": 613.6559737008265,
        "timestamp": "2026-02-23T07:17:29.437058+00:00",
        "meta_object_name": "COSMOS 2251 DEB",
        "meta_object_id": "1993-036BXZ",
        "meta_epoch": "2026-02-19T02:34:44.461056",
        "meta_mean_motion": 14.84147886,
        "meta_eccentricity": 0.00074572,
        "meta_inclination": 74.0145,
        "meta_ra_of_asc_node": 337.4874,
        "meta_arg_of_pericenter": 280.8096,
        "meta_mean_anomaly": 79.2243,
        "meta_ephemeris_type": 0,
        "meta_classification_type": "U",
        "meta_norad_cat_id": 47069,
        "meta_element_set_no": 999,
        "meta_rev_at_epoch": 73510,
        "meta_bstar": 0.0018518999,
        "meta_mean_motion_dot": 0.00015483,
        "meta_mean_motion_ddot": 0,
        "tle_line1": "1 47069U 93036BXZ 26050.10745904  .00015483  00000+0  18519-2 0  9996",
        "tle_line2": "2 47069  74.0145 337.4874 0007457 280.8096  79.2243 14.84147886735105"
      },
      "geometry": {
        "type": "Point",
        "coordinates": [
          67.97866767779435,
          73.8228342149177
        ]
      }
    },
    {
      "type": "Feature",
      "properties": {
        "norad_id": 47073,
        "name": "COSMOS 2251 DEB",
        "group": "cosmos-2251-debris",
        "lat": 6.37560646567078,
        "lon": 77.40984080360367,
        "alt_km": 876.0892339324973,
        "timestamp": "2026-02-23T07:17:29.437068+00:00",
        "meta_object_name": "COSMOS 2251 DEB",
        "meta_object_id": "1993-036BYD",
        "meta_epoch": "2026-02-22T19:17:49.360992",
        "meta_mean_motion": 14.0488758,
        "meta_eccentricity": 0.01587081,
        "meta_inclination": 74.0811,
        "meta_ra_of_asc_node": 76.4519,
        "meta_arg_of_pericenter": 97.3808,
        "meta_mean_anomaly": 264.5395,
        "meta_ephemeris_type": 0,
        "meta_classification_type": "U",
        "meta_norad_cat_id": 47073,
        "meta_element_set_no": 999,
        "meta_rev_at_epoch": 61373,
        "meta_bstar": 0.00043661801,
        "meta_mean_motion_dot": 7.63e-06,
        "meta_mean_motion_ddot": 0,
        "tle_line1": "1 47073U 93036BYD 26053.80404353  .00000763  00000+0  43662-3 0  9994",
        "tle_line2": "2 47073  74.0811  76.4519 0158708  97.3808 264.5395 14.04887580613739"
      },
      "geometry": {
        "type": "Point",
        "coordinates": [
          77.40984080360367,
          6.37560646567078
        ]
      }
    },
    {
      "type": "Feature",
      "properties": {
        "norad_id": 47074,
        "name": "COSMOS 2251 DEB",
        "group": "cosmos-2251-debris",
        "lat": 10.883574822951774,
        "lon": 179.0507365076363,
        "alt_km": 871.7903176964282,
        "timestamp": "2026-02-23T07:17:29.437077+00:00",
        "meta_object_name": "COSMOS 2251 DEB",
        "meta_object_id": "1993-036BYE",
        "meta_epoch": "2026-02-15T02:32:45.254112",
        "meta_mean_motion": 14.36309703,
        "meta_eccentricity": 0.0141091,
        "meta_inclination": 74.0917,
        "meta_ra_of_asc_node": 190.9144,
        "meta_arg_of_pericenter": 203.8881,
        "meta_mean_anomaly": 274.7362,
        "meta_ephemeris_type": 0,
        "meta_classification_type": "U",
        "meta_norad_cat_id": 47074,
        "meta_element_set_no": 999,
        "meta_rev_at_epoch": 3606,
        "meta_bstar": 0.0024264,
        "meta_mean_motion_dot": 7.93e-05,
        "meta_mean_motion_ddot": 0,
        "tle_line1": "1 47074U 93036BYE 26046.10607933  .00007930  00000+0  24264-2 0  9998",
        "tle_line2": "2 47074  74.0917 190.9144 0141091 203.8881 274.7362 14.36309703 36068"
      },
      "geometry": {
        "type": "Point",
        "coordinates": [
          179.0507365076363,
          10.883574822951774
        ]
      }
    },
    {
      "type": "Feature",
      "properties": {
        "norad_id": 47116,
        "name": "COSMOS 2251 DEB",
        "group": "cosmos-2251-debris",
        "lat": 73.06426860174558,
        "lon": -157.15568557895259,
        "alt_km": 551.7830626287496,
        "timestamp": "2026-02-23T07:17:29.437087+00:00",
        "meta_object_name": "COSMOS 2251 DEB",
        "meta_object_id": "1993-036BYJ",
        "meta_epoch": "2026-02-08T13:56:55.254048",
        "meta_mean_motion": 15.01867479,
        "meta_eccentricity": 0.00189935,
        "meta_inclination": 74.0217,
        "meta_ra_of_asc_node": 123.102,
        "meta_arg_of_pericenter": 222.4612,
        "meta_mean_anomaly": 203.2453,
        "meta_ephemeris_type": 0,
        "meta_classification_type": "U",
        "meta_norad_cat_id": 47116,
        "meta_element_set_no": 999,
        "meta_rev_at_epoch": 60378,
        "meta_bstar": 0.0022274446,
        "meta_mean_motion_dot": 0.0002929,
        "meta_mean_motion_ddot": 0,
        "tle_line1": "1 47116U 93036BYJ 26039.58119507  .00029290  00000+0  22274-2 0  9996",
        "tle_line2": "2 47116  74.0217 123.1020 0018993 222.4612 203.2453 15.01867479603781"
      },
      "geometry": {
        "type": "Point",
        "coordinates": [
          -157.15568557895259,
          73.06426860174558
        ]
      }
    },
    {
      "type": "Feature",
      "properties": {
        "norad_id": 53093,
        "name": "COSMOS 2251 DEB",
        "group": "cosmos-2251-debris",
        "lat": -25.416707046345124,
        "lon": -5.267352713057219,
        "alt_km": 743.0997284283876,
        "timestamp": "2026-02-23T07:17:29.437097+00:00",
        "meta_object_name": "COSMOS 2251 DEB",
        "meta_object_id": "1993-036BYP",
        "meta_epoch": "2026-02-22T17:01:08.145984",
        "meta_mean_motion": 14.42327809,
        "meta_eccentricity": 0.00210055,
        "meta_inclination": 74.0364,
        "meta_ra_of_asc_node": 168.0175,
        "meta_arg_of_pericenter": 237.7215,
        "meta_mean_anomaly": 122.1906,
        "meta_ephemeris_type": 0,
        "meta_classification_type": "U",
        "meta_norad_cat_id": 53093,
        "meta_element_set_no": 999,
        "meta_rev_at_epoch": 18763,
        "meta_bstar": 0.0008322546,
        "meta_mean_motion_dot": 2.73e-05,
        "meta_mean_motion_ddot": 0,
        "tle_line1": "1 53093U 93036BYP 26053.70912206  .00002730  00000+0  83225-3 0  9998",
        "tle_line2": "2 53093  74.0364 168.0175 0021005 237.7215 122.1906 14.42327809187635"
      },
      "geometry": {
        "type": "Point",
        "coordinates": [
          -5.267352713057219,
          -25.416707046345124
        ]
      }
    }
  ]
}