{
  "type": "FeatureCollection",
  "features": [
    {
      "type": "Feature",
      "properties": {
        "norad_id": 24876,
        "name": "GPS BIIR-2  (PRN 13)",
        "group": "gnss",
        "lat": 24.75208884019053,
        "lon": 121.88450605273742,
        "alt_km": 19946.29346644893,
        "timestamp": "2026-02-06T02:47:53.728531+00:00",
        "meta_object_name": "GPS BIIR-2  (PRN 13)",
        "meta_object_id": "1997-035A",
        "meta_epoch": "2026-02-05T13:50:16.612224",
        "meta_mean_motion": 2.00563959,
        "meta_eccentricity": 0.0097372,
        "meta_inclination": 55.9208,
        "meta_ra_of_asc_node": 103.7219,
        "meta_arg_of_pericenter": 56.532,
        "meta_mean_anomaly": 304.4592,
        "meta_ephemeris_type": 0,
        "meta_classification_type": "U",
        "meta_norad_cat_id": 24876,
        "meta_element_set_no": 999,
        "meta_rev_at_epoch": 20931,
        "meta_bstar": 0,
        "meta_mean_motion_dot": -1.7e-07,
        "meta_mean_motion_ddot": 0,
        "tle_line1": "1 24876U 97035A   26036.57658116 -.00000017  00000+0  00000+0 0  9994",
        "tle_line2": "2 24876  55.9208 103.7219 0097372  56.5320 304.4592  2.00563959209311"
      },
      "geometry": {
        "type": "Point",
        "coordinates": [
          121.88450605273742,
          24.75208884019053
        ]
      }
    },
    {
      "type": "Feature",
      "properties": {
        "norad_id": 26407,
        "name": "GPS BIIR-5  (PRN 22)",
        "group": "gnss",
        "lat": -28.679867657731634,
        "lon": -162.28002318204895,
        "alt_km": 19879.972566705386,
        "timestamp": "2026-02-06T02:47:53.728582+00:00",
        "meta_object_name": "GPS BIIR-5  (PRN 22)",
        "meta_object_id": "2000-040A",
        "meta_epoch": "2026-02-05T16:03:17.475264",
        "meta_mean_motion": 2.00568667,
        "meta_eccentricity": 0.0123488,
        "meta_inclination": 54.8808,
        "meta_ra_of_asc_node": 220.3838,
        "meta_arg_of_pericenter": 302.4468,
        "meta_mean_anomaly": 57.8551,
        "meta_ephemeris_type": 0,
        "meta_classification_type": "U",
        "meta_norad_cat_id": 26407,
        "meta_element_set_no": 999,
        "meta_rev_at_epoch": 18731,
        "meta_bstar": 0,
        "meta_mean_motion_dot": 4.5e-07,
        "meta_mean_motion_ddot": 0,
        "tle_line1": "1 26407U 00040A   26036.66895226  .00000045  00000+0  00000+0 0  9991",
        "tle_line2": "2 26407  54.8808 220.3838 0123488 302.4468  57.8551  2.00568667187314"
      },
      "geometry": {
        "type": "Point",
        "coordinates": [
          -162.28002318204895,
          -28.679867657731634
        ]
      }
    },
    {
      "type": "Feature",
      "properties": {
        "norad_id": 27663,
        "name": "GPS BIIR-8  (PRN 16)",
        "group": "gnss",
        "lat": 53.440015774361946,
        "lon": -31.28671056416271,
        "alt_km": 19910.044125062603,
        "timestamp": "2026-02-06T02:47:53.728600+00:00",
        "meta_object_name": "GPS BIIR-8  (PRN 16)",
        "meta_object_id": "2003-005A",
        "meta_epoch": "2026-02-05T13:21:55.566432",
        "meta_mean_motion": 2.00567831,
        "meta_eccentricity": 0.0148716,
        "meta_inclination": 54.9129,
        "meta_ra_of_asc_node": 220.1966,
        "meta_arg_of_pericenter": 52.4856,
        "meta_mean_anomaly": 2.9836,
        "meta_ephemeris_type": 0,
        "meta_classification_type": "U",
        "meta_norad_cat_id": 27663,
        "meta_element_set_no": 999,
        "meta_rev_at_epoch": 16867,
        "meta_bstar": 0,
        "meta_mean_motion_dot": 4.4e-07,
        "meta_mean_motion_ddot": 0,
        "tle_line1": "1 27663U 03005A   26036.55689313  .00000044  00000+0  00000+0 0  9995",
        "tle_line2": "2 27663  54.9129 220.1966 0148716  52.4856   2.9836  2.00567831168677"
      },
      "geometry": {
        "type": "Point",
        "coordinates": [
          -31.28671056416271,
          53.440015774361946
        ]
      }
    },
    {
      "type": "Feature",
      "properties": {
        "norad_id": 28190,
        "name": "GPS BIIR-11 (PRN 19)",
        "group": "gnss",
        "lat": -53.0684250947502,
        "lon": 170.03623430321872,
        "alt_km": 20180.03812853888,
        "timestamp": "2026-02-06T02:47:53.728615+00:00",
        "meta_object_name": "GPS BIIR-11 (PRN 19)",
        "meta_object_id": "2004-009A",
        "meta_epoch": "2026-02-05T10:58:24.473280",
        "meta_mean_motion": 2.00558948,
        "meta_eccentricity": 0.01098205,
        "meta_inclination": 54.9371,
        "meta_ra_of_asc_node": 281.0098,
        "meta_arg_of_pericenter": 168.4662,
        "meta_mean_anomaly": 331.8054,
        "meta_ephemeris_type": 0,
        "meta_classification_type": "U",
        "meta_norad_cat_id": 28190,
        "meta_element_set_no": 999,
        "meta_rev_at_epoch": 16030,
        "meta_bstar": 0,
        "meta_mean_motion_dot": -3.5e-07,
        "meta_mean_motion_ddot": 0,
        "tle_line1": "1 28190U 04009A   26036.45722770 -.00000035  00000+0  00000+0 0  9991",
        "tle_line2": "2 28190  54.9371 281.0098 0109820 168.4662 331.8054  2.00558948160307"
      },
      "geometry": {
        "type": "Point",
        "coordinates": [
          170.03623430321872,
          -53.0684250947502
        ]
      }
    },
    {
      "type": "Feature",
      "properties": {
        "norad_id": 28474,
        "name": "GPS BIIR-13 (PRN 02)",
        "group": "gnss",
        "lat": -32.815389012870185,
        "lon": -56.42672094809633,
        "alt_km": 19733.90547809315,
        "timestamp": "2026-02-06T02:47:53.728630+00:00",
        "meta_object_name": "GPS BIIR-13 (PRN 02)",
        "meta_object_id": "2004-045A",
        "meta_epoch": "2026-02-05T05:38:22.889760",
        "meta_mean_motion": 2.00572083,
        "meta_eccentricity": 0.0171126,
        "meta_inclination": 55.2108,
        "meta_ra_of_asc_node": 330.2135,
        "meta_arg_of_pericenter": 311.6869,
        "meta_mean_anomaly": 90.2182,
        "meta_ephemeris_type": 0,
        "meta_classification_type": "U",
        "meta_norad_cat_id": 28474,
        "meta_element_set_no": 999,
        "meta_rev_at_epoch": 15578,
        "meta_bstar": 0,
        "meta_mean_motion_dot": -1.01e-06,
        "meta_mean_motion_ddot": 0,
        "tle_line1": "1 28474U 04045A   26036.23498715 -.00000101  00000+0  00000+0 0  9995",
        "tle_line2": "2 28474  55.2108 330.2135 0171126 311.6869  90.2182  2.00572083155782"
      },
      "geometry": {
        "type": "Point",
        "coordinates": [
          -56.42672094809633,
          -32.815389012870185
        ]
      }
    },
    {
      "type": "Feature",
      "properties": {
        "norad_id": 28874,
        "name": "GPS BIIRM-1 (PRN 17)",
        "group": "gnss",
        "lat": -54.14527003846098,
        "lon": -157.36413827408387,
        "alt_km": 19857.203870056594,
        "timestamp": "2026-02-06T02:47:53.728646+00:00",
        "meta_object_name": "GPS BIIRM-1 (PRN 17)",
        "meta_object_id": "2005-038A",
        "meta_epoch": "2026-02-05T10:31:25.473792",
        "meta_mean_motion": 2.00574848,
        "meta_eccentricity": 0.01296939,
        "meta_inclination": 54.9839,
        "meta_ra_of_asc_node": 278.4946,
        "meta_arg_of_pericenter": 294.8726,
        "meta_mean_anomaly": 214.1671,
        "meta_ephemeris_type": 0,
        "meta_classification_type": "U",
        "meta_norad_cat_id": 28874,
        "meta_element_set_no": 999,
        "meta_rev_at_epoch": 14919,
        "meta_bstar": 0,
        "meta_mean_motion_dot": -3e-07,
        "meta_mean_motion_ddot": 0,
        "tle_line1": "1 28874U 05038A   26036.43848928 -.00000030  00000+0  00000+0 0  9990",
        "tle_line2": "2 28874  54.9839 278.4946 0129693 294.8726 214.1671  2.00574848149191"
      },
      "geometry": {
        "type": "Point",
        "coordinates": [
          -157.36413827408387,
          -54.14527003846098
        ]
      }
    },
    {
      "type": "Feature",
      "properties": {
        "norad_id": 28899,
        "name": "INMARSAT 4-F2 (SOUTHPAN/PRN 122)",
        "group": "gnss",
        "lat": -4.883822268340437,
        "lon": -38.243691830462986,
        "alt_km": 35776.895977473636,
        "timestamp": "2026-02-06T02:47:53.728661+00:00",
        "meta_object_name": "INMARSAT 4-F2 (SOUTHPAN/PRN 122)",
        "meta_object_id": "2005-044A",
        "meta_epoch": "2026-02-05T19:09:48.187296",
        "meta_mean_motion": 1.00271723,
        "meta_eccentricity": 0.0002395,
        "meta_inclination": 4.9218,
        "meta_ra_of_asc_node": 43.8023,
        "meta_arg_of_pericenter": 291.137,
        "meta_mean_anomaly": 231.932,
        "meta_ephemeris_type": 0,
        "meta_classification_type": "U",
        "meta_norad_cat_id": 28899,
        "meta_element_set_no": 999,
        "meta_rev_at_epoch": 7420,
        "meta_bstar": 0,
        "meta_mean_motion_dot": -2.62e-06,
        "meta_mean_motion_ddot": 0,
        "tle_line1": "1 28899U 05044A   26036.79847439 -.00000262  00000+0  00000+0 0  9996",
        "tle_line2": "2 28899   4.9218  43.8023 0002395 291.1370 231.9320  1.00271723 74200"
      },
      "geometry": {
        "type": "Point",
        "coordinates": [
          -38.243691830462986,
          -4.883822268340437
        ]
      }
    },
    {
      "type": "Feature",
      "properties": {
        "norad_id": 29486,
        "name": "GPS BIIRM-2 (PRN 31)",
        "group": "gnss",
        "lat": 1.351485157724759,
        "lon": -24.414283702339578,
        "alt_km": 20345.56599932501,
        "timestamp": "2026-02-06T02:47:53.728674+00:00",
        "meta_object_name": "GPS BIIRM-2 (PRN 31)",
        "meta_object_id": "2006-042A",
        "meta_epoch": "2026-02-04T08:49:47.392896",
        "meta_mean_motion": 2.00552156,
        "meta_eccentricity": 0.01066818,
        "meta_inclination": 54.6979,
        "meta_ra_of_asc_node": 156.6131,
        "meta_arg_of_pericenter": 52.885,
        "meta_mean_anomaly": 301.817,
        "meta_ephemeris_type": 0,
        "meta_classification_type": "U",
        "meta_norad_cat_id": 29486,
        "meta_element_set_no": 999,
        "meta_rev_at_epoch": 14172,
        "meta_bstar": 0,
        "meta_mean_motion_dot": 1.3e-07,
        "meta_mean_motion_ddot": 0,
        "tle_line1": "1 29486U 06042A   26035.36790964  .00000013  00000+0  00000+0 0  9993",
        "tle_line2": "2 29486  54.6979 156.6131 0106681  52.8850 301.8170  2.00552156141725"
      },
      "geometry": {
        "type": "Point",
        "coordinates": [
          -24.414283702339578,
          1.351485157724759
        ]
      }
    },
    {
      "type": "Feature",
      "properties": {
        "norad_id": 29601,
        "name": "GPS BIIRM-3 (PRN 12)",
        "group": "gnss",
        "lat": -44.64829137625822,
        "lon": 83.09093022942676,
        "alt_km": 20391.758614197173,
        "timestamp": "2026-02-06T02:47:53.728687+00:00",
        "meta_object_name": "GPS BIIRM-3 (PRN 12)",
        "meta_object_id": "2006-052A",
        "meta_epoch": "2026-02-04T18:58:00.794208",
        "meta_mean_motion": 2.00549791,
        "meta_eccentricity": 0.00882457,
        "meta_inclination": 54.9618,
        "meta_ra_of_asc_node": 219.252,
        "meta_arg_of_pericenter": 88.8552,
        "meta_mean_anomaly": 272.1473,
        "meta_ephemeris_type": 0,
        "meta_classification_type": "U",
        "meta_norad_cat_id": 29601,
        "meta_element_set_no": 999,
        "meta_rev_at_epoch": 14075,
        "meta_bstar": 0,
        "meta_mean_motion_dot": 3.8e-07,
        "meta_mean_motion_ddot": 0,
        "tle_line1": "1 29601U 06052A   26035.79028697  .00000038  00000+0  00000+0 0  9994",
        "tle_line2": "2 29601  54.9618 219.2520 0088245  88.8552 272.1473  2.00549791140757"
      },
      "geometry": {
        "type": "Point",
        "coordinates": [
          83.09093022942676,
          -44.64829137625822
        ]
      }
    },
    {
      "type": "Feature",
      "properties": {
        "norad_id": 32260,
        "name": "GPS BIIRM-4 (PRN 15)",
        "group": "gnss",
        "lat": 12.2201763393783,
        "lon": 94.54231138320043,
        "alt_km": 20029.712774911768,
        "timestamp": "2026-02-06T02:47:53.728700+00:00",
        "meta_object_name": "GPS BIIRM-4 (PRN 15)",
        "meta_object_id": "2007-047A",
        "meta_epoch": "2026-02-05T14:19:54.398496",
        "meta_mean_motion": 2.00562087,
        "meta_eccentricity": 0.0163556,
        "meta_inclination": 53.994,
        "meta_ra_of_asc_node": 85.4908,
        "meta_arg_of_pericenter": 85.7565,
        "meta_mean_anomaly": 276.1806,
        "meta_ephemeris_type": 0,
        "meta_classification_type": "U",
        "meta_norad_cat_id": 32260,
        "meta_element_set_no": 999,
        "meta_rev_at_epoch": 13417,
        "meta_bstar": 0,
        "meta_mean_motion_dot": -3.3e-07,
        "meta_mean_motion_ddot": 0,
        "tle_line1": "1 32260U 07047A   26036.59715739 -.00000033  00000+0  00000+0 0  9999",
        "tle_line2": "2 32260  53.9940  85.4908 0163556  85.7565 276.1806  2.00562087134177"
      },
      "geometry": {
        "type": "Point",
        "coordinates": [
          94.54231138320043,
          12.2201763393783
        ]
      }
    },
    {
      "type": "Feature",
      "properties": {
        "norad_id": 32275,
        "name": "COSMOS 2433 (720)",
        "group": "gnss",
        "lat": 65.1817313046851,
        "lon": 62.44959760744389,
        "alt_km": 19131.267162283417,
        "timestamp": "2026-02-06T02:47:53.728718+00:00",
        "meta_object_name": "COSMOS 2433 (720)",
        "meta_object_id": "2007-052A",
        "meta_epoch": "2026-02-04T14:02:15.817056",
        "meta_mean_motion": 2.13103848,
        "meta_eccentricity": 0.00033488,
        "meta_inclination": 65.6518,
        "meta_ra_of_asc_node": 320.3972,
        "meta_arg_of_pericenter": 267.2581,
        "meta_mean_anomaly": 92.7339,
        "meta_ephemeris_type": 0,
        "meta_classification_type": "U",
        "meta_norad_cat_id": 32275,
        "meta_element_set_no": 999,
        "meta_rev_at_epoch": 14223,
        "meta_bstar": 0,
        "meta_mean_motion_dot": -7e-07,
        "meta_mean_motion_ddot": 0,
        "tle_line1": "1 32275U 07052A   26035.58490529 -.00000070  00000+0  00000+0 0  9997",
        "tle_line2": "2 32275  65.6518 320.3972 0003348 267.2581  92.7339  2.13103848142232"
      },
      "geometry": {
        "type": "Point",
        "coordinates": [
          62.44959760744389,
          65.1817313046851
        ]
      }
    },
    {
      "type": "Feature",
      "properties": {
        "norad_id": 32276,
        "name": "COSMOS 2432 (719)",
        "group": "gnss",
        "lat": 35.39059592164717,
        "lon": -20.808524952531382,
        "alt_km": 19118.446456364876,
        "timestamp": "2026-02-06T02:47:53.728730+00:00",
        "meta_object_name": "COSMOS 2432 (719)",
        "meta_object_id": "2007-052B",
        "meta_epoch": "2026-02-05T20:15:14.936832",
        "meta_mean_motion": 2.1310313,
        "meta_eccentricity": 0.0011054,
        "meta_inclination": 65.6669,
        "meta_ra_of_asc_node": 320.48,
        "meta_arg_of_pericenter": 324.3535,
        "meta_mean_anomaly": 225.8234,
        "meta_ephemeris_type": 0,
        "meta_classification_type": "U",
        "meta_norad_cat_id": 32276,
        "meta_element_set_no": 999,
        "meta_rev_at_epoch": 14228,
        "meta_bstar": 0,
        "meta_mean_motion_dot": -7.4e-07,
        "meta_mean_motion_ddot": 0,
        "tle_line1": "1 32276U 07052B   26036.84392288 -.00000074  00000+0  00000+0 0  9995",
        "tle_line2": "2 32276  65.6669 320.4800 0011054 324.3535 225.8234  2.13103130142280"
      },
      "geometry": {
        "type": "Point",
        "coordinates": [
          -20.808524952531382,
          35.39059592164717
        ]
      }
    },
    {
      "type": "Feature",
      "properties": {
        "norad_id": 32384,
        "name": "GPS BIIRM-5 (PRN 29)",
        "group": "gnss",
        "lat": 28.894532207674466,
        "lon": 76.82322712545383,
        "alt_km": 20098.057420724967,
        "timestamp": "2026-02-06T02:47:53.728742+00:00",
        "meta_object_name": "GPS BIIRM-5 (PRN 29)",
        "meta_object_id": "2007-062A",
        "meta_epoch": "2026-02-05T04:23:35.622816",
        "meta_mean_motion": 2.0055186,
        "meta_eccentricity": 0.00321645,
        "meta_inclination": 55.1356,
        "meta_ra_of_asc_node": 279.459,
        "meta_arg_of_pericenter": 160.8694,
        "meta_mean_anomaly": 29.1465,
        "meta_ephemeris_type": 0,
        "meta_classification_type": "U",
        "meta_norad_cat_id": 32384,
        "meta_element_set_no": 999,
        "meta_rev_at_epoch": 13286,
        "meta_bstar": 0,
        "meta_mean_motion_dot": -3.1e-07,
        "meta_mean_motion_ddot": 0,
        "tle_line1": "1 32384U 07062A   26036.18305119 -.00000031  00000+0  00000+0 0  9993",
        "tle_line2": "2 32384  55.1356 279.4590 0032164 160.8694  29.1465  2.00551860132867"
      },
      "geometry": {
        "type": "Point",
        "coordinates": [
          76.82322712545383,
          28.894532207674466
        ]
      }
    },
    {
      "type": "Feature",
      "properties": {
        "norad_id": 32393,
        "name": "COSMOS 2434 (721)",
        "group": "gnss",
        "lat": -13.088365130072434,
        "lon": -170.08902159432463,
        "alt_km": 19131.49925272572,
        "timestamp": "2026-02-06T02:47:53.728754+00:00",
        "meta_object_name": "COSMOS 2434 (721)",
        "meta_object_id": "2007-065A",
        "meta_epoch": "2026-02-05T17:00:26.874432",
        "meta_mean_motion": 2.13101169,
        "meta_eccentricity": 0.0004525,
        "meta_inclination": 64.3184,
        "meta_ra_of_asc_node": 196.3473,
        "meta_arg_of_pericenter": 72.2681,
        "meta_mean_anomaly": 320.2373,
        "meta_ephemeris_type": 0,
        "meta_classification_type": "U",
        "meta_norad_cat_id": 32393,
        "meta_element_set_no": 999,
        "meta_rev_at_epoch": 14097,
        "meta_bstar": 0,
        "meta_mean_motion_dot": 5.6e-07,
        "meta_mean_motion_ddot": 0,
        "tle_line1": "1 32393U 07065A   26036.70864438  .00000056  00000+0  00000+0 0  9994",
        "tle_line2": "2 32393  64.3184 196.3473 0004525  72.2681 320.2373  2.13101169140978"
      },
      "geometry": {
        "type": "Point",
        "coordinates": [
          -170.08902159432463,
          -13.088365130072434
        ]
      }
    },
    {
      "type": "Feature",
      "properties": {
        "norad_id": 32395,
        "name": "COSMOS 2436 (723)",
        "group": "gnss",
        "lat": 52.316474497889466,
        "lon": -22.10222105779667,
        "alt_km": 19138.744153793512,
        "timestamp": "2026-02-06T02:47:53.728767+00:00",
        "meta_object_name": "COSMOS 2436 (723)",
        "meta_object_id": "2007-065C",
        "meta_epoch": "2026-02-05T05:30:57.491712",
        "meta_mean_motion": 2.13100104,
        "meta_eccentricity": 0.00177309,
        "meta_inclination": 64.3269,
        "meta_ra_of_asc_node": 196.4343,
        "meta_arg_of_pericenter": 9.6896,
        "meta_mean_anomaly": 148.3374,
        "meta_ephemeris_type": 0,
        "meta_classification_type": "U",
        "meta_norad_cat_id": 32395,
        "meta_element_set_no": 999,
        "meta_rev_at_epoch": 14091,
        "meta_bstar": 0,
        "meta_mean_motion_dot": 5.1e-07,
        "meta_mean_motion_ddot": 0,
        "tle_line1": "1 32395U 07065C   26036.22983208  .00000051  00000+0  00000+0 0  9995",
        "tle_line2": "2 32395  64.3269 196.4343 0017730   9.6896 148.3374  2.13100104140917"
      },
      "geometry": {
        "type": "Point",
        "coordinates": [
          -22.10222105779667,
          52.316474497889466
        ]
      }
    },
    {
      "type": "Feature",
      "properties": {
        "norad_id": 32711,
        "name": "GPS BIIRM-6 (PRN 07)",
        "group": "gnss",
        "lat": 50.36012832498632,
        "lon": -145.4178052902618,
        "alt_km": 20718.32651958234,
        "timestamp": "2026-02-06T02:47:53.728779+00:00",
        "meta_object_name": "GPS BIIRM-6 (PRN 07)",
        "meta_object_id": "2008-012A",
        "meta_epoch": "2026-02-05T00:25:35.437728",
        "meta_mean_motion": 2.00568022,
        "meta_eccentricity": 0.0205349,
        "meta_inclination": 54.4818,
        "meta_ra_of_asc_node": 155.206,
        "meta_arg_of_pericenter": 245.7161,
        "meta_mean_anomaly": 112.1082,
        "meta_ephemeris_type": 0,
        "meta_classification_type": "U",
        "meta_norad_cat_id": 32711,
        "meta_element_set_no": 999,
        "meta_rev_at_epoch": 13110,
        "meta_bstar": 0,
        "meta_mean_motion_dot": 1.7e-07,
        "meta_mean_motion_ddot": 0,
        "tle_line1": "1 32711U 08012A   26036.01777127  .00000017  00000+0  00000+0 0  9990",
        "tle_line2": "2 32711  54.4818 155.2060 0205349 245.7161 112.1082  2.00568022131100"
      },
      "geometry": {
        "type": "Point",
        "coordinates": [
          -145.4178052902618,
          50.36012832498632
        ]
      }
    },
    {
      "type": "Feature",
      "properties": {
        "norad_id": 35752,
        "name": "GPS BIIRM-8 (PRN 05)",
        "group": "gnss",
        "lat": 56.11174115133858,
        "lon": 123.19322687674227,
        "alt_km": 20041.20452292544,
        "timestamp": "2026-02-06T02:47:53.728792+00:00",
        "meta_object_name": "GPS BIIRM-8 (PRN 05)",
        "meta_object_id": "2009-043A",
        "meta_epoch": "2026-02-05T15:31:04.339200",
        "meta_mean_motion": 2.00562189,
        "meta_eccentricity": 0.0051332,
        "meta_inclination": 56.1301,
        "meta_ra_of_asc_node": 32.6193,
        "meta_arg_of_pericenter": 80.9128,
        "meta_mean_anomaly": 29.9415,
        "meta_ephemeris_type": 0,
        "meta_classification_type": "U",
        "meta_norad_cat_id": 35752,
        "meta_element_set_no": 999,
        "meta_rev_at_epoch": 12072,
        "meta_bstar": 0,
        "meta_mean_motion_dot": -7.8e-07,
        "meta_mean_motion_ddot": 0,
        "tle_line1": "1 35752U 09043A   26036.64657800 -.00000078  00000+0  00000+0 0  9995",
        "tle_line2": "2 35752  56.1301  32.6193 0051332  80.9128  29.9415  2.00562189120721"
      },
      "geometry": {
        "type": "Point",
        "coordinates": [
          123.19322687674227,
          56.11174115133858
        ]
      }
    },
    {
      "type": "Feature",
      "properties": {
        "norad_id": 36111,
        "name": "COSMOS 2456 (730)",
        "group": "gnss",
        "lat": 33.177368184454615,
        "lon": -122.36578562656527,
        "alt_km": 19138.99268483743,
        "timestamp": "2026-02-06T02:47:53.728804+00:00",
        "meta_object_name": "COSMOS 2456 (730)",
        "meta_object_id": "2009-070A",
        "meta_epoch": "2026-02-05T17:05:49.873056",
        "meta_mean_motion": 2.13103391,
        "meta_eccentricity": 0.0005501,
        "meta_inclination": 64.9315,
        "meta_ra_of_asc_node": 75.4578,
        "meta_arg_of_pericenter": 300.8526,
        "meta_mean_anomaly": 251.9136,
        "meta_ephemeris_type": 0,
        "meta_classification_type": "U",
        "meta_norad_cat_id": 36111,
        "meta_element_set_no": 999,
        "meta_rev_at_epoch": 12562,
        "meta_bstar": 0,
        "meta_mean_motion_dot": -1.8e-07,
        "meta_mean_motion_ddot": 0,
        "tle_line1": "1 36111U 09070A   26036.71238279 -.00000018  00000+0  00000+0 0  9992",
        "tle_line2": "2 36111  64.9315  75.4578 0005501 300.8526 251.9136  2.13103391125629"
      },
      "geometry": {
        "type": "Point",
        "coordinates": [
          -122.36578562656527,
          33.177368184454615
        ]
      }
    },
    {
      "type": "Feature",
      "properties": {
        "norad_id": 36112,
        "name": "COSMOS 2457 (733)",
        "group": "gnss",
        "lat": -64.86489138421737,
        "lon": -11.203148666440919,
        "alt_km": 19136.203508872033,
        "timestamp": "2026-02-06T02:47:53.728817+00:00",
        "meta_object_name": "COSMOS 2457 (733)",
        "meta_object_id": "2009-070B",
        "meta_epoch": "2026-02-05T16:57:15.975360",
        "meta_mean_motion": 2.13100864,
        "meta_eccentricity": 0.0002903,
        "meta_inclination": 64.917,
        "meta_ra_of_asc_node": 75.3044,
        "meta_arg_of_pericenter": 184.4842,
        "meta_mean_anomaly": 132.3468,
        "meta_ephemeris_type": 0,
        "meta_classification_type": "U",
        "meta_norad_cat_id": 36112,
        "meta_element_set_no": 999,
        "meta_rev_at_epoch": 12562,
        "meta_bstar": 0,
        "meta_mean_motion_dot": -1.8e-07,
        "meta_mean_motion_ddot": 0,
        "tle_line1": "1 36112U 09070B   26036.70643490 -.00000018  00000+0  00000+0 0  9997",
        "tle_line2": "2 36112  64.9170  75.3044 0002903 184.4842 132.3468  2.13100864125628"
      },
      "geometry": {
        "type": "Point",
        "coordinates": [
          -11.203148666440919,
          -64.86489138421737
        ]
      }
    },
    {
      "type": "Feature",
      "properties": {
        "norad_id": 36402,
        "name": "COSMOS 2460 (732)",
        "group": "gnss",
        "lat": -65.45118551552113,
        "lon": -126.7191794175093,
        "alt_km": 19133.931420458244,
        "timestamp": "2026-02-06T02:47:53.728830+00:00",
        "meta_object_name": "COSMOS 2460 (732)",
        "meta_object_id": "2010-007C",
        "meta_epoch": "2026-02-05T10:55:16.072896",
        "meta_mean_motion": 2.13106018,
        "meta_eccentricity": 0.00017668,
        "meta_inclination": 65.4968,
        "meta_ra_of_asc_node": 318.9256,
        "meta_arg_of_pericenter": 331.1146,
        "meta_mean_anomaly": 153.2023,
        "meta_ephemeris_type": 0,
        "meta_classification_type": "U",
        "meta_norad_cat_id": 36402,
        "meta_element_set_no": 999,
        "meta_rev_at_epoch": 12392,
        "meta_bstar": 0,
        "meta_mean_motion_dot": -7.2e-07,
        "meta_mean_motion_ddot": 0,
        "tle_line1": "1 36402U 10007C   26036.45504714 -.00000072  00000+0  00000+0 0  9998",
        "tle_line2": "2 36402  65.4968 318.9256 0001766 331.1146 153.2023  2.13106018123923"
      },
      "geometry": {
        "type": "Point",
        "coordinates": [
          -126.7191794175093,
          -65.45118551552113
        ]
      }
    },
    {
      "type": "Feature",
      "properties": {
        "norad_id": 36585,
        "name": "GPS BIIF-1  (PRN 25)",
        "group": "gnss",
        "lat": -22.54468811994864,
        "lon": 51.21372914124805,
        "alt_km": 20452.607772680294,
        "timestamp": "2026-02-06T02:47:53.728843+00:00",
        "meta_object_name": "GPS BIIF-1  (PRN 25)",
        "meta_object_id": "2010-022A",
        "meta_epoch": "2026-02-05T08:02:22.009344",
        "meta_mean_motion": 2.0055597,
        "meta_eccentricity": 0.0127397,
        "meta_inclination": 54.2933,
        "meta_ra_of_asc_node": 213.8715,
        "meta_arg_of_pericenter": 65.6693,
        "meta_mean_anomaly": 297.2009,
        "meta_ephemeris_type": 0,
        "meta_classification_type": "U",
        "meta_norad_cat_id": 36585,
        "meta_element_set_no": 999,
        "meta_rev_at_epoch": 11495,
        "meta_bstar": 0,
        "meta_mean_motion_dot": 4.2e-07,
        "meta_mean_motion_ddot": 0,
        "tle_line1": "1 36585U 10022A   26036.33497696  .00000042  00000+0  00000+0 0  9990",
        "tle_line2": "2 36585  54.2933 213.8715 0127397  65.6693 297.2009  2.00555970114958"
      },
      "geometry": {
        "type": "Point",
        "coordinates": [
          51.21372914124805,
          -22.54468811994864
        ]
      }
    },
    {
      "type": "Feature",
      "properties": {
        "norad_id": 36828,
        "name": "BEIDOU-2 IGSO-1 (C06)",
        "group": "gnss",
        "lat": 44.519998875082536,
        "lon": -60.76636657809143,
        "alt_km": 35810.45283777403,
        "timestamp": "2026-02-06T02:47:53.728856+00:00",
        "meta_object_name": "BEIDOU-2 IGSO-1 (C06)",
        "meta_object_id": "2010-036A",
        "meta_epoch": "2026-02-05T15:26:01.279104",
        "meta_mean_motion": 1.00259803,
        "meta_eccentricity": 0.0052959,
        "meta_inclination": 54.2942,
        "meta_ra_of_asc_node": 164.1514,
        "meta_arg_of_pericenter": 217.4177,
        "meta_mean_anomaly": 92.4849,
        "meta_ephemeris_type": 0,
        "meta_classification_type": "U",
        "meta_norad_cat_id": 36828,
        "meta_element_set_no": 999,
        "meta_rev_at_epoch": 5677,
        "meta_bstar": 0,
        "meta_mean_motion_dot": -1.21e-06,
        "meta_mean_motion_ddot": 0,
        "tle_line1": "1 36828U 10036A   26036.64307036 -.00000121  00000+0  00000+0 0  9996",
        "tle_line2": "2 36828  54.2942 164.1514 0052959 217.4177  92.4849  1.00259803 56775"
      },
      "geometry": {
        "type": "Point",
        "coordinates": [
          -60.76636657809143,
          44.519998875082536
        ]
      }
    },
    {
      "type": "Feature",
      "properties": {
        "norad_id": 37210,
        "name": "BEIDOU-2 G4 (C04)",
        "group": "gnss",
        "lat": -3.3348563029418847,
        "lon": -21.773075518117274,
        "alt_km": 35767.61583178943,
        "timestamp": "2026-02-06T02:47:53.728868+00:00",
        "meta_object_name": "BEIDOU-2 G4 (C04)",
        "meta_object_id": "2010-057A",
        "meta_epoch": "2026-02-05T05:32:51.336672",
        "meta_mean_motion": 1.00269856,
        "meta_eccentricity": 0.0009691,
        "meta_inclination": 3.3193,
        "meta_ra_of_asc_node": 69.711,
        "meta_arg_of_pericenter": 206.6491,
        "meta_mean_anomaly": 102.1165,
        "meta_ephemeris_type": 0,
        "meta_classification_type": "U",
        "meta_norad_cat_id": 37210,
        "meta_element_set_no": 999,
        "meta_rev_at_epoch": 5596,
        "meta_bstar": 0,
        "meta_mean_motion_dot": -1.17e-06,
        "meta_mean_motion_ddot": 0,
        "tle_line1": "1 37210U 10057A   26036.23114973 -.00000117  00000+0  00000+0 0  9991",
        "tle_line2": "2 37210   3.3193  69.7110 0009691 206.6491 102.1165  1.00269856 55969"
      },
      "geometry": {
        "type": "Point",
        "coordinates": [
          -21.773075518117274,
          -3.3348563029418847
        ]
      }
    },
    {
      "type": "Feature",
      "properties": {
        "norad_id": 37256,
        "name": "BEIDOU-2 IGSO-2 (C07)",
        "group": "gnss",
        "lat": 9.601110139471123,
        "lon": -77.66465474880928,
        "alt_km": 35972.96103081999,
        "timestamp": "2026-02-06T02:47:53.728880+00:00",
        "meta_object_name": "BEIDOU-2 IGSO-2 (C07)",
        "meta_object_id": "2010-068A",
        "meta_epoch": "2026-02-05T13:51:37.589760",
        "meta_mean_motion": 1.00267986,
        "meta_eccentricity": 0.0047269,
        "meta_inclination": 47.7803,
        "meta_ra_of_asc_node": 273.4639,
        "meta_arg_of_pericenter": 214.1405,
        "meta_mean_anomaly": 324.1661,
        "meta_ephemeris_type": 0,
        "meta_classification_type": "U",
        "meta_norad_cat_id": 37256,
        "meta_element_set_no": 999,
        "meta_rev_at_epoch": 5547,
        "meta_bstar": 0,
        "meta_mean_motion_dot": -1.8e-06,
        "meta_mean_motion_ddot": 0,
        "tle_line1": "1 37256U 10068A   26036.57751840 -.00000180  00000+0  00000+0 0  9990",
        "tle_line2": "2 37256  47.7803 273.4639 0047269 214.1405 324.1661  1.00267986 55476"
      },
      "geometry": {
        "type": "Point",
        "coordinates": [
          -77.66465474880928,
          9.601110139471123
        ]
      }
    },
    {
      "type": "Feature",
      "properties": {
        "norad_id": 37384,
        "name": "BEIDOU-2 IGSO-3 (C08)",
        "group": "gnss",
        "lat": -51.398650632120315,
        "lon": -96.69454145508456,
        "alt_km": 35703.71418854158,
        "timestamp": "2026-02-06T02:47:53.728892+00:00",
        "meta_object_name": "BEIDOU-2 IGSO-3 (C08)",
        "meta_object_id": "2011-013A",
        "meta_epoch": "2026-02-05T09:24:06.684192",
        "meta_mean_motion": 1.00263613,
        "meta_eccentricity": 0.00352701,
        "meta_inclination": 61.9807,
        "meta_ra_of_asc_node": 41.4377,
        "meta_arg_of_pericenter": 190.0881,
        "meta_mean_anomaly": 150.2641,
        "meta_ephemeris_type": 0,
        "meta_classification_type": "U",
        "meta_norad_cat_id": 37384,
        "meta_element_set_no": 999,
        "meta_rev_at_epoch": 5433,
        "meta_bstar": 0,
        "meta_mean_motion_dot": -1.58e-06,
        "meta_mean_motion_ddot": 0,
        "tle_line1": "1 37384U 11013A   26036.39174403 -.00000158  00000+0  00000+0 0  9992",
        "tle_line2": "2 37384  61.9807  41.4377 0035270 190.0881 150.2641  1.00263613 54334"
      },
      "geometry": {
        "type": "Point",
        "coordinates": [
          -96.69454145508456,
          -51.398650632120315
        ]
      }
    },
    {
      "type": "Feature",
      "properties": {
        "norad_id": 37605,
        "name": "GSAT-8 (GAGAN/PRN 127)",
        "group": "gnss",
        "lat": 0.921215782644019,
        "lon": -126.76251705564762,
        "alt_km": 35766.12082170128,
        "timestamp": "2026-02-06T02:47:53.728904+00:00",
        "meta_object_name": "GSAT-8 (GAGAN/PRN 127)",
        "meta_object_id": "2011-022A",
        "meta_epoch": "2026-02-05T18:37:32.155104",
        "meta_mean_motion": 1.00272177,
        "meta_eccentricity": 0.0008127,
        "meta_inclination": 1.7919,
        "meta_ra_of_asc_node": 83.5377,
        "meta_arg_of_pericenter": 204.4941,
        "meta_mean_anomaly": 182.3121,
        "meta_ephemeris_type": 0,
        "meta_classification_type": "U",
        "meta_norad_cat_id": 37605,
        "meta_element_set_no": 999,
        "meta_rev_at_epoch": 5190,
        "meta_bstar": 0,
        "meta_mean_motion_dot": 8.3e-07,
        "meta_mean_motion_ddot": 0,
        "tle_line1": "1 37605U 11022A   26036.77606661  .00000083  00000+0  00000+0 0  9992",
        "tle_line2": "2 37605   1.7919  83.5377 0008127 204.4941 182.3121  1.00272177 51905"
      },
      "geometry": {
        "type": "Point",
        "coordinates": [
          -126.76251705564762,
          0.921215782644019
        ]
      }
    },
    {
      "type": "Feature",
      "properties": {
        "norad_id": 37763,
        "name": "BEIDOU-2 IGSO-4 (C09)",
        "group": "gnss",
        "lat": 51.952054613747904,
        "lon": -78.30242557422665,
        "alt_km": 36146.96385209039,
        "timestamp": "2026-02-06T02:47:53.728916+00:00",
        "meta_object_name": "BEIDOU-2 IGSO-4 (C09)",
        "meta_object_id": "2011-038A",
        "meta_epoch": "2026-02-02T02:59:57.748416",
        "meta_mean_motion": 1.00271568,
        "meta_eccentricity": 0.01524713,
        "meta_inclination": 54.5902,
        "meta_ra_of_asc_node": 166.889,
        "meta_arg_of_pericenter": 230.5776,
        "meta_mean_anomaly": 234.8329,
        "meta_ephemeris_type": 0,
        "meta_classification_type": "U",
        "meta_norad_cat_id": 37763,
        "meta_element_set_no": 999,
        "meta_rev_at_epoch": 5329,
        "meta_bstar": 0,
        "meta_mean_motion_dot": -9.1e-07,
        "meta_mean_motion_ddot": 0,
        "tle_line1": "1 37763U 11038A   26033.12497394 -.00000091  00000+0  00000+0 0  9991",
        "tle_line2": "2 37763  54.5902 166.8890 0152471 230.5776 234.8329  1.00271568 53291"
      },
      "geometry": {
        "type": "Point",
        "coordinates": [
          -78.30242557422665,
          51.952054613747904
        ]
      }
    },
    {
      "type": "Feature",
      "properties": {
        "norad_id": 37846,
        "name": "GSAT0101 (GALILEO-PFM)",
        "group": "gnss",
        "lat": 37.93778402100435,
        "lon": 15.654429000122683,
        "alt_km": 23212.30883016094,
        "timestamp": "2026-02-06T02:47:53.728930+00:00",
        "meta_object_name": "GSAT0101 (GALILEO-PFM)",
        "meta_object_id": "2011-060A",
        "meta_epoch": "2026-02-03T02:34:00.568992",
        "meta_mean_motion": 1.70475611,
        "meta_eccentricity": 0.00038218,
        "meta_inclination": 57.0384,
        "meta_ra_of_asc_node": 345.4003,
        "meta_arg_of_pericenter": 343.9841,
        "meta_mean_anomaly": 15.9899,
        "meta_ephemeris_type": 0,
        "meta_classification_type": "U",
        "meta_norad_cat_id": 37846,
        "meta_element_set_no": 999,
        "meta_rev_at_epoch": 8883,
        "meta_bstar": 0,
        "meta_mean_motion_dot": -1.05e-06,
        "meta_mean_motion_ddot": 0,
        "tle_line1": "1 37846U 11060A   26034.10695103 -.00000105  00000+0  00000+0 0  9991",
        "tle_line2": "2 37846  57.0384 345.4003 0003821 343.9841  15.9899  1.70475611 88832"
      },
      "geometry": {
        "type": "Point",
        "coordinates": [
          15.654429000122683,
          37.93778402100435
        ]
      }
    },
    {
      "type": "Feature",
      "properties": {
        "norad_id": 37847,
        "name": "GSAT0102 (GALILEO-FM2)",
        "group": "gnss",
        "lat": 56.9557339544866,
        "lon": 80.1723298398255,
        "alt_km": 23224.26674952863,
        "timestamp": "2026-02-06T02:47:53.728942+00:00",
        "meta_object_name": "GSAT0102 (GALILEO-FM2)",
        "meta_object_id": "2011-060B",
        "meta_epoch": "2026-02-03T07:53:32.634816",
        "meta_mean_motion": 1.70475833,
        "meta_eccentricity": 0.00054848,
        "meta_inclination": 57.0391,
        "meta_ra_of_asc_node": 345.3946,
        "meta_arg_of_pericenter": 329.9458,
        "meta_mean_anomaly": 211.7209,
        "meta_ephemeris_type": 0,
        "meta_classification_type": "U",
        "meta_norad_cat_id": 37847,
        "meta_element_set_no": 999,
        "meta_rev_at_epoch": 8884,
        "meta_bstar": 0,
        "meta_mean_motion_dot": -1.05e-06,
        "meta_mean_motion_ddot": 0,
        "tle_line1": "1 37847U 11060B   26034.32884994 -.00000105  00000+0  00000+0 0  9994",
        "tle_line2": "2 37847  57.0391 345.3946 0005484 329.9458 211.7209  1.70475833 88849"
      },
      "geometry": {
        "type": "Point",
        "coordinates": [
          80.1723298398255,
          56.9557339544866
        ]
      }
    },
    {
      "type": "Feature",
      "properties": {
        "norad_id": 37867,
        "name": "COSMOS 2476 (744)",
        "group": "gnss",
        "lat": 45.01869516166252,
        "lon": 104.86913797311011,
        "alt_km": 19188.245129697996,
        "timestamp": "2026-02-06T02:47:53.728954+00:00",
        "meta_object_name": "COSMOS 2476 (744)",
        "meta_object_id": "2011-064A",
        "meta_epoch": "2026-02-05T17:07:54.573312",
        "meta_mean_motion": 2.13103632,
        "meta_eccentricity": 0.0025178,
        "meta_inclination": 65.1923,
        "meta_ra_of_asc_node": 77.3108,
        "meta_arg_of_pericenter": 239.3385,
        "meta_mean_anomaly": 222.8821,
        "meta_ephemeris_type": 0,
        "meta_classification_type": "U",
        "meta_norad_cat_id": 37867,
        "meta_element_set_no": 999,
        "meta_rev_at_epoch": 11096,
        "meta_bstar": 0,
        "meta_mean_motion_dot": -1.6e-07,
        "meta_mean_motion_ddot": 0,
        "tle_line1": "1 37867U 11064A   26036.71382608 -.00000016  00000+0  00000+0 0  9991",
        "tle_line2": "2 37867  65.1923  77.3108 0025178 239.3385 222.8821  2.13103632110964"
      },
      "geometry": {
        "type": "Point",
        "coordinates": [
          104.86913797311011,
          45.01869516166252
        ]
      }
    },
    {
      "type": "Feature",
      "properties": {
        "norad_id": 37868,
        "name": "COSMOS 2477 (745)",
        "group": "gnss",
        "lat": -45.586739798782425,
        "lon": -74.46098057468879,
        "alt_km": 19079.354868776638,
        "timestamp": "2026-02-06T02:47:53.728966+00:00",
        "meta_object_name": "COSMOS 2477 (745)",
        "meta_object_id": "2011-064B",
        "meta_epoch": "2026-02-03T11:38:02.648832",
        "meta_mean_motion": 2.13102685,
        "meta_eccentricity": 0.00221346,
        "meta_inclination": 65.1975,
        "meta_ra_of_asc_node": 77.4646,
        "meta_arg_of_pericenter": 240.1686,
        "meta_mean_anomaly": 132.7279,
        "meta_ephemeris_type": 0,
        "meta_classification_type": "U",
        "meta_norad_cat_id": 37868,
        "meta_element_set_no": 999,
        "meta_rev_at_epoch": 11091,
        "meta_bstar": 0,
        "meta_mean_motion_dot": 2e-08,
        "meta_mean_motion_ddot": 0,
        "tle_line1": "1 37868U 11064B   26034.48475288  .00000002  00000+0  00000+0 0  9995",
        "tle_line2": "2 37868  65.1975  77.4646 0022134 240.1686 132.7279  2.13102685110911"
      },
      "geometry": {
        "type": "Point",
        "coordinates": [
          -74.46098057468879,
          -45.586739798782425
        ]
      }
    },
    {
      "type": "Feature",
      "properties": {
        "norad_id": 37869,
        "name": "COSMOS 2475 (743)",
        "group": "gnss",
        "lat": -6.662729746231295,
        "lon": -99.50132068212118,
        "alt_km": 19101.51029142676,
        "timestamp": "2026-02-06T02:47:53.728978+00:00",
        "meta_object_name": "COSMOS 2475 (743)",
        "meta_object_id": "2011-064C",
        "meta_epoch": "2026-02-05T10:46:49.073376",
        "meta_mean_motion": 2.13101461,
        "meta_eccentricity": 0.0027861,
        "meta_inclination": 65.2057,
        "meta_ra_of_asc_node": 77.4185,
        "meta_arg_of_pericenter": 252.6431,
        "meta_mean_anomaly": 142.9824,
        "meta_ephemeris_type": 0,
        "meta_classification_type": "U",
        "meta_norad_cat_id": 37869,
        "meta_element_set_no": 999,
        "meta_rev_at_epoch": 11096,
        "meta_bstar": 0,
        "meta_mean_motion_dot": -1.4e-07,
        "meta_mean_motion_ddot": 0,
        "tle_line1": "1 37869U 11064C   26036.44917909 -.00000014  00000+0  00000+0 0  9999",
        "tle_line2": "2 37869  65.2057  77.4185 0027861 252.6431 142.9824  2.13101461110965"
      },
      "geometry": {
        "type": "Point",
        "coordinates": [
          -99.50132068212118,
          -6.662729746231295
        ]
      }
    },
    {
      "type": "Feature",
      "properties": {
        "norad_id": 37948,
        "name": "BEIDOU-2 IGSO-5 (C10)",
        "group": "gnss",
        "lat": 0.6353878827574094,
        "lon": -86.21396422270736,
        "alt_km": 36130.5767315572,
        "timestamp": "2026-02-06T02:47:53.728990+00:00",
        "meta_object_name": "BEIDOU-2 IGSO-5 (C10)",
        "meta_object_id": "2011-073A",
        "meta_epoch": "2026-02-05T17:43:06.631680",
        "meta_mean_motion": 1.00278956,
        "meta_eccentricity": 0.0108493,
        "meta_inclination": 47.9149,
        "meta_ra_of_asc_node": 273.1728,
        "meta_arg_of_pericenter": 221.583,
        "meta_mean_anomaly": 1.9526,
        "meta_ephemeris_type": 0,
        "meta_classification_type": "U",
        "meta_norad_cat_id": 37948,
        "meta_element_set_no": 999,
        "meta_rev_at_epoch": 5181,
        "meta_bstar": 0,
        "meta_mean_motion_dot": -1.54e-06,
        "meta_mean_motion_ddot": 0,
        "tle_line1": "1 37948U 11073A   26036.73827120 -.00000154  00000+0  00000+0 0  9999",
        "tle_line2": "2 37948  47.9149 273.1728 0108493 221.5830   1.9526  1.00278956 51819"
      },
      "geometry": {
        "type": "Point",
        "coordinates": [
          -86.21396422270736,
          0.6353878827574094
        ]
      }
    },
    {
      "type": "Feature",
      "properties": {
        "norad_id": 37951,
        "name": "LUCH 5A (SDCM/PRN 140)",
        "group": "gnss",
        "lat": -8.432916326422996,
        "lon": -14.855684221367413,
        "alt_km": 35773.06703292798,
        "timestamp": "2026-02-06T02:47:53.729002+00:00",
        "meta_object_name": "LUCH 5A (SDCM/PRN 140)",
        "meta_object_id": "2011-074B",
        "meta_epoch": "2026-02-05T12:56:27.544416",
        "meta_mean_motion": 1.00272933,
        "meta_eccentricity": 0.00045799,
        "meta_inclination": 8.4188,
        "meta_ra_of_asc_node": 75.7605,
        "meta_arg_of_pericenter": 224.6022,
        "meta_mean_anomaly": 196.2985,
        "meta_ephemeris_type": 0,
        "meta_classification_type": "U",
        "meta_norad_cat_id": 37951,
        "meta_element_set_no": 999,
        "meta_rev_at_epoch": 5173,
        "meta_bstar": 0,
        "meta_mean_motion_dot": -5.4e-07,
        "meta_mean_motion_ddot": 0,
        "tle_line1": "1 37951U 11074B   26036.53920769 -.00000054  00000+0  00000+0 0  9994",
        "tle_line2": "2 37951   8.4188  75.7605 0004579 224.6022 196.2985  1.00272933 51732"
      },
      "geometry": {
        "type": "Point",
        "coordinates": [
          -14.855684221367413,
          -8.432916326422996
        ]
      }
    },
    {
      "type": "Feature",
      "properties": {
        "norad_id": 38091,
        "name": "BEIDOU-2 G5 (C05)",
        "group": "gnss",
        "lat": 0.7845846104446549,
        "lon": -123.19235065031468,
        "alt_km": 35771.628901935415,
        "timestamp": "2026-02-06T02:47:53.729013+00:00",
        "meta_object_name": "BEIDOU-2 G5 (C05)",
        "meta_object_id": "2012-008A",
        "meta_epoch": "2026-02-05T21:02:16.569024",
        "meta_mean_motion": 1.00273766,
        "meta_eccentricity": 0.0014269,
        "meta_inclination": 3.2465,
        "meta_ra_of_asc_node": 70.478,
        "meta_arg_of_pericenter": 243.1633,
        "meta_mean_anomaly": 196.6313,
        "meta_ephemeris_type": 0,
        "meta_classification_type": "U",
        "meta_norad_cat_id": 38091,
        "meta_element_set_no": 999,
        "meta_rev_at_epoch": 5105,
        "meta_bstar": 0,
        "meta_mean_motion_dot": 5.6e-07,
        "meta_mean_motion_ddot": 0,
        "tle_line1": "1 38091U 12008A   26036.87658066  .00000056  00000+0  00000+0 0  9994",
        "tle_line2": "2 38091   3.2465  70.4780 0014269 243.1633 196.6313  1.00273766 51055"
      },
      "geometry": {
        "type": "Point",
        "coordinates": [
          -123.19235065031468,
          0.7845846104446549
        ]
      }
    },
    {
      "type": "Feature",
      "properties": {
        "norad_id": 38250,
        "name": "BEIDOU-2 M3 (C11)",
        "group": "gnss",
        "lat": -29.53820180107701,
        "lon": -73.27136150902561,
        "alt_km": 21487.569797978664,
        "timestamp": "2026-02-06T02:47:53.729025+00:00",
        "meta_object_name": "BEIDOU-2 M3 (C11)",
        "meta_object_id": "2012-018A",
        "meta_epoch": "2026-02-05T02:19:48.279648",
        "meta_mean_motion": 1.86229748,
        "meta_eccentricity": 0.0022437,
        "meta_inclination": 55.8714,
        "meta_ra_of_asc_node": 309.3289,
        "meta_arg_of_pericenter": 278.6165,
        "meta_mean_anomaly": 81.1743,
        "meta_ephemeris_type": 0,
        "meta_classification_type": "U",
        "meta_norad_cat_id": 38250,
        "meta_element_set_no": 999,
        "meta_rev_at_epoch": 9348,
        "meta_bstar": 0,
        "meta_mean_motion_dot": -8.4e-07,
        "meta_mean_motion_ddot": 0,
        "tle_line1": "1 38250U 12018A   26036.09708657 -.00000084  00000+0  00000+0 0  9990",
        "tle_line2": "2 38250  55.8714 309.3289 0022437 278.6165  81.1743  1.86229748 93482"
      },
      "geometry": {
        "type": "Point",
        "coordinates": [
          -73.27136150902561,
          -29.53820180107701
        ]
      }
    },
    {
      "type": "Feature",
      "properties": {
        "norad_id": 38251,
        "name": "BEIDOU-2 M4 (C12)",
        "group": "gnss",
        "lat": 7.463600353785162,
        "lon": -46.362820386400294,
        "alt_km": 21523.648009027864,
        "timestamp": "2026-02-06T02:47:53.729036+00:00",
        "meta_object_name": "BEIDOU-2 M4 (C12)",
        "meta_object_id": "2012-018B",
        "meta_epoch": "2026-02-04T11:48:49.947264",
        "meta_mean_motion": 1.86229462,
        "meta_eccentricity": 0.00137558,
        "meta_inclination": 55.7727,
        "meta_ra_of_asc_node": 308.5739,
        "meta_arg_of_pericenter": 284.6985,
        "meta_mean_anomaly": 75.1948,
        "meta_ephemeris_type": 0,
        "meta_classification_type": "U",
        "meta_norad_cat_id": 38251,
        "meta_element_set_no": 999,
        "meta_rev_at_epoch": 9347,
        "meta_bstar": 0,
        "meta_mean_motion_dot": -8e-07,
        "meta_mean_motion_ddot": 0,
        "tle_line1": "1 38251U 12018B   26035.49224476 -.00000080  00000+0  00000+0 0  9992",
        "tle_line2": "2 38251  55.7727 308.5739 0013755 284.6985  75.1948  1.86229462 93479"
      },
      "geometry": {
        "type": "Point",
        "coordinates": [
          -46.362820386400294,
          7.463600353785162
        ]
      }
    },
    {
      "type": "Feature",
      "properties": {
        "norad_id": 38652,
        "name": "SES-5 (EGNOS/PRN 136)",
        "group": "gnss",
        "lat": -0.02866695935824292,
        "lon": -176.8079525205359,
        "alt_km": 35790.921533079345,
        "timestamp": "2026-02-06T02:47:53.729048+00:00",
        "meta_object_name": "SES-5 (EGNOS/PRN 136)",
        "meta_object_id": "2012-036A",
        "meta_epoch": "2026-02-05T18:30:14.477760",
        "meta_mean_motion": 1.00272598,
        "meta_eccentricity": 0.0002018,
        "meta_inclination": 0.0568,
        "meta_ra_of_asc_node": 294.8745,
        "meta_arg_of_pericenter": 14.7694,
        "meta_mean_anomaly": 108.779,
        "meta_ephemeris_type": 0,
        "meta_classification_type": "U",
        "meta_norad_cat_id": 38652,
        "meta_element_set_no": 999,
        "meta_rev_at_epoch": 4313,
        "meta_bstar": 0,
        "meta_mean_motion_dot": 3.2e-07,
        "meta_mean_motion_ddot": 0,
        "tle_line1": "1 38652U 12036A   26036.77100090  .00000032  00000+0  00000+0 0  9990",
        "tle_line2": "2 38652   0.0568 294.8745 0002018  14.7694 108.7790  1.00272598 43133"
      },
      "geometry": {
        "type": "Point",
        "coordinates": [
          -176.8079525205359,
          -0.02866695935824292
        ]
      }
    },
    {
      "type": "Feature",
      "properties": {
        "norad_id": 38775,
        "name": "BEIDOU-2 M6 (C14)",
        "group": "gnss",
        "lat": -19.04291315963316,
        "lon": -99.51011955977468,
        "alt_km": 21557.513333564108,
        "timestamp": "2026-02-06T02:47:53.729069+00:00",
        "meta_object_name": "BEIDOU-2 M6 (C14)",
        "meta_object_id": "2012-050B",
        "meta_epoch": "2026-02-03T03:05:29.334336",
        "meta_mean_motion": 1.8623087,
        "meta_eccentricity": 0.0013048,
        "meta_inclination": 56.4248,
        "meta_ra_of_asc_node": 67.3278,
        "meta_arg_of_pericenter": 340.5354,
        "meta_mean_anomaly": 19.4829,
        "meta_ephemeris_type": 0,
        "meta_classification_type": "U",
        "meta_norad_cat_id": 38775,
        "meta_element_set_no": 999,
        "meta_rev_at_epoch": 9081,
        "meta_bstar": 0,
        "meta_mean_motion_dot": -2.9e-07,
        "meta_mean_motion_ddot": 0,
        "tle_line1": "1 38775U 12050B   26034.12881174 -.00000029  00000+0  00000+0 0  9995",
        "tle_line2": "2 38775  56.4248  67.3278 0013048 340.5354  19.4829  1.86230870 90810"
      },
      "geometry": {
        "type": "Point",
        "coordinates": [
          -99.51011955977468,
          -19.04291315963316
        ]
      }
    },
    {
      "type": "Feature",
      "properties": {
        "norad_id": 38779,
        "name": "GSAT-10 (GAGAN/PRN 128)",
        "group": "gnss",
        "lat": -0.0015786483564074235,
        "lon": -98.79281628337695,
        "alt_km": 35798.92206870232,
        "timestamp": "2026-02-06T02:47:53.729081+00:00",
        "meta_object_name": "GSAT-10 (GAGAN/PRN 128)",
        "meta_object_id": "2012-051B",
        "meta_epoch": "2026-02-05T18:54:21.460032",
        "meta_mean_motion": 1.00271861,
        "meta_eccentricity": 0.0003055,
        "meta_inclination": 0.0136,
        "meta_ra_of_asc_node": 258.0542,
        "meta_arg_of_pericenter": 181.0374,
        "meta_mean_anomaly": 63.3756,
        "meta_ephemeris_type": 0,
        "meta_classification_type": "U",
        "meta_norad_cat_id": 38779,
        "meta_element_set_no": 999,
        "meta_rev_at_epoch": 4878,
        "meta_bstar": 0,
        "meta_mean_motion_dot": 0,
        "meta_mean_motion_ddot": 0,
        "tle_line1": "1 38779U 12051B   26036.78774838  .00000000  00000+0  00000+0 0  9990",
        "tle_line2": "2 38779   0.0136 258.0542 0003055 181.0374  63.3756  1.00271861 48782"
      },
      "geometry": {
        "type": "Point",
        "coordinates": [
          -98.79281628337695,
          -0.0015786483564074235
        ]
      }
    },
    {
      "type": "Feature",
      "properties": {
        "norad_id": 38833,
        "name": "GPS BIIF-3  (PRN 24)",
        "group": "gnss",
        "lat": -41.14882683199917,
        "lon": 108.83868519276993,
        "alt_km": 20410.82927431254,
        "timestamp": "2026-02-06T02:47:53.729094+00:00",
        "meta_object_name": "GPS BIIF-3  (PRN 24)",
        "meta_object_id": "2012-053A",
        "meta_epoch": "2026-02-04T04:45:36.088704",
        "meta_mean_motion": 2.00565464,
        "meta_eccentricity": 0.01766476,
        "meta_inclination": 53.564,
        "meta_ra_of_asc_node": 149.0493,
        "meta_arg_of_pericenter": 64.5822,
        "meta_mean_anomaly": 297.2173,
        "meta_ephemeris_type": 0,
        "meta_classification_type": "U",
        "meta_norad_cat_id": 38833,
        "meta_element_set_no": 999,
        "meta_rev_at_epoch": 9677,
        "meta_bstar": 0,
        "meta_mean_motion_dot": 7e-08,
        "meta_mean_motion_ddot": 0,
        "tle_line1": "1 38833U 12053A   26035.19833436  .00000007  00000+0  00000+0 0  9994",
        "tle_line2": "2 38833  53.5640 149.0493 0176647  64.5822 297.2173  2.00565464 96770"
      },
      "geometry": {
        "type": "Point",
        "coordinates": [
          108.83868519276993,
          -41.14882683199917
        ]
      }
    },
    {
      "type": "Feature",
      "properties": {
        "norad_id": 38857,
        "name": "GSAT0103 (GALILEO-FM3)",
        "group": "gnss",
        "lat": 18.25372919831142,
        "lon": 118.14802132514352,
        "alt_km": 23223.057527423225,
        "timestamp": "2026-02-06T02:47:53.729113+00:00",
        "meta_object_name": "GSAT0103 (GALILEO-FM3)",
        "meta_object_id": "2012-055A",
        "meta_epoch": "2026-02-04T07:41:35.405088",
        "meta_mean_motion": 1.70473351,
        "meta_eccentricity": 0.00045182,
        "meta_inclination": 55.7215,
        "meta_ra_of_asc_node": 105.1932,
        "meta_arg_of_pericenter": 279.6558,
        "meta_mean_anomaly": 80.3588,
        "meta_ephemeris_type": 0,
        "meta_classification_type": "U",
        "meta_norad_cat_id": 38857,
        "meta_element_set_no": 999,
        "meta_rev_at_epoch": 8274,
        "meta_bstar": 0,
        "meta_mean_motion_dot": -1.7e-07,
        "meta_mean_motion_ddot": 0,
        "tle_line1": "1 38857U 12055A   26035.32054867 -.00000017  00000+0  00000+0 0  9992",
        "tle_line2": "2 38857  55.7215 105.1932 0004518 279.6558  80.3588  1.70473351 82743"
      },
      "geometry": {
        "type": "Point",
        "coordinates": [
          118.14802132514352,
          18.25372919831142
        ]
      }
    },
    {
      "type": "Feature",
      "properties": {
        "norad_id": 38953,
        "name": "BEIDOU-2 G6 (C02)",
        "group": "gnss",
        "lat": -0.4988010678100112,
        "lon": -97.90398916257098,
        "alt_km": 35798.70662361574,
        "timestamp": "2026-02-06T02:47:53.729141+00:00",
        "meta_object_name": "BEIDOU-2 G6 (C02)",
        "meta_object_id": "2012-059A",
        "meta_epoch": "2026-02-05T17:51:48.700224",
        "meta_mean_motion": 1.00274212,
        "meta_eccentricity": 0.0009564,
        "meta_inclination": 4.0888,
        "meta_ra_of_asc_node": 74.9526,
        "meta_arg_of_pericenter": 296.6292,
        "meta_mean_anomaly": 116.2146,
        "meta_ephemeris_type": 0,
        "meta_classification_type": "U",
        "meta_norad_cat_id": 38953,
        "meta_element_set_no": 999,
        "meta_rev_at_epoch": 4859,
        "meta_bstar": 0,
        "meta_mean_motion_dot": -1.77e-06,
        "meta_mean_motion_ddot": 0,
        "tle_line1": "1 38953U 12059A   26036.74431366 -.00000177  00000+0  00000+0 0  9990",
        "tle_line2": "2 38953   4.0888  74.9526 0009564 296.6292 116.2146  1.00274212 48597"
      },
      "geometry": {
        "type": "Point",
        "coordinates": [
          -97.90398916257098,
          -0.4988010678100112
        ]
      }
    },
    {
      "type": "Feature",
      "properties": {
        "norad_id": 38977,
        "name": "LUCH 5B (SDCM/PRN 125)",
        "group": "gnss",
        "lat": 9.548033600232252,
        "lon": 162.1329986498019,
        "alt_km": 35791.73850161839,
        "timestamp": "2026-02-06T02:47:53.729156+00:00",
        "meta_object_name": "LUCH 5B (SDCM/PRN 125)",
        "meta_object_id": "2012-061A",
        "meta_epoch": "2026-02-05T20:06:50.221728",
        "meta_mean_motion": 1.00270516,
        "meta_eccentricity": 0.0005365,
        "meta_inclination": 10.2006,
        "meta_ra_of_asc_node": 51.1714,
        "meta_arg_of_pericenter": 217.1959,
        "meta_mean_anomaly": 152.9621,
        "meta_ephemeris_type": 0,
        "meta_classification_type": "U",
        "meta_norad_cat_id": 38977,
        "meta_element_set_no": 999,
        "meta_rev_at_epoch": 4829,
        "meta_bstar": 0,
        "meta_mean_motion_dot": -1.4e-06,
        "meta_mean_motion_ddot": 0,
        "tle_line1": "1 38977U 12061A   26036.83808127 -.00000140  00000+0  00000+0 0  9992",
        "tle_line2": "2 38977  10.2006  51.1714 0005365 217.1959 152.9621  1.00270516 48298"
      },
      "geometry": {
        "type": "Point",
        "coordinates": [
          162.1329986498019,
          9.548033600232252
        ]
      }
    },
    {
      "type": "Feature",
      "properties": {
        "norad_id": 39155,
        "name": "COSMOS 2485 (747)",
        "group": "gnss",
        "lat": 63.79649453675885,
        "lon": -170.91574694994722,
        "alt_km": 19169.75622333033,
        "timestamp": "2026-02-06T02:47:53.729168+00:00",
        "meta_object_name": "COSMOS 2485 (747)",
        "meta_object_id": "2013-019A",
        "meta_epoch": "2026-02-05T12:25:19.084800",
        "meta_mean_motion": 2.13102973,
        "meta_eccentricity": 0.00255518,
        "meta_inclination": 65.3433,
        "meta_ra_of_asc_node": 78.0244,
        "meta_arg_of_pericenter": 234.966,
        "meta_mean_anomaly": 124.8639,
        "meta_ephemeris_type": 0,
        "meta_classification_type": "U",
        "meta_norad_cat_id": 39155,
        "meta_element_set_no": 999,
        "meta_rev_at_epoch": 9947,
        "meta_bstar": 0,
        "meta_mean_motion_dot": -1.4e-07,
        "meta_mean_motion_ddot": 0,
        "tle_line1": "1 39155U 13019A   26036.51758200 -.00000014  00000+0  00000+0 0  9996",
        "tle_line2": "2 39155  65.3433  78.0244 0025551 234.9660 124.8639  2.13102973 99472"
      },
      "geometry": {
        "type": "Point",
        "coordinates": [
          -170.91574694994722,
          63.79649453675885
        ]
      }
    },
    {
      "type": "Feature",
      "properties": {
        "norad_id": 39166,
        "name": "GPS BIIF-4  (PRN 27)",
        "group": "gnss",
        "lat": 34.43152686443979,
        "lon": -56.510696140195684,
        "alt_km": 19805.208094160924,
        "timestamp": "2026-02-06T02:47:53.729180+00:00",
        "meta_object_name": "GPS BIIF-4  (PRN 27)",
        "meta_object_id": "2013-023A",
        "meta_epoch": "2026-02-05T01:26:32.862912",
        "meta_mean_motion": 2.00564391,
        "meta_eccentricity": 0.0140773,
        "meta_inclination": 54.6065,
        "meta_ra_of_asc_node": 274.356,
        "meta_arg_of_pericenter": 49.4437,
        "meta_mean_anomaly": 311.8388,
        "meta_ephemeris_type": 0,
        "meta_classification_type": "U",
        "meta_norad_cat_id": 39166,
        "meta_element_set_no": 999,
        "meta_rev_at_epoch": 9323,
        "meta_bstar": 0,
        "meta_mean_motion_dot": -2.3e-07,
        "meta_mean_motion_ddot": 0,
        "tle_line1": "1 39166U 13023A   26036.06010258 -.00000023  00000+0  00000+0 0  9997",
        "tle_line2": "2 39166  54.6065 274.3560 0140773  49.4437 311.8388  2.00564391 93232"
      },
      "geometry": {
        "type": "Point",
        "coordinates": [
          -56.510696140195684,
          34.43152686443979
        ]
      }
    },
    {
      "type": "Feature",
      "properties": {
        "norad_id": 39199,
        "name": "IRNSS-1A",
        "group": "gnss",
        "lat": 7.262191906643006,
        "lon": -124.53575920471448,
        "alt_km": 35712.18221322925,
        "timestamp": "2026-02-06T02:47:53.729191+00:00",
        "meta_object_name": "IRNSS-1A",
        "meta_object_id": "2013-034A",
        "meta_epoch": "2026-02-05T15:18:53.616384",
        "meta_mean_motion": 1.00275498,
        "meta_eccentricity": 0.0018908,
        "meta_inclination": 35.4275,
        "meta_ra_of_asc_node": 65.7549,
        "meta_arg_of_pericenter": 191.952,
        "meta_mean_anomaly": 162.8457,
        "meta_ephemeris_type": 0,
        "meta_classification_type": "U",
        "meta_norad_cat_id": 39199,
        "meta_element_set_no": 999,
        "meta_rev_at_epoch": 4604,
        "meta_bstar": 0,
        "meta_mean_motion_dot": 6.9e-07,
        "meta_mean_motion_ddot": 0,
        "tle_line1": "1 39199U 13034A   26036.63812056  .00000069  00000+0  00000+0 0  9993",
        "tle_line2": "2 39199  35.4275  65.7549 0018908 191.9520 162.8457  1.00275498 46041"
      },
      "geometry": {
        "type": "Point",
        "coordinates": [
          -124.53575920471448,
          7.262191906643006
        ]
      }
    },
    {
      "type": "Feature",
      "properties": {
        "norad_id": 39533,
        "name": "GPS BIIF-5  (PRN 30)",
        "group": "gnss",
        "lat": 34.286345442114424,
        "lon": -175.2268480474438,
        "alt_km": 20394.56906934056,
        "timestamp": "2026-02-06T02:47:53.729202+00:00",
        "meta_object_name": "GPS BIIF-5  (PRN 30)",
        "meta_object_id": "2014-008A",
        "meta_epoch": "2026-02-05T01:22:08.248224",
        "meta_mean_motion": 2.00551401,
        "meta_eccentricity": 0.0081282,
        "meta_inclination": 53.6367,
        "meta_ra_of_asc_node": 154.7104,
        "meta_arg_of_pericenter": 227.3203,
        "meta_mean_anomaly": 131.9737,
        "meta_ephemeris_type": 0,
        "meta_classification_type": "U",
        "meta_norad_cat_id": 39533,
        "meta_element_set_no": 999,
        "meta_rev_at_epoch": 8703,
        "meta_bstar": 0,
        "meta_mean_motion_dot": 1.5e-07,
        "meta_mean_motion_ddot": 0,
        "tle_line1": "1 39533U 14008A   26036.05703991  .00000015  00000+0  00000+0 0  9991",
        "tle_line2": "2 39533  53.6367 154.7104 0081282 227.3203 131.9737  2.00551401 87034"
      },
      "geometry": {
        "type": "Point",
        "coordinates": [
          -175.2268480474438,
          34.286345442114424
        ]
      }
    },
    {
      "type": "Feature",
      "properties": {
        "norad_id": 39617,
        "name": "ASTRA 5B (EGNOS/PRN 123)",
        "group": "gnss",
        "lat": -0.04134122048812737,
        "lon": -158.34226336680862,
        "alt_km": 35792.75842340422,
        "timestamp": "2026-02-06T02:47:53.729214+00:00",
        "meta_object_name": "ASTRA 5B (EGNOS/PRN 123)",
        "meta_object_id": "2014-011B",
        "meta_epoch": "2026-02-05T18:56:26.892096",
        "meta_mean_motion": 1.00271316,
        "meta_eccentricity": 0.0004661,
        "meta_inclination": 0.0663,
        "meta_ra_of_asc_node": 303.9786,
        "meta_arg_of_pericenter": 7.1138,
        "meta_mean_anomaly": 132.3993,
        "meta_ephemeris_type": 0,
        "meta_classification_type": "U",
        "meta_norad_cat_id": 39617,
        "meta_element_set_no": 999,
        "meta_rev_at_epoch": 4335,
        "meta_bstar": 0,
        "meta_mean_motion_dot": 1.36e-06,
        "meta_mean_motion_ddot": 0,
        "tle_line1": "1 39617U 14011B   26036.78920014  .00000136  00000+0  00000+0 0  9999",
        "tle_line2": "2 39617   0.0663 303.9786 0004661   7.1138 132.3993  1.00271316 43352"
      },
      "geometry": {
        "type": "Point",
        "coordinates": [
          -158.34226336680862,
          -0.04134122048812737
        ]
      }
    },
    {
      "type": "Feature",
      "properties": {
        "norad_id": 39620,
        "name": "COSMOS 2492 (754)",
        "group": "gnss",
        "lat": 43.174717118927305,
        "lon": 112.94162885919931,
        "alt_km": 19159.713600917064,
        "timestamp": "2026-02-06T02:47:53.729226+00:00",
        "meta_object_name": "COSMOS 2492 (754)",
        "meta_object_id": "2014-012A",
        "meta_epoch": "2026-02-04T01:38:40.348320",
        "meta_mean_motion": 2.13103026,
        "meta_eccentricity": 0.00138733,
        "meta_inclination": 65.3753,
        "meta_ra_of_asc_node": 318.4618,
        "meta_arg_of_pericenter": 321.1872,
        "meta_mean_anomaly": 38.7455,
        "meta_ephemeris_type": 0,
        "meta_classification_type": "U",
        "meta_norad_cat_id": 39620,
        "meta_element_set_no": 999,
        "meta_rev_at_epoch": 9240,
        "meta_bstar": 0,
        "meta_mean_motion_dot": -6.6e-07,
        "meta_mean_motion_ddot": 0,
        "tle_line1": "1 39620U 14012A   26035.06852255 -.00000066  00000+0  00000+0 0  9998",
        "tle_line2": "2 39620  65.3753 318.4618 0013873 321.1872  38.7455  2.13103026 92403"
      },
      "geometry": {
        "type": "Point",
        "coordinates": [
          112.94162885919931,
          43.174717118927305
        ]
      }
    },
    {
      "type": "Feature",
      "properties": {
        "norad_id": 39635,
        "name": "IRNSS-1B",
        "group": "gnss",
        "lat": -4.51168415904797,
        "lon": -125.48484703482808,
        "alt_km": 35872.551842920926,
        "timestamp": "2026-02-06T02:47:53.729237+00:00",
        "meta_object_name": "IRNSS-1B",
        "meta_object_id": "2014-017A",
        "meta_epoch": "2026-02-05T15:37:22.067040",
        "meta_mean_motion": 1.00270329,
        "meta_eccentricity": 0.0020407,
        "meta_inclination": 29.1563,
        "meta_ra_of_asc_node": 242.6499,
        "meta_arg_of_pericenter": 176.9103,
        "meta_mean_anomaly": 5.6532,
        "meta_ephemeris_type": 0,
        "meta_classification_type": "U",
        "meta_norad_cat_id": 39635,
        "meta_element_set_no": 999,
        "meta_rev_at_epoch": 4347,
        "meta_bstar": 0,
        "meta_mean_motion_dot": 1.28e-06,
        "meta_mean_motion_ddot": 0,
        "tle_line1": "1 39635U 14017A   26036.65094985  .00000128  00000+0  00000+0 0  9991",
        "tle_line2": "2 39635  29.1563 242.6499 0020407 176.9103   5.6532  1.00270329 43473"
      },
      "geometry": {
        "type": "Point",
        "coordinates": [
          -125.48484703482808,
          -4.51168415904797
        ]
      }
    },
    {
      "type": "Feature",
      "properties": {
        "norad_id": 39727,
        "name": "LUCH 5V (SDCM/PRN 141)",
        "group": "gnss",
        "lat": -1.7817461225661084,
        "lon": -87.15598267785879,
        "alt_km": 35776.427894492765,
        "timestamp": "2026-02-06T02:47:53.729249+00:00",
        "meta_object_name": "LUCH 5V (SDCM/PRN 141)",
        "meta_object_id": "2014-023A",
        "meta_epoch": "2026-02-05T20:25:07.862016",
        "meta_mean_motion": 1.00273639,
        "meta_eccentricity": 0.0003409,
        "meta_inclination": 4.8085,
        "meta_ra_of_asc_node": 71.0436,
        "meta_arg_of_pericenter": 251.2809,
        "meta_mean_anomaly": 214.6353,
        "meta_ephemeris_type": 0,
        "meta_classification_type": "U",
        "meta_norad_cat_id": 39727,
        "meta_element_set_no": 999,
        "meta_rev_at_epoch": 4304,
        "meta_bstar": 0,
        "meta_mean_motion_dot": -2.7e-06,
        "meta_mean_motion_ddot": 0,
        "tle_line1": "1 39727U 14023A   26036.85078544 -.00000270  00000+0  00000+0 0  9994",
        "tle_line2": "2 39727   4.8085  71.0436 0003409 251.2809 214.6353  1.00273639 43045"
      },
      "geometry": {
        "type": "Point",
        "coordinates": [
          -87.15598267785879,
          -1.7817461225661084
        ]
      }
    },
    {
      "type": "Feature",
      "properties": {
        "norad_id": 39741,
        "name": "GPS BIIF-6  (PRN 06)",
        "group": "gnss",
        "lat": -18.426597796473448,
        "lon": 169.31820421138917,
        "alt_km": 20238.235268146866,
        "timestamp": "2026-02-06T02:47:53.729260+00:00",
        "meta_object_name": "GPS BIIF-6  (PRN 06)",
        "meta_object_id": "2014-026A",
        "meta_epoch": "2026-02-05T08:05:22.123968",
        "meta_mean_motion": 2.00570633,
        "meta_eccentricity": 0.0040036,
        "meta_inclination": 56.5598,
        "meta_ra_of_asc_node": 336.6532,
        "meta_arg_of_pericenter": 322.8377,
        "meta_mean_anomaly": 36.894,
        "meta_ephemeris_type": 0,
        "meta_classification_type": "U",
        "meta_norad_cat_id": 39741,
        "meta_element_set_no": 999,
        "meta_rev_at_epoch": 8589,
        "meta_bstar": 0,
        "meta_mean_motion_dot": -1.03e-06,
        "meta_mean_motion_ddot": 0,
        "tle_line1": "1 39741U 14026A   26036.33706162 -.00000103  00000+0  00000+0 0  9995",
        "tle_line2": "2 39741  56.5598 336.6532 0040036 322.8377  36.8940  2.00570633 85893"
      },
      "geometry": {
        "type": "Point",
        "coordinates": [
          169.31820421138917,
          -18.426597796473448
        ]
      }
    },
    {
      "type": "Feature",
      "properties": {
        "norad_id": 40001,
        "name": "COSMOS 2500 (755)",
        "group": "gnss",
        "lat": -0.29960979570218366,
        "lon": -41.98876987266044,
        "alt_km": 19142.85801103141,
        "timestamp": "2026-02-06T02:47:53.729272+00:00",
        "meta_object_name": "COSMOS 2500 (755)",
        "meta_object_id": "2014-032A",
        "meta_epoch": "2026-02-03T07:14:09.429792",
        "meta_mean_motion": 2.13105907,
        "meta_eccentricity": 0.00059627,
        "meta_inclination": 65.3114,
        "meta_ra_of_asc_node": 318.2458,
        "meta_arg_of_pericenter": 213.3684,
        "meta_mean_anomaly": 146.6248,
        "meta_ephemeris_type": 0,
        "meta_classification_type": "U",
        "meta_norad_cat_id": 40001,
        "meta_element_set_no": 999,
        "meta_rev_at_epoch": 9060,
        "meta_bstar": 0,
        "meta_mean_motion_dot": -6.4e-07,
        "meta_mean_motion_ddot": 0,
        "tle_line1": "1 40001U 14032A   26034.30149803 -.00000064  00000+0  00000+0 0  9997",
        "tle_line2": "2 40001  65.3114 318.2458 0005962 213.3684 146.6248  2.13105907 90601"
      },
      "geometry": {
        "type": "Point",
        "coordinates": [
          -41.98876987266044,
          -0.29960979570218366
        ]
      }
    },
    {
      "type": "Feature",
      "properties": {
        "norad_id": 40105,
        "name": "GPS BIIF-7  (PRN 09)",
        "group": "gnss",
        "lat": 30.530796473671753,
        "lon": -110.42933921926713,
        "alt_km": 20100.253162352732,
        "timestamp": "2026-02-06T02:47:53.729287+00:00",
        "meta_object_name": "GPS BIIF-7  (PRN 09)",
        "meta_object_id": "2014-045A",
        "meta_epoch": "2026-02-05T10:08:08.559456",
        "meta_mean_motion": 2.00576004,
        "meta_eccentricity": 0.0031203,
        "meta_inclination": 55.2623,
        "meta_ra_of_asc_node": 93.7153,
        "meta_arg_of_pericenter": 120.469,
        "meta_mean_anomaly": 239.9081,
        "meta_ephemeris_type": 0,
        "meta_classification_type": "U",
        "meta_norad_cat_id": 40105,
        "meta_element_set_no": 999,
        "meta_rev_at_epoch": 8343,
        "meta_bstar": 0,
        "meta_mean_motion_dot": -2.3e-07,
        "meta_mean_motion_ddot": 0,
        "tle_line1": "1 40105U 14045A   26036.42232129 -.00000023  00000+0  00000+0 0  9990",
        "tle_line2": "2 40105  55.2623  93.7153 0031203 120.4690 239.9081  2.00576004 83438"
      },
      "geometry": {
        "type": "Point",
        "coordinates": [
          -110.42933921926713,
          30.530796473671753
        ]
      }
    },
    {
      "type": "Feature",
      "properties": {
        "norad_id": 40128,
        "name": "GSAT0201 (GALILEO 5)",
        "group": "gnss",
        "lat": 34.004980691720384,
        "lon": 62.93037285305306,
        "alt_km": 17859.993529029703,
        "timestamp": "2026-02-06T02:47:53.729301+00:00",
        "meta_object_name": "GSAT0201 (GALILEO 5)",
        "meta_object_id": "2014-050A",
        "meta_epoch": "2026-02-03T17:57:50.542560",
        "meta_mean_motion": 1.85519844,
        "meta_eccentricity": 0.16537459,
        "meta_inclination": 49.0171,
        "meta_ra_of_asc_node": 278.8976,
        "meta_arg_of_pericenter": 174.2595,
        "meta_mean_anomaly": 187.9403,
        "meta_ephemeris_type": 0,
        "meta_classification_type": "U",
        "meta_norad_cat_id": 40128,
        "meta_element_set_no": 999,
        "meta_rev_at_epoch": 7584,
        "meta_bstar": 0,
        "meta_mean_motion_dot": -4e-07,
        "meta_mean_motion_ddot": 0,
        "tle_line1": "1 40128U 14050A   26034.74850165 -.00000040  00000+0  00000+0 0  9999",
        "tle_line2": "2 40128  49.0171 278.8976 1653745 174.2595 187.9403  1.85519844 75841"
      },
      "geometry": {
        "type": "Point",
        "coordinates": [
          62.93037285305306,
          34.004980691720384
        ]
      }
    },
    {
      "type": "Feature",
      "properties": {
        "norad_id": 40129,
        "name": "GSAT0202 (GALILEO 6)",
        "group": "gnss",
        "lat": -15.96298655183789,
        "lon": -96.47799399859633,
        "alt_km": 25968.94868632397,
        "timestamp": "2026-02-06T02:47:53.729314+00:00",
        "meta_object_name": "GSAT0202 (GALILEO 6)",
        "meta_object_id": "2014-050B",
        "meta_epoch": "2026-02-02T22:14:16.026432",
        "meta_mean_motion": 1.85520617,
        "meta_eccentricity": 0.16544665,
        "meta_inclination": 49.0338,
        "meta_ra_of_asc_node": 278.0153,
        "meta_arg_of_pericenter": 174.9621,
        "meta_mean_anomaly": 186.978,
        "meta_ephemeris_type": 0,
        "meta_classification_type": "U",
        "meta_norad_cat_id": 40129,
        "meta_element_set_no": 999,
        "meta_rev_at_epoch": 7799,
        "meta_bstar": 0,
        "meta_mean_motion_dot": -3.1e-07,
        "meta_mean_motion_ddot": 0,
        "tle_line1": "1 40129U 14050B   26033.92657438 -.00000031  00000+0  00000+0 0  9997",
        "tle_line2": "2 40129  49.0338 278.0153 1654466 174.9621 186.9780  1.85520617 77999"
      },
      "geometry": {
        "type": "Point",
        "coordinates": [
          -96.47799399859633,
          -15.96298655183789
        ]
      }
    },
    {
      "type": "Feature",
      "properties": {
        "norad_id": 40269,
        "name": "IRNSS-1C",
        "group": "gnss",
        "lat": 1.114101480627158,
        "lon": -98.70055418491913,
        "alt_km": 35864.547222896,
        "timestamp": "2026-02-06T02:47:53.729326+00:00",
        "meta_object_name": "IRNSS-1C",
        "meta_object_id": "2014-061A",
        "meta_epoch": "2026-02-05T20:00:40.762368",
        "meta_mean_motion": 1.00274024,
        "meta_eccentricity": 0.0018967,
        "meta_inclination": 6.1811,
        "meta_ra_of_asc_node": 91.5183,
        "meta_arg_of_pericenter": 356.8968,
        "meta_mean_anomaly": 70.6832,
        "meta_ephemeris_type": 0,
        "meta_classification_type": "U",
        "meta_norad_cat_id": 40269,
        "meta_element_set_no": 999,
        "meta_rev_at_epoch": 4137,
        "meta_bstar": 0,
        "meta_mean_motion_dot": -1.64e-06,
        "meta_mean_motion_ddot": 0,
        "tle_line1": "1 40269U 14061A   26036.83380512 -.00000164  00000+0  00000+0 0  9990",
        "tle_line2": "2 40269   6.1811  91.5183 0018967 356.8968  70.6832  1.00274024 41374"
      },
      "geometry": {
        "type": "Point",
        "coordinates": [
          -98.70055418491913,
          1.114101480627158
        ]
      }
    },
    {
      "type": "Feature",
      "properties": {
        "norad_id": 40294,
        "name": "GPS BIIF-8  (PRN 03)",
        "group": "gnss",
        "lat": -38.95149775568537,
        "lon": -112.17571571383941,
        "alt_km": 20340.788178735504,
        "timestamp": "2026-02-06T02:47:53.729340+00:00",
        "meta_object_name": "GPS BIIF-8  (PRN 03)",
        "meta_object_id": "2014-068A",
        "meta_epoch": "2026-02-05T07:15:50.895360",
        "meta_mean_motion": 2.00568195,
        "meta_eccentricity": 0.0061719,
        "meta_inclination": 56.8995,
        "meta_ra_of_asc_node": 36.0368,
        "meta_arg_of_pericenter": 68.1827,
        "meta_mean_anomaly": 292.4902,
        "meta_ephemeris_type": 0,
        "meta_classification_type": "U",
        "meta_norad_cat_id": 40294,
        "meta_element_set_no": 999,
        "meta_rev_at_epoch": 8256,
        "meta_bstar": 0,
        "meta_mean_motion_dot": -7.3e-07,
        "meta_mean_motion_ddot": 0,
        "tle_line1": "1 40294U 14068A   26036.30267240 -.00000073  00000+0  00000+0 0  9998",
        "tle_line2": "2 40294  56.8995  36.0368 0061719  68.1827 292.4902  2.00568195 82560"
      },
      "geometry": {
        "type": "Point",
        "coordinates": [
          -112.17571571383941,
          -38.95149775568537
        ]
      }
    },
    {
      "type": "Feature",
      "properties": {
        "norad_id": 40315,
        "name": "COSMOS 2501 (702K)",
        "group": "gnss",
        "lat": 18.01186983464181,
        "lon": 5.619934117575927,
        "alt_km": 19091.019807855195,
        "timestamp": "2026-02-06T02:47:53.729352+00:00",
        "meta_object_name": "COSMOS 2501 (702K)",
        "meta_object_id": "2014-075A",
        "meta_epoch": "2026-02-05T10:31:48.959904",
        "meta_mean_motion": 2.13101284,
        "meta_eccentricity": 0.0020392,
        "meta_inclination": 63.6171,
        "meta_ra_of_asc_node": 194.9297,
        "meta_arg_of_pericenter": 204.4436,
        "meta_mean_anomaly": 155.4298,
        "meta_ephemeris_type": 0,
        "meta_classification_type": "U",
        "meta_norad_cat_id": 40315,
        "meta_element_set_no": 999,
        "meta_rev_at_epoch": 8704,
        "meta_bstar": 0,
        "meta_mean_motion_dot": 5.2e-07,
        "meta_mean_motion_ddot": 0,
        "tle_line1": "1 40315U 14075A   26036.43876111  .00000052  00000+0  00000+0 0  9993",
        "tle_line2": "2 40315  63.6171 194.9297 0020392 204.4436 155.4298  2.13101284 87044"
      },
      "geometry": {
        "type": "Point",
        "coordinates": [
          5.619934117575927,
          18.01186983464181
        ]
      }
    },
    {
      "type": "Feature",
      "properties": {
        "norad_id": 40534,
        "name": "GPS BIIF-9  (PRN 26)",
        "group": "gnss",
        "lat": 34.070463609681674,
        "lon": -0.834341466714726,
        "alt_km": 20205.4710261505,
        "timestamp": "2026-02-06T02:47:53.729363+00:00",
        "meta_object_name": "GPS BIIF-9  (PRN 26)",
        "meta_object_id": "2015-013A",
        "meta_epoch": "2026-02-04T22:25:41.355552",
        "meta_mean_motion": 2.00559299,
        "meta_eccentricity": 0.01085248,
        "meta_inclination": 53.1911,
        "meta_ra_of_asc_node": 209.6455,
        "meta_arg_of_pericenter": 39.5169,
        "meta_mean_anomaly": 321.2428,
        "meta_ephemeris_type": 0,
        "meta_classification_type": "U",
        "meta_norad_cat_id": 40534,
        "meta_element_set_no": 999,
        "meta_rev_at_epoch": 7917,
        "meta_bstar": 0,
        "meta_mean_motion_dot": 3.7e-07,
        "meta_mean_motion_ddot": 0,
        "tle_line1": "1 40534U 15013A   26035.93450643  .00000037  00000+0  00000+0 0  9994",
        "tle_line2": "2 40534  53.1911 209.6455 0108524  39.5169 321.2428  2.00559299 79179"
      },
      "geometry": {
        "type": "Point",
        "coordinates": [
          -0.834341466714726,
          34.070463609681674
        ]
      }
    },
    {
      "type": "Feature",
      "properties": {
        "norad_id": 40544,
        "name": "GSAT0203 (GALILEO 7)",
        "group": "gnss",
        "lat": -2.7031437204872626,
        "lon": 166.92446572119306,
        "alt_km": 23226.915271264275,
        "timestamp": "2026-02-06T02:47:53.729375+00:00",
        "meta_object_name": "GSAT0203 (GALILEO 7)",
        "meta_object_id": "2015-017A",
        "meta_epoch": "2026-02-02T07:09:40.475232",
        "meta_mean_motion": 1.70475649,
        "meta_eccentricity": 0.00058281,
        "meta_inclination": 56.8319,
        "meta_ra_of_asc_node": 345.2751,
        "meta_arg_of_pericenter": 287.3732,
        "meta_mean_anomaly": 72.5478,
        "meta_ephemeris_type": 0,
        "meta_classification_type": "U",
        "meta_norad_cat_id": 40544,
        "meta_element_set_no": 999,
        "meta_rev_at_epoch": 6690,
        "meta_bstar": 0,
        "meta_mean_motion_dot": -1.05e-06,
        "meta_mean_motion_ddot": 0,
        "tle_line1": "1 40544U 15017A   26033.29838513 -.00000105  00000+0  00000+0 0  9999",
        "tle_line2": "2 40544  56.8319 345.2751 0005828 287.3732  72.5478  1.70475649 66900"
      },
      "geometry": {
        "type": "Point",
        "coordinates": [
          166.92446572119306,
          -2.7031437204872626
        ]
      }
    },
    {
      "type": "Feature",
      "properties": {
        "norad_id": 40545,
        "name": "GSAT0204 (GALILEO 8)",
        "group": "gnss",
        "lat": 21.90223543948639,
        "lon": 0.39918179990314645,
        "alt_km": 23223.649377983038,
        "timestamp": "2026-02-06T02:47:53.729386+00:00",
        "meta_object_name": "GSAT0204 (GALILEO 8)",
        "meta_object_id": "2015-017B",
        "meta_epoch": "2026-02-04T07:31:45.509952",
        "meta_mean_motion": 1.7047543,
        "meta_eccentricity": 0.00051492,
        "meta_inclination": 56.8377,
        "meta_ra_of_asc_node": 345.2383,
        "meta_arg_of_pericenter": 280.2277,
        "meta_mean_anomaly": 79.7037,
        "meta_ephemeris_type": 0,
        "meta_classification_type": "U",
        "meta_norad_cat_id": 40545,
        "meta_element_set_no": 999,
        "meta_rev_at_epoch": 2998,
        "meta_bstar": 0,
        "meta_mean_motion_dot": -1.06e-06,
        "meta_mean_motion_ddot": 0,
        "tle_line1": "1 40545U 15017B   26035.31372118 -.00000106  00000+0  00000+0 0  9990",
        "tle_line2": "2 40545  56.8377 345.2383 0005149 280.2277  79.7037  1.70475430 29983"
      },
      "geometry": {
        "type": "Point",
        "coordinates": [
          0.39918179990314645,
          21.90223543948639
        ]
      }
    },
    {
      "type": "Feature",
      "properties": {
        "norad_id": 40549,
        "name": "BEIDOU-3S IGSO-1S (C31)",
        "group": "gnss",
        "lat": -16.79488283493859,
        "lon": -77.88347468910986,
        "alt_km": 35911.59690317971,
        "timestamp": "2026-02-06T02:47:53.729397+00:00",
        "meta_object_name": "BEIDOU-3S IGSO-1S (C31)",
        "meta_object_id": "2015-019A",
        "meta_epoch": "2026-01-27T13:54:45.681696",
        "meta_mean_motion": 1.0028218,
        "meta_eccentricity": 0.00359462,
        "meta_inclination": 49.4603,
        "meta_ra_of_asc_node": 297.1615,
        "meta_arg_of_pericenter": 192.2184,
        "meta_mean_anomaly": 302.2696,
        "meta_ephemeris_type": 0,
        "meta_classification_type": "U",
        "meta_norad_cat_id": 40549,
        "meta_element_set_no": 999,
        "meta_rev_at_epoch": 3966,
        "meta_bstar": 0,
        "meta_mean_motion_dot": -1.8e-06,
        "meta_mean_motion_ddot": 0,
        "tle_line1": "1 40549U 15019A   26027.57969539 -.00000180  00000+0  00000+0 0  9996",
        "tle_line2": "2 40549  49.4603 297.1615 0035946 192.2184 302.2696  1.00282180 39669"
      },
      "geometry": {
        "type": "Point",
        "coordinates": [
          -77.88347468910986,
          -16.79488283493859
        ]
      }
    },
    {
      "type": "Feature",
      "properties": {
        "norad_id": 40730,
        "name": "GPS BIIF-10 (PRN 08)",
        "group": "gnss",
        "lat": 14.265776956015207,
        "lon": -76.8746749577375,
        "alt_km": 19883.16340095202,
        "timestamp": "2026-02-06T02:47:53.729410+00:00",
        "meta_object_name": "GPS BIIF-10 (PRN 08)",
        "meta_object_id": "2015-033A",
        "meta_epoch": "2026-02-05T02:17:24.934272",
        "meta_mean_motion": 2.00562956,
        "meta_eccentricity": 0.0113718,
        "meta_inclination": 54.0851,
        "meta_ra_of_asc_node": 272.5322,
        "meta_arg_of_pericenter": 28.2988,
        "meta_mean_anomaly": 332.3792,
        "meta_ephemeris_type": 0,
        "meta_classification_type": "U",
        "meta_norad_cat_id": 40730,
        "meta_element_set_no": 999,
        "meta_rev_at_epoch": 7734,
        "meta_bstar": 0,
        "meta_mean_motion_dot": -2.1e-07,
        "meta_mean_motion_ddot": 0,
        "tle_line1": "1 40730U 15033A   26036.09542748 -.00000021  00000+0  00000+0 0  9994",
        "tle_line2": "2 40730  54.0851 272.5322 0113718  28.2988 332.3792  2.00562956 77345"
      },
      "geometry": {
        "type": "Point",
        "coordinates": [
          -76.8746749577375,
          14.265776956015207
        ]
      }
    },
    {
      "type": "Feature",
      "properties": {
        "norad_id": 40748,
        "name": "BEIDOU-3S M2S (C58)",
        "group": "gnss",
        "lat": -40.06679054830223,
        "lon": 162.6497944382444,
        "alt_km": 21513.03823291099,
        "timestamp": "2026-02-06T02:47:53.729422+00:00",
        "meta_object_name": "BEIDOU-3S M2S (C58)",
        "meta_object_id": "2015-037A",
        "meta_epoch": "2026-02-05T05:36:30.600000",
        "meta_mean_motion": 1.86231793,
        "meta_eccentricity": 0.0010043,
        "meta_inclination": 54.9879,
        "meta_ra_of_asc_node": 306.591,
        "meta_arg_of_pericenter": 277.0073,
        "meta_mean_anomaly": 82.9263,
        "meta_ephemeris_type": 0,
        "meta_classification_type": "U",
        "meta_norad_cat_id": 40748,
        "meta_element_set_no": 999,
        "meta_rev_at_epoch": 7166,
        "meta_bstar": 0,
        "meta_mean_motion_dot": -8.2e-07,
        "meta_mean_motion_ddot": 0,
        "tle_line1": "1 40748U 15037A   26036.23368750 -.00000082  00000+0  00000+0 0  9999",
        "tle_line2": "2 40748  54.9879 306.5910 0010043 277.0073  82.9263  1.86231793 71665"
      },
      "geometry": {
        "type": "Point",
        "coordinates": [
          162.6497944382444,
          -40.06679054830223
        ]
      }
    },
    {
      "type": "Feature",
      "properties": {
        "norad_id": 40749,
        "name": "BEIDOU-3S M1S (C57)",
        "group": "gnss",
        "lat": 54.26135694372392,
        "lon": 23.254322414515126,
        "alt_km": 21514.12523409199,
        "timestamp": "2026-02-06T02:47:53.729436+00:00",
        "meta_object_name": "BEIDOU-3S M1S (C57)",
        "meta_object_id": "2015-037B",
        "meta_epoch": "2026-02-05T10:58:15.885984",
        "meta_mean_motion": 1.86254114,
        "meta_eccentricity": 0.000428,
        "meta_inclination": 54.9839,
        "meta_ra_of_asc_node": 306.5723,
        "meta_arg_of_pericenter": 18.6157,
        "meta_mean_anomaly": 341.4474,
        "meta_ephemeris_type": 0,
        "meta_classification_type": "U",
        "meta_norad_cat_id": 40749,
        "meta_element_set_no": 999,
        "meta_rev_at_epoch": 7167,
        "meta_bstar": 0,
        "meta_mean_motion_dot": -8.3e-07,
        "meta_mean_motion_ddot": 0,
        "tle_line1": "1 40749U 15037B   26036.45712831 -.00000083  00000+0  00000+0 0  9998",
        "tle_line2": "2 40749  54.9839 306.5723 0004280  18.6157 341.4474  1.86254114 71672"
      },
      "geometry": {
        "type": "Point",
        "coordinates": [
          23.254322414515126,
          54.26135694372392
        ]
      }
    },
    {
      "type": "Feature",
      "properties": {
        "norad_id": 40890,
        "name": "GSAT0206 (GALILEO 10)",
        "group": "gnss",
        "lat": 26.654506767980614,
        "lon": -114.16212884987225,
        "alt_km": 23206.84179856052,
        "timestamp": "2026-02-06T02:47:53.729450+00:00",
        "meta_object_name": "GSAT0206 (GALILEO 10)",
        "meta_object_id": "2015-045B",
        "meta_epoch": "2026-02-05T11:25:19.270272",
        "meta_mean_motion": 1.70473585,
        "meta_eccentricity": 0.000426,
        "meta_inclination": 54.9874,
        "meta_ra_of_asc_node": 225.2385,
        "meta_arg_of_pericenter": 48.8489,
        "meta_mean_anomaly": 311.1809,
        "meta_ephemeris_type": 0,
        "meta_classification_type": "U",
        "meta_norad_cat_id": 40890,
        "meta_element_set_no": 999,
        "meta_rev_at_epoch": 6479,
        "meta_bstar": 0,
        "meta_mean_motion_dot": 5e-07,
        "meta_mean_motion_ddot": 0,
        "tle_line1": "1 40890U 15045B   26036.47591748  .00000050  00000+0  00000+0 0  9991",
        "tle_line2": "2 40890  54.9874 225.2385 0004260  48.8489 311.1809  1.70473585 64799"
      },
      "geometry": {
        "type": "Point",
        "coordinates": [
          -114.16212884987225,
          26.654506767980614
        ]
      }
    },
    {
      "type": "Feature",
      "properties": {
        "norad_id": 40938,
        "name": "BEIDOU-3S IGSO-2S (C56)",
        "group": "gnss",
        "lat": 8.691166582498155,
        "lon": -92.08612006901778,
        "alt_km": 36050.3669655246,
        "timestamp": "2026-02-06T02:47:53.729466+00:00",
        "meta_object_name": "BEIDOU-3S IGSO-2S (C56)",
        "meta_object_id": "2015-053A",
        "meta_epoch": "2026-01-27T16:14:57.122592",
        "meta_mean_motion": 1.00254296,
        "meta_eccentricity": 0.0061515,
        "meta_inclination": 49.4373,
        "meta_ra_of_asc_node": 260.4556,
        "meta_arg_of_pericenter": 187.1638,
        "meta_mean_anomaly": 17.4903,
        "meta_ephemeris_type": 0,
        "meta_classification_type": "U",
        "meta_norad_cat_id": 40938,
        "meta_element_set_no": 999,
        "meta_rev_at_epoch": 3794,
        "meta_bstar": 0,
        "meta_mean_motion_dot": -7.9e-07,
        "meta_mean_motion_ddot": 0,
        "tle_line1": "1 40938U 15053A   26027.67705003 -.00000079  00000+0  00000+0 0  9998",
        "tle_line2": "2 40938  49.4373 260.4556 0061515 187.1638  17.4903  1.00254296 37942"
      },
      "geometry": {
        "type": "Point",
        "coordinates": [
          -92.08612006901778,
          8.691166582498155
        ]
      }
    },
    {
      "type": "Feature",
      "properties": {
        "norad_id": 41019,
        "name": "GPS BIIF-11 (PRN 10)",
        "group": "gnss",
        "lat": -20.805832790130445,
        "lon": 21.487249538527884,
        "alt_km": 20251.461816706662,
        "timestamp": "2026-02-06T02:47:53.729479+00:00",
        "meta_object_name": "GPS BIIF-11 (PRN 10)",
        "meta_object_id": "2015-062A",
        "meta_epoch": "2026-02-05T03:42:32.975712",
        "meta_mean_motion": 2.005672,
        "meta_eccentricity": 0.01115331,
        "meta_inclination": 56.873,
        "meta_ra_of_asc_node": 35.8988,
        "meta_arg_of_pericenter": 231.1693,
        "meta_mean_anomaly": 127.8466,
        "meta_ephemeris_type": 0,
        "meta_classification_type": "U",
        "meta_norad_cat_id": 41019,
        "meta_element_set_no": 999,
        "meta_rev_at_epoch": 7518,
        "meta_bstar": 0,
        "meta_mean_motion_dot": -7.3e-07,
        "meta_mean_motion_ddot": 0,
        "tle_line1": "1 41019U 15062A   26036.15454833 -.00000073  00000+0  00000+0 0  9998",
        "tle_line2": "2 41019  56.8730  35.8988 0111533 231.1693 127.8466  2.00567200 75183"
      },
      "geometry": {
        "type": "Point",
        "coordinates": [
          21.487249538527884,
          -20.805832790130445
        ]
      }
    },
    {
      "type": "Feature",
      "properties": {
        "norad_id": 41028,
        "name": "GSAT-15 (GAGAN/PRN 139)",
        "group": "gnss",
        "lat": -0.00041323521572271527,
        "lon": -88.25967274804539,
        "alt_km": 35782.77015692257,
        "timestamp": "2026-02-06T02:47:53.729491+00:00",
        "meta_object_name": "GSAT-15 (GAGAN/PRN 139)",
        "meta_object_id": "2015-065A",
        "meta_epoch": "2026-02-05T20:11:22.729920",
        "meta_mean_motion": 1.0026742,
        "meta_eccentricity": 0.0001233,
        "meta_inclination": 0.016,
        "meta_ra_of_asc_node": 258.378,
        "meta_arg_of_pericenter": 42.19,
        "meta_mean_anomaly": 231.7505,
        "meta_ephemeris_type": 0,
        "meta_classification_type": "U",
        "meta_norad_cat_id": 41028,
        "meta_element_set_no": 999,
        "meta_rev_at_epoch": 3748,
        "meta_bstar": 0,
        "meta_mean_motion_dot": 0,
        "meta_mean_motion_ddot": 0,
        "tle_line1": "1 41028U 15065A   26036.84123530  .00000000  00000+0  00000+0 0  9993",
        "tle_line2": "2 41028   0.0160 258.3780 0001233  42.1900 231.7505  1.00267420 37489"
      },
      "geometry": {
        "type": "Point",
        "coordinates": [
          -88.25967274804539,
          -0.00041323521572271527
        ]
      }
    },
    {
      "type": "Feature",
      "properties": {
        "norad_id": 41174,
        "name": "GSAT0209 (GALILEO 12)",
        "group": "gnss",
        "lat": -50.97989300012582,
        "lon": 47.742662006274195,
        "alt_km": 23218.18817777306,
        "timestamp": "2026-02-06T02:47:53.729503+00:00",
        "meta_object_name": "GSAT0209 (GALILEO 12)",
        "meta_object_id": "2015-079A",
        "meta_epoch": "2026-02-05T15:27:25.858656",
        "meta_mean_motion": 1.70474614,
        "meta_eccentricity": 0.0003938,
        "meta_inclination": 55.7427,
        "meta_ra_of_asc_node": 104.8716,
        "meta_arg_of_pericenter": 324.6867,
        "meta_mean_anomaly": 35.3527,
        "meta_ephemeris_type": 0,
        "meta_classification_type": "U",
        "meta_norad_cat_id": 41174,
        "meta_element_set_no": 999,
        "meta_rev_at_epoch": 6253,
        "meta_bstar": 0,
        "meta_mean_motion_dot": -2.1e-07,
        "meta_mean_motion_ddot": 0,
        "tle_line1": "1 41174U 15079A   26036.64404929 -.00000021  00000+0  00000+0 0  9996",
        "tle_line2": "2 41174  55.7427 104.8716 0003938 324.6867  35.3527  1.70474614 62530"
      },
      "geometry": {
        "type": "Point",
        "coordinates": [
          47.742662006274195,
          -50.97989300012582
        ]
      }
    },
    {
      "type": "Feature",
      "properties": {
        "norad_id": 41175,
        "name": "GSAT0208 (GALILEO 11)",
        "group": "gnss",
        "lat": 20.53637412853917,
        "lon": -89.89737721483608,
        "alt_km": 23229.03284314872,
        "timestamp": "2026-02-06T02:47:53.729514+00:00",
        "meta_object_name": "GSAT0208 (GALILEO 11)",
        "meta_object_id": "2015-079B",
        "meta_epoch": "2026-02-02T22:21:07.032096",
        "meta_mean_motion": 1.70474472,
        "meta_eccentricity": 0.00031957,
        "meta_inclination": 55.7396,
        "meta_ra_of_asc_node": 104.9432,
        "meta_arg_of_pericenter": 326.3973,
        "meta_mean_anomaly": 33.6454,
        "meta_ephemeris_type": 0,
        "meta_classification_type": "U",
        "meta_norad_cat_id": 41175,
        "meta_element_set_no": 999,
        "meta_rev_at_epoch": 6290,
        "meta_bstar": 0,
        "meta_mean_motion_dot": -1.6e-07,
        "meta_mean_motion_ddot": 0,
        "tle_line1": "1 41175U 15079B   26033.93133139 -.00000016  00000+0  00000+0 0  9992",
        "tle_line2": "2 41175  55.7396 104.9432 0003195 326.3973  33.6454  1.70474472 62907"
      },
      "geometry": {
        "type": "Point",
        "coordinates": [
          -89.89737721483608,
          20.53637412853917
        ]
      }
    },
    {
      "type": "Feature",
      "properties": {
        "norad_id": 41241,
        "name": "IRNSS-1E",
        "group": "gnss",
        "lat": -24.021673581984643,
        "lon": -74.84567420362191,
        "alt_km": 35725.794521146905,
        "timestamp": "2026-02-06T02:47:53.729525+00:00",
        "meta_object_name": "IRNSS-1E",
        "meta_object_id": "2016-003A",
        "meta_epoch": "2026-02-05T12:26:25.485792",
        "meta_mean_motion": 1.00273846,
        "meta_eccentricity": 0.00189608,
        "meta_inclination": 32.9457,
        "meta_ra_of_asc_node": 61.6501,
        "meta_arg_of_pericenter": 190.6188,
        "meta_mean_anomaly": 181.8036,
        "meta_ephemeris_type": 0,
        "meta_classification_type": "U",
        "meta_norad_cat_id": 41241,
        "meta_element_set_no": 999,
        "meta_rev_at_epoch": 3676,
        "meta_bstar": 0,
        "meta_mean_motion_dot": -3.02e-06,
        "meta_mean_motion_ddot": 0,
        "tle_line1": "1 41241U 16003A   26036.51835053 -.00000302  00000+0  00000+0 0  9993",
        "tle_line2": "2 41241  32.9457  61.6501 0018960 190.6188 181.8036  1.00273846 36760"
      },
      "geometry": {
        "type": "Point",
        "coordinates": [
          -74.84567420362191,
          -24.021673581984643
        ]
      }
    },
    {
      "type": "Feature",
      "properties": {
        "norad_id": 41328,
        "name": "GPS BIIF-12 (PRN 32)",
        "group": "gnss",
        "lat": -55.30310359453938,
        "lon": 10.518660322497443,
        "alt_km": 19966.10055005952,
        "timestamp": "2026-02-06T02:47:53.729537+00:00",
        "meta_object_name": "GPS BIIF-12 (PRN 32)",
        "meta_object_id": "2016-007A",
        "meta_epoch": "2026-02-05T05:43:54.587136",
        "meta_mean_motion": 2.00558032,
        "meta_eccentricity": 0.0094599,
        "meta_inclination": 55.4375,
        "meta_ra_of_asc_node": 94.6919,
        "meta_arg_of_pericenter": 245.201,
        "meta_mean_anomaly": 113.8795,
        "meta_ephemeris_type": 0,
        "meta_classification_type": "U",
        "meta_norad_cat_id": 41328,
        "meta_element_set_no": 999,
        "meta_rev_at_epoch": 7319,
        "meta_bstar": 0,
        "meta_mean_motion_dot": -2.1e-07,
        "meta_mean_motion_ddot": 0,
        "tle_line1": "1 41328U 16007A   26036.23882624 -.00000021  00000+0  00000+0 0  9996",
        "tle_line2": "2 41328  55.4375  94.6919 0094599 245.2010 113.8795  2.00558032 73196"
      },
      "geometry": {
        "type": "Point",
        "coordinates": [
          10.518660322497443,
          -55.30310359453938
        ]
      }
    },
    {
      "type": "Feature",
      "properties": {
        "norad_id": 41330,
        "name": "COSMOS 2514 (751)",
        "group": "gnss",
        "lat": 7.2953755406669245,
        "lon": 134.10217101220502,
        "alt_km": 19111.192386576902,
        "timestamp": "2026-02-06T02:47:53.729548+00:00",
        "meta_object_name": "COSMOS 2514 (751)",
        "meta_object_id": "2016-008A",
        "meta_epoch": "2026-02-05T10:09:14.549184",
        "meta_mean_motion": 2.13102654,
        "meta_eccentricity": 0.0009834,
        "meta_inclination": 65.0996,
        "meta_ra_of_asc_node": 317.5309,
        "meta_arg_of_pericenter": 215.4057,
        "meta_mean_anomaly": 144.5647,
        "meta_ephemeris_type": 0,
        "meta_classification_type": "U",
        "meta_norad_cat_id": 41330,
        "meta_element_set_no": 999,
        "meta_rev_at_epoch": 7781,
        "meta_bstar": 0,
        "meta_mean_motion_dot": -7.1e-07,
        "meta_mean_motion_ddot": 0,
        "tle_line1": "1 41330U 16008A   26036.42308506 -.00000071  00000+0  00000+0 0  9998",
        "tle_line2": "2 41330  65.0996 317.5309 0009834 215.4057 144.5647  2.13102654 77812"
      },
      "geometry": {
        "type": "Point",
        "coordinates": [
          134.10217101220502,
          7.2953755406669245
        ]
      }
    },
    {
      "type": "Feature",
      "properties": {
        "norad_id": 41384,
        "name": "IRNSS-1F",
        "group": "gnss",
        "lat": 4.723909206119874,
        "lon": -149.54098696984616,
        "alt_km": 35765.56820937185,
        "timestamp": "2026-02-06T02:47:53.729562+00:00",
        "meta_object_name": "IRNSS-1F",
        "meta_object_id": "2016-015A",
        "meta_epoch": "2026-02-05T18:38:06.224352",
        "meta_mean_motion": 1.00271177,
        "meta_eccentricity": 0.002044,
        "meta_inclination": 5.0184,
        "meta_ra_of_asc_node": 99.9372,
        "meta_arg_of_pericenter": 186.9312,
        "meta_mean_anomaly": 160.9348,
        "meta_ephemeris_type": 0,
        "meta_classification_type": "U",
        "meta_norad_cat_id": 41384,
        "meta_element_set_no": 999,
        "meta_rev_at_epoch": 3634,
        "meta_bstar": 0,
        "meta_mean_motion_dot": 1.55e-06,
        "meta_mean_motion_ddot": 0,
        "tle_line1": "1 41384U 16015A   26036.77646093  .00000155  00000+0  00000+0 0  9991",
        "tle_line2": "2 41384   5.0184  99.9372 0020440 186.9312 160.9348  1.00271177 36342"
      },
      "geometry": {
        "type": "Point",
        "coordinates": [
          -149.54098696984616,
          4.723909206119874
        ]
      }
    },
    {
      "type": "Feature",
      "properties": {
        "norad_id": 41434,
        "name": "BEIDOU-2 IGSO-6 (C13)",
        "group": "gnss",
        "lat": -44.64089376247968,
        "lon": -105.92458078672033,
        "alt_km": 35533.78990717109,
        "timestamp": "2026-02-06T02:47:53.729574+00:00",
        "meta_object_name": "BEIDOU-2 IGSO-6 (C13)",
        "meta_object_id": "2016-021A",
        "meta_epoch": "2026-01-31T17:40:15.140640",
        "meta_mean_motion": 1.00283772,
        "meta_eccentricity": 0.00605375,
        "meta_inclination": 60.0385,
        "meta_ra_of_asc_node": 39.3935,
        "meta_arg_of_pericenter": 232.6565,
        "meta_mean_anomaly": 219.123,
        "meta_ephemeris_type": 0,
        "meta_classification_type": "U",
        "meta_norad_cat_id": 41434,
        "meta_element_set_no": 999,
        "meta_rev_at_epoch": 3611,
        "meta_bstar": 0,
        "meta_mean_motion_dot": -1.31e-06,
        "meta_mean_motion_ddot": 0,
        "tle_line1": "1 41434U 16021A   26031.73628635 -.00000131  00000+0  00000+0 0  9992",
        "tle_line2": "2 41434  60.0385  39.3935 0060537 232.6565 219.1230  1.00283772 36111"
      },
      "geometry": {
        "type": "Point",
        "coordinates": [
          -105.92458078672033,
          -44.64089376247968
        ]
      }
    },
    {
      "type": "Feature",
      "properties": {
        "norad_id": 41469,
        "name": "IRNSS-1G",
        "group": "gnss",
        "lat": -2.2111093310592493,
        "lon": -52.4256808145669,
        "alt_km": 35796.59456246311,
        "timestamp": "2026-02-06T02:47:53.729587+00:00",
        "meta_object_name": "IRNSS-1G",
        "meta_object_id": "2016-027A",
        "meta_epoch": "2026-02-05T15:40:19.672608",
        "meta_mean_motion": 1.00266505,
        "meta_eccentricity": 0.0004462,
        "meta_inclination": 4.8691,
        "meta_ra_of_asc_node": 100.6995,
        "meta_arg_of_pericenter": 324.427,
        "meta_mean_anomaly": 75.2073,
        "meta_ephemeris_type": 0,
        "meta_classification_type": "U",
        "meta_norad_cat_id": 41469,
        "meta_element_set_no": 999,
        "meta_rev_at_epoch": 3586,
        "meta_bstar": 0,
        "meta_mean_motion_dot": -3.38e-06,
        "meta_mean_motion_ddot": 0,
        "tle_line1": "1 41469U 16027A   26036.65300547 -.00000338  00000+0  00000+0 0  9990",
        "tle_line2": "2 41469   4.8691 100.6995 0004462 324.4270  75.2073  1.00266505 35863"
      },
      "geometry": {
        "type": "Point",
        "coordinates": [
          -52.4256808145669,
          -2.2111093310592493
        ]
      }
    },
    {
      "type": "Feature",
      "properties": {
        "norad_id": 41549,
        "name": "GSAT0211 (GALILEO 14)",
        "group": "gnss",
        "lat": 53.58030121505344,
        "lon": -63.73894775916541,
        "alt_km": 23208.554961893406,
        "timestamp": "2026-02-06T02:47:53.729600+00:00",
        "meta_object_name": "GSAT0211 (GALILEO 14)",
        "meta_object_id": "2016-030A",
        "meta_epoch": "2026-02-05T09:38:25.794816",
        "meta_mean_motion": 1.70473632,
        "meta_eccentricity": 0.00040523,
        "meta_inclination": 55.1371,
        "meta_ra_of_asc_node": 225.3167,
        "meta_arg_of_pericenter": 27.1289,
        "meta_mean_anomaly": 332.8857,
        "meta_ephemeris_type": 0,
        "meta_classification_type": "U",
        "meta_norad_cat_id": 41549,
        "meta_element_set_no": 999,
        "meta_rev_at_epoch": 6042,
        "meta_bstar": 0,
        "meta_mean_motion_dot": 5e-07,
        "meta_mean_motion_ddot": 0,
        "tle_line1": "1 41549U 16030A   26036.40168744  .00000050  00000+0  00000+0 0  9997",
        "tle_line2": "2 41549  55.1371 225.3167 0004052  27.1289 332.8857  1.70473632 60424"
      },
      "geometry": {
        "type": "Point",
        "coordinates": [
          -63.73894775916541,
          53.58030121505344
        ]
      }
    },
    {
      "type": "Feature",
      "properties": {
        "norad_id": 41550,
        "name": "GSAT0210 (GALILEO 13)",
        "group": "gnss",
        "lat": -53.65826906597254,
        "lon": 153.8601626734405,
        "alt_km": 23228.576902443136,
        "timestamp": "2026-02-06T02:47:53.729612+00:00",
        "meta_object_name": "GSAT0210 (GALILEO 13)",
        "meta_object_id": "2016-030B",
        "meta_epoch": "2026-02-05T01:44:15.856800",
        "meta_mean_motion": 1.70473865,
        "meta_eccentricity": 8.023e-05,
        "meta_inclination": 55.1367,
        "meta_ra_of_asc_node": 225.3239,
        "meta_arg_of_pericenter": 176.9325,
        "meta_mean_anomaly": 183.0619,
        "meta_ephemeris_type": 0,
        "meta_classification_type": "U",
        "meta_norad_cat_id": 41550,
        "meta_element_set_no": 999,
        "meta_rev_at_epoch": 6041,
        "meta_bstar": 0,
        "meta_mean_motion_dot": 4.9e-07,
        "meta_mean_motion_ddot": 0,
        "tle_line1": "1 41550U 16030B   26036.07240575  .00000049  00000+0  00000+0 0  9993",
        "tle_line2": "2 41550  55.1367 225.3239 0000802 176.9325 183.0619  1.70473865 60413"
      },
      "geometry": {
        "type": "Point",
        "coordinates": [
          153.8601626734405,
          -53.65826906597254
        ]
      }
    },
    {
      "type": "Feature",
      "properties": {
        "norad_id": 41586,
        "name": "BEIDOU-2 G7 (C03)",
        "group": "gnss",
        "lat": -1.2275038804986949,
        "lon": -71.27783367512518,
        "alt_km": 35806.305129972614,
        "timestamp": "2026-02-06T02:47:53.729626+00:00",
        "meta_object_name": "BEIDOU-2 G7 (C03)",
        "meta_object_id": "2016-037A",
        "meta_epoch": "2026-02-05T21:11:08.926080",
        "meta_mean_motion": 1.00269997,
        "meta_eccentricity": 0.0006035,
        "meta_inclination": 1.8919,
        "meta_ra_of_asc_node": 68.3142,
        "meta_arg_of_pericenter": 0.655,
        "meta_mean_anomaly": 135.366,
        "meta_ephemeris_type": 0,
        "meta_classification_type": "U",
        "meta_norad_cat_id": 41586,
        "meta_element_set_no": 999,
        "meta_rev_at_epoch": 557,
        "meta_bstar": 0,
        "meta_mean_motion_dot": -3.54e-06,
        "meta_mean_motion_ddot": 0,
        "tle_line1": "1 41586U 16037A   26036.88274220 -.00000354  00000+0  00000+0 0  9992",
        "tle_line2": "2 41586   1.8919  68.3142 0006035   0.6550 135.3660  1.00269997  5572"
      },
      "geometry": {
        "type": "Point",
        "coordinates": [
          -71.27783367512518,
          -1.2275038804986949
        ]
      }
    },
    {
      "type": "Feature",
      "properties": {
        "norad_id": 41589,
        "name": "EUTELSAT 117 WEST B (WAAS/PRN 131)",
        "group": "gnss",
        "lat": -0.003093778432235406,
        "lon": 61.25073335441631,
        "alt_km": 35785.36685802953,
        "timestamp": "2026-02-06T02:47:53.729638+00:00",
        "meta_object_name": "EUTELSAT 117 WEST B (WAAS/PRN 131)",
        "meta_object_id": "2016-038B",
        "meta_epoch": "2026-02-05T16:12:46.565280",
        "meta_mean_motion": 1.00272969,
        "meta_eccentricity": 2.79e-05,
        "meta_inclination": 0.0162,
        "meta_ra_of_asc_node": 225.8489,
        "meta_arg_of_pericenter": 267.2349,
        "meta_mean_anomaly": 128.9209,
        "meta_ephemeris_type": 0,
        "meta_classification_type": "U",
        "meta_norad_cat_id": 41589,
        "meta_element_set_no": 999,
        "meta_rev_at_epoch": 3534,
        "meta_bstar": 0,
        "meta_mean_motion_dot": -1.3e-07,
        "meta_mean_motion_ddot": 0,
        "tle_line1": "1 41589U 16038B   26036.67553895 -.00000013  00000+0  00000+0 0  9993",
        "tle_line2": "2 41589   0.0162 225.8489 0000279 267.2349 128.9209  1.00272969 35349"
      },
      "geometry": {
        "type": "Point",
        "coordinates": [
          61.25073335441631,
          -0.003093778432235406
        ]
      }
    },
    {
      "type": "Feature",
      "properties": {
        "norad_id": 41859,
        "name": "GSAT0207 (GALILEO 15)",
        "group": "gnss",
        "lat": 50.68074730180821,
        "lon": -132.55178685181045,
        "alt_km": 23227.863100870174,
        "timestamp": "2026-02-06T02:47:53.729651+00:00",
        "meta_object_name": "GSAT0207 (GALILEO 15)",
        "meta_object_id": "2016-069A",
        "meta_epoch": "2026-02-04T04:15:43.654176",
        "meta_mean_motion": 1.70474485,
        "meta_eccentricity": 0.0004165,
        "meta_inclination": 55.4118,
        "meta_ra_of_asc_node": 104.7683,
        "meta_arg_of_pericenter": 308.2547,
        "meta_mean_anomaly": 51.7735,
        "meta_ephemeris_type": 0,
        "meta_classification_type": "U",
        "meta_norad_cat_id": 41859,
        "meta_element_set_no": 999,
        "meta_rev_at_epoch": 5713,
        "meta_bstar": 0,
        "meta_mean_motion_dot": -1.7e-07,
        "meta_mean_motion_ddot": 0,
        "tle_line1": "1 41859U 16069A   26035.17758859 -.00000017  00000+0  00000+0 0  9992",
        "tle_line2": "2 41859  55.4118 104.7683 0004165 308.2547  51.7735  1.70474485 57131"
      },
      "geometry": {
        "type": "Point",
        "coordinates": [
          -132.55178685181045,
          50.68074730180821
        ]
      }
    },
    {
      "type": "Feature",
      "properties": {
        "norad_id": 41860,
        "name": "GSAT0212 (GALILEO 16)",
        "group": "gnss",
        "lat": -16.268352307816734,
        "lon": -63.66667337222911,
        "alt_km": 23230.995156486988,
        "timestamp": "2026-02-06T02:47:53.729663+00:00",
        "meta_object_name": "GSAT0212 (GALILEO 16)",
        "meta_object_id": "2016-069B",
        "meta_epoch": "2026-02-01T16:26:10.085280",
        "meta_mean_motion": 1.70474658,
        "meta_eccentricity": 0.0002754,
        "meta_inclination": 55.408,
        "meta_ra_of_asc_node": 104.8328,
        "meta_arg_of_pericenter": 343.6767,
        "meta_mean_anomaly": 16.3713,
        "meta_ephemeris_type": 0,
        "meta_classification_type": "U",
        "meta_norad_cat_id": 41860,
        "meta_element_set_no": 999,
        "meta_rev_at_epoch": 5734,
        "meta_bstar": 0,
        "meta_mean_motion_dot": -1.9e-07,
        "meta_mean_motion_ddot": 0,
        "tle_line1": "1 41860U 16069B   26032.68483895 -.00000019  00000+0  00000+0 0  9994",
        "tle_line2": "2 41860  55.4080 104.8328 0002754 343.6767  16.3713  1.70474658 57345"
      },
      "geometry": {
        "type": "Point",
        "coordinates": [
          -63.66667337222911,
          -16.268352307816734
        ]
      }
    },
    {
      "type": "Feature",
      "properties": {
        "norad_id": 41861,
        "name": "GSAT0213 (GALILEO 17)",
        "group": "gnss",
        "lat": -20.894718040782404,
        "lon": 89.48503497180391,
        "alt_km": 23215.750577667506,
        "timestamp": "2026-02-06T02:47:53.729674+00:00",
        "meta_object_name": "GSAT0213 (GALILEO 17)",
        "meta_object_id": "2016-069C",
        "meta_epoch": "2026-02-04T09:34:04.249056",
        "meta_mean_motion": 1.70474999,
        "meta_eccentricity": 0.00044886,
        "meta_inclination": 55.4119,
        "meta_ra_of_asc_node": 104.7651,
        "meta_arg_of_pericenter": 288.0305,
        "meta_mean_anomaly": 71.9865,
        "meta_ephemeris_type": 0,
        "meta_classification_type": "U",
        "meta_norad_cat_id": 41861,
        "meta_element_set_no": 999,
        "meta_rev_at_epoch": 5725,
        "meta_bstar": 0,
        "meta_mean_motion_dot": -1.8e-07,
        "meta_mean_motion_ddot": 0,
        "tle_line1": "1 41861U 16069C   26035.39866029 -.00000018  00000+0  00000+0 0  9999",
        "tle_line2": "2 41861  55.4119 104.7651 0004488 288.0305  71.9865  1.70474999 57256"
      },
      "geometry": {
        "type": "Point",
        "coordinates": [
          89.48503497180391,
          -20.894718040782404
        ]
      }
    },
    {
      "type": "Feature",
      "properties": {
        "norad_id": 41862,
        "name": "GSAT0214 (GALILEO 18)",
        "group": "gnss",
        "lat": -48.100432402144904,
        "lon": -25.083419012449582,
        "alt_km": 23220.642205349668,
        "timestamp": "2026-02-06T02:47:53.729685+00:00",
        "meta_object_name": "GSAT0214 (GALILEO 18)",
        "meta_object_id": "2016-069D",
        "meta_epoch": "2026-02-05T17:13:43.013280",
        "meta_mean_motion": 1.70474934,
        "meta_eccentricity": 0.0003424,
        "meta_inclination": 55.4111,
        "meta_ra_of_asc_node": 104.7214,
        "meta_arg_of_pericenter": 292.1014,
        "meta_mean_anomaly": 67.9274,
        "meta_ephemeris_type": 0,
        "meta_classification_type": "U",
        "meta_norad_cat_id": 41862,
        "meta_element_set_no": 999,
        "meta_rev_at_epoch": 5740,
        "meta_bstar": 0,
        "meta_mean_motion_dot": -2.1e-07,
        "meta_mean_motion_ddot": 0,
        "tle_line1": "1 41862U 16069D   26036.71785895 -.00000021  00000+0  00000+0 0  9992",
        "tle_line2": "2 41862  55.4111 104.7214 0003424 292.1014  67.9274  1.70474934 57401"
      },
      "geometry": {
        "type": "Point",
        "coordinates": [
          -25.083419012449582,
          -48.100432402144904
        ]
      }
    },
    {
      "type": "Feature",
      "properties": {
        "norad_id": 42709,
        "name": "SES-15 (WAAS/PRN 133)",
        "group": "gnss",
        "lat": 0.015865531700363963,
        "lon": 49.069618179806916,
        "alt_km": 35786.84325750089,
        "timestamp": "2026-02-06T02:47:53.729696+00:00",
        "meta_object_name": "SES-15 (WAAS/PRN 133)",
        "meta_object_id": "2017-026A",
        "meta_epoch": "2026-02-05T16:09:16.900128",
        "meta_mean_motion": 1.00267337,
        "meta_eccentricity": 7.09e-05,
        "meta_inclination": 0.0428,
        "meta_ra_of_asc_node": 297.5175,
        "meta_arg_of_pericenter": 30.2527,
        "meta_mean_anomaly": 281.1752,
        "meta_ephemeris_type": 0,
        "meta_classification_type": "U",
        "meta_norad_cat_id": 42709,
        "meta_element_set_no": 999,
        "meta_rev_at_epoch": 611,
        "meta_bstar": 0,
        "meta_mean_motion_dot": 5.9e-07,
        "meta_mean_motion_ddot": 0,
        "tle_line1": "1 42709U 17026A   26036.67311227  .00000059  00000+0  00000+0 0  9996",
        "tle_line2": "2 42709   0.0428 297.5175 0000709  30.2527 281.1752  1.00267337  6112"
      },
      "geometry": {
        "type": "Point",
        "coordinates": [
          49.069618179806916,
          0.015865531700363963
        ]
      }
    },
    {
      "type": "Feature",
      "properties": {
        "norad_id": 42738,
        "name": "QZS-2 (QZSS/PRN 194)",
        "group": "gnss",
        "lat": 38.46794272687691,
        "lon": -40.99600489160661,
        "alt_km": 38861.72175463116,
        "timestamp": "2026-02-06T02:47:53.729708+00:00",
        "meta_object_name": "QZS-2 (QZSS/PRN 194)",
        "meta_object_id": "2017-028A",
        "meta_epoch": "2026-02-05T10:33:22.538016",
        "meta_mean_motion": 1.00268956,
        "meta_eccentricity": 0.0749222,
        "meta_inclination": 39.6302,
        "meta_ra_of_asc_node": 245.0754,
        "meta_arg_of_pericenter": 270.0582,
        "meta_mean_anomaly": 281.1532,
        "meta_ephemeris_type": 0,
        "meta_classification_type": "U",
        "meta_norad_cat_id": 42738,
        "meta_element_set_no": 999,
        "meta_rev_at_epoch": 630,
        "meta_bstar": 0,
        "meta_mean_motion_dot": -1.34e-06,
        "meta_mean_motion_ddot": 0,
        "tle_line1": "1 42738U 17028A   26036.43984419 -.00000134  00000+0  00000+0 0  9998",
        "tle_line2": "2 42738  39.6302 245.0754 0749222 270.0582 281.1532  1.00268956  6304"
      },
      "geometry": {
        "type": "Point",
        "coordinates": [
          -40.99600489160661,
          38.46794272687691
        ]
      }
    },
    {
      "type": "Feature",
      "properties": {
        "norad_id": 42917,
        "name": "QZS-3 (QZSS/PRN 199)",
        "group": "gnss",
        "lat": 0.04689058818167649,
        "lon": -54.773326861916864,
        "alt_km": 35777.88646873796,
        "timestamp": "2026-02-06T02:47:53.729719+00:00",
        "meta_object_name": "QZS-3 (QZSS/PRN 199)",
        "meta_object_id": "2017-048A",
        "meta_epoch": "2026-02-05T19:05:03.640992",
        "meta_mean_motion": 1.00267872,
        "meta_eccentricity": 0.0002256,
        "meta_inclination": 0.061,
        "meta_ra_of_asc_node": 198.8554,
        "meta_arg_of_pericenter": 118.6688,
        "meta_mean_anomaly": 231.6545,
        "meta_ephemeris_type": 0,
        "meta_classification_type": "U",
        "meta_norad_cat_id": 42917,
        "meta_element_set_no": 999,
        "meta_rev_at_epoch": 3094,
        "meta_bstar": 0,
        "meta_mean_motion_dot": -3.49e-06,
        "meta_mean_motion_ddot": 0,
        "tle_line1": "1 42917U 17048A   26036.79518103 -.00000349  00000+0  00000+0 0  9999",
        "tle_line2": "2 42917   0.0610 198.8554 0002256 118.6688 231.6545  1.00267872 30940"
      },
      "geometry": {
        "type": "Point",
        "coordinates": [
          -54.773326861916864,
          0.04689058818167649
        ]
      }
    },
    {
      "type": "Feature",
      "properties": {
        "norad_id": 42939,
        "name": "COSMOS 2522 (752)",
        "group": "gnss",
        "lat": -53.70019111160893,
        "lon": 154.8932978490266,
        "alt_km": 19131.01255983522,
        "timestamp": "2026-02-06T02:47:53.729730+00:00",
        "meta_object_name": "COSMOS 2522 (752)",
        "meta_object_id": "2017-055A",
        "meta_epoch": "2026-02-05T17:31:42.904416",
        "meta_mean_motion": 2.13101708,
        "meta_eccentricity": 0.0006523,
        "meta_inclination": 64.0793,
        "meta_ra_of_asc_node": 196.3554,
        "meta_arg_of_pericenter": 223.513,
        "meta_mean_anomaly": 136.4074,
        "meta_ephemeris_type": 0,
        "meta_classification_type": "U",
        "meta_norad_cat_id": 42939,
        "meta_element_set_no": 999,
        "meta_rev_at_epoch": 6517,
        "meta_bstar": 0,
        "meta_mean_motion_dot": 5.6e-07,
        "meta_mean_motion_ddot": 0,
        "tle_line1": "1 42939U 17055A   26036.73035769  .00000056  00000+0  00000+0 0  9991",
        "tle_line2": "2 42939  64.0793 196.3554 0006523 223.5130 136.4074  2.13101708 65170"
      },
      "geometry": {
        "type": "Point",
        "coordinates": [
          154.8932978490266,
          -53.70019111160893
        ]
      }
    },
    {
      "type": "Feature",
      "properties": {
        "norad_id": 42965,
        "name": "QZS-4 (QZSS/PRN 195)",
        "group": "gnss",
        "lat": -12.364055500674285,
        "lon": -29.890306254914627,
        "alt_km": 34554.850442319264,
        "timestamp": "2026-02-06T02:47:53.729744+00:00",
        "meta_object_name": "QZS-4 (QZSS/PRN 195)",
        "meta_object_id": "2017-062A",
        "meta_epoch": "2026-02-04T04:24:38.640384",
        "meta_mean_motion": 1.00288705,
        "meta_eccentricity": 0.0750164,
        "meta_inclination": 40.1914,
        "meta_ra_of_asc_node": 345.1836,
        "meta_arg_of_pericenter": 269.3074,
        "meta_mean_anomaly": 85.5103,
        "meta_ephemeris_type": 0,
        "meta_classification_type": "U",
        "meta_norad_cat_id": 42965,
        "meta_element_set_no": 999,
        "meta_rev_at_epoch": 3047,
        "meta_bstar": 0,
        "meta_mean_motion_dot": -3.47e-06,
        "meta_mean_motion_ddot": 0,
        "tle_line1": "1 42965U 17062A   26035.18378056 -.00000347  00000+0  00000+0 0  9999",
        "tle_line2": "2 42965  40.1914 345.1836 0750164 269.3074  85.5103  1.00288705 30478"
      },
      "geometry": {
        "type": "Point",
        "coordinates": [
          -29.890306254914627,
          -12.364055500674285
        ]
      }
    },
    {
      "type": "Feature",
      "properties": {
        "norad_id": 43001,
        "name": "BEIDOU-3 M1 (C19)",
        "group": "gnss",
        "lat": 0.3400839742254129,
        "lon": 67.63646210257878,
        "alt_km": 21509.373670897457,
        "timestamp": "2026-02-06T02:47:53.729757+00:00",
        "meta_object_name": "BEIDOU-3 M1 (C19)",
        "meta_object_id": "2017-069A",
        "meta_epoch": "2026-02-05T13:53:48.619680",
        "meta_mean_motion": 1.86231175,
        "meta_eccentricity": 0.0011656,
        "meta_inclination": 56.5755,
        "meta_ra_of_asc_node": 67.4198,
        "meta_arg_of_pericenter": 306.0537,
        "meta_mean_anomaly": 53.8974,
        "meta_ephemeris_type": 0,
        "meta_classification_type": "U",
        "meta_norad_cat_id": 43001,
        "meta_element_set_no": 999,
        "meta_rev_at_epoch": 5615,
        "meta_bstar": 0,
        "meta_mean_motion_dot": -4.6e-07,
        "meta_mean_motion_ddot": 0,
        "tle_line1": "1 43001U 17069A   26036.57903495 -.00000046  00000+0  00000+0 0  9999",
        "tle_line2": "2 43001  56.5755  67.4198 0011656 306.0537  53.8974  1.86231175 56158"
      },
      "geometry": {
        "type": "Point",
        "coordinates": [
          67.63646210257878,
          0.3400839742254129
        ]
      }
    },
    {
      "type": "Feature",
      "properties": {
        "norad_id": 43002,
        "name": "BEIDOU-3 M2 (C20)",
        "group": "gnss",
        "lat": 33.73291721483377,
        "lon": 93.61409222050693,
        "alt_km": 21517.67716432501,
        "timestamp": "2026-02-06T02:47:53.729769+00:00",
        "meta_object_name": "BEIDOU-3 M2 (C20)",
        "meta_object_id": "2017-069B",
        "meta_epoch": "2026-02-04T10:38:45.318048",
        "meta_mean_motion": 1.86230639,
        "meta_eccentricity": 0.00088087,
        "meta_inclination": 56.5735,
        "meta_ra_of_asc_node": 67.4937,
        "meta_arg_of_pericenter": 326.6809,
        "meta_mean_anomaly": 33.3271,
        "meta_ephemeris_type": 0,
        "meta_classification_type": "U",
        "meta_norad_cat_id": 43002,
        "meta_element_set_no": 999,
        "meta_rev_at_epoch": 5612,
        "meta_bstar": 0,
        "meta_mean_motion_dot": -3.8e-07,
        "meta_mean_motion_ddot": 0,
        "tle_line1": "1 43002U 17069B   26035.44358007 -.00000038  00000+0  00000+0 0  9999",
        "tle_line2": "2 43002  56.5735  67.4937 0008808 326.6809  33.3271  1.86230639 56127"
      },
      "geometry": {
        "type": "Point",
        "coordinates": [
          93.61409222050693,
          33.73291721483377
        ]
      }
    },
    {
      "type": "Feature",
      "properties": {
        "norad_id": 43055,
        "name": "GSAT0215 (GALILEO 19)",
        "group": "gnss",
        "lat": -42.86249326841084,
        "lon": -175.25693152381598,
        "alt_km": 23226.75326297558,
        "timestamp": "2026-02-06T02:47:53.729783+00:00",
        "meta_object_name": "GSAT0215 (GALILEO 19)",
        "meta_object_id": "2017-079A",
        "meta_epoch": "2026-02-03T06:36:03.129408",
        "meta_mean_motion": 1.70474279,
        "meta_eccentricity": 0.00010064,
        "meta_inclination": 55.1157,
        "meta_ra_of_asc_node": 225.1889,
        "meta_arg_of_pericenter": 26.1031,
        "meta_mean_anomaly": 333.9032,
        "meta_ephemeris_type": 0,
        "meta_classification_type": "U",
        "meta_norad_cat_id": 43055,
        "meta_element_set_no": 999,
        "meta_rev_at_epoch": 5070,
        "meta_bstar": 0,
        "meta_mean_motion_dot": 4.7e-07,
        "meta_mean_motion_ddot": 0,
        "tle_line1": "1 43055U 17079A   26034.27503622  .00000047  00000+0  00000+0 0  9992",
        "tle_line2": "2 43055  55.1157 225.1889 0001006  26.1031 333.9032  1.70474279 50704"
      },
      "geometry": {
        "type": "Point",
        "coordinates": [
          -175.25693152381598,
          -42.86249326841084
        ]
      }
    },
    {
      "type": "Feature",
      "properties": {
        "norad_id": 43056,
        "name": "GSAT0216 (GALILEO 20)",
        "group": "gnss",
        "lat": 42.045905318870695,
        "lon": 6.102162253856812,
        "alt_km": 23221.740802576005,
        "timestamp": "2026-02-06T02:47:53.729794+00:00",
        "meta_object_name": "GSAT0216 (GALILEO 20)",
        "meta_object_id": "2017-079B",
        "meta_epoch": "2026-02-04T17:44:46.879008",
        "meta_mean_motion": 1.70474441,
        "meta_eccentricity": 0.0001824,
        "meta_inclination": 55.1142,
        "meta_ra_of_asc_node": 225.1486,
        "meta_arg_of_pericenter": 334.9584,
        "meta_mean_anomaly": 25.027,
        "meta_ephemeris_type": 0,
        "meta_classification_type": "U",
        "meta_norad_cat_id": 43056,
        "meta_element_set_no": 999,
        "meta_rev_at_epoch": 5074,
        "meta_bstar": 0,
        "meta_mean_motion_dot": 4.8e-07,
        "meta_mean_motion_ddot": 0,
        "tle_line1": "1 43056U 17079B   26035.73943147  .00000048  00000+0  00000+0 0  9996",
        "tle_line2": "2 43056  55.1142 225.1486 0001824 334.9584  25.0270  1.70474441 50741"
      },
      "geometry": {
        "type": "Point",
        "coordinates": [
          6.102162253856812,
          42.045905318870695
        ]
      }
    },
    {
      "type": "Feature",
      "properties": {
        "norad_id": 43057,
        "name": "GSAT0217 (GALILEO 21)",
        "group": "gnss",
        "lat": -8.41319046766564,
        "lon": -140.81143858804978,
        "alt_km": 23216.62347421809,
        "timestamp": "2026-02-06T02:47:53.729805+00:00",
        "meta_object_name": "GSAT0217 (GALILEO 21)",
        "meta_object_id": "2017-079C",
        "meta_epoch": "2026-02-04T23:02:38.827968",
        "meta_mean_motion": 1.70474351,
        "meta_eccentricity": 0.00023912,
        "meta_inclination": 55.1142,
        "meta_ra_of_asc_node": 225.1403,
        "meta_arg_of_pericenter": 3.7714,
        "meta_mean_anomaly": 356.2241,
        "meta_ephemeris_type": 0,
        "meta_classification_type": "U",
        "meta_norad_cat_id": 43057,
        "meta_element_set_no": 999,
        "meta_rev_at_epoch": 5073,
        "meta_bstar": 0,
        "meta_mean_motion_dot": 4.8e-07,
        "meta_mean_motion_ddot": 0,
        "tle_line1": "1 43057U 17079C   26035.96017162  .00000048  00000+0  00000+0 0  9991",
        "tle_line2": "2 43057  55.1142 225.1403 0002391   3.7714 356.2241  1.70474351 50733"
      },
      "geometry": {
        "type": "Point",
        "coordinates": [
          -140.81143858804978,
          -8.41319046766564
        ]
      }
    },
    {
      "type": "Feature",
      "properties": {
        "norad_id": 43058,
        "name": "GSAT0218 (GALILEO 22)",
        "group": "gnss",
        "lat": -27.81739922020778,
        "lon": 66.72291364280068,
        "alt_km": 23227.095415071086,
        "timestamp": "2026-02-06T02:47:53.729816+00:00",
        "meta_object_name": "GSAT0218 (GALILEO 22)",
        "meta_object_id": "2017-079D",
        "meta_epoch": "2026-02-04T14:14:50.025120",
        "meta_mean_motion": 1.70474349,
        "meta_eccentricity": 0.00019356,
        "meta_inclination": 55.1138,
        "meta_ra_of_asc_node": 225.1481,
        "meta_arg_of_pericenter": 318.4893,
        "meta_mean_anomaly": 41.4907,
        "meta_ephemeris_type": 0,
        "meta_classification_type": "U",
        "meta_norad_cat_id": 43058,
        "meta_element_set_no": 999,
        "meta_rev_at_epoch": 5075,
        "meta_bstar": 0,
        "meta_mean_motion_dot": 4.7e-07,
        "meta_mean_motion_ddot": 0,
        "tle_line1": "1 43058U 17079D   26035.59363455  .00000047  00000+0  00000+0 0  9999",
        "tle_line2": "2 43058  55.1138 225.1481 0001935 318.4893  41.4907  1.70474349 50753"
      },
      "geometry": {
        "type": "Point",
        "coordinates": [
          66.72291364280068,
          -27.81739922020778
        ]
      }
    },
    {
      "type": "Feature",
      "properties": {
        "norad_id": 43107,
        "name": "BEIDOU-3 M7 (C27)",
        "group": "gnss",
        "lat": -27.473515891603366,
        "lon": 148.70249717373667,
        "alt_km": 21540.891825083814,
        "timestamp": "2026-02-06T02:47:53.729827+00:00",
        "meta_object_name": "BEIDOU-3 M7 (C27)",
        "meta_object_id": "2018-003A",
        "meta_epoch": "2026-02-02T00:54:54.125280",
        "meta_mean_motion": 1.86232155,
        "meta_eccentricity": 0.0004006,
        "meta_inclination": 54.4488,
        "meta_ra_of_asc_node": 307.0298,
        "meta_arg_of_pericenter": 67.0848,
        "meta_mean_anomaly": 293.0015,
        "meta_ephemeris_type": 0,
        "meta_classification_type": "U",
        "meta_norad_cat_id": 43107,
        "meta_element_set_no": 999,
        "meta_rev_at_epoch": 5483,
        "meta_bstar": 0,
        "meta_mean_motion_dot": -6.8e-07,
        "meta_mean_motion_ddot": 0,
        "tle_line1": "1 43107U 18003A   26033.03812645 -.00000068  00000+0  00000+0 0  9993",
        "tle_line2": "2 43107  54.4488 307.0298 0004006  67.0848 293.0015  1.86232155 54835"
      },
      "geometry": {
        "type": "Point",
        "coordinates": [
          148.70249717373667,
          -27.473515891603366
        ]
      }
    },
    {
      "type": "Feature",
      "properties": {
        "norad_id": 43108,
        "name": "BEIDOU-3 M8 (C28)",
        "group": "gnss",
        "lat": -50.30573116582613,
        "lon": -173.7049761400111,
        "alt_km": 21525.434398436922,
        "timestamp": "2026-02-06T02:47:53.729840+00:00",
        "meta_object_name": "BEIDOU-3 M8 (C28)",
        "meta_object_id": "2018-003B",
        "meta_epoch": "2026-02-05T04:55:26.116896",
        "meta_mean_motion": 1.86230699,
        "meta_eccentricity": 0.0003704,
        "meta_inclination": 54.4385,
        "meta_ra_of_asc_node": 306.9017,
        "meta_arg_of_pericenter": 288.3346,
        "meta_mean_anomaly": 71.6723,
        "meta_ephemeris_type": 0,
        "meta_classification_type": "U",
        "meta_norad_cat_id": 43108,
        "meta_element_set_no": 999,
        "meta_rev_at_epoch": 5490,
        "meta_bstar": 0,
        "meta_mean_motion_dot": -8.3e-07,
        "meta_mean_motion_ddot": 0,
        "tle_line1": "1 43108U 18003B   26036.20516339 -.00000083  00000+0  00000+0 0  9994",
        "tle_line2": "2 43108  54.4385 306.9017 0003704 288.3346  71.6723  1.86230699 54909"
      },
      "geometry": {
        "type": "Point",
        "coordinates": [
          -173.7049761400111,
          -50.30573116582613
        ]
      }
    },
    {
      "type": "Feature",
      "properties": {
        "norad_id": 43207,
        "name": "BEIDOU-3 M4 (C22)",
        "group": "gnss",
        "lat": -36.43310863328755,
        "lon": 38.25740519910661,
        "alt_km": 21519.17379189908,
        "timestamp": "2026-02-06T02:47:53.729851+00:00",
        "meta_object_name": "BEIDOU-3 M4 (C22)",
        "meta_object_id": "2018-018A",
        "meta_epoch": "2026-02-05T02:38:53.447712",
        "meta_mean_motion": 1.86231118,
        "meta_eccentricity": 0.0005884,
        "meta_inclination": 56.5339,
        "meta_ra_of_asc_node": 67.5037,
        "meta_arg_of_pericenter": 350.0981,
        "meta_mean_anomaly": 9.9512,
        "meta_ephemeris_type": 0,
        "meta_classification_type": "U",
        "meta_norad_cat_id": 43207,
        "meta_element_set_no": 999,
        "meta_rev_at_epoch": 5428,
        "meta_bstar": 0,
        "meta_mean_motion_dot": -4.3e-07,
        "meta_mean_motion_ddot": 0,
        "tle_line1": "1 43207U 18018A   26036.11034083 -.00000043  00000+0  00000+0 0  9997",
        "tle_line2": "2 43207  56.5339  67.5037 0005884 350.0981   9.9512  1.86231118 54284"
      },
      "geometry": {
        "type": "Point",
        "coordinates": [
          38.25740519910661,
          -36.43310863328755
        ]
      }
    },
    {
      "type": "Feature",
      "properties": {
        "norad_id": 43208,
        "name": "BEIDOU-3 M3 (C21)",
        "group": "gnss",
        "lat": -56.519176686758,
        "lon": -22.583008582214234,
        "alt_km": 21516.463341604955,
        "timestamp": "2026-02-06T02:47:53.729865+00:00",
        "meta_object_name": "BEIDOU-3 M3 (C21)",
        "meta_object_id": "2018-018B",
        "meta_epoch": "2026-02-05T17:07:48.382752",
        "meta_mean_motion": 1.86231266,
        "meta_eccentricity": 0.0009081,
        "meta_inclination": 56.5339,
        "meta_ra_of_asc_node": 67.4877,
        "meta_arg_of_pericenter": 316.1644,
        "meta_mean_anomaly": 43.8222,
        "meta_ephemeris_type": 0,
        "meta_classification_type": "U",
        "meta_norad_cat_id": 43208,
        "meta_element_set_no": 999,
        "meta_rev_at_epoch": 5429,
        "meta_bstar": 0,
        "meta_mean_motion_dot": -4.7e-07,
        "meta_mean_motion_ddot": 0,
        "tle_line1": "1 43208U 18018B   26036.71375443 -.00000047  00000+0  00000+0 0  9996",
        "tle_line2": "2 43208  56.5339  67.4877 0009081 316.1644  43.8222  1.86231266 54298"
      },
      "geometry": {
        "type": "Point",
        "coordinates": [
          -22.583008582214234,
          -56.519176686758
        ]
      }
    },
    {
      "type": "Feature",
      "properties": {
        "norad_id": 43245,
        "name": "BEIDOU-3 M9 (C29)",
        "group": "gnss",
        "lat": 41.872156053080964,
        "lon": 84.49039059737714,
        "alt_km": 21525.426518694203,
        "timestamp": "2026-02-06T02:47:53.729876+00:00",
        "meta_object_name": "BEIDOU-3 M9 (C29)",
        "meta_object_id": "2018-029A",
        "meta_epoch": "2026-02-05T09:26:49.551648",
        "meta_mean_motion": 1.86228129,
        "meta_eccentricity": 9.78e-05,
        "meta_inclination": 54.3132,
        "meta_ra_of_asc_node": 304.5593,
        "meta_arg_of_pericenter": 342.0323,
        "meta_mean_anomaly": 18.014,
        "meta_ephemeris_type": 0,
        "meta_classification_type": "U",
        "meta_norad_cat_id": 43245,
        "meta_element_set_no": 999,
        "meta_rev_at_epoch": 5344,
        "meta_bstar": 0,
        "meta_mean_motion_dot": -8e-07,
        "meta_mean_motion_ddot": 0,
        "tle_line1": "1 43245U 18029A   26036.39362907 -.00000080  00000+0  00000+0 0  9991",
        "tle_line2": "2 43245  54.3132 304.5593 0000978 342.0323  18.0140  1.86228129 53447"
      },
      "geometry": {
        "type": "Point",
        "coordinates": [
          84.49039059737714,
          41.872156053080964
        ]
      }
    },
    {
      "type": "Feature",
      "properties": {
        "norad_id": 43246,
        "name": "BEIDOU-3 M10 (C30)",
        "group": "gnss",
        "lat": 9.42164188331702,
        "lon": 117.72971291985186,
        "alt_km": 21539.393064768363,
        "timestamp": "2026-02-06T02:47:53.729887+00:00",
        "meta_object_name": "BEIDOU-3 M10 (C30)",
        "meta_object_id": "2018-029B",
        "meta_epoch": "2026-02-05T07:53:14.203968",
        "meta_mean_motion": 1.86228854,
        "meta_eccentricity": 0.0004926,
        "meta_inclination": 54.311,
        "meta_ra_of_asc_node": 304.5891,
        "meta_arg_of_pericenter": 16.7793,
        "meta_mean_anomaly": 343.2867,
        "meta_ephemeris_type": 0,
        "meta_classification_type": "U",
        "meta_norad_cat_id": 43246,
        "meta_element_set_no": 999,
        "meta_rev_at_epoch": 5342,
        "meta_bstar": 0,
        "meta_mean_motion_dot": -8e-07,
        "meta_mean_motion_ddot": 0,
        "tle_line1": "1 43246U 18029B   26036.32863662 -.00000080  00000+0  00000+0 0  9999",
        "tle_line2": "2 43246  54.3110 304.5891 0004926  16.7793 343.2867  1.86228854 53420"
      },
      "geometry": {
        "type": "Point",
        "coordinates": [
          117.72971291985186,
          9.42164188331702
        ]
      }
    },
    {
      "type": "Feature",
      "properties": {
        "norad_id": 43286,
        "name": "IRNSS-1I",
        "group": "gnss",
        "lat": 11.001539503209933,
        "lon": -123.99976898251046,
        "alt_km": 35704.451277295615,
        "timestamp": "2026-02-06T02:47:53.729901+00:00",
        "meta_object_name": "IRNSS-1I",
        "meta_object_id": "2018-035A",
        "meta_epoch": "2026-01-30T17:13:56.332704",
        "meta_mean_motion": 1.00275723,
        "meta_eccentricity": 0.00210671,
        "meta_inclination": 29.264,
        "meta_ra_of_asc_node": 76.3296,
        "meta_arg_of_pericenter": 183.9259,
        "meta_mean_anomaly": 183.2889,
        "meta_ephemeris_type": 0,
        "meta_classification_type": "U",
        "meta_norad_cat_id": 43286,
        "meta_element_set_no": 999,
        "meta_rev_at_epoch": 2870,
        "meta_bstar": 0,
        "meta_mean_motion_dot": 6e-07,
        "meta_mean_motion_ddot": 0,
        "tle_line1": "1 43286U 18035A   26030.71801311  .00000060  00000+0  00000+0 0  9997",
        "tle_line2": "2 43286  29.2640  76.3296 0021067 183.9259 183.2889  1.00275723 28707"
      },
      "geometry": {
        "type": "Point",
        "coordinates": [
          -123.99976898251046,
          11.001539503209933
        ]
      }
    },
    {
      "type": "Feature",
      "properties": {
        "norad_id": 43508,
        "name": "COSMOS 2527 (756)",
        "group": "gnss",
        "lat": -30.498948082632705,
        "lon": 62.711716736438284,
        "alt_km": 19132.442252083227,
        "timestamp": "2026-02-06T02:47:53.729913+00:00",
        "meta_object_name": "COSMOS 2527 (756)",
        "meta_object_id": "2018-053A",
        "meta_epoch": "2026-02-05T05:20:06.026208",
        "meta_mean_motion": 2.13102072,
        "meta_eccentricity": 0.0009528,
        "meta_inclination": 65.5015,
        "meta_ra_of_asc_node": 78.3098,
        "meta_arg_of_pericenter": 239.7452,
        "meta_mean_anomaly": 120.2318,
        "meta_ephemeris_type": 0,
        "meta_classification_type": "U",
        "meta_norad_cat_id": 43508,
        "meta_element_set_no": 999,
        "meta_rev_at_epoch": 5946,
        "meta_bstar": 0,
        "meta_mean_motion_dot": -1.1e-07,
        "meta_mean_motion_ddot": 0,
        "tle_line1": "1 43508U 18053A   26036.22229197 -.00000011  00000+0  00000+0 0  9999",
        "tle_line2": "2 43508  65.5015  78.3098 0009528 239.7452 120.2318  2.13102072 59464"
      },
      "geometry": {
        "type": "Point",
        "coordinates": [
          62.711716736438284,
          -30.498948082632705
        ]
      }
    },
    {
      "type": "Feature",
      "properties": {
        "norad_id": 43539,
        "name": "BEIDOU-2 IGSO-7 (C16)",
        "group": "gnss",
        "lat": 42.72952869184055,
        "lon": -55.706249803350666,
        "alt_km": 35926.5865752976,
        "timestamp": "2026-02-06T02:47:53.729924+00:00",
        "meta_object_name": "BEIDOU-2 IGSO-7 (C16)",
        "meta_object_id": "2018-057A",
        "meta_epoch": "2026-02-05T17:27:37.790208",
        "meta_mean_motion": 1.00291248,
        "meta_eccentricity": 0.0098323,
        "meta_inclination": 55.1886,
        "meta_ra_of_asc_node": 164.2083,
        "meta_arg_of_pericenter": 236.2358,
        "meta_mean_anomaly": 108.5151,
        "meta_ephemeris_type": 0,
        "meta_classification_type": "U",
        "meta_norad_cat_id": 43539,
        "meta_element_set_no": 999,
        "meta_rev_at_epoch": 2780,
        "meta_bstar": 0,
        "meta_mean_motion_dot": -1.27e-06,
        "meta_mean_motion_ddot": 0,
        "tle_line1": "1 43539U 18057A   26036.72752072 -.00000127  00000+0  00000+0 0  9993",
        "tle_line2": "2 43539  55.1886 164.2083 0098323 236.2358 108.5151  1.00291248 27802"
      },
      "geometry": {
        "type": "Point",
        "coordinates": [
          -55.706249803350666,
          42.72952869184055
        ]
      }
    },
    {
      "type": "Feature",
      "properties": {
        "norad_id": 43564,
        "name": "GSAT0221 (GALILEO 25)",
        "group": "gnss",
        "lat": -56.993901129787304,
        "lon": -97.09003792797732,
        "alt_km": 23211.03316163402,
        "timestamp": "2026-02-06T02:47:53.729940+00:00",
        "meta_object_name": "GSAT0221 (GALILEO 25)",
        "meta_object_id": "2018-060A",
        "meta_epoch": "2026-01-31T23:27:01.120320",
        "meta_mean_motion": 1.70475392,
        "meta_eccentricity": 0.00063281,
        "meta_inclination": 57.214,
        "meta_ra_of_asc_node": 345.4613,
        "meta_arg_of_pericenter": 298.487,
        "meta_mean_anomaly": 61.4322,
        "meta_ephemeris_type": 0,
        "meta_classification_type": "U",
        "meta_norad_cat_id": 43564,
        "meta_element_set_no": 999,
        "meta_rev_at_epoch": 4684,
        "meta_bstar": 0,
        "meta_mean_motion_dot": -1.02e-06,
        "meta_mean_motion_ddot": 0,
        "tle_line1": "1 43564U 18060A   26031.97709630 -.00000102  00000+0  00000+0 0  9992",
        "tle_line2": "2 43564  57.2140 345.4613 0006328 298.4870  61.4322  1.70475392 46844"
      },
      "geometry": {
        "type": "Point",
        "coordinates": [
          -97.09003792797732,
          -56.993901129787304
        ]
      }
    },
    {
      "type": "Feature",
      "properties": {
        "norad_id": 43565,
        "name": "GSAT0222 (GALILEO 26)",
        "group": "gnss",
        "lat": 33.11400489353375,
        "lon": 140.4841254094661,
        "alt_km": 23229.89088817526,
        "timestamp": "2026-02-06T02:47:53.729951+00:00",
        "meta_object_name": "GSAT0222 (GALILEO 26)",
        "meta_object_id": "2018-060B",
        "meta_epoch": "2026-02-02T08:52:21.901152",
        "meta_mean_motion": 1.70475143,
        "meta_eccentricity": 0.00052052,
        "meta_inclination": 57.2172,
        "meta_ra_of_asc_node": 345.427,
        "meta_arg_of_pericenter": 279.5246,
        "meta_mean_anomaly": 80.401,
        "meta_ephemeris_type": 0,
        "meta_classification_type": "U",
        "meta_norad_cat_id": 43565,
        "meta_element_set_no": 999,
        "meta_rev_at_epoch": 4691,
        "meta_bstar": 0,
        "meta_mean_motion_dot": -1.05e-06,
        "meta_mean_motion_ddot": 0,
        "tle_line1": "1 43565U 18060B   26033.36969793 -.00000105  00000+0  00000+0 0  9999",
        "tle_line2": "2 43565  57.2172 345.4270 0005205 279.5246  80.4010  1.70475143 46916"
      },
      "geometry": {
        "type": "Point",
        "coordinates": [
          140.4841254094661,
          33.11400489353375
        ]
      }
    },
    {
      "type": "Feature",
      "properties": {
        "norad_id": 43566,
        "name": "GSAT0219 (GALILEO 23)",
        "group": "gnss",
        "lat": 3.24356212506873,
        "lon": -12.595948742009615,
        "alt_km": 23213.016270741133,
        "timestamp": "2026-02-06T02:47:53.729963+00:00",
        "meta_object_name": "GSAT0219 (GALILEO 23)",
        "meta_object_id": "2018-060C",
        "meta_epoch": "2026-02-03T18:20:05.809632",
        "meta_mean_motion": 1.70475417,
        "meta_eccentricity": 0.00055978,
        "meta_inclination": 57.2159,
        "meta_ra_of_asc_node": 345.391,
        "meta_arg_of_pericenter": 306.14,
        "meta_mean_anomaly": 53.7958,
        "meta_ephemeris_type": 0,
        "meta_classification_type": "U",
        "meta_norad_cat_id": 43566,
        "meta_element_set_no": 999,
        "meta_rev_at_epoch": 4691,
        "meta_bstar": 0,
        "meta_mean_motion_dot": -1.05e-06,
        "meta_mean_motion_ddot": 0,
        "tle_line1": "1 43566U 18060C   26034.76395613 -.00000105  00000+0  00000+0 0  9999",
        "tle_line2": "2 43566  57.2159 345.3910 0005597 306.1400  53.7958  1.70475417 46913"
      },
      "geometry": {
        "type": "Point",
        "coordinates": [
          -12.595948742009615,
          3.24356212506873
        ]
      }
    },
    {
      "type": "Feature",
      "properties": {
        "norad_id": 43567,
        "name": "GSAT0220 (GALILEO 24)",
        "group": "gnss",
        "lat": -38.80077627730426,
        "lon": -163.51364694306076,
        "alt_km": 23222.09427454794,
        "timestamp": "2026-02-06T02:47:53.729976+00:00",
        "meta_object_name": "GSAT0220 (GALILEO 24)",
        "meta_object_id": "2018-060D",
        "meta_epoch": "2026-02-03T23:38:15.336672",
        "meta_mean_motion": 1.70475444,
        "meta_eccentricity": 0.00058006,
        "meta_inclination": 57.2155,
        "meta_ra_of_asc_node": 345.3844,
        "meta_arg_of_pericenter": 302.424,
        "meta_mean_anomaly": 57.5081,
        "meta_ephemeris_type": 0,
        "meta_classification_type": "U",
        "meta_norad_cat_id": 43567,
        "meta_element_set_no": 999,
        "meta_rev_at_epoch": 4690,
        "meta_bstar": 0,
        "meta_mean_motion_dot": -1.05e-06,
        "meta_mean_motion_ddot": 0,
        "tle_line1": "1 43567U 18060D   26034.98489973 -.00000105  00000+0  00000+0 0  9997",
        "tle_line2": "2 43567  57.2155 345.3844 0005800 302.4240  57.5081  1.70475444 46902"
      },
      "geometry": {
        "type": "Point",
        "coordinates": [
          -163.51364694306076,
          -38.80077627730426
        ]
      }
    },
    {
      "type": "Feature",
      "properties": {
        "norad_id": 43581,
        "name": "BEIDOU-3 M5 (C23)",
        "group": "gnss",
        "lat": 14.467768804194957,
        "lon": -162.479668910766,
        "alt_km": 21522.84636548621,
        "timestamp": "2026-02-06T02:47:53.729988+00:00",
        "meta_object_name": "BEIDOU-3 M5 (C23)",
        "meta_object_id": "2018-062A",
        "meta_epoch": "2026-02-05T00:22:52.591872",
        "meta_mean_motion": 1.86228665,
        "meta_eccentricity": 0.0001714,
        "meta_inclination": 54.0898,
        "meta_ra_of_asc_node": 186.7964,
        "meta_arg_of_pericenter": 340.1147,
        "meta_mean_anomaly": 19.8278,
        "meta_ephemeris_type": 0,
        "meta_classification_type": "U",
        "meta_norad_cat_id": 43581,
        "meta_element_set_no": 999,
        "meta_rev_at_epoch": 5117,
        "meta_bstar": 0,
        "meta_mean_motion_dot": 3.7e-07,
        "meta_mean_motion_ddot": 0,
        "tle_line1": "1 43581U 18062A   26036.01588648  .00000037  00000+0  00000+0 0  9993",
        "tle_line2": "2 43581  54.0898 186.7964 0001714 340.1147  19.8278  1.86228665 51174"
      },
      "geometry": {
        "type": "Point",
        "coordinates": [
          -162.479668910766,
          14.467768804194957
        ]
      }
    },
    {
      "type": "Feature",
      "properties": {
        "norad_id": 43582,
        "name": "BEIDOU-3 M6 (C24)",
        "group": "gnss",
        "lat": 49.512412693969765,
        "lon": -51.28970122905028,
        "alt_km": 21512.959878723446,
        "timestamp": "2026-02-06T02:47:53.729999+00:00",
        "meta_object_name": "BEIDOU-3 M6 (C24)",
        "meta_object_id": "2018-062B",
        "meta_epoch": "2026-02-04T08:12:06.327360",
        "meta_mean_motion": 1.86229434,
        "meta_eccentricity": 0.0007107,
        "meta_inclination": 54.0897,
        "meta_ra_of_asc_node": 186.8086,
        "meta_arg_of_pericenter": 48.246,
        "meta_mean_anomaly": 311.7614,
        "meta_ephemeris_type": 0,
        "meta_classification_type": "U",
        "meta_norad_cat_id": 43582,
        "meta_element_set_no": 999,
        "meta_rev_at_epoch": 5116,
        "meta_bstar": 0,
        "meta_mean_motion_dot": 2.9e-07,
        "meta_mean_motion_ddot": 0,
        "tle_line1": "1 43582U 18062B   26035.34173990  .00000029  00000+0  00000+0 0  9990",
        "tle_line2": "2 43582  54.0897 186.8086 0007107  48.2460 311.7614  1.86229434 51168"
      },
      "geometry": {
        "type": "Point",
        "coordinates": [
          -51.28970122905028,
          49.512412693969765
        ]
      }
    },
    {
      "type": "Feature",
      "properties": {
        "norad_id": 43602,
        "name": "BEIDOU-3 M12 (C26)",
        "group": "gnss",
        "lat": 22.79815568770772,
        "lon": -12.182299330740372,
        "alt_km": 21534.077411440565,
        "timestamp": "2026-02-06T02:47:53.730009+00:00",
        "meta_object_name": "BEIDOU-3 M12 (C26)",
        "meta_object_id": "2018-067A",
        "meta_epoch": "2026-02-05T08:29:49.183008",
        "meta_mean_motion": 1.86227678,
        "meta_eccentricity": 0.00089418,
        "meta_inclination": 54.1842,
        "meta_ra_of_asc_node": 185.5099,
        "meta_arg_of_pericenter": 41.5846,
        "meta_mean_anomaly": 318.4337,
        "meta_ephemeris_type": 0,
        "meta_classification_type": "U",
        "meta_norad_cat_id": 43602,
        "meta_element_set_no": 999,
        "meta_rev_at_epoch": 5066,
        "meta_bstar": 0,
        "meta_mean_motion_dot": 4e-07,
        "meta_mean_motion_ddot": 0,
        "tle_line1": "1 43602U 18067A   26036.35404147  .00000040  00000+0  00000+0 0  9994",
        "tle_line2": "2 43602  54.1842 185.5099 0008941  41.5846 318.4337  1.86227678 50661"
      },
      "geometry": {
        "type": "Point",
        "coordinates": [
          -12.182299330740372,
          22.79815568770772
        ]
      }
    },
    {
      "type": "Feature",
      "properties": {
        "norad_id": 43603,
        "name": "BEIDOU-3 M11 (C25)",
        "group": "gnss",
        "lat": 45.18796710172114,
        "lon": -127.96694218411076,
        "alt_km": 21509.33476070539,
        "timestamp": "2026-02-06T02:47:53.730023+00:00",
        "meta_object_name": "BEIDOU-3 M11 (C25)",
        "meta_object_id": "2018-067B",
        "meta_epoch": "2026-02-05T11:43:44.283072",
        "meta_mean_motion": 1.86227174,
        "meta_eccentricity": 0.0005355,
        "meta_inclination": 54.1815,
        "meta_ra_of_asc_node": 185.4691,
        "meta_arg_of_pericenter": 37.253,
        "meta_mean_anomaly": 322.7351,
        "meta_ephemeris_type": 0,
        "meta_classification_type": "U",
        "meta_norad_cat_id": 43603,
        "meta_element_set_no": 999,
        "meta_rev_at_epoch": 5069,
        "meta_bstar": 0,
        "meta_mean_motion_dot": 4.2e-07,
        "meta_mean_motion_ddot": 0,
        "tle_line1": "1 43603U 18067B   26036.48870698  .00000042  00000+0  00000+0 0  9999",
        "tle_line2": "2 43603  54.1815 185.4691 0005355  37.2530 322.7351  1.86227174 50695"
      },
      "geometry": {
        "type": "Point",
        "coordinates": [
          -127.96694218411076,
          45.18796710172114
        ]
      }
    },
    {
      "type": "Feature",
      "properties": {
        "norad_id": 43622,
        "name": "BEIDOU-3 M13 (C32)",
        "group": "gnss",
        "lat": 56.49142652934799,
        "lon": 157.59429762960235,
        "alt_km": 21540.953291576054,
        "timestamp": "2026-02-06T02:47:53.730034+00:00",
        "meta_object_name": "BEIDOU-3 M13 (C32)",
        "meta_object_id": "2018-072A",
        "meta_epoch": "2026-02-04T21:47:27.167712",
        "meta_mean_motion": 1.86230802,
        "meta_eccentricity": 0.0008254,
        "meta_inclination": 56.5071,
        "meta_ra_of_asc_node": 67.0254,
        "meta_arg_of_pericenter": 303.2569,
        "meta_mean_anomaly": 56.725,
        "meta_ephemeris_type": 0,
        "meta_classification_type": "U",
        "meta_norad_cat_id": 43622,
        "meta_element_set_no": 999,
        "meta_rev_at_epoch": 5019,
        "meta_bstar": 0,
        "meta_mean_motion_dot": -4.2e-07,
        "meta_mean_motion_ddot": 0,
        "tle_line1": "1 43622U 18072A   26035.90795333 -.00000042  00000+0  00000+0 0  9995",
        "tle_line2": "2 43622  56.5071  67.0254 0008254 303.2569  56.7250  1.86230802 50194"
      },
      "geometry": {
        "type": "Point",
        "coordinates": [
          157.59429762960235,
          56.49142652934799
        ]
      }
    },
    {
      "type": "Feature",
      "properties": {
        "norad_id": 43623,
        "name": "BEIDOU-3 M14 (C33)",
        "group": "gnss",
        "lat": -0.4263854957482331,
        "lon": -112.72842331970729,
        "alt_km": 21540.94705777784,
        "timestamp": "2026-02-06T02:47:53.730045+00:00",
        "meta_object_name": "BEIDOU-3 M14 (C33)",
        "meta_object_id": "2018-072B",
        "meta_epoch": "2026-02-05T07:26:55.853952",
        "meta_mean_motion": 1.86230837,
        "meta_eccentricity": 0.000553,
        "meta_inclination": 56.5092,
        "meta_ra_of_asc_node": 67.0063,
        "meta_arg_of_pericenter": 324.8039,
        "meta_mean_anomaly": 35.2192,
        "meta_ephemeris_type": 0,
        "meta_classification_type": "U",
        "meta_norad_cat_id": 43623,
        "meta_element_set_no": 999,
        "meta_rev_at_epoch": 5019,
        "meta_bstar": 0,
        "meta_mean_motion_dot": -4.5e-07,
        "meta_mean_motion_ddot": 0,
        "tle_line1": "1 43623U 18072B   26036.31036868 -.00000045  00000+0  00000+0 0  9996",
        "tle_line2": "2 43623  56.5092  67.0063 0005530 324.8039  35.2192  1.86230837 50196"
      },
      "geometry": {
        "type": "Point",
        "coordinates": [
          -112.72842331970729,
          -0.4263854957482331
        ]
      }
    },
    {
      "type": "Feature",
      "properties": {
        "norad_id": 43647,
        "name": "BEIDOU-3 M16 (C35)",
        "group": "gnss",
        "lat": 51.69701986027546,
        "lon": 10.434919166342981,
        "alt_km": 21506.58753520308,
        "timestamp": "2026-02-06T02:47:53.730057+00:00",
        "meta_object_name": "BEIDOU-3 M16 (C35)",
        "meta_object_id": "2018-078A",
        "meta_epoch": "2026-02-05T11:13:14.130624",
        "meta_mean_motion": 1.8623234,
        "meta_eccentricity": 0.0008224,
        "meta_inclination": 54.2092,
        "meta_ra_of_asc_node": 304.6059,
        "meta_arg_of_pericenter": 26.8407,
        "meta_mean_anomaly": 333.2513,
        "meta_ephemeris_type": 0,
        "meta_classification_type": "U",
        "meta_norad_cat_id": 43647,
        "meta_element_set_no": 999,
        "meta_rev_at_epoch": 4970,
        "meta_bstar": 0,
        "meta_mean_motion_dot": -8.1e-07,
        "meta_mean_motion_ddot": 0,
        "tle_line1": "1 43647U 18078A   26036.46752466 -.00000081  00000+0  00000+0 0  9993",
        "tle_line2": "2 43647  54.2092 304.6059 0008224  26.8407 333.2513  1.86232340 49707"
      },
      "geometry": {
        "type": "Point",
        "coordinates": [
          10.434919166342981,
          51.69701986027546
        ]
      }
    },
    {
      "type": "Feature",
      "properties": {
        "norad_id": 43648,
        "name": "BEIDOU-3 M15 (C34)",
        "group": "gnss",
        "lat": -9.308002847379955,
        "lon": -62.18987844980034,
        "alt_km": 21519.365324058424,
        "timestamp": "2026-02-06T02:47:53.730069+00:00",
        "meta_object_name": "BEIDOU-3 M15 (C34)",
        "meta_object_id": "2018-078B",
        "meta_epoch": "2026-02-04T12:32:57.621696",
        "meta_mean_motion": 1.86231918,
        "meta_eccentricity": 0.00044945,
        "meta_inclination": 54.2066,
        "meta_ra_of_asc_node": 304.6397,
        "meta_arg_of_pericenter": 25.5089,
        "meta_mean_anomaly": 334.5633,
        "meta_ephemeris_type": 0,
        "meta_classification_type": "U",
        "meta_norad_cat_id": 43648,
        "meta_element_set_no": 999,
        "meta_rev_at_epoch": 4970,
        "meta_bstar": 0,
        "meta_mean_motion_dot": -7.7e-07,
        "meta_mean_motion_ddot": 0,
        "tle_line1": "1 43648U 18078B   26035.52288914 -.00000077  00000+0  00000+0 0  9997",
        "tle_line2": "2 43648  54.2066 304.6397 0004494  25.5089 334.5633  1.86231918 49708"
      },
      "geometry": {
        "type": "Point",
        "coordinates": [
          -62.18987844980034,
          -9.308002847379955
        ]
      }
    },
    {
      "type": "Feature",
      "properties": {
        "norad_id": 43683,
        "name": "BEIDOU-3 G1 (C59)",
        "group": "gnss",
        "lat": -1.6652647827152003,
        "lon": -41.724137967883436,
        "alt_km": 35791.394225428434,
        "timestamp": "2026-02-06T02:47:53.730080+00:00",
        "meta_object_name": "BEIDOU-3 G1 (C59)",
        "meta_object_id": "2018-085A",
        "meta_epoch": "2026-02-05T20:51:30.940704",
        "meta_mean_motion": 1.00271383,
        "meta_eccentricity": 0.0001187,
        "meta_inclination": 2.7453,
        "meta_ra_of_asc_node": 101.2289,
        "meta_arg_of_pericenter": 47.1507,
        "meta_mean_anomaly": 80.5563,
        "meta_ephemeris_type": 0,
        "meta_classification_type": "U",
        "meta_norad_cat_id": 43683,
        "meta_element_set_no": 999,
        "meta_rev_at_epoch": 2674,
        "meta_bstar": 0,
        "meta_mean_motion_dot": -2.79e-06,
        "meta_mean_motion_ddot": 0,
        "tle_line1": "1 43683U 18085A   26036.86910811 -.00000279  00000+0  00000+0 0  9994",
        "tle_line2": "2 43683   2.7453 101.2289 0001187  47.1507  80.5563  1.00271383 26742"
      },
      "geometry": {
        "type": "Point",
        "coordinates": [
          -41.724137967883436,
          -1.6652647827152003
        ]
      }
    },
    {
      "type": "Feature",
      "properties": {
        "norad_id": 43687,
        "name": "COSMOS 2529 (757)",
        "group": "gnss",
        "lat": -58.747710935292,
        "lon": 69.53797964861505,
        "alt_km": 19118.09665359274,
        "timestamp": "2026-02-06T02:47:53.730091+00:00",
        "meta_object_name": "COSMOS 2529 (757)",
        "meta_object_id": "2018-086A",
        "meta_epoch": "2026-02-04T09:08:21.382656",
        "meta_mean_motion": 2.13101893,
        "meta_eccentricity": 0.00071016,
        "meta_inclination": 64.2953,
        "meta_ra_of_asc_node": 197.0753,
        "meta_arg_of_pericenter": 252.2767,
        "meta_mean_anomaly": 107.6154,
        "meta_ephemeris_type": 0,
        "meta_classification_type": "U",
        "meta_norad_cat_id": 43687,
        "meta_element_set_no": 999,
        "meta_rev_at_epoch": 5645,
        "meta_bstar": 0,
        "meta_mean_motion_dot": 4.2e-07,
        "meta_mean_motion_ddot": 0,
        "tle_line1": "1 43687U 18086A   26035.38080304  .00000042  00000+0  00000+0 0  9997",
        "tle_line2": "2 43687  64.2953 197.0753 0007101 252.2767 107.6154  2.13101893 56453"
      },
      "geometry": {
        "type": "Point",
        "coordinates": [
          69.53797964861505,
          -58.747710935292
        ]
      }
    },
    {
      "type": "Feature",
      "properties": {
        "norad_id": 43706,
        "name": "BEIDOU-3 M17 (C36)",
        "group": "gnss",
        "lat": -45.56160646240906,
        "lon": 54.1491808912263,
        "alt_km": 21524.78911446726,
        "timestamp": "2026-02-06T02:47:53.730104+00:00",
        "meta_object_name": "BEIDOU-3 M17 (C36)",
        "meta_object_id": "2018-093A",
        "meta_epoch": "2026-02-05T18:54:40.953600",
        "meta_mean_motion": 1.86228415,
        "meta_eccentricity": 0.0006329,
        "meta_inclination": 54.1735,
        "meta_ra_of_asc_node": 186.7528,
        "meta_arg_of_pericenter": 302.2318,
        "meta_mean_anomaly": 79.1476,
        "meta_ephemeris_type": 0,
        "meta_classification_type": "U",
        "meta_norad_cat_id": 43706,
        "meta_element_set_no": 999,
        "meta_rev_at_epoch": 4909,
        "meta_bstar": 0,
        "meta_mean_motion_dot": 4.6e-07,
        "meta_mean_motion_ddot": 0,
        "tle_line1": "1 43706U 18093A   26036.78797400  .00000046  00000+0  00000+0 0  9998",
        "tle_line2": "2 43706  54.1735 186.7528 0006329 302.2318  79.1476  1.86228415 49096"
      },
      "geometry": {
        "type": "Point",
        "coordinates": [
          54.1491808912263,
          -45.56160646240906
        ]
      }
    },
    {
      "type": "Feature",
      "properties": {
        "norad_id": 43707,
        "name": "BEIDOU-3 M18 (C37)",
        "group": "gnss",
        "lat": -20.62217815716775,
        "lon": 170.96058175736678,
        "alt_km": 21515.157152232237,
        "timestamp": "2026-02-06T02:47:53.730118+00:00",
        "meta_object_name": "BEIDOU-3 M18 (C37)",
        "meta_object_id": "2018-093B",
        "meta_epoch": "2026-02-04T13:03:26.718336",
        "meta_mean_motion": 1.86226523,
        "meta_eccentricity": 0.00059995,
        "meta_inclination": 54.1742,
        "meta_ra_of_asc_node": 186.787,
        "meta_arg_of_pericenter": 349.9037,
        "meta_mean_anomaly": 10.0316,
        "meta_ephemeris_type": 0,
        "meta_classification_type": "U",
        "meta_norad_cat_id": 43707,
        "meta_element_set_no": 999,
        "meta_rev_at_epoch": 4906,
        "meta_bstar": 0,
        "meta_mean_motion_dot": 3.2e-07,
        "meta_mean_motion_ddot": 0,
        "tle_line1": "1 43707U 18093B   26035.54405924  .00000032  00000+0  00000+0 0  9994",
        "tle_line2": "2 43707  54.1742 186.7870 0005999 349.9037  10.0316  1.86226523 49065"
      },
      "geometry": {
        "type": "Point",
        "coordinates": [
          170.96058175736678,
          -20.62217815716775
        ]
      }
    },
    {
      "type": "Feature",
      "properties": {
        "norad_id": 43873,
        "name": "GPS BIII-1  (PRN 04)",
        "group": "gnss",
        "lat": 11.303520160101595,
        "lon": -90.48873290006699,
        "alt_km": 20095.65543953268,
        "timestamp": "2026-02-06T02:47:53.730142+00:00",
        "meta_object_name": "GPS BIII-1  (PRN 04)",
        "meta_object_id": "2018-109A",
        "meta_epoch": "2026-02-05T06:59:44.191680",
        "meta_mean_motion": 2.00555563,
        "meta_eccentricity": 0.0037857,
        "meta_inclination": 55.5976,
        "meta_ra_of_asc_node": 97.391,
        "meta_arg_of_pericenter": 197.3781,
        "meta_mean_anomaly": 93.3711,
        "meta_ephemeris_type": 0,
        "meta_classification_type": "U",
        "meta_norad_cat_id": 43873,
        "meta_element_set_no": 999,
        "meta_rev_at_epoch": 5242,
        "meta_bstar": 0,
        "meta_mean_motion_dot": -1.9e-07,
        "meta_mean_motion_ddot": 0,
        "tle_line1": "1 43873U 18109A   26036.29148370 -.00000019  00000+0  00000+0 0  9994",
        "tle_line2": "2 43873  55.5976  97.3910 0037857 197.3781  93.3711  2.00555563 52427"
      },
      "geometry": {
        "type": "Point",
        "coordinates": [
          -90.48873290006699,
          11.303520160101595
        ]
      }
    },
    {
      "type": "Feature",
      "properties": {
        "norad_id": 44231,
        "name": "BEIDOU-2 G8 (C01)",
        "group": "gnss",
        "lat": -1.6813667870584228,
        "lon": -37.30100845683079,
        "alt_km": 35749.20789861115,
        "timestamp": "2026-02-06T02:47:53.730156+00:00",
        "meta_object_name": "BEIDOU-2 G8 (C01)",
        "meta_object_id": "2019-027A",
        "meta_epoch": "2026-02-05T20:52:45.820992",
        "meta_mean_motion": 1.00269269,
        "meta_eccentricity": 0.0009316,
        "meta_inclination": 1.8013,
        "meta_ra_of_asc_node": 74.7974,
        "meta_arg_of_pericenter": 264.4661,
        "meta_mean_anomaly": 254.4212,
        "meta_ephemeris_type": 0,
        "meta_classification_type": "U",
        "meta_norad_cat_id": 44231,
        "meta_element_set_no": 999,
        "meta_rev_at_epoch": 2476,
        "meta_bstar": 0,
        "meta_mean_motion_dot": -2.49e-06,
        "meta_mean_motion_ddot": 0,
        "tle_line1": "1 44231U 19027A   26036.86997478 -.00000249  00000+0  00000+0 0  9992",
        "tle_line2": "2 44231   1.8013  74.7974 0009316 264.4661 254.4212  1.00269269 24769"
      },
      "geometry": {
        "type": "Point",
        "coordinates": [
          -37.30100845683079,
          -1.6813667870584228
        ]
      }
    },
    {
      "type": "Feature",
      "properties": {
        "norad_id": 44299,
        "name": "COSMOS 2534 (758)",
        "group": "gnss",
        "lat": 23.379690690907356,
        "lon": -150.99665597778733,
        "alt_km": 19132.548330895268,
        "timestamp": "2026-02-06T02:47:53.730167+00:00",
        "meta_object_name": "COSMOS 2534 (758)",
        "meta_object_id": "2019-030A",
        "meta_epoch": "2026-02-05T07:25:18.590880",
        "meta_mean_motion": 2.13102263,
        "meta_eccentricity": 0.0008816,
        "meta_inclination": 64.3687,
        "meta_ra_of_asc_node": 197.0537,
        "meta_arg_of_pericenter": 282.6324,
        "meta_mean_anomaly": 203.9806,
        "meta_ephemeris_type": 0,
        "meta_classification_type": "U",
        "meta_norad_cat_id": 44299,
        "meta_element_set_no": 999,
        "meta_rev_at_epoch": 5211,
        "meta_bstar": 0,
        "meta_mean_motion_dot": 5.2e-07,
        "meta_mean_motion_ddot": 0,
        "tle_line1": "1 44299U 19030A   26036.30924295  .00000052  00000+0  00000+0 0  9997",
        "tle_line2": "2 44299  64.3687 197.0537 0008816 282.6324 203.9806  2.13102263 52113"
      },
      "geometry": {
        "type": "Point",
        "coordinates": [
          -150.99665597778733,
          23.379690690907356
        ]
      }
    },
    {
      "type": "Feature",
      "properties": {
        "norad_id": 44337,
        "name": "BEIDOU-3 IGSO-2 (C39)",
        "group": "gnss",
        "lat": 35.415071925946634,
        "lon": -49.519727723471284,
        "alt_km": 35730.42164718028,
        "timestamp": "2026-02-06T02:47:53.730179+00:00",
        "meta_object_name": "BEIDOU-3 IGSO-2 (C39)",
        "meta_object_id": "2019-035A",
        "meta_epoch": "2026-02-05T15:29:56.807232",
        "meta_mean_motion": 1.00254002,
        "meta_eccentricity": 0.0038213,
        "meta_inclination": 55.234,
        "meta_ra_of_asc_node": 160.019,
        "meta_arg_of_pericenter": 204.8475,
        "meta_mean_anomaly": 120.6945,
        "meta_ephemeris_type": 0,
        "meta_classification_type": "U",
        "meta_norad_cat_id": 44337,
        "meta_element_set_no": 999,
        "meta_rev_at_epoch": 2434,
        "meta_bstar": 0,
        "meta_mean_motion_dot": -1.35e-06,
        "meta_mean_motion_ddot": 0,
        "tle_line1": "1 44337U 19035A   26036.64579638 -.00000135  00000+0  00000+0 0  9992",
        "tle_line2": "2 44337  55.2340 160.0190 0038213 204.8475 120.6945  1.00254002 24340"
      },
      "geometry": {
        "type": "Point",
        "coordinates": [
          -49.519727723471284,
          35.415071925946634
        ]
      }
    },
    {
      "type": "Feature",
      "properties": {
        "norad_id": 44506,
        "name": "GPS BIII-2  (PRN 18)",
        "group": "gnss",
        "lat": 48.6352882865824,
        "lon": 27.095717656411335,
        "alt_km": 20280.411346534405,
        "timestamp": "2026-02-06T02:47:53.730190+00:00",
        "meta_object_name": "GPS BIII-2  (PRN 18)",
        "meta_object_id": "2019-056A",
        "meta_epoch": "2026-02-05T18:59:22.949376",
        "meta_mean_motion": 2.0056777,
        "meta_eccentricity": 0.0057743,
        "meta_inclination": 55.6978,
        "meta_ra_of_asc_node": 336.3667,
        "meta_arg_of_pericenter": 198.4949,
        "meta_mean_anomaly": 352.3408,
        "meta_ephemeris_type": 0,
        "meta_classification_type": "U",
        "meta_norad_cat_id": 44506,
        "meta_element_set_no": 999,
        "meta_rev_at_epoch": 4743,
        "meta_bstar": 0,
        "meta_mean_motion_dot": -1.04e-06,
        "meta_mean_motion_ddot": 0,
        "tle_line1": "1 44506U 19056A   26036.79123784 -.00000104  00000+0  00000+0 0  9992",
        "tle_line2": "2 44506  55.6978 336.3667 0057743 198.4949 352.3408  2.00567770 47432"
      },
      "geometry": {
        "type": "Point",
        "coordinates": [
          27.095717656411335,
          48.6352882865824
        ]
      }
    },
    {
      "type": "Feature",
      "properties": {
        "norad_id": 44542,
        "name": "BEIDOU-3 M24 (C46)",
        "group": "gnss",
        "lat": -51.00160033956463,
        "lon": 124.98428975250435,
        "alt_km": 21537.360334588666,
        "timestamp": "2026-02-06T02:47:53.730201+00:00",
        "meta_object_name": "BEIDOU-3 M24 (C46)",
        "meta_object_id": "2019-061A",
        "meta_epoch": "2026-02-04T01:51:30.860928",
        "meta_mean_motion": 1.86228956,
        "meta_eccentricity": 0.00091153,
        "meta_inclination": 54.4009,
        "meta_ra_of_asc_node": 187.2159,
        "meta_arg_of_pericenter": 25.1242,
        "meta_mean_anomaly": 334.8662,
        "meta_ephemeris_type": 0,
        "meta_classification_type": "U",
        "meta_norad_cat_id": 44542,
        "meta_element_set_no": 999,
        "meta_rev_at_epoch": 4331,
        "meta_bstar": 0,
        "meta_mean_motion_dot": 2.7e-07,
        "meta_mean_motion_ddot": 0,
        "tle_line1": "1 44542U 19061A   26035.07744052  .00000027  00000+0  00000+0 0  9998",
        "tle_line2": "2 44542  54.4009 187.2159 0009115  25.1242 334.8662  1.86228956 43318"
      },
      "geometry": {
        "type": "Point",
        "coordinates": [
          124.98428975250435,
          -51.00160033956463
        ]
      }
    },
    {
      "type": "Feature",
      "properties": {
        "norad_id": 44543,
        "name": "BEIDOU-3 M23 (C45)",
        "group": "gnss",
        "lat": -15.867015825744016,
        "lon": 18.85006403594631,
        "alt_km": 21546.26547927358,
        "timestamp": "2026-02-06T02:47:53.730212+00:00",
        "meta_object_name": "BEIDOU-3 M23 (C45)",
        "meta_object_id": "2019-061B",
        "meta_epoch": "2026-02-05T19:34:17.133312",
        "meta_mean_motion": 1.86227394,
        "meta_eccentricity": 0.0005609,
        "meta_inclination": 54.3994,
        "meta_ra_of_asc_node": 187.1255,
        "meta_arg_of_pericenter": 23.2012,
        "meta_mean_anomaly": 334.468,
        "meta_ephemeris_type": 0,
        "meta_classification_type": "U",
        "meta_norad_cat_id": 44543,
        "meta_element_set_no": 999,
        "meta_rev_at_epoch": 4334,
        "meta_bstar": 0,
        "meta_mean_motion_dot": 4.6e-07,
        "meta_mean_motion_ddot": 0,
        "tle_line1": "1 44543U 19061B   26036.81547608  .00000046  00000+0  00000+0 0  9991",
        "tle_line2": "2 44543  54.3994 187.1255 0005609  23.2012 334.4680  1.86227394 43349"
      },
      "geometry": {
        "type": "Point",
        "coordinates": [
          18.85006403594631,
          -15.867015825744016
        ]
      }
    },
    {
      "type": "Feature",
      "properties": {
        "norad_id": 44624,
        "name": "EUTELSAT 5 WEST B (EGNOS/PRN 121)",
        "group": "gnss",
        "lat": -0.03236466462203693,
        "lon": 173.20547848432182,
        "alt_km": 35797.16693566257,
        "timestamp": "2026-02-06T02:47:53.730229+00:00",
        "meta_object_name": "EUTELSAT 5 WEST B (EGNOS/PRN 121)",
        "meta_object_id": "2019-067A",
        "meta_epoch": "2026-02-05T18:27:22.253184",
        "meta_mean_motion": 1.00272715,
        "meta_eccentricity": 0.0003153,
        "meta_inclination": 0.0846,
        "meta_ra_of_asc_node": 312.1056,
        "meta_arg_of_pericenter": 9.3242,
        "meta_mean_anomaly": 86.2873,
        "meta_ephemeris_type": 0,
        "meta_classification_type": "U",
        "meta_norad_cat_id": 44624,
        "meta_element_set_no": 999,
        "meta_rev_at_epoch": 2311,
        "meta_bstar": 0,
        "meta_mean_motion_dot": -4.3e-07,
        "meta_mean_motion_ddot": 0,
        "tle_line1": "1 44624U 19067A   26036.76900756 -.00000043  00000+0  00000+0 0  9996",
        "tle_line2": "2 44624   0.0846 312.1056 0003153   9.3242  86.2873  1.00272715 23116"
      },
      "geometry": {
        "type": "Point",
        "coordinates": [
          173.20547848432182,
          -0.03236466462203693
        ]
      }
    },
    {
      "type": "Feature",
      "properties": {
        "norad_id": 44793,
        "name": "BEIDOU-3 M22 (C44)",
        "group": "gnss",
        "lat": 27.42986092168779,
        "lon": -33.45291443803401,
        "alt_km": 21505.34853713852,
        "timestamp": "2026-02-06T02:47:53.730241+00:00",
        "meta_object_name": "BEIDOU-3 M22 (C44)",
        "meta_object_id": "2019-078A",
        "meta_epoch": "2026-02-04T10:53:54.690144",
        "meta_mean_motion": 1.86231799,
        "meta_eccentricity": 0.00069065,
        "meta_inclination": 54.0568,
        "meta_ra_of_asc_node": 304.4997,
        "meta_arg_of_pericenter": 31.3066,
        "meta_mean_anomaly": 328.7847,
        "meta_ephemeris_type": 0,
        "meta_classification_type": "U",
        "meta_norad_cat_id": 44793,
        "meta_element_set_no": 999,
        "meta_rev_at_epoch": 4217,
        "meta_bstar": 0,
        "meta_mean_motion_dot": -7.6e-07,
        "meta_mean_motion_ddot": 0,
        "tle_line1": "1 44793U 19078A   26035.45410521 -.00000076  00000+0  00000+0 0  9992",
        "tle_line2": "2 44793  54.0568 304.4997 0006906  31.3066 328.7847  1.86231799 42172"
      },
      "geometry": {
        "type": "Point",
        "coordinates": [
          -33.45291443803401,
          27.42986092168779
        ]
      }
    },
    {
      "type": "Feature",
      "properties": {
        "norad_id": 44794,
        "name": "BEIDOU-3 M21 (C43)",
        "group": "gnss",
        "lat": -43.670384191052555,
        "lon": -99.41535316052743,
        "alt_km": 21531.794801233387,
        "timestamp": "2026-02-06T02:47:53.730252+00:00",
        "meta_object_name": "BEIDOU-3 M21 (C43)",
        "meta_object_id": "2019-078B",
        "meta_epoch": "2026-02-04T01:20:42.317376",
        "meta_mean_motion": 1.86227505,
        "meta_eccentricity": 0.0004987,
        "meta_inclination": 54.0304,
        "meta_ra_of_asc_node": 304.4777,
        "meta_arg_of_pericenter": 24.7266,
        "meta_mean_anomaly": 335.3476,
        "meta_ephemeris_type": 0,
        "meta_classification_type": "U",
        "meta_norad_cat_id": 44794,
        "meta_element_set_no": 999,
        "meta_rev_at_epoch": 4217,
        "meta_bstar": 0,
        "meta_mean_motion_dot": -7.4e-07,
        "meta_mean_motion_ddot": 0,
        "tle_line1": "1 44794U 19078B   26035.05604534 -.00000074  00000+0  00000+0 0  9996",
        "tle_line2": "2 44794  54.0304 304.4777 0004987  24.7266 335.3476  1.86227505 42174"
      },
      "geometry": {
        "type": "Point",
        "coordinates": [
          -99.41535316052743,
          -43.670384191052555
        ]
      }
    },
    {
      "type": "Feature",
      "properties": {
        "norad_id": 44850,
        "name": "COSMOS 2544 (759)",
        "group": "gnss",
        "lat": 7.7839870982214965,
        "lon": 81.68898040739367,
        "alt_km": 19144.204130216654,
        "timestamp": "2026-02-06T02:47:53.730264+00:00",
        "meta_object_name": "COSMOS 2544 (759)",
        "meta_object_id": "2019-088A",
        "meta_epoch": "2026-02-05T15:16:04.662048",
        "meta_mean_motion": 2.13101837,
        "meta_eccentricity": 0.0015409,
        "meta_inclination": 65.4894,
        "meta_ra_of_asc_node": 78.1219,
        "meta_arg_of_pericenter": 256.4704,
        "meta_mean_anomaly": 103.4277,
        "meta_ephemeris_type": 0,
        "meta_classification_type": "U",
        "meta_norad_cat_id": 44850,
        "meta_element_set_no": 999,
        "meta_rev_at_epoch": 4791,
        "meta_bstar": 0,
        "meta_mean_motion_dot": -1.5e-07,
        "meta_mean_motion_ddot": 0,
        "tle_line1": "1 44850U 19088A   26036.63616507 -.00000015  00000+0  00000+0 0  9993",
        "tle_line2": "2 44850  65.4894  78.1219 0015409 256.4704 103.4277  2.13101837 47915"
      },
      "geometry": {
        "type": "Point",
        "coordinates": [
          81.68898040739367,
          7.7839870982214965
        ]
      }
    },
    {
      "type": "Feature",
      "properties": {
        "norad_id": 44864,
        "name": "BEIDOU-3 M19 (C41)",
        "group": "gnss",
        "lat": 34.12562172591719,
        "lon": -139.59793476004685,
        "alt_km": 21572.74481762196,
        "timestamp": "2026-02-06T02:47:53.730277+00:00",
        "meta_object_name": "BEIDOU-3 M19 (C41)",
        "meta_object_id": "2019-090A",
        "meta_epoch": "2026-02-05T08:58:39.114912",
        "meta_mean_motion": 1.8623138,
        "meta_eccentricity": 0.00199591,
        "meta_inclination": 56.4417,
        "meta_ra_of_asc_node": 67.1479,
        "meta_arg_of_pericenter": 288.967,
        "meta_mean_anomaly": 71.003,
        "meta_ephemeris_type": 0,
        "meta_classification_type": "U",
        "meta_norad_cat_id": 44864,
        "meta_element_set_no": 999,
        "meta_rev_at_epoch": 4178,
        "meta_bstar": 0,
        "meta_mean_motion_dot": -4.5e-07,
        "meta_mean_motion_ddot": 0,
        "tle_line1": "1 44864U 19090A   26036.37406383 -.00000045  00000+0  00000+0 0  9994",
        "tle_line2": "2 44864  56.4417  67.1479 0019959 288.9670  71.0030  1.86231380 41785"
      },
      "geometry": {
        "type": "Point",
        "coordinates": [
          -139.59793476004685,
          34.12562172591719
        ]
      }
    },
    {
      "type": "Feature",
      "properties": {
        "norad_id": 44865,
        "name": "BEIDOU-3 M20 (C42)",
        "group": "gnss",
        "lat": -37.69193748192818,
        "lon": -81.98240211688749,
        "alt_km": 21518.533112025783,
        "timestamp": "2026-02-06T02:47:53.730288+00:00",
        "meta_object_name": "BEIDOU-3 M20 (C42)",
        "meta_object_id": "2019-090B",
        "meta_epoch": "2026-02-05T18:33:21.678048",
        "meta_mean_motion": 1.86231409,
        "meta_eccentricity": 0.0017258,
        "meta_inclination": 56.4436,
        "meta_ra_of_asc_node": 67.1688,
        "meta_arg_of_pericenter": 300.3902,
        "meta_mean_anomaly": 56.7704,
        "meta_ephemeris_type": 0,
        "meta_classification_type": "U",
        "meta_norad_cat_id": 44865,
        "meta_element_set_no": 999,
        "meta_rev_at_epoch": 4176,
        "meta_bstar": 0,
        "meta_mean_motion_dot": -4.8e-07,
        "meta_mean_motion_ddot": 0,
        "tle_line1": "1 44865U 19090B   26036.77316757 -.00000048  00000+0  00000+0 0  9997",
        "tle_line2": "2 44865  56.4436  67.1688 0017258 300.3902  56.7704  1.86231409 41764"
      },
      "geometry": {
        "type": "Point",
        "coordinates": [
          -81.98240211688749,
          -37.69193748192818
        ]
      }
    },
    {
      "type": "Feature",
      "properties": {
        "norad_id": 45344,
        "name": "BEIDOU-3 G2 (C60)",
        "group": "gnss",
        "lat": -1.4135743519498518,
        "lon": -101.78609257130721,
        "alt_km": 35781.595099028724,
        "timestamp": "2026-02-06T02:47:53.730299+00:00",
        "meta_object_name": "BEIDOU-3 G2 (C60)",
        "meta_object_id": "2020-017A",
        "meta_epoch": "2026-02-05T20:34:17.590656",
        "meta_mean_motion": 1.00271818,
        "meta_eccentricity": 0.0002643,
        "meta_inclination": 2.6022,
        "meta_ra_of_asc_node": 45.0853,
        "meta_arg_of_pericenter": 278.5411,
        "meta_mean_anomaly": 200.9558,
        "meta_ephemeris_type": 0,
        "meta_classification_type": "U",
        "meta_norad_cat_id": 45344,
        "meta_element_set_no": 999,
        "meta_rev_at_epoch": 2194,
        "meta_bstar": 0,
        "meta_mean_motion_dot": -1.41e-06,
        "meta_mean_motion_ddot": 0,
        "tle_line1": "1 45344U 20017A   26036.85714804 -.00000141  00000+0  00000+0 0  9999",
        "tle_line2": "2 45344   2.6022  45.0853 0002643 278.5411 200.9558  1.00271818 21945"
      },
      "geometry": {
        "type": "Point",
        "coordinates": [
          -101.78609257130721,
          -1.4135743519498518
        ]
      }
    },
    {
      "type": "Feature",
      "properties": {
        "norad_id": 45358,
        "name": "COSMOS 2545 (760)",
        "group": "gnss",
        "lat": -34.087829753213576,
        "lon": 155.9007483029211,
        "alt_km": 19114.220748343683,
        "timestamp": "2026-02-06T02:47:53.730312+00:00",
        "meta_object_name": "COSMOS 2545 (760)",
        "meta_object_id": "2020-018A",
        "meta_epoch": "2026-02-05T08:42:00.050976",
        "meta_mean_motion": 2.13102322,
        "meta_eccentricity": 0.0009521,
        "meta_inclination": 64.4351,
        "meta_ra_of_asc_node": 317.0539,
        "meta_arg_of_pericenter": 252.4236,
        "meta_mean_anomaly": 107.5088,
        "meta_ephemeris_type": 0,
        "meta_classification_type": "U",
        "meta_norad_cat_id": 45358,
        "meta_element_set_no": 999,
        "meta_rev_at_epoch": 4585,
        "meta_bstar": 0,
        "meta_mean_motion_dot": -7.1e-07,
        "meta_mean_motion_ddot": 0,
        "tle_line1": "1 45358U 20018A   26036.36250059 -.00000071  00000+0  00000+0 0  9990",
        "tle_line2": "2 45358  64.4351 317.0539 0009521 252.4236 107.5088  2.13102322 45856"
      },
      "geometry": {
        "type": "Point",
        "coordinates": [
          155.9007483029211,
          -34.087829753213576
        ]
      }
    },
    {
      "type": "Feature",
      "properties": {
        "norad_id": 45807,
        "name": "BEIDOU-3 G3 (C61)",
        "group": "gnss",
        "lat": -1.4131169670703663,
        "lon": -71.338587786107,
        "alt_km": 35786.5314363831,
        "timestamp": "2026-02-06T02:47:53.730324+00:00",
        "meta_object_name": "BEIDOU-3 G3 (C61)",
        "meta_object_id": "2020-040A",
        "meta_epoch": "2026-02-05T17:17:40.347168",
        "meta_mean_motion": 1.00266955,
        "meta_eccentricity": 0.00050041,
        "meta_inclination": 2.1248,
        "meta_ra_of_asc_node": 67.0216,
        "meta_arg_of_pericenter": 308.8113,
        "meta_mean_anomaly": 129.9357,
        "meta_ephemeris_type": 0,
        "meta_classification_type": "U",
        "meta_norad_cat_id": 45807,
        "meta_element_set_no": 999,
        "meta_rev_at_epoch": 2075,
        "meta_bstar": 0,
        "meta_mean_motion_dot": -3.55e-06,
        "meta_mean_motion_ddot": 0,
        "tle_line1": "1 45807U 20040A   26036.72060587 -.00000355  00000+0  00000+0 0  9994",
        "tle_line2": "2 45807   2.1248  67.0216 0005004 308.8113 129.9357  1.00266955 20752"
      },
      "geometry": {
        "type": "Point",
        "coordinates": [
          -71.338587786107,
          -1.4131169670703663
        ]
      }
    },
    {
      "type": "Feature",
      "properties": {
        "norad_id": 45854,
        "name": "GPS BIII-3  (PRN 23)",
        "group": "gnss",
        "lat": 7.354917531072696,
        "lon": 38.90940605698846,
        "alt_km": 20337.47186564154,
        "timestamp": "2026-02-06T02:47:53.730336+00:00",
        "meta_object_name": "GPS BIII-3  (PRN 23)",
        "meta_object_id": "2020-041A",
        "meta_epoch": "2026-02-04T04:51:14.773248",
        "meta_mean_motion": 2.00561087,
        "meta_eccentricity": 0.00611723,
        "meta_inclination": 56.5859,
        "meta_ra_of_asc_node": 34.1041,
        "meta_arg_of_pericenter": 204.9655,
        "meta_mean_anomaly": 221.4527,
        "meta_ephemeris_type": 0,
        "meta_classification_type": "U",
        "meta_norad_cat_id": 45854,
        "meta_element_set_no": 999,
        "meta_rev_at_epoch": 4137,
        "meta_bstar": 0,
        "meta_mean_motion_dot": -7.3e-07,
        "meta_mean_motion_ddot": 0,
        "tle_line1": "1 45854U 20041A   26035.20225432 -.00000073  00000+0  00000+0 0  9998",
        "tle_line2": "2 45854  56.5859  34.1041 0061172 204.9655 221.4527  2.00561087 41374"
      },
      "geometry": {
        "type": "Point",
        "coordinates": [
          38.90940605698846,
          7.354917531072696
        ]
      }
    },
    {
      "type": "Feature",
      "properties": {
        "norad_id": 46114,
        "name": "GALAXY 30 (WAAS/PRN 135)",
        "group": "gnss",
        "lat": -0.030651380102680433,
        "lon": 53.28023684704334,
        "alt_km": 35785.72137770805,
        "timestamp": "2026-02-06T02:47:53.730349+00:00",
        "meta_object_name": "GALAXY 30 (WAAS/PRN 135)",
        "meta_object_id": "2020-056C",
        "meta_epoch": "2026-02-05T16:10:24.292128",
        "meta_mean_motion": 1.00269639,
        "meta_eccentricity": 0.0001988,
        "meta_inclination": 0.019,
        "meta_ra_of_asc_node": 102.5661,
        "meta_arg_of_pericenter": 227.2082,
        "meta_mean_anomaly": 283.645,
        "meta_ephemeris_type": 0,
        "meta_classification_type": "U",
        "meta_norad_cat_id": 46114,
        "meta_element_set_no": 999,
        "meta_rev_at_epoch": 1997,
        "meta_bstar": 0,
        "meta_mean_motion_dot": 0,
        "meta_mean_motion_ddot": 0,
        "tle_line1": "1 46114U 20056C   26036.67389227  .00000000  00000+0  00000+0 0  9998",
        "tle_line2": "2 46114   0.0190 102.5661 0001988 227.2082 283.6450  1.00269639 19978"
      },
      "geometry": {
        "type": "Point",
        "coordinates": [
          53.28023684704334,
          -0.030651380102680433
        ]
      }
    },
    {
      "type": "Feature",
      "properties": {
        "norad_id": 46805,
        "name": "COSMOS 2547 (705K)",
        "group": "gnss",
        "lat": 60.23055680674577,
        "lon": -106.99756002661654,
        "alt_km": 19137.70650371854,
        "timestamp": "2026-02-06T02:47:53.730361+00:00",
        "meta_object_name": "COSMOS 2547 (705K)",
        "meta_object_id": "2020-075A",
        "meta_epoch": "2026-02-02T17:38:47.372064",
        "meta_mean_motion": 2.13100009,
        "meta_eccentricity": 0.0006241,
        "meta_inclination": 64.5994,
        "meta_ra_of_asc_node": 196.9593,
        "meta_arg_of_pericenter": 227.607,
        "meta_mean_anomaly": 132.3109,
        "meta_ephemeris_type": 0,
        "meta_classification_type": "U",
        "meta_norad_cat_id": 46805,
        "meta_element_set_no": 999,
        "meta_rev_at_epoch": 4104,
        "meta_bstar": 0,
        "meta_mean_motion_dot": 3.3e-07,
        "meta_mean_motion_ddot": 0,
        "tle_line1": "1 46805U 20075A   26033.73527051  .00000033  00000+0  00000+0 0  9995",
        "tle_line2": "2 46805  64.5994 196.9593 0006241 227.6070 132.3109  2.13100009 41045"
      },
      "geometry": {
        "type": "Point",
        "coordinates": [
          -106.99756002661654,
          60.23055680674577
        ]
      }
    },
    {
      "type": "Feature",
      "properties": {
        "norad_id": 46826,
        "name": "GPS BIII-4  (PRN 14)",
        "group": "gnss",
        "lat": -14.727933351750554,
        "lon": -154.9246351252859,
        "alt_km": 20315.252630492985,
        "timestamp": "2026-02-06T02:47:53.730372+00:00",
        "meta_object_name": "GPS BIII-4  (PRN 14)",
        "meta_object_id": "2020-078A",
        "meta_epoch": "2026-02-05T07:27:51.888672",
        "meta_mean_motion": 2.00566009,
        "meta_eccentricity": 0.0066826,
        "meta_inclination": 54.0066,
        "meta_ra_of_asc_node": 216.1245,
        "meta_arg_of_pericenter": 203.7502,
        "meta_mean_anomaly": 275.7219,
        "meta_ephemeris_type": 0,
        "meta_classification_type": "U",
        "meta_norad_cat_id": 46826,
        "meta_element_set_no": 999,
        "meta_rev_at_epoch": 3886,
        "meta_bstar": 0,
        "meta_mean_motion_dot": 4.1e-07,
        "meta_mean_motion_ddot": 0,
        "tle_line1": "1 46826U 20078A   26036.31101723  .00000041  00000+0  00000+0 0  9991",
        "tle_line2": "2 46826  54.0066 216.1245 0066826 203.7502 275.7219  2.00566009 38863"
      },
      "geometry": {
        "type": "Point",
        "coordinates": [
          -154.9246351252859,
          -14.727933351750554
        ]
      }
    },
    {
      "type": "Feature",
      "properties": {
        "norad_id": 48859,
        "name": "GPS BIII-5  (PRN 11)",
        "group": "gnss",
        "lat": 12.788826804529737,
        "lon": 148.660098910574,
        "alt_km": 20155.76012428916,
        "timestamp": "2026-02-06T02:47:53.730442+00:00",
        "meta_object_name": "GPS BIII-5  (PRN 11)",
        "meta_object_id": "2021-054A",
        "meta_epoch": "2026-02-05T13:33:51.285024",
        "meta_mean_motion": 2.00577072,
        "meta_eccentricity": 0.0024064,
        "meta_inclination": 55.2339,
        "meta_ra_of_asc_node": 337.7523,
        "meta_arg_of_pericenter": 232.5598,
        "meta_mean_anomaly": 253.8459,
        "meta_ephemeris_type": 0,
        "meta_classification_type": "U",
        "meta_norad_cat_id": 48859,
        "meta_element_set_no": 999,
        "meta_rev_at_epoch": 3411,
        "meta_bstar": 0,
        "meta_mean_motion_dot": -1.05e-06,
        "meta_mean_motion_ddot": 0,
        "tle_line1": "1 48859U 21054A   26036.56517691 -.00000105  00000+0  00000+0 0  9998",
        "tle_line2": "2 48859  55.2339 337.7523 0024064 232.5598 253.8459  2.00577072 34118"
      },
      "geometry": {
        "type": "Point",
        "coordinates": [
          148.660098910574,
          12.788826804529737
        ]
      }
    },
    {
      "type": "Feature",
      "properties": {
        "norad_id": 49336,
        "name": "QZS-1R (QZSS/PRN 196)",
        "group": "gnss",
        "lat": -22.631806127015604,
        "lon": -65.08700110008981,
        "alt_km": 33698.91001037357,
        "timestamp": "2026-02-06T02:47:53.730457+00:00",
        "meta_object_name": "QZS-1R (QZSS/PRN 196)",
        "meta_object_id": "2021-096A",
        "meta_epoch": "2026-01-28T00:30:46.600416",
        "meta_mean_motion": 1.00240661,
        "meta_eccentricity": 0.07614524,
        "meta_inclination": 37.1709,
        "meta_ra_of_asc_node": 81.6666,
        "meta_arg_of_pericenter": 272.2985,
        "meta_mean_anomaly": 271.7833,
        "meta_ephemeris_type": 0,
        "meta_classification_type": "U",
        "meta_norad_cat_id": 49336,
        "meta_element_set_no": 999,
        "meta_rev_at_epoch": 1560,
        "meta_bstar": 0,
        "meta_mean_motion_dot": -2.92e-06,
        "meta_mean_motion_ddot": 0,
        "tle_line1": "1 49336U 21096A   26028.02137269 -.00000292  00000+0  00000+0 0  9993",
        "tle_line2": "2 49336  37.1709  81.6666 0761452 272.2985 271.7833  1.00240661 15600"
      },
      "geometry": {
        "type": "Point",
        "coordinates": [
          -65.08700110008981,
          -22.631806127015604
        ]
      }
    },
    {
      "type": "Feature",
      "properties": {
        "norad_id": 49809,
        "name": "GSAT0223 (GALILEO 27)",
        "group": "gnss",
        "lat": -33.46593310322805,
        "lon": -39.994686796708926,
        "alt_km": 23219.30694834785,
        "timestamp": "2026-02-06T02:47:53.730473+00:00",
        "meta_object_name": "GSAT0223 (GALILEO 27)",
        "meta_object_id": "2021-116A",
        "meta_epoch": "2026-02-04T03:03:12.760992",
        "meta_mean_motion": 1.70475489,
        "meta_eccentricity": 0.00033562,
        "meta_inclination": 57.2047,
        "meta_ra_of_asc_node": 345.2708,
        "meta_arg_of_pericenter": 273.0799,
        "meta_mean_anomaly": 264.9782,
        "meta_ephemeris_type": 0,
        "meta_classification_type": "U",
        "meta_norad_cat_id": 49809,
        "meta_element_set_no": 999,
        "meta_rev_at_epoch": 2591,
        "meta_bstar": 0,
        "meta_mean_motion_dot": -1.05e-06,
        "meta_mean_motion_ddot": 0,
        "tle_line1": "1 49809U 21116A   26035.12723103 -.00000105  00000+0  00000+0 0  9991",
        "tle_line2": "2 49809  57.2047 345.2708 0003356 273.0799 264.9782  1.70475489 25910"
      },
      "geometry": {
        "type": "Point",
        "coordinates": [
          -39.994686796708926,
          -33.46593310322805
        ]
      }
    },
    {
      "type": "Feature",
      "properties": {
        "norad_id": 49810,
        "name": "GSAT0224 (GALILEO 28)",
        "group": "gnss",
        "lat": 52.92081883622416,
        "lon": 43.65508871732235,
        "alt_km": 23223.146747925355,
        "timestamp": "2026-02-06T02:47:53.730485+00:00",
        "meta_object_name": "GSAT0224 (GALILEO 28)",
        "meta_object_id": "2021-116B",
        "meta_epoch": "2026-02-03T08:34:38.147808",
        "meta_mean_motion": 1.70475473,
        "meta_eccentricity": 0.00028742,
        "meta_inclination": 57.2056,
        "meta_ra_of_asc_node": 345.2904,
        "meta_arg_of_pericenter": 282.8651,
        "meta_mean_anomaly": 255.3242,
        "meta_ephemeris_type": 0,
        "meta_classification_type": "U",
        "meta_norad_cat_id": 49810,
        "meta_element_set_no": 999,
        "meta_rev_at_epoch": 2592,
        "meta_bstar": 0,
        "meta_mean_motion_dot": -1.05e-06,
        "meta_mean_motion_ddot": 0,
        "tle_line1": "1 49810U 21116B   26034.35738597 -.00000105  00000+0  00000+0 0  9990",
        "tle_line2": "2 49810  57.2056 345.2904 0002874 282.8651 255.3242  1.70475473 25928"
      },
      "geometry": {
        "type": "Point",
        "coordinates": [
          43.65508871732235,
          52.92081883622416
        ]
      }
    },
    {
      "type": "Feature",
      "properties": {
        "norad_id": 52984,
        "name": "COSMOS 2557 (706K)",
        "group": "gnss",
        "lat": -45.888851725569765,
        "lon": -70.5241065227451,
        "alt_km": 19106.363126548935,
        "timestamp": "2026-02-06T02:47:53.730496+00:00",
        "meta_object_name": "COSMOS 2557 (706K)",
        "meta_object_id": "2022-075A",
        "meta_epoch": "2026-02-01T23:05:10.070304",
        "meta_mean_motion": 2.13101521,
        "meta_eccentricity": 0.00126038,
        "meta_inclination": 64.3786,
        "meta_ra_of_asc_node": 319.2508,
        "meta_arg_of_pericenter": 281.9315,
        "meta_mean_anomaly": 77.9524,
        "meta_ephemeris_type": 0,
        "meta_classification_type": "U",
        "meta_norad_cat_id": 52984,
        "meta_element_set_no": 999,
        "meta_rev_at_epoch": 2783,
        "meta_bstar": 0,
        "meta_mean_motion_dot": -6.6e-07,
        "meta_mean_motion_ddot": 0,
        "tle_line1": "1 52984U 22075A   26032.96192211 -.00000066  00000+0  00000+0 0  9999",
        "tle_line2": "2 52984  64.3786 319.2508 0012603 281.9315  77.9524  2.13101521 27833"
      },
      "geometry": {
        "type": "Point",
        "coordinates": [
          -70.5241065227451,
          -45.888851725569765
        ]
      }
    },
    {
      "type": "Feature",
      "properties": {
        "norad_id": 54031,
        "name": "COSMOS 2559 (707K)",
        "group": "gnss",
        "lat": 64.04929167902515,
        "lon": 39.58966864263306,
        "alt_km": 19128.000953826468,
        "timestamp": "2026-02-06T02:47:53.730509+00:00",
        "meta_object_name": "COSMOS 2559 (707K)",
        "meta_object_id": "2022-130A",
        "meta_epoch": "2026-02-05T01:35:08.454048",
        "meta_mean_motion": 2.13101192,
        "meta_eccentricity": 0.00107322,
        "meta_inclination": 64.3489,
        "meta_ra_of_asc_node": 319.2293,
        "meta_arg_of_pericenter": 186.2592,
        "meta_mean_anomaly": 173.7602,
        "meta_ephemeris_type": 0,
        "meta_classification_type": "U",
        "meta_norad_cat_id": 54031,
        "meta_element_set_no": 999,
        "meta_rev_at_epoch": 2587,
        "meta_bstar": 0,
        "meta_mean_motion_dot": -7.2e-07,
        "meta_mean_motion_ddot": 0,
        "tle_line1": "1 54031U 22130A   26036.06607007 -.00000072  00000+0  00000+0 0  9992",
        "tle_line2": "2 54031  64.3489 319.2293 0010732 186.2592 173.7602  2.13101192 25872"
      },
      "geometry": {
        "type": "Point",
        "coordinates": [
          39.58966864263306,
          64.04929167902515
        ]
      }
    },
    {
      "type": "Feature",
      "properties": {
        "norad_id": 54377,
        "name": "COSMOS 2564 (761)",
        "group": "gnss",
        "lat": -23.21273702220686,
        "lon": 28.738258536843873,
        "alt_km": 19110.739204443955,
        "timestamp": "2026-02-06T02:47:53.730521+00:00",
        "meta_object_name": "COSMOS 2564 (761)",
        "meta_object_id": "2022-161A",
        "meta_epoch": "2026-02-05T09:05:49.248672",
        "meta_mean_motion": 2.13102005,
        "meta_eccentricity": 0.0008836,
        "meta_inclination": 64.742,
        "meta_ra_of_asc_node": 197.0834,
        "meta_arg_of_pericenter": 205.0145,
        "meta_mean_anomaly": 154.9145,
        "meta_ephemeris_type": 0,
        "meta_classification_type": "U",
        "meta_norad_cat_id": 54377,
        "meta_element_set_no": 999,
        "meta_rev_at_epoch": 2482,
        "meta_bstar": 0,
        "meta_mean_motion_dot": 5.3e-07,
        "meta_mean_motion_ddot": 0,
        "tle_line1": "1 54377U 22161A   26036.37904223  .00000053  00000+0  00000+0 0  9991",
        "tle_line2": "2 54377  64.7420 197.0834 0008836 205.0145 154.9145  2.13102005 24824"
      },
      "geometry": {
        "type": "Point",
        "coordinates": [
          28.738258536843873,
          -23.21273702220686
        ]
      }
    },
    {
      "type": "Feature",
      "properties": {
        "norad_id": 55268,
        "name": "GPS BIII-6  (PRN 28)",
        "group": "gnss",
        "lat": -21.213471403592134,
        "lon": -10.637576573767776,
        "alt_km": 20194.044271554965,
        "timestamp": "2026-02-06T02:47:53.730533+00:00",
        "meta_object_name": "GPS BIII-6  (PRN 28)",
        "meta_object_id": "2023-009A",
        "meta_epoch": "2026-02-04T19:55:44.880384",
        "meta_mean_motion": 2.00551257,
        "meta_eccentricity": 0.0004215,
        "meta_inclination": 55.1091,
        "meta_ra_of_asc_node": 153.721,
        "meta_arg_of_pericenter": 340.647,
        "meta_mean_anomaly": 16.8366,
        "meta_ephemeris_type": 0,
        "meta_classification_type": "U",
        "meta_norad_cat_id": 55268,
        "meta_element_set_no": 999,
        "meta_rev_at_epoch": 2258,
        "meta_bstar": 0,
        "meta_mean_motion_dot": 1.5e-07,
        "meta_mean_motion_ddot": 0,
        "tle_line1": "1 55268U 23009A   26035.83038056  .00000015  00000+0  00000+0 0  9993",
        "tle_line2": "2 55268  55.1091 153.7210 0004215 340.6470  16.8366  2.00551257 22588"
      },
      "geometry": {
        "type": "Point",
        "coordinates": [
          -10.637576573767776,
          -21.213471403592134
        ]
      }
    },
    {
      "type": "Feature",
      "properties": {
        "norad_id": 56564,
        "name": "BEIDOU-3 G4 (C62)",
        "group": "gnss",
        "lat": 0.35414909205574074,
        "lon": -21.94490559130508,
        "alt_km": 35793.27278667421,
        "timestamp": "2026-02-06T02:47:53.730544+00:00",
        "meta_object_name": "BEIDOU-3 G4 (C62)",
        "meta_object_id": "2023-066A",
        "meta_epoch": "2026-01-26T09:27:28.593216",
        "meta_mean_motion": 1.00269231,
        "meta_eccentricity": 0.00015168,
        "meta_inclination": 0.7213,
        "meta_ra_of_asc_node": 306.1415,
        "meta_arg_of_pericenter": 216.8774,
        "meta_mean_anomaly": 264.4347,
        "meta_ephemeris_type": 0,
        "meta_classification_type": "U",
        "meta_norad_cat_id": 56564,
        "meta_element_set_no": 999,
        "meta_rev_at_epoch": 997,
        "meta_bstar": 0,
        "meta_mean_motion_dot": -1e-06,
        "meta_mean_motion_ddot": 0,
        "tle_line1": "1 56564U 23066A   26026.39408094 -.00000100  00000+0  00000+0 0  9996",
        "tle_line2": "2 56564   0.7213 306.1415 0001516 216.8774 264.4347  1.00269231  9978"
      },
      "geometry": {
        "type": "Point",
        "coordinates": [
          -21.94490559130508,
          0.35414909205574074
        ]
      }
    },
    {
      "type": "Feature",
      "properties": {
        "norad_id": 56759,
        "name": "NVS-01 (IRNSS-1J)",
        "group": "gnss",
        "lat": 2.098890893668323,
        "lon": -52.19295387292233,
        "alt_km": 35751.37955637627,
        "timestamp": "2026-02-06T02:47:53.730561+00:00",
        "meta_object_name": "NVS-01 (IRNSS-1J)",
        "meta_object_id": "2023-076A",
        "meta_epoch": "2026-02-05T19:05:48.568128",
        "meta_mean_motion": 1.00270516,
        "meta_eccentricity": 0.0008865,
        "meta_inclination": 2.483,
        "meta_ra_of_asc_node": 249.5969,
        "meta_arg_of_pericenter": 36.4631,
        "meta_mean_anomaly": 265.8599,
        "meta_ephemeris_type": 0,
        "meta_classification_type": "U",
        "meta_norad_cat_id": 56759,
        "meta_element_set_no": 999,
        "meta_rev_at_epoch": 979,
        "meta_bstar": 0,
        "meta_mean_motion_dot": -3.37e-06,
        "meta_mean_motion_ddot": 0,
        "tle_line1": "1 56759U 23076A   26036.79570102 -.00000337  00000+0  00000+0 0  9990",
        "tle_line2": "2 56759   2.4830 249.5969 0008865  36.4631 265.8599  1.00270516  9796"
      },
      "geometry": {
        "type": "Point",
        "coordinates": [
          -52.19295387292233,
          2.098890893668323
        ]
      }
    },
    {
      "type": "Feature",
      "properties": {
        "norad_id": 57517,
        "name": "COSMOS 2569 (703K)",
        "group": "gnss",
        "lat": -14.045664413146255,
        "lon": -96.31728419574262,
        "alt_km": 19134.271821654464,
        "timestamp": "2026-02-06T02:47:53.730574+00:00",
        "meta_object_name": "COSMOS 2569 (703K)",
        "meta_object_id": "2023-114A",
        "meta_epoch": "2026-02-05T09:24:47.788128",
        "meta_mean_motion": 2.13104015,
        "meta_eccentricity": 0.00124386,
        "meta_inclination": 65.2244,
        "meta_ra_of_asc_node": 77.0656,
        "meta_arg_of_pericenter": 289.6078,
        "meta_mean_anomaly": 70.3279,
        "meta_ephemeris_type": 0,
        "meta_classification_type": "U",
        "meta_norad_cat_id": 57517,
        "meta_element_set_no": 999,
        "meta_rev_at_epoch": 1945,
        "meta_bstar": 0,
        "meta_mean_motion_dot": -1.4e-07,
        "meta_mean_motion_ddot": 0,
        "tle_line1": "1 57517U 23114A   26036.39221977 -.00000014  00000+0  00000+0 0  9997",
        "tle_line2": "2 57517  65.2244  77.0656 0012438 289.6078  70.3279  2.13104015 19453"
      },
      "geometry": {
        "type": "Point",
        "coordinates": [
          -96.31728419574262,
          -14.045664413146255
        ]
      }
    },
    {
      "type": "Feature",
      "properties": {
        "norad_id": 58654,
        "name": "BEIDOU-3 M28 (C50)",
        "group": "gnss",
        "lat": -50.5408659518079,
        "lon": -57.039904040838714,
        "alt_km": 21524.843577214,
        "timestamp": "2026-02-06T02:47:53.730585+00:00",
        "meta_object_name": "BEIDOU-3 M28 (C50)",
        "meta_object_id": "2023-207A",
        "meta_epoch": "2026-02-04T16:05:53.682144",
        "meta_mean_motion": 1.86229743,
        "meta_eccentricity": 0.00043845,
        "meta_inclination": 55.6334,
        "meta_ra_of_asc_node": 66.7743,
        "meta_arg_of_pericenter": 292.5501,
        "meta_mean_anomaly": 67.4647,
        "meta_ephemeris_type": 0,
        "meta_classification_type": "U",
        "meta_norad_cat_id": 58654,
        "meta_element_set_no": 999,
        "meta_rev_at_epoch": 1437,
        "meta_bstar": 0,
        "meta_mean_motion_dot": -4.3e-07,
        "meta_mean_motion_ddot": 0,
        "tle_line1": "1 58654U 23207A   26035.67076021 -.00000043  00000+0  00000+0 0  9993",
        "tle_line2": "2 58654  55.6334  66.7743 0004384 292.5501  67.4647  1.86229743 14373"
      },
      "geometry": {
        "type": "Point",
        "coordinates": [
          -57.039904040838714,
          -50.5408659518079
        ]
      }
    },
    {
      "type": "Feature",
      "properties": {
        "norad_id": 58655,
        "name": "BEIDOU-3 M26 (C48)",
        "group": "gnss",
        "lat": 20.531294244731228,
        "lon": 81.56771780910884,
        "alt_km": 21529.93407343821,
        "timestamp": "2026-02-06T02:47:53.730598+00:00",
        "meta_object_name": "BEIDOU-3 M26 (C48)",
        "meta_object_id": "2023-207B",
        "meta_epoch": "2026-02-05T13:00:40.235904",
        "meta_mean_motion": 1.86229624,
        "meta_eccentricity": 0.0005425,
        "meta_inclination": 55.6361,
        "meta_ra_of_asc_node": 66.731,
        "meta_arg_of_pericenter": 279.2035,
        "meta_mean_anomaly": 80.7931,
        "meta_ephemeris_type": 0,
        "meta_classification_type": "U",
        "meta_norad_cat_id": 58655,
        "meta_element_set_no": 999,
        "meta_rev_at_epoch": 1437,
        "meta_bstar": 0,
        "meta_mean_motion_dot": -4.9e-07,
        "meta_mean_motion_ddot": 0,
        "tle_line1": "1 58655U 23207B   26036.54213236 -.00000049  00000+0  00000+0 0  9998",
        "tle_line2": "2 58655  55.6361  66.7310 0005425 279.2035  80.7931  1.86229624 14377"
      },
      "geometry": {
        "type": "Point",
        "coordinates": [
          81.56771780910884,
          20.531294244731228
        ]
      }
    },
    {
      "type": "Feature",
      "properties": {
        "norad_id": 59598,
        "name": "GSAT0225 (GALILEO 29)",
        "group": "gnss",
        "lat": 47.61171192114869,
        "lon": 154.74197162208117,
        "alt_km": 23222.735246240172,
        "timestamp": "2026-02-06T02:47:53.730609+00:00",
        "meta_object_name": "GSAT0225 (GALILEO 29)",
        "meta_object_id": "2024-079A",
        "meta_epoch": "2026-02-04T05:55:59.651616",
        "meta_mean_motion": 1.70475003,
        "meta_eccentricity": 0.0002163,
        "meta_inclination": 55.0317,
        "meta_ra_of_asc_node": 104.7965,
        "meta_arg_of_pericenter": 235.2021,
        "meta_mean_anomaly": 121.8731,
        "meta_ephemeris_type": 0,
        "meta_classification_type": "U",
        "meta_norad_cat_id": 59598,
        "meta_element_set_no": 999,
        "meta_rev_at_epoch": 1104,
        "meta_bstar": 0,
        "meta_mean_motion_dot": -1.8e-07,
        "meta_mean_motion_ddot": 0,
        "tle_line1": "1 59598U 24079A   26035.24721819 -.00000018  00000+0  00000+0 0  9996",
        "tle_line2": "2 59598  55.0317 104.7965 0002163 235.2021 121.8731  1.70475003 11044"
      },
      "geometry": {
        "type": "Point",
        "coordinates": [
          154.74197162208117,
          47.61171192114869
        ]
      }
    },
    {
      "type": "Feature",
      "properties": {
        "norad_id": 59600,
        "name": "GSAT0227 (GALILEO 30)",
        "group": "gnss",
        "lat": -37.69131979429868,
        "lon": 72.0692491238605,
        "alt_km": 23230.07934294493,
        "timestamp": "2026-02-06T02:47:53.730620+00:00",
        "meta_object_name": "GSAT0227 (GALILEO 30)",
        "meta_object_id": "2024-079C",
        "meta_epoch": "2026-02-05T14:36:27.599328",
        "meta_mean_motion": 1.70474997,
        "meta_eccentricity": 0.0001219,
        "meta_inclination": 55.0273,
        "meta_ra_of_asc_node": 104.7573,
        "meta_arg_of_pericenter": 115.1277,
        "meta_mean_anomaly": 244.9499,
        "meta_ephemeris_type": 0,
        "meta_classification_type": "U",
        "meta_norad_cat_id": 59600,
        "meta_element_set_no": 999,
        "meta_rev_at_epoch": 1112,
        "meta_bstar": 0,
        "meta_mean_motion_dot": -2.2e-07,
        "meta_mean_motion_ddot": 0,
        "tle_line1": "1 59600U 24079C   26036.60865277 -.00000022  00000+0  00000+0 0  9993",
        "tle_line2": "2 59600  55.0273 104.7573 0001219 115.1277 244.9499  1.70474997 11122"
      },
      "geometry": {
        "type": "Point",
        "coordinates": [
          72.0692491238605,
          -37.69131979429868
        ]
      }
    },
    {
      "type": "Feature",
      "properties": {
        "norad_id": 61182,
        "name": "GSAT0232 (GALILEO 32)",
        "group": "gnss",
        "lat": 27.236888060253552,
        "lon": 23.947672305630164,
        "alt_km": 23215.049294756365,
        "timestamp": "2026-02-06T02:47:53.730632+00:00",
        "meta_object_name": "GSAT0232 (GALILEO 32)",
        "meta_object_id": "2024-167A",
        "meta_epoch": "2026-01-10T19:19:07.147776",
        "meta_mean_motion": 1.70473658,
        "meta_eccentricity": 0.00017712,
        "meta_inclination": 55.2321,
        "meta_ra_of_asc_node": 225.6317,
        "meta_arg_of_pericenter": 188.3607,
        "meta_mean_anomaly": 9.6826,
        "meta_ephemeris_type": 0,
        "meta_classification_type": "U",
        "meta_norad_cat_id": 61182,
        "meta_element_set_no": 999,
        "meta_rev_at_epoch": 819,
        "meta_bstar": 0,
        "meta_mean_motion_dot": 6.7e-07,
        "meta_mean_motion_ddot": 0,
        "tle_line1": "1 61182U 24167A   26010.80494384  .00000067  00000+0  00000+0 0  9998",
        "tle_line2": "2 61182  55.2321 225.6317 0001771 188.3607   9.6826  1.70473658  8193"
      },
      "geometry": {
        "type": "Point",
        "coordinates": [
          23.947672305630164,
          27.236888060253552
        ]
      }
    },
    {
      "type": "Feature",
      "properties": {
        "norad_id": 61183,
        "name": "GSAT0226 (GALILEO 31)",
        "group": "gnss",
        "lat": -53.66338080598494,
        "lon": 115.83614123940542,
        "alt_km": 23232.13029679446,
        "timestamp": "2026-02-06T02:47:53.730643+00:00",
        "meta_object_name": "GSAT0226 (GALILEO 31)",
        "meta_object_id": "2024-167B",
        "meta_epoch": "2026-02-05T16:05:17.477088",
        "meta_mean_motion": 1.70474046,
        "meta_eccentricity": 0.0001675,
        "meta_inclination": 55.2252,
        "meta_ra_of_asc_node": 224.9258,
        "meta_arg_of_pericenter": 112.2478,
        "meta_mean_anomaly": 232.6596,
        "meta_ephemeris_type": 0,
        "meta_classification_type": "U",
        "meta_norad_cat_id": 61183,
        "meta_element_set_no": 999,
        "meta_rev_at_epoch": 860,
        "meta_bstar": 0,
        "meta_mean_motion_dot": 5.2e-07,
        "meta_mean_motion_ddot": 0,
        "tle_line1": "1 61183U 24167B   26036.67034117  .00000052  00000+0  00000+0 0  9990",
        "tle_line2": "2 61183  55.2252 224.9258 0001675 112.2478 232.6596  1.70474046  8608"
      },
      "geometry": {
        "type": "Point",
        "coordinates": [
          115.83614123940542,
          -53.66338080598494
        ]
      }
    },
    {
      "type": "Feature",
      "properties": {
        "norad_id": 61186,
        "name": "BEIDOU-3 M25 (C47)",
        "group": "gnss",
        "lat": 30.08944692242662,
        "lon": 102.49437695561197,
        "alt_km": 21537.585766663356,
        "timestamp": "2026-02-06T02:47:53.730656+00:00",
        "meta_object_name": "BEIDOU-3 M25 (C47)",
        "meta_object_id": "2024-168B",
        "meta_epoch": "2026-02-05T13:59:57.183936",
        "meta_mean_motion": 1.86230162,
        "meta_eccentricity": 0.00047665,
        "meta_inclination": 54.5903,
        "meta_ra_of_asc_node": 306.8173,
        "meta_arg_of_pericenter": 312.9097,
        "meta_mean_anomaly": 191.6015,
        "meta_ephemeris_type": 0,
        "meta_classification_type": "U",
        "meta_norad_cat_id": 61186,
        "meta_element_set_no": 999,
        "meta_rev_at_epoch": 933,
        "meta_bstar": 0,
        "meta_mean_motion_dot": -8.4e-07,
        "meta_mean_motion_ddot": 0,
        "tle_line1": "1 61186U 24168B   26036.58330074 -.00000084  00000+0  00000+0 0  9991",
        "tle_line2": "2 61186  54.5903 306.8173 0004766 312.9097 191.6015  1.86230162  9339"
      },
      "geometry": {
        "type": "Point",
        "coordinates": [
          102.49437695561197,
          30.08944692242662
        ]
      }
    },
    {
      "type": "Feature",
      "properties": {
        "norad_id": 61187,
        "name": "BEIDOU-3 M27 (C49)",
        "group": "gnss",
        "lat": -54.00698340161321,
        "lon": -131.28644829310468,
        "alt_km": 21533.92638344066,
        "timestamp": "2026-02-06T02:47:53.730670+00:00",
        "meta_object_name": "BEIDOU-3 M27 (C49)",
        "meta_object_id": "2024-168C",
        "meta_epoch": "2026-02-05T06:28:52.694112",
        "meta_mean_motion": 1.86230293,
        "meta_eccentricity": 0.0002876,
        "meta_inclination": 54.5861,
        "meta_ra_of_asc_node": 306.8116,
        "meta_arg_of_pericenter": 6.9874,
        "meta_mean_anomaly": 62.4828,
        "meta_ephemeris_type": 0,
        "meta_classification_type": "U",
        "meta_norad_cat_id": 61187,
        "meta_element_set_no": 999,
        "meta_rev_at_epoch": 680,
        "meta_bstar": 0,
        "meta_mean_motion_dot": -8.3e-07,
        "meta_mean_motion_ddot": 0,
        "tle_line1": "1 61187U 24168C   26036.27005433 -.00000083  00000+0  00000+0 0  9995",
        "tle_line2": "2 61187  54.5861 306.8116 0002876   6.9874  62.4828  1.86230293  6804"
      },
      "geometry": {
        "type": "Point",
        "coordinates": [
          -131.28644829310468,
          -54.00698340161321
        ]
      }
    },
    {
      "type": "Feature",
      "properties": {
        "norad_id": 62339,
        "name": "GPS BIII-7  (PRN 01)",
        "group": "gnss",
        "lat": -51.77982959890223,
        "lon": -83.63399276023189,
        "alt_km": 20171.454058669984,
        "timestamp": "2026-02-06T02:47:53.730681+00:00",
        "meta_object_name": "GPS BIII-7  (PRN 01)",
        "meta_object_id": "2024-242A",
        "meta_epoch": "2026-02-05T05:24:14.662944",
        "meta_mean_motion": 2.005691,
        "meta_eccentricity": 0.0014796,
        "meta_inclination": 54.9036,
        "meta_ra_of_asc_node": 339.533,
        "meta_arg_of_pericenter": 352.5103,
        "meta_mean_anomaly": 10.2059,
        "meta_ephemeris_type": 0,
        "meta_classification_type": "U",
        "meta_norad_cat_id": 62339,
        "meta_element_set_no": 999,
        "meta_rev_at_epoch": 861,
        "meta_bstar": 0,
        "meta_mean_motion_dot": -1.06e-06,
        "meta_mean_motion_ddot": 0,
        "tle_line1": "1 62339U 24242A   26036.22516971 -.00000106  00000+0  00000+0 0  9993",
        "tle_line2": "2 62339  54.9036 339.5330 0014796 352.5103  10.2059  2.00569100  8619"
      },
      "geometry": {
        "type": "Point",
        "coordinates": [
          -83.63399276023189,
          -51.77982959890223
        ]
      }
    },
    {
      "type": "Feature",
      "properties": {
        "norad_id": 62850,
        "name": "NVS-02 (IRNSS-1K)",
        "group": "gnss",
        "lat": -17.26609986237067,
        "lon": -107.05767209025754,
        "alt_km": 11478.40326717943,
        "timestamp": "2026-02-06T02:47:53.730694+00:00",
        "meta_object_name": "NVS-02 (IRNSS-1K)",
        "meta_object_id": "2025-020A",
        "meta_epoch": "2026-02-04T18:20:46.993920",
        "meta_mean_motion": 2.17660357,
        "meta_eccentricity": 0.73486685,
        "meta_inclination": 20.87,
        "meta_ra_of_asc_node": 307.9362,
        "meta_arg_of_pericenter": 61.4886,
        "meta_mean_anomaly": 352.2091,
        "meta_ephemeris_type": 0,
        "meta_classification_type": "U",
        "meta_norad_cat_id": 62850,
        "meta_element_set_no": 999,
        "meta_rev_at_epoch": 809,
        "meta_bstar": 0.00063343522,
        "meta_mean_motion_dot": 5.97e-06,
        "meta_mean_motion_ddot": 0,
        "tle_line1": "1 62850U 25020A   26035.76443280  .00000597  00000+0  63344-3 0  9993",
        "tle_line2": "2 62850  20.8700 307.9362 7348668  61.4886 352.2091  2.17660357  8091"
      },
      "geometry": {
        "type": "Point",
        "coordinates": [
          -107.05767209025754,
          -17.26609986237067
        ]
      }
    },
    {
      "type": "Feature",
      "properties": {
        "norad_id": 62876,
        "name": "QZS-6 (QZSS/PRN 200)",
        "group": "gnss",
        "lat": -0.005677368151637659,
        "lon": -91.24917319176606,
        "alt_km": 35780.76039433602,
        "timestamp": "2026-02-06T02:47:53.730706+00:00",
        "meta_object_name": "QZS-6 (QZSS/PRN 200)",
        "meta_object_id": "2025-023A",
        "meta_epoch": "2026-02-05T14:57:21.036960",
        "meta_mean_motion": 1.0027245,
        "meta_eccentricity": 0.0002065,
        "meta_inclination": 0.0271,
        "meta_ra_of_asc_node": 72.7755,
        "meta_arg_of_pericenter": 249.7166,
        "meta_mean_anomaly": 128.1217,
        "meta_ephemeris_type": 0,
        "meta_classification_type": "U",
        "meta_norad_cat_id": 62876,
        "meta_element_set_no": 999,
        "meta_rev_at_epoch": 364,
        "meta_bstar": 0,
        "meta_mean_motion_dot": -2.35e-06,
        "meta_mean_motion_ddot": 0,
        "tle_line1": "1 62876U 25023A   26036.62316015 -.00000235  00000+0  00000+0 0  9991",
        "tle_line2": "2 62876   0.0271  72.7755 0002065 249.7166 128.1217  1.00272450  3648"
      },
      "geometry": {
        "type": "Point",
        "coordinates": [
          -91.24917319176606,
          -0.005677368151637659
        ]
      }
    },
    {
      "type": "Feature",
      "properties": {
        "norad_id": 63130,
        "name": "COSMOS 2584 (704K)",
        "group": "gnss",
        "lat": -62.18749692974549,
        "lon": 15.126812105471242,
        "alt_km": 19123.817095372757,
        "timestamp": "2026-02-06T02:47:53.730717+00:00",
        "meta_object_name": "COSMOS 2584 (704K)",
        "meta_object_id": "2025-042A",
        "meta_epoch": "2026-02-01T23:51:40.245120",
        "meta_mean_motion": 2.13103094,
        "meta_eccentricity": 0.00079235,
        "meta_inclination": 65.0043,
        "meta_ra_of_asc_node": 77.3991,
        "meta_arg_of_pericenter": 230.5803,
        "meta_mean_anomaly": 129.4286,
        "meta_ephemeris_type": 0,
        "meta_classification_type": "U",
        "meta_norad_cat_id": 63130,
        "meta_element_set_no": 999,
        "meta_rev_at_epoch": 716,
        "meta_bstar": 0,
        "meta_mean_motion_dot": 1e-07,
        "meta_mean_motion_ddot": 0,
        "tle_line1": "1 63130U 25042A   26032.99421580  .00000010  00000+0  00000+0 0  9996",
        "tle_line2": "2 63130  65.0043  77.3991 0007923 230.5803 129.4286  2.13103094  7160"
      },
      "geometry": {
        "type": "Point",
        "coordinates": [
          15.126812105471242,
          -62.18749692974549
        ]
      }
    },
    {
      "type": "Feature",
      "properties": {
        "norad_id": 64202,
        "name": "GPS BIII-8  (PRN 21)",
        "group": "gnss",
        "lat": 48.767300293890216,
        "lon": 163.73595524184825,
        "alt_km": 20195.472494965412,
        "timestamp": "2026-02-06T02:47:53.730728+00:00",
        "meta_object_name": "GPS BIII-8  (PRN 21)",
        "meta_object_id": "2025-116A",
        "meta_epoch": "2026-02-04T22:59:38.868864",
        "meta_mean_motion": 2.00554897,
        "meta_eccentricity": 0.00076176,
        "meta_inclination": 55.147,
        "meta_ra_of_asc_node": 36.4518,
        "meta_arg_of_pericenter": 319.0148,
        "meta_mean_anomaly": 38.0293,
        "meta_ephemeris_type": 0,
        "meta_classification_type": "U",
        "meta_norad_cat_id": 64202,
        "meta_element_set_no": 999,
        "meta_rev_at_epoch": 521,
        "meta_bstar": 0,
        "meta_mean_motion_dot": -7.5e-07,
        "meta_mean_motion_ddot": 0,
        "tle_line1": "1 64202U 25116A   26035.95808876 -.00000075  00000+0  00000+0 0  9997",
        "tle_line2": "2 64202  55.1470  36.4518 0007617 319.0148  38.0293  2.00554897  5215"
      },
      "geometry": {
        "type": "Point",
        "coordinates": [
          163.73595524184825,
          48.767300293890216
        ]
      }
    },
    {
      "type": "Feature",
      "properties": {
        "norad_id": 65590,
        "name": "COSMOS 2596 (708K)",
        "group": "gnss",
        "lat": 36.01335822060204,
        "lon": -20.381919921069407,
        "alt_km": 19124.42872476725,
        "timestamp": "2026-02-06T02:47:53.730739+00:00",
        "meta_object_name": "COSMOS 2596 (708K)",
        "meta_object_id": "2025-206B",
        "meta_epoch": "2026-02-05T20:15:14.936832",
        "meta_mean_motion": 2.13100236,
        "meta_eccentricity": 0.0013457,
        "meta_inclination": 64.7107,
        "meta_ra_of_asc_node": 319.5594,
        "meta_arg_of_pericenter": 312.8471,
        "meta_mean_anomaly": 238.3994,
        "meta_ephemeris_type": 0,
        "meta_classification_type": "U",
        "meta_norad_cat_id": 65590,
        "meta_element_set_no": 999,
        "meta_rev_at_epoch": 311,
        "meta_bstar": 0,
        "meta_mean_motion_dot": -7.5e-07,
        "meta_mean_motion_ddot": 0,
        "tle_line1": "1 65590U 25206B   26036.84392288 -.00000075  00000+0  00000+0 0  9992",
        "tle_line2": "2 65590  64.7107 319.5594 0013457 312.8471 238.3994  2.13100236  3115"
      },
      "geometry": {
        "type": "Point",
        "coordinates": [
          -20.381919921069407,
          36.01335822060204
        ]
      }
    },
    {
      "type": "Feature",
      "properties": {
        "norad_id": 67588,
        "name": "GPS BIII-9 (PRN 20)",
        "group": "gnss",
        "lat": 26.52416509006076,
        "lon": 114.33784567299622,
        "alt_km": 20182.719105251108,
        "timestamp": "2026-02-06T02:47:53.730754+00:00",
        "meta_object_name": "GPS BIII-9 (PRN 20)",
        "meta_object_id": "2026-017A",
        "meta_epoch": "2026-02-05T01:48:20.280672",
        "meta_mean_motion": 2.0075864,
        "meta_eccentricity": 0.002009,
        "meta_inclination": 55.895,
        "meta_ra_of_asc_node": 94.6111,
        "meta_arg_of_pericenter": 279.5353,
        "meta_mean_anomaly": 80.307,
        "meta_ephemeris_type": 0,
        "meta_classification_type": "U",
        "meta_norad_cat_id": 67588,
        "meta_element_set_no": 999,
        "meta_rev_at_epoch": 42897,
        "meta_bstar": 0,
        "meta_mean_motion_dot": -1.9e-07,
        "meta_mean_motion_ddot": 0,
        "tle_line1": "1 67588U 26017A   26036.07523473 -.00000019  00000+0  00000+0 0  9997",
        "tle_line2": "2 67588  55.8950  94.6111 0020090 279.5353  80.3070  2.00758640428975"
      },
      "geometry": {
        "type": "Point",
        "coordinates": [
          114.33784567299622,
          26.52416509006076
        ]
      }
    }
  ]
}