{
  "type": "FeatureCollection",
  "features": [
    {
      "type": "Feature",
      "properties": {
        "norad_id": 24946,
        "name": "IRIDIUM 33",
        "group": "iridium-33-debris",
        "lat": 16.860905521997225,
        "lon": -140.4693083984862,
        "alt_km": 780.3819960614392,
        "timestamp": "2026-02-16T10:06:40.508898+00:00",
        "meta_object_name": "IRIDIUM 33",
        "meta_object_id": "1997-051C",
        "meta_epoch": "2026-02-16T00:59:14.536608",
        "meta_mean_motion": 14.35087167,
        "meta_eccentricity": 0.0008335,
        "meta_inclination": 86.3841,
        "meta_ra_of_asc_node": 40.7885,
        "meta_arg_of_pericenter": 17.5372,
        "meta_mean_anomaly": 342.611,
        "meta_ephemeris_type": 0,
        "meta_classification_type": "U",
        "meta_norad_cat_id": 24946,
        "meta_element_set_no": 999,
        "meta_rev_at_epoch": 48771,
        "meta_bstar": 0.0001067,
        "meta_mean_motion_dot": 3.24e-06,
        "meta_mean_motion_ddot": 0,
        "tle_line1": "1 24946U 97051C   26047.04114047  .00000324  00000+0  10670-3 0  9992",
        "tle_line2": "2 24946  86.3841  40.7885 0008335  17.5372 342.6110 14.35087167487719"
      },
      "geometry": {
        "type": "Point",
        "coordinates": [
          -140.4693083984862,
          16.860905521997225
        ]
      }
    },
    {
      "type": "Feature",
      "properties": {
        "norad_id": 33773,
        "name": "IRIDIUM 33 DEB",
        "group": "iridium-33-debris",
        "lat": -84.88597185893681,
        "lon": -11.97417480294384,
        "alt_km": 749.0014208948141,
        "timestamp": "2026-02-16T10:06:40.508954+00:00",
        "meta_object_name": "IRIDIUM 33 DEB",
        "meta_object_id": "1997-051L",
        "meta_epoch": "2026-02-16T00:31:39.529056",
        "meta_mean_motion": 14.43425543,
        "meta_eccentricity": 0.0009266,
        "meta_inclination": 86.3997,
        "meta_ra_of_asc_node": 32.905,
        "meta_arg_of_pericenter": 306.0594,
        "meta_mean_anomaly": 53.9747,
        "meta_ephemeris_type": 0,
        "meta_classification_type": "U",
        "meta_norad_cat_id": 33773,
        "meta_element_set_no": 999,
        "meta_rev_at_epoch": 89289,
        "meta_bstar": 0.000351,
        "meta_mean_motion_dot": 1.205e-05,
        "meta_mean_motion_ddot": 0,
        "tle_line1": "1 33773U 97051L   26047.02198529  .00001205  00000+0  35100-3 0  9999",
        "tle_line2": "2 33773  86.3997  32.9050 0009266 306.0594  53.9747 14.43425543892892"
      },
      "geometry": {
        "type": "Point",
        "coordinates": [
          -11.97417480294384,
          -84.88597185893681
        ]
      }
    },
    {
      "type": "Feature",
      "properties": {
        "norad_id": 33775,
        "name": "IRIDIUM 33 DEB",
        "group": "iridium-33-debris",
        "lat": -61.10298224182714,
        "lon": 14.882618255429511,
        "alt_km": 752.0660046422845,
        "timestamp": "2026-02-16T10:06:40.508972+00:00",
        "meta_object_name": "IRIDIUM 33 DEB",
        "meta_object_id": "1997-051N",
        "meta_epoch": "2026-02-15T23:00:29.589120",
        "meta_mean_motion": 14.41682105,
        "meta_eccentricity": 0.0011869,
        "meta_inclination": 86.3644,
        "meta_ra_of_asc_node": 21.6946,
        "meta_arg_of_pericenter": 316.5896,
        "meta_mean_anomaly": 102.6677,
        "meta_ephemeris_type": 0,
        "meta_classification_type": "U",
        "meta_norad_cat_id": 33775,
        "meta_element_set_no": 999,
        "meta_rev_at_epoch": 89080,
        "meta_bstar": 0.00051538,
        "meta_mean_motion_dot": 1.699e-05,
        "meta_mean_motion_ddot": 0,
        "tle_line1": "1 33775U 97051N   26046.95867580  .00001699  00000+0  51538-3 0  9992",
        "tle_line2": "2 33775  86.3644  21.6946 0011869 316.5896 102.6677 14.41682105890805"
      },
      "geometry": {
        "type": "Point",
        "coordinates": [
          14.882618255429511,
          -61.10298224182714
        ]
      }
    },
    {
      "type": "Feature",
      "properties": {
        "norad_id": 33776,
        "name": "IRIDIUM 33 DEB",
        "group": "iridium-33-debris",
        "lat": 62.185947380737574,
        "lon": -133.68602412654386,
        "alt_km": 763.8291974073836,
        "timestamp": "2026-02-16T10:06:40.508985+00:00",
        "meta_object_name": "IRIDIUM 33 DEB",
        "meta_object_id": "1997-051P",
        "meta_epoch": "2026-02-16T01:29:19.704768",
        "meta_mean_motion": 14.38365094,
        "meta_eccentricity": 0.0014094,
        "meta_inclination": 86.3995,
        "meta_ra_of_asc_node": 53.3197,
        "meta_arg_of_pericenter": 352.8283,
        "meta_mean_anomaly": 65.4348,
        "meta_ephemeris_type": 0,
        "meta_classification_type": "U",
        "meta_norad_cat_id": 33776,
        "meta_element_set_no": 999,
        "meta_rev_at_epoch": 89021,
        "meta_bstar": 0.00029208,
        "meta_mean_motion_dot": 9.1e-06,
        "meta_mean_motion_ddot": 0,
        "tle_line1": "1 33776U 97051P   26047.06203362  .00000910  00000+0  29208-3 0  9992",
        "tle_line2": "2 33776  86.3995  53.3197 0014094 352.8283  65.4348 14.38365094890218"
      },
      "geometry": {
        "type": "Point",
        "coordinates": [
          -133.68602412654386,
          62.185947380737574
        ]
      }
    },
    {
      "type": "Feature",
      "properties": {
        "norad_id": 33777,
        "name": "IRIDIUM 33 DEB",
        "group": "iridium-33-debris",
        "lat": 80.2311088279023,
        "lon": 165.04265815906265,
        "alt_km": 694.1408838940115,
        "timestamp": "2026-02-16T10:06:40.508998+00:00",
        "meta_object_name": "IRIDIUM 33 DEB",
        "meta_object_id": "1997-051Q",
        "meta_epoch": "2026-02-15T20:27:54.136224",
        "meta_mean_motion": 14.56179086,
        "meta_eccentricity": 0.00089953,
        "meta_inclination": 86.3806,
        "meta_ra_of_asc_node": 6.8599,
        "meta_arg_of_pericenter": 50.7317,
        "meta_mean_anomaly": 309.4687,
        "meta_ephemeris_type": 0,
        "meta_classification_type": "U",
        "meta_norad_cat_id": 33777,
        "meta_element_set_no": 999,
        "meta_rev_at_epoch": 89481,
        "meta_bstar": 0.00082084964,
        "meta_mean_motion_dot": 3.646e-05,
        "meta_mean_motion_ddot": 0,
        "tle_line1": "1 33777U 97051Q   26046.85270991  .00003646  00000+0  82085-3 0  9992",
        "tle_line2": "2 33777  86.3806   6.8599 0008995  50.7317 309.4687 14.56179086894815"
      },
      "geometry": {
        "type": "Point",
        "coordinates": [
          165.04265815906265,
          80.2311088279023
        ]
      }
    },
    {
      "type": "Feature",
      "properties": {
        "norad_id": 33850,
        "name": "IRIDIUM 33 DEB",
        "group": "iridium-33-debris",
        "lat": 84.21570483223144,
        "lon": 41.054528255024564,
        "alt_km": 746.6372237848436,
        "timestamp": "2026-02-16T10:06:40.509010+00:00",
        "meta_object_name": "IRIDIUM 33 DEB",
        "meta_object_id": "1997-051T",
        "meta_epoch": "2026-02-15T20:40:30.715104",
        "meta_mean_motion": 14.42406753,
        "meta_eccentricity": 0.0010131,
        "meta_inclination": 86.3451,
        "meta_ra_of_asc_node": 2.1723,
        "meta_arg_of_pericenter": 328.141,
        "meta_mean_anomaly": 92.0912,
        "meta_ephemeris_type": 0,
        "meta_classification_type": "U",
        "meta_norad_cat_id": 33850,
        "meta_element_set_no": 999,
        "meta_rev_at_epoch": 89091,
        "meta_bstar": 0.00065714,
        "meta_mean_motion_dot": 2.193e-05,
        "meta_mean_motion_ddot": 0,
        "tle_line1": "1 33850U 97051T   26046.86146661  .00002193  00000+0  65714-3 0  9997",
        "tle_line2": "2 33850  86.3451   2.1723 0010131 328.1410  92.0912 14.42406753890914"
      },
      "geometry": {
        "type": "Point",
        "coordinates": [
          41.054528255024564,
          84.21570483223144
        ]
      }
    },
    {
      "type": "Feature",
      "properties": {
        "norad_id": 33853,
        "name": "IRIDIUM 33 DEB",
        "group": "iridium-33-debris",
        "lat": 31.4719007066937,
        "lon": -36.530970028390925,
        "alt_km": 740.0601862490375,
        "timestamp": "2026-02-16T10:06:40.509022+00:00",
        "meta_object_name": "IRIDIUM 33 DEB",
        "meta_object_id": "1997-051W",
        "meta_epoch": "2026-02-15T18:46:12.732384",
        "meta_mean_motion": 13.99464938,
        "meta_eccentricity": 0.02117602,
        "meta_inclination": 86.0019,
        "meta_ra_of_asc_node": 321.2956,
        "meta_arg_of_pericenter": 36.7207,
        "meta_mean_anomaly": 16.6305,
        "meta_ephemeris_type": 0,
        "meta_classification_type": "U",
        "meta_norad_cat_id": 33853,
        "meta_element_set_no": 999,
        "meta_rev_at_epoch": 86255,
        "meta_bstar": 0.0019849496,
        "meta_mean_motion_dot": 3.525e-05,
        "meta_mean_motion_ddot": 0,
        "tle_line1": "1 33853U 97051W   26046.78209181  .00003525  00000+0  19849-2 0  9995",
        "tle_line2": "2 33853  86.0019 321.2956 0211760  36.7207  16.6305 13.99464938862551"
      },
      "geometry": {
        "type": "Point",
        "coordinates": [
          -36.530970028390925,
          31.4719007066937
        ]
      }
    },
    {
      "type": "Feature",
      "properties": {
        "norad_id": 33860,
        "name": "IRIDIUM 33 DEB",
        "group": "iridium-33-debris",
        "lat": -37.8277714374994,
        "lon": -4.6762737955433336,
        "alt_km": 677.9720690627055,
        "timestamp": "2026-02-16T10:06:40.509034+00:00",
        "meta_object_name": "IRIDIUM 33 DEB",
        "meta_object_id": "1997-051AD",
        "meta_epoch": "2026-02-15T08:41:26.278944",
        "meta_mean_motion": 14.6862613,
        "meta_eccentricity": 0.0011234,
        "meta_inclination": 86.3857,
        "meta_ra_of_asc_node": 358.6061,
        "meta_arg_of_pericenter": 106.0094,
        "meta_mean_anomaly": 19.8579,
        "meta_ephemeris_type": 0,
        "meta_classification_type": "U",
        "meta_norad_cat_id": 33860,
        "meta_element_set_no": 999,
        "meta_rev_at_epoch": 89670,
        "meta_bstar": 0.0019231763,
        "meta_mean_motion_dot": 0.00011216,
        "meta_mean_motion_ddot": 0,
        "tle_line1": "1 33860U 97051AD  26046.36210971  .00011216  00000+0  19232-2 0  9998",
        "tle_line2": "2 33860  86.3857 358.6061 0011234 106.0094  19.8579 14.68626130896705"
      },
      "geometry": {
        "type": "Point",
        "coordinates": [
          -4.6762737955433336,
          -37.8277714374994
        ]
      }
    },
    {
      "type": "Feature",
      "properties": {
        "norad_id": 33862,
        "name": "IRIDIUM 33 DEB",
        "group": "iridium-33-debris",
        "lat": -14.12946494411445,
        "lon": -170.57195072404735,
        "alt_km": 628.3160920832333,
        "timestamp": "2026-02-16T10:06:40.509045+00:00",
        "meta_object_name": "IRIDIUM 33 DEB",
        "meta_object_id": "1997-051AF",
        "meta_epoch": "2026-02-15T20:18:08.731296",
        "meta_mean_motion": 14.71280788,
        "meta_eccentricity": 0.00474805,
        "meta_inclination": 86.4105,
        "meta_ra_of_asc_node": 8.7769,
        "meta_arg_of_pericenter": 199.0199,
        "meta_mean_anomaly": 189.5225,
        "meta_ephemeris_type": 0,
        "meta_classification_type": "U",
        "meta_norad_cat_id": 33862,
        "meta_element_set_no": 999,
        "meta_rev_at_epoch": 89780,
        "meta_bstar": 0.0021782585,
        "meta_mean_motion_dot": 0.00013721,
        "meta_mean_motion_ddot": 0,
        "tle_line1": "1 33862U 97051AF  26046.84593439  .00013721  00000+0  21783-2 0  9993",
        "tle_line2": "2 33862  86.4105   8.7769 0047480 199.0199 189.5225 14.71280788897806"
      },
      "geometry": {
        "type": "Point",
        "coordinates": [
          -170.57195072404735,
          -14.12946494411445
        ]
      }
    },
    {
      "type": "Feature",
      "properties": {
        "norad_id": 33866,
        "name": "IRIDIUM 33 DEB",
        "group": "iridium-33-debris",
        "lat": 77.06661966358571,
        "lon": -131.15403332278154,
        "alt_km": 869.107732208905,
        "timestamp": "2026-02-16T10:06:40.509056+00:00",
        "meta_object_name": "IRIDIUM 33 DEB",
        "meta_object_id": "1997-051AK",
        "meta_epoch": "2026-02-15T23:38:15.576000",
        "meta_mean_motion": 14.25596605,
        "meta_eccentricity": 0.0111859,
        "meta_inclination": 86.2966,
        "meta_ra_of_asc_node": 65.4127,
        "meta_arg_of_pericenter": 313.2079,
        "meta_mean_anomaly": 70.2678,
        "meta_ephemeris_type": 0,
        "meta_classification_type": "U",
        "meta_norad_cat_id": 33866,
        "meta_element_set_no": 999,
        "meta_rev_at_epoch": 87740,
        "meta_bstar": 0.0011589,
        "meta_mean_motion_dot": 2.946e-05,
        "meta_mean_motion_ddot": 0,
        "tle_line1": "1 33866U 97051AK  26046.98490250  .00002946  00000+0  11589-2 0  9999",
        "tle_line2": "2 33866  86.2966  65.4127 0111859 313.2079  70.2678 14.25596605877409"
      },
      "geometry": {
        "type": "Point",
        "coordinates": [
          -131.15403332278154,
          77.06661966358571
        ]
      }
    },
    {
      "type": "Feature",
      "properties": {
        "norad_id": 33870,
        "name": "IRIDIUM 33 DEB",
        "group": "iridium-33-debris",
        "lat": 30.705001102129113,
        "lon": 32.24169622397618,
        "alt_km": 729.0848296421091,
        "timestamp": "2026-02-16T10:06:40.509066+00:00",
        "meta_object_name": "IRIDIUM 33 DEB",
        "meta_object_id": "1997-051AP",
        "meta_epoch": "2026-02-16T00:18:16.445376",
        "meta_mean_motion": 14.46261387,
        "meta_eccentricity": 0.0019723,
        "meta_inclination": 86.3739,
        "meta_ra_of_asc_node": 30.2587,
        "meta_arg_of_pericenter": 333.1549,
        "meta_mean_anomaly": 91.4257,
        "meta_ephemeris_type": 0,
        "meta_classification_type": "U",
        "meta_norad_cat_id": 33870,
        "meta_element_set_no": 999,
        "meta_rev_at_epoch": 89080,
        "meta_bstar": 0.00086711,
        "meta_mean_motion_dot": 3.131e-05,
        "meta_mean_motion_ddot": 0,
        "tle_line1": "1 33870U 97051AP  26047.01269034  .00003131  00000+0  86711-3 0  9990",
        "tle_line2": "2 33870  86.3739  30.2587 0019723 333.1549  91.4257 14.46261387890809"
      },
      "geometry": {
        "type": "Point",
        "coordinates": [
          32.24169622397618,
          30.705001102129113
        ]
      }
    },
    {
      "type": "Feature",
      "properties": {
        "norad_id": 33881,
        "name": "IRIDIUM 33 DEB",
        "group": "iridium-33-debris",
        "lat": 55.56892946821683,
        "lon": 83.44572333261121,
        "alt_km": 699.3479702090035,
        "timestamp": "2026-02-16T10:06:40.509077+00:00",
        "meta_object_name": "IRIDIUM 33 DEB",
        "meta_object_id": "1997-051BA",
        "meta_epoch": "2026-02-16T01:45:12.681216",
        "meta_mean_motion": 14.58311707,
        "meta_eccentricity": 0.0054633,
        "meta_inclination": 86.382,
        "meta_ra_of_asc_node": 78.3018,
        "meta_arg_of_pericenter": 317.8209,
        "meta_mean_anomaly": 70.3079,
        "meta_ephemeris_type": 0,
        "meta_classification_type": "U",
        "meta_norad_cat_id": 33881,
        "meta_element_set_no": 999,
        "meta_rev_at_epoch": 88452,
        "meta_bstar": 0.0030693,
        "meta_mean_motion_dot": 0.00014525,
        "meta_mean_motion_ddot": 0,
        "tle_line1": "1 33881U 97051BA  26047.07306344  .00014525  00000+0  30693-2 0  9990",
        "tle_line2": "2 33881  86.3820  78.3018 0054633 317.8209  70.3079 14.58311707884520"
      },
      "geometry": {
        "type": "Point",
        "coordinates": [
          83.44572333261121,
          55.56892946821683
        ]
      }
    },
    {
      "type": "Feature",
      "properties": {
        "norad_id": 33884,
        "name": "IRIDIUM 33 DEB",
        "group": "iridium-33-debris",
        "lat": -78.63740303258025,
        "lon": -38.26946975345547,
        "alt_km": 647.2911951521137,
        "timestamp": "2026-02-16T10:06:40.509088+00:00",
        "meta_object_name": "IRIDIUM 33 DEB",
        "meta_object_id": "1997-051BD",
        "meta_epoch": "2026-02-15T20:06:08.201952",
        "meta_mean_motion": 14.79528157,
        "meta_eccentricity": 0.0014163,
        "meta_inclination": 86.3722,
        "meta_ra_of_asc_node": 340.3985,
        "meta_arg_of_pericenter": 79.36,
        "meta_mean_anomaly": 334.5298,
        "meta_ephemeris_type": 0,
        "meta_classification_type": "U",
        "meta_norad_cat_id": 33884,
        "meta_element_set_no": 999,
        "meta_rev_at_epoch": 89809,
        "meta_bstar": 0.0023117,
        "meta_mean_motion_dot": 0.00017366,
        "meta_mean_motion_ddot": 0,
        "tle_line1": "1 33884U 97051BD  26046.83759493  .00017366  00000+0  23117-2 0  9992",
        "tle_line2": "2 33884  86.3722 340.3985 0014163  79.3600 334.5298 14.79528157898095"
      },
      "geometry": {
        "type": "Point",
        "coordinates": [
          -38.26946975345547,
          -78.63740303258025
        ]
      }
    },
    {
      "type": "Feature",
      "properties": {
        "norad_id": 33886,
        "name": "IRIDIUM 33 DEB",
        "group": "iridium-33-debris",
        "lat": -58.13541520036476,
        "lon": 33.71598164829476,
        "alt_km": 779.8167715639247,
        "timestamp": "2026-02-16T10:06:40.509098+00:00",
        "meta_object_name": "IRIDIUM 33 DEB",
        "meta_object_id": "1997-051BF",
        "meta_epoch": "2026-02-16T00:37:36.413760",
        "meta_mean_motion": 14.36139716,
        "meta_eccentricity": 0.0015504,
        "meta_inclination": 86.3806,
        "meta_ra_of_asc_node": 39.7269,
        "meta_arg_of_pericenter": 40.0973,
        "meta_mean_anomaly": 19.9663,
        "meta_ephemeris_type": 0,
        "meta_classification_type": "U",
        "meta_norad_cat_id": 33886,
        "meta_element_set_no": 999,
        "meta_rev_at_epoch": 88989,
        "meta_bstar": 0.00021169,
        "meta_mean_motion_dot": 6.37e-06,
        "meta_mean_motion_ddot": 0,
        "tle_line1": "1 33886U 97051BF  26047.02611590  .00000637  00000+0  21169-3 0  9990",
        "tle_line2": "2 33886  86.3806  39.7269 0015504  40.0973  19.9663 14.36139716889892"
      },
      "geometry": {
        "type": "Point",
        "coordinates": [
          33.71598164829476,
          -58.13541520036476
        ]
      }
    },
    {
      "type": "Feature",
      "properties": {
        "norad_id": 33887,
        "name": "IRIDIUM 33 DEB",
        "group": "iridium-33-debris",
        "lat": 26.32104696699205,
        "lon": 153.27138962225882,
        "alt_km": 768.6693015470255,
        "timestamp": "2026-02-16T10:06:40.509108+00:00",
        "meta_object_name": "IRIDIUM 33 DEB",
        "meta_object_id": "1997-051BG",
        "meta_epoch": "2026-02-16T03:01:08.155776",
        "meta_mean_motion": 14.37303034,
        "meta_eccentricity": 0.0007595,
        "meta_inclination": 86.3093,
        "meta_ra_of_asc_node": 335.2283,
        "meta_arg_of_pericenter": 41.5146,
        "meta_mean_anomaly": 23.8189,
        "meta_ephemeris_type": 0,
        "meta_classification_type": "U",
        "meta_norad_cat_id": 33887,
        "meta_element_set_no": 999,
        "meta_rev_at_epoch": 89104,
        "meta_bstar": 0.00017038,
        "meta_mean_motion_dot": 5.28e-06,
        "meta_mean_motion_ddot": 0,
        "tle_line1": "1 33887U 97051BG  26047.12578884  .00000528  00000+0  17038-3 0  9999",
        "tle_line2": "2 33887  86.3093 335.2283 0007595  41.5146  23.8189 14.37303034891044"
      },
      "geometry": {
        "type": "Point",
        "coordinates": [
          153.27138962225882,
          26.32104696699205
        ]
      }
    },
    {
      "type": "Feature",
      "properties": {
        "norad_id": 33953,
        "name": "IRIDIUM 33 DEB",
        "group": "iridium-33-debris",
        "lat": 45.23579640273718,
        "lon": 28.898527846105424,
        "alt_km": 711.15646119138,
        "timestamp": "2026-02-16T10:06:40.509119+00:00",
        "meta_object_name": "IRIDIUM 33 DEB",
        "meta_object_id": "1997-051BN",
        "meta_epoch": "2026-02-14T21:45:13.156128",
        "meta_mean_motion": 14.56128876,
        "meta_eccentricity": 0.00132956,
        "meta_inclination": 86.3839,
        "meta_ra_of_asc_node": 25.9011,
        "meta_arg_of_pericenter": 239.9778,
        "meta_mean_anomaly": 149.3096,
        "meta_ephemeris_type": 0,
        "meta_classification_type": "U",
        "meta_norad_cat_id": 33953,
        "meta_element_set_no": 999,
        "meta_rev_at_epoch": 89237,
        "meta_bstar": 0.00098301789,
        "meta_mean_motion_dot": 4.361e-05,
        "meta_mean_motion_ddot": 0,
        "tle_line1": "1 33953U 97051BN  26045.90640227  .00004361  00000+0  98302-3 0  9990",
        "tle_line2": "2 33953  86.3839  25.9011 0013295 239.9778 149.3096 14.56128876892374"
      },
      "geometry": {
        "type": "Point",
        "coordinates": [
          28.898527846105424,
          45.23579640273718
        ]
      }
    },
    {
      "type": "Feature",
      "properties": {
        "norad_id": 33960,
        "name": "IRIDIUM 33 DEB",
        "group": "iridium-33-debris",
        "lat": 85.4300952950798,
        "lon": -46.40811185786688,
        "alt_km": 592.7180116325726,
        "timestamp": "2026-02-16T10:06:40.509130+00:00",
        "meta_object_name": "IRIDIUM 33 DEB",
        "meta_object_id": "1997-051BV",
        "meta_epoch": "2026-02-16T02:12:19.350432",
        "meta_mean_motion": 14.89177139,
        "meta_eccentricity": 0.0001145,
        "meta_inclination": 86.2498,
        "meta_ra_of_asc_node": 258.6017,
        "meta_arg_of_pericenter": 158.4089,
        "meta_mean_anomaly": 324.1731,
        "meta_ephemeris_type": 0,
        "meta_classification_type": "U",
        "meta_norad_cat_id": 33960,
        "meta_element_set_no": 999,
        "meta_rev_at_epoch": 89838,
        "meta_bstar": 0.002535,
        "meta_mean_motion_dot": 0.00024024,
        "meta_mean_motion_ddot": 0,
        "tle_line1": "1 33960U 97051BV  26047.09189063  .00024024  00000+0  25350-2 0  9996",
        "tle_line2": "2 33960  86.2498 258.6017 0001145 158.4089 324.1731 14.89177139898382"
      },
      "geometry": {
        "type": "Point",
        "coordinates": [
          -46.40811185786688,
          85.4300952950798
        ]
      }
    },
    {
      "type": "Feature",
      "properties": {
        "norad_id": 33966,
        "name": "IRIDIUM 33 DEB",
        "group": "iridium-33-debris",
        "lat": -24.582529140514204,
        "lon": -160.52388147245344,
        "alt_km": 736.6362204025545,
        "timestamp": "2026-02-16T10:06:40.509142+00:00",
        "meta_object_name": "IRIDIUM 33 DEB",
        "meta_object_id": "1997-051CB",
        "meta_epoch": "2026-02-15T21:42:30.902976",
        "meta_mean_motion": 14.49932724,
        "meta_eccentricity": 0.000769,
        "meta_inclination": 86.3937,
        "meta_ra_of_asc_node": 18.0446,
        "meta_arg_of_pericenter": 5.9955,
        "meta_mean_anomaly": 22.8275,
        "meta_ephemeris_type": 0,
        "meta_classification_type": "U",
        "meta_norad_cat_id": 33966,
        "meta_element_set_no": 999,
        "meta_rev_at_epoch": 89386,
        "meta_bstar": 0.00065277,
        "meta_mean_motion_dot": 2.544e-05,
        "meta_mean_motion_ddot": 0,
        "tle_line1": "1 33966U 97051CB  26046.90452434  .00002544  00000+0  65277-3 0  9992",
        "tle_line2": "2 33966  86.3937  18.0446 0007690   5.9955  22.8275 14.49932724893868"
      },
      "geometry": {
        "type": "Point",
        "coordinates": [
          -160.52388147245344,
          -24.582529140514204
        ]
      }
    },
    {
      "type": "Feature",
      "properties": {
        "norad_id": 34071,
        "name": "IRIDIUM 33 DEB",
        "group": "iridium-33-debris",
        "lat": -69.68501681962115,
        "lon": 179.20610193418182,
        "alt_km": 729.8047452061528,
        "timestamp": "2026-02-16T10:06:40.509152+00:00",
        "meta_object_name": "IRIDIUM 33 DEB",
        "meta_object_id": "1997-051CE",
        "meta_epoch": "2026-02-15T19:42:38.173824",
        "meta_mean_motion": 14.49885631,
        "meta_eccentricity": 0.00050331,
        "meta_inclination": 86.3497,
        "meta_ra_of_asc_node": 349.5371,
        "meta_arg_of_pericenter": 251.176,
        "meta_mean_anomaly": 108.8899,
        "meta_ephemeris_type": 0,
        "meta_classification_type": "U",
        "meta_norad_cat_id": 34071,
        "meta_element_set_no": 999,
        "meta_rev_at_epoch": 89277,
        "meta_bstar": 0.00073136051,
        "meta_mean_motion_dot": 2.844e-05,
        "meta_mean_motion_ddot": 0,
        "tle_line1": "1 34071U 97051CE  26046.82127516  .00002844  00000+0  73136-3 0  9997",
        "tle_line2": "2 34071  86.3497 349.5371 0005033 251.1760 108.8899 14.49885631892774"
      },
      "geometry": {
        "type": "Point",
        "coordinates": [
          179.20610193418182,
          -69.68501681962115
        ]
      }
    },
    {
      "type": "Feature",
      "properties": {
        "norad_id": 34077,
        "name": "IRIDIUM 33 DEB",
        "group": "iridium-33-debris",
        "lat": -45.2731474765868,
        "lon": -153.8070206867635,
        "alt_km": 678.9118870604789,
        "timestamp": "2026-02-16T10:06:40.509163+00:00",
        "meta_object_name": "IRIDIUM 33 DEB",
        "meta_object_id": "1997-051CL",
        "meta_epoch": "2026-02-15T21:46:01.787232",
        "meta_mean_motion": 14.66176311,
        "meta_eccentricity": 0.0010101,
        "meta_inclination": 86.3855,
        "meta_ra_of_asc_node": 22.7611,
        "meta_arg_of_pericenter": 146.6618,
        "meta_mean_anomaly": 245.4866,
        "meta_ephemeris_type": 0,
        "meta_classification_type": "U",
        "meta_norad_cat_id": 34077,
        "meta_element_set_no": 999,
        "meta_rev_at_epoch": 89287,
        "meta_bstar": 0.0018306,
        "meta_mean_motion_dot": 0.00010102,
        "meta_mean_motion_ddot": 0,
        "tle_line1": "1 34077U 97051CL  26046.90696513  .00010102  00000+0  18306-2 0  9993",
        "tle_line2": "2 34077  86.3855  22.7611 0010101 146.6618 245.4866 14.66176311892877"
      },
      "geometry": {
        "type": "Point",
        "coordinates": [
          -153.8070206867635,
          -45.2731474765868
        ]
      }
    },
    {
      "type": "Feature",
      "properties": {
        "norad_id": 34079,
        "name": "IRIDIUM 33 DEB",
        "group": "iridium-33-debris",
        "lat": 75.52198100581282,
        "lon": 144.54261422234654,
        "alt_km": 595.6070198475363,
        "timestamp": "2026-02-16T10:06:40.509174+00:00",
        "meta_object_name": "IRIDIUM 33 DEB",
        "meta_object_id": "1997-051CN",
        "meta_epoch": "2026-02-15T21:01:06.706848",
        "meta_mean_motion": 14.86267352,
        "meta_eccentricity": 0.0009912,
        "meta_inclination": 86.3801,
        "meta_ra_of_asc_node": 338.9837,
        "meta_arg_of_pericenter": 98.4745,
        "meta_mean_anomaly": 328.5319,
        "meta_ephemeris_type": 0,
        "meta_classification_type": "U",
        "meta_norad_cat_id": 34079,
        "meta_element_set_no": 999,
        "meta_rev_at_epoch": 89944,
        "meta_bstar": 0.0021599,
        "meta_mean_motion_dot": 0.00019066,
        "meta_mean_motion_ddot": 0,
        "tle_line1": "1 34079U 97051CN  26046.87577207  .00019066  00000+0  21599-2 0  9995",
        "tle_line2": "2 34079  86.3801 338.9837 0009912  98.4745 328.5319 14.86267352899449"
      },
      "geometry": {
        "type": "Point",
        "coordinates": [
          144.54261422234654,
          75.52198100581282
        ]
      }
    },
    {
      "type": "Feature",
      "properties": {
        "norad_id": 34088,
        "name": "IRIDIUM 33 DEB",
        "group": "iridium-33-debris",
        "lat": 86.12883027243083,
        "lon": 111.3326199819897,
        "alt_km": 568.4550696881279,
        "timestamp": "2026-02-16T10:06:40.509185+00:00",
        "meta_object_name": "IRIDIUM 33 DEB",
        "meta_object_id": "1997-051CX",
        "meta_epoch": "2026-02-15T21:06:04.200192",
        "meta_mean_motion": 14.9620343,
        "meta_eccentricity": 0.0005498,
        "meta_inclination": 86.3852,
        "meta_ra_of_asc_node": 0.6876,
        "meta_arg_of_pericenter": 45.5631,
        "meta_mean_anomaly": 7.8148,
        "meta_ephemeris_type": 0,
        "meta_classification_type": "U",
        "meta_norad_cat_id": 34088,
        "meta_element_set_no": 999,
        "meta_rev_at_epoch": 89714,
        "meta_bstar": 0.0037335,
        "meta_mean_motion_dot": 0.00042317,
        "meta_mean_motion_ddot": 0,
        "tle_line1": "1 34088U 97051CX  26046.87921528  .00042317  00000+0  37335-2 0  9994",
        "tle_line2": "2 34088  86.3852   0.6876 0005498  45.5631   7.8148 14.96203430897143"
      },
      "geometry": {
        "type": "Point",
        "coordinates": [
          111.3326199819897,
          86.12883027243083
        ]
      }
    },
    {
      "type": "Feature",
      "properties": {
        "norad_id": 34091,
        "name": "IRIDIUM 33 DEB",
        "group": "iridium-33-debris",
        "lat": -2.1245010082740383,
        "lon": 36.47668425687983,
        "alt_km": 599.4765737394919,
        "timestamp": "2026-02-16T10:06:40.509195+00:00",
        "meta_object_name": "IRIDIUM 33 DEB",
        "meta_object_id": "1997-051DA",
        "meta_epoch": "2026-02-15T22:49:14.887200",
        "meta_mean_motion": 14.87693709,
        "meta_eccentricity": 0.0036533,
        "meta_inclination": 86.3416,
        "meta_ra_of_asc_node": 36.8301,
        "meta_arg_of_pericenter": 69.3445,
        "meta_mean_anomaly": 291.1691,
        "meta_ephemeris_type": 0,
        "meta_classification_type": "U",
        "meta_norad_cat_id": 34091,
        "meta_element_set_no": 999,
        "meta_rev_at_epoch": 88834,
        "meta_bstar": 0.004601,
        "meta_mean_motion_dot": 0.00042642,
        "meta_mean_motion_ddot": 0,
        "tle_line1": "1 34091U 97051DA  26046.95086675  .00042642  00000+0  46010-2 0  9993",
        "tle_line2": "2 34091  86.3416  36.8301 0036533  69.3445 291.1691 14.87693709888343"
      },
      "geometry": {
        "type": "Point",
        "coordinates": [
          36.47668425687983,
          -2.1245010082740383
        ]
      }
    },
    {
      "type": "Feature",
      "properties": {
        "norad_id": 34097,
        "name": "IRIDIUM 33 DEB",
        "group": "iridium-33-debris",
        "lat": 50.76094270958309,
        "lon": -22.92515582088737,
        "alt_km": 772.4300931850721,
        "timestamp": "2026-02-16T10:06:40.509220+00:00",
        "meta_object_name": "IRIDIUM 33 DEB",
        "meta_object_id": "1997-051DG",
        "meta_epoch": "2026-02-16T01:30:27.468288",
        "meta_mean_motion": 14.35395594,
        "meta_eccentricity": 0.0082094,
        "meta_inclination": 86.2032,
        "meta_ra_of_asc_node": 332.5692,
        "meta_arg_of_pericenter": 145.819,
        "meta_mean_anomaly": 214.8331,
        "meta_ephemeris_type": 0,
        "meta_classification_type": "U",
        "meta_norad_cat_id": 34097,
        "meta_element_set_no": 999,
        "meta_rev_at_epoch": 88056,
        "meta_bstar": 0.0010679,
        "meta_mean_motion_dot": 3.203e-05,
        "meta_mean_motion_ddot": 0,
        "tle_line1": "1 34097U 97051DG  26047.06281792  .00003203  00000+0  10679-2 0  9991",
        "tle_line2": "2 34097  86.2032 332.5692 0082094 145.8190 214.8331 14.35395594880564"
      },
      "geometry": {
        "type": "Point",
        "coordinates": [
          -22.92515582088737,
          50.76094270958309
        ]
      }
    },
    {
      "type": "Feature",
      "properties": {
        "norad_id": 34145,
        "name": "IRIDIUM 33 DEB",
        "group": "iridium-33-debris",
        "lat": -60.05356290019414,
        "lon": -63.33406881815402,
        "alt_km": 739.324505718575,
        "timestamp": "2026-02-16T10:06:40.509233+00:00",
        "meta_object_name": "IRIDIUM 33 DEB",
        "meta_object_id": "1997-051DY",
        "meta_epoch": "2026-02-16T03:43:59.024064",
        "meta_mean_motion": 14.42966784,
        "meta_eccentricity": 0.0050378,
        "meta_inclination": 86.2122,
        "meta_ra_of_asc_node": 303.3877,
        "meta_arg_of_pericenter": 237.9699,
        "meta_mean_anomaly": 121.6602,
        "meta_ephemeris_type": 0,
        "meta_classification_type": "U",
        "meta_norad_cat_id": 34145,
        "meta_element_set_no": 999,
        "meta_rev_at_epoch": 88581,
        "meta_bstar": 0.00090206,
        "meta_mean_motion_dot": 3.083e-05,
        "meta_mean_motion_ddot": 0,
        "tle_line1": "1 34145U 97051DY  26047.15554426  .00003083  00000+0  90206-3 0  9993",
        "tle_line2": "2 34145  86.2122 303.3877 0050378 237.9699 121.6602 14.42966784885818"
      },
      "geometry": {
        "type": "Point",
        "coordinates": [
          -63.33406881815402,
          -60.05356290019414
        ]
      }
    },
    {
      "type": "Feature",
      "properties": {
        "norad_id": 34146,
        "name": "IRIDIUM 33 DEB",
        "group": "iridium-33-debris",
        "lat": 75.7023580879866,
        "lon": -24.447741340129348,
        "alt_km": 711.2409327696587,
        "timestamp": "2026-02-16T10:06:40.509243+00:00",
        "meta_object_name": "IRIDIUM 33 DEB",
        "meta_object_id": "1997-051DZ",
        "meta_epoch": "2026-02-16T01:46:20.080128",
        "meta_mean_motion": 14.49613426,
        "meta_eccentricity": 0.0028222,
        "meta_inclination": 86.2862,
        "meta_ra_of_asc_node": 320.9405,
        "meta_arg_of_pericenter": 12.548,
        "meta_mean_anomaly": 51.2783,
        "meta_ephemeris_type": 0,
        "meta_classification_type": "U",
        "meta_norad_cat_id": 34146,
        "meta_element_set_no": 999,
        "meta_rev_at_epoch": 89053,
        "meta_bstar": 0.00086479,
        "meta_mean_motion_dot": 3.357e-05,
        "meta_mean_motion_ddot": 0,
        "tle_line1": "1 34146U 97051DZ  26047.07384352  .00003357  00000+0  86479-3 0  9995",
        "tle_line2": "2 34146  86.2862 320.9405 0028222  12.5480  51.2783 14.49613426890532"
      },
      "geometry": {
        "type": "Point",
        "coordinates": [
          -24.447741340129348,
          75.7023580879866
        ]
      }
    },
    {
      "type": "Feature",
      "properties": {
        "norad_id": 34159,
        "name": "IRIDIUM 33 DEB",
        "group": "iridium-33-debris",
        "lat": 44.07392691763031,
        "lon": -163.31946100606848,
        "alt_km": 749.4057438324044,
        "timestamp": "2026-02-16T10:06:40.509254+00:00",
        "meta_object_name": "IRIDIUM 33 DEB",
        "meta_object_id": "1997-051EN",
        "meta_epoch": "2026-02-15T23:28:11.772192",
        "meta_mean_motion": 14.38684701,
        "meta_eccentricity": 0.0030368,
        "meta_inclination": 86.3517,
        "meta_ra_of_asc_node": 20.4111,
        "meta_arg_of_pericenter": 73.8976,
        "meta_mean_anomaly": 286.5562,
        "meta_ephemeris_type": 0,
        "meta_classification_type": "U",
        "meta_norad_cat_id": 34159,
        "meta_element_set_no": 999,
        "meta_rev_at_epoch": 88897,
        "meta_bstar": 0.00045348,
        "meta_mean_motion_dot": 1.417e-05,
        "meta_mean_motion_ddot": 0,
        "tle_line1": "1 34159U 97051EN  26046.97791403  .00001417  00000+0  45348-3 0  9991",
        "tle_line2": "2 34159  86.3517  20.4111 0030368  73.8976 286.5562 14.38684701888979"
      },
      "geometry": {
        "type": "Point",
        "coordinates": [
          -163.31946100606848,
          44.07392691763031
        ]
      }
    },
    {
      "type": "Feature",
      "properties": {
        "norad_id": 34350,
        "name": "IRIDIUM 33 DEB",
        "group": "iridium-33-debris",
        "lat": -2.8112322325483556,
        "lon": -25.86558116919397,
        "alt_km": 739.3842179076028,
        "timestamp": "2026-02-16T10:06:40.509264+00:00",
        "meta_object_name": "IRIDIUM 33 DEB",
        "meta_object_id": "1997-051ES",
        "meta_epoch": "2026-02-15T19:25:11.773920",
        "meta_mean_motion": 14.45632743,
        "meta_eccentricity": 0.00189502,
        "meta_inclination": 86.332,
        "meta_ra_of_asc_node": 334.5802,
        "meta_arg_of_pericenter": 286.4061,
        "meta_mean_anomaly": 126.9844,
        "meta_ephemeris_type": 0,
        "meta_classification_type": "U",
        "meta_norad_cat_id": 34350,
        "meta_element_set_no": 999,
        "meta_rev_at_epoch": 89233,
        "meta_bstar": 0.00042854313,
        "meta_mean_motion_dot": 1.537e-05,
        "meta_mean_motion_ddot": 0,
        "tle_line1": "1 34350U 97051ES  26046.80916405  .00001537  00000+0  42854-3 0  9999",
        "tle_line2": "2 34350  86.3320 334.5802 0018950 286.4061 126.9844 14.45632743892332"
      },
      "geometry": {
        "type": "Point",
        "coordinates": [
          -25.86558116919397,
          -2.8112322325483556
        ]
      }
    },
    {
      "type": "Feature",
      "properties": {
        "norad_id": 34366,
        "name": "IRIDIUM 33 DEB",
        "group": "iridium-33-debris",
        "lat": -80.52330909334638,
        "lon": -136.92355161009124,
        "alt_km": 706.0295796115151,
        "timestamp": "2026-02-16T10:06:40.509275+00:00",
        "meta_object_name": "IRIDIUM 33 DEB",
        "meta_object_id": "1997-051FJ",
        "meta_epoch": "2026-02-15T23:16:52.684608",
        "meta_mean_motion": 14.54766865,
        "meta_eccentricity": 0.0017714,
        "meta_inclination": 86.3693,
        "meta_ra_of_asc_node": 20.9158,
        "meta_arg_of_pericenter": 286.2425,
        "meta_mean_anomaly": 133.319,
        "meta_ephemeris_type": 0,
        "meta_classification_type": "U",
        "meta_norad_cat_id": 34366,
        "meta_element_set_no": 999,
        "meta_rev_at_epoch": 89130,
        "meta_bstar": 0.0013162,
        "meta_mean_motion_dot": 5.67e-05,
        "meta_mean_motion_ddot": 0,
        "tle_line1": "1 34366U 97051FJ  26046.97005422  .00005670  00000+0  13162-2 0  9993",
        "tle_line2": "2 34366  86.3693  20.9158 0017714 286.2425 133.3190 14.54766865891306"
      },
      "geometry": {
        "type": "Point",
        "coordinates": [
          -136.92355161009124,
          -80.52330909334638
        ]
      }
    },
    {
      "type": "Feature",
      "properties": {
        "norad_id": 34375,
        "name": "IRIDIUM 33 DEB",
        "group": "iridium-33-debris",
        "lat": -60.114053756521784,
        "lon": -17.530520932508086,
        "alt_km": 781.8768598131664,
        "timestamp": "2026-02-16T10:06:40.509286+00:00",
        "meta_object_name": "IRIDIUM 33 DEB",
        "meta_object_id": "1997-051FT",
        "meta_epoch": "2026-02-15T20:01:45.295392",
        "meta_mean_motion": 14.1813249,
        "meta_eccentricity": 0.0099937,
        "meta_inclination": 86.4363,
        "meta_ra_of_asc_node": 156.4806,
        "meta_arg_of_pericenter": 280.1607,
        "meta_mean_anomaly": 207.1276,
        "meta_ephemeris_type": 0,
        "meta_classification_type": "U",
        "meta_norad_cat_id": 34375,
        "meta_element_set_no": 999,
        "meta_rev_at_epoch": 87634,
        "meta_bstar": 0.0004549,
        "meta_mean_motion_dot": 9.98e-06,
        "meta_mean_motion_ddot": 0,
        "tle_line1": "1 34375U 97051FT  26046.83455203  .00000998  00000+0  45490-3 0  9992",
        "tle_line2": "2 34375  86.4363 156.4806 0099937 280.1607 207.1276 14.18132490876341"
      },
      "geometry": {
        "type": "Point",
        "coordinates": [
          -17.530520932508086,
          -60.114053756521784
        ]
      }
    },
    {
      "type": "Feature",
      "properties": {
        "norad_id": 34376,
        "name": "IRIDIUM 33 DEB",
        "group": "iridium-33-debris",
        "lat": 52.8949297926694,
        "lon": 152.07864906130837,
        "alt_km": 691.6418549077216,
        "timestamp": "2026-02-16T10:06:40.509296+00:00",
        "meta_object_name": "IRIDIUM 33 DEB",
        "meta_object_id": "1997-051FU",
        "meta_epoch": "2026-02-16T02:58:18.926688",
        "meta_mean_motion": 14.64117642,
        "meta_eccentricity": 0.0023772,
        "meta_inclination": 86.3012,
        "meta_ra_of_asc_node": 337.1184,
        "meta_arg_of_pericenter": 316.1211,
        "meta_mean_anomaly": 43.8112,
        "meta_ephemeris_type": 0,
        "meta_classification_type": "U",
        "meta_norad_cat_id": 34376,
        "meta_element_set_no": 999,
        "meta_rev_at_epoch": 88963,
        "meta_bstar": 0.0020424,
        "meta_mean_motion_dot": 0.000108,
        "meta_mean_motion_ddot": 0,
        "tle_line1": "1 34376U 97051FU  26047.12383017  .00010800  00000+0  20424-2 0  9991",
        "tle_line2": "2 34376  86.3012 337.1184 0023772 316.1211  43.8112 14.64117642889637"
      },
      "geometry": {
        "type": "Point",
        "coordinates": [
          152.07864906130837,
          52.8949297926694
        ]
      }
    },
    {
      "type": "Feature",
      "properties": {
        "norad_id": 34486,
        "name": "IRIDIUM 33 DEB",
        "group": "iridium-33-debris",
        "lat": -80.92530149407233,
        "lon": -175.15325681924847,
        "alt_km": 569.6751888759209,
        "timestamp": "2026-02-16T10:06:40.509307+00:00",
        "meta_object_name": "IRIDIUM 33 DEB",
        "meta_object_id": "1997-051GB",
        "meta_epoch": "2026-02-15T20:24:12.259296",
        "meta_mean_motion": 15.0059613,
        "meta_eccentricity": 0.0005013,
        "meta_inclination": 86.3959,
        "meta_ra_of_asc_node": 341.8696,
        "meta_arg_of_pericenter": 224.5673,
        "meta_mean_anomaly": 193.5823,
        "meta_ephemeris_type": 0,
        "meta_classification_type": "U",
        "meta_norad_cat_id": 34486,
        "meta_element_set_no": 999,
        "meta_rev_at_epoch": 89961,
        "meta_bstar": 0.0028055,
        "meta_mean_motion_dot": 0.00035589,
        "meta_mean_motion_ddot": 0,
        "tle_line1": "1 34486U 97051GB  26046.85014189  .00035589  00000+0  28055-2 0  9992",
        "tle_line2": "2 34486  86.3959 341.8696 0005013 224.5673 193.5823 15.00596130899616"
      },
      "geometry": {
        "type": "Point",
        "coordinates": [
          -175.15325681924847,
          -80.92530149407233
        ]
      }
    },
    {
      "type": "Feature",
      "properties": {
        "norad_id": 34487,
        "name": "IRIDIUM 33 DEB",
        "group": "iridium-33-debris",
        "lat": -40.68110962426201,
        "lon": -19.040589245500843,
        "alt_km": 739.5516756199104,
        "timestamp": "2026-02-16T10:06:40.509317+00:00",
        "meta_object_name": "IRIDIUM 33 DEB",
        "meta_object_id": "1997-051GC",
        "meta_epoch": "2026-02-15T19:36:56.367648",
        "meta_mean_motion": 14.43347234,
        "meta_eccentricity": 0.00287019,
        "meta_inclination": 86.3482,
        "meta_ra_of_asc_node": 344.3659,
        "meta_arg_of_pericenter": 276.484,
        "meta_mean_anomaly": 146.2718,
        "meta_ephemeris_type": 0,
        "meta_classification_type": "U",
        "meta_norad_cat_id": 34487,
        "meta_element_set_no": 999,
        "meta_rev_at_epoch": 89187,
        "meta_bstar": 0.00024437198,
        "meta_mean_motion_dot": 8.47e-06,
        "meta_mean_motion_ddot": 0,
        "tle_line1": "1 34487U 97051GC  26046.81731907  .00000847  00000+0  24437-3 0  9993",
        "tle_line2": "2 34487  86.3482 344.3659 0028701 276.4840 146.2718 14.43347234891879"
      },
      "geometry": {
        "type": "Point",
        "coordinates": [
          -19.040589245500843,
          -40.68110962426201
        ]
      }
    },
    {
      "type": "Feature",
      "properties": {
        "norad_id": 34488,
        "name": "IRIDIUM 33 DEB",
        "group": "iridium-33-debris",
        "lat": -32.856029950854435,
        "lon": 94.92072301599026,
        "alt_km": 373.1612447620764,
        "timestamp": "2026-02-16T10:06:40.509328+00:00",
        "meta_object_name": "IRIDIUM 33 DEB",
        "meta_object_id": "1997-051GD",
        "meta_epoch": "2026-02-16T01:32:55.130208",
        "meta_mean_motion": 15.67773034,
        "meta_eccentricity": 0.0007788,
        "meta_inclination": 86.3091,
        "meta_ra_of_asc_node": 272.7193,
        "meta_arg_of_pericenter": 89.0772,
        "meta_mean_anomaly": 271.1389,
        "meta_ephemeris_type": 0,
        "meta_classification_type": "U",
        "meta_norad_cat_id": 34488,
        "meta_element_set_no": 999,
        "meta_rev_at_epoch": 90247,
        "meta_bstar": 0.006541,
        "meta_mean_motion_dot": 0.00785924,
        "meta_mean_motion_ddot": 0,
        "tle_line1": "1 34488U 97051GD  26047.06452697  .00785924  00000+0  65410-2 0  9999",
        "tle_line2": "2 34488  86.3091 272.7193 0007788  89.0772 271.1389 15.67773034902476"
      },
      "geometry": {
        "type": "Point",
        "coordinates": [
          94.92072301599026,
          -32.856029950854435
        ]
      }
    },
    {
      "type": "Feature",
      "properties": {
        "norad_id": 34492,
        "name": "IRIDIUM 33 DEB",
        "group": "iridium-33-debris",
        "lat": 25.725825415287073,
        "lon": -50.24152574018153,
        "alt_km": 664.1209489541552,
        "timestamp": "2026-02-16T10:06:40.509338+00:00",
        "meta_object_name": "IRIDIUM 33 DEB",
        "meta_object_id": "1997-051GH",
        "meta_epoch": "2026-02-16T03:58:05.172960",
        "meta_mean_motion": 14.27206514,
        "meta_eccentricity": 0.0189695,
        "meta_inclination": 86.4719,
        "meta_ra_of_asc_node": 308.1587,
        "meta_arg_of_pericenter": 28.2824,
        "meta_mean_anomaly": 123.351,
        "meta_ephemeris_type": 0,
        "meta_classification_type": "U",
        "meta_norad_cat_id": 34492,
        "meta_element_set_no": 999,
        "meta_rev_at_epoch": 85991,
        "meta_bstar": 0.004342,
        "meta_mean_motion_dot": 0.0001287,
        "meta_mean_motion_ddot": 0,
        "tle_line1": "1 34492U 97051GH  26047.16533765  .00012870  00000+0  43420-2 0  9991",
        "tle_line2": "2 34492  86.4719 308.1587 0189695  28.2824 123.3510 14.27206514859914"
      },
      "geometry": {
        "type": "Point",
        "coordinates": [
          -50.24152574018153,
          25.725825415287073
        ]
      }
    },
    {
      "type": "Feature",
      "properties": {
        "norad_id": 34497,
        "name": "IRIDIUM 33 DEB",
        "group": "iridium-33-debris",
        "lat": -0.8328167453965104,
        "lon": -155.622217459974,
        "alt_km": 768.902401567816,
        "timestamp": "2026-02-16T10:06:40.509348+00:00",
        "meta_object_name": "IRIDIUM 33 DEB",
        "meta_object_id": "1997-051GN",
        "meta_epoch": "2026-02-15T21:38:13.363584",
        "meta_mean_motion": 14.27696463,
        "meta_eccentricity": 0.0081409,
        "meta_inclination": 86.2783,
        "meta_ra_of_asc_node": 24.5456,
        "meta_arg_of_pericenter": 127.199,
        "meta_mean_anomaly": 263.02,
        "meta_ephemeris_type": 0,
        "meta_classification_type": "U",
        "meta_norad_cat_id": 34497,
        "meta_element_set_no": 999,
        "meta_rev_at_epoch": 87813,
        "meta_bstar": 0.00063141,
        "meta_mean_motion_dot": 1.632e-05,
        "meta_mean_motion_ddot": 0,
        "tle_line1": "1 34497U 97051GN  26046.90154356  .00001632  00000+0  63141-3 0  9999",
        "tle_line2": "2 34497  86.2783  24.5456 0081409 127.1990 263.0200 14.27696463878138"
      },
      "geometry": {
        "type": "Point",
        "coordinates": [
          -155.622217459974,
          -0.8328167453965104
        ]
      }
    },
    {
      "type": "Feature",
      "properties": {
        "norad_id": 34508,
        "name": "IRIDIUM 33 DEB",
        "group": "iridium-33-debris",
        "lat": 85.4464745389658,
        "lon": 127.71897091143224,
        "alt_km": 781.4597223755172,
        "timestamp": "2026-02-16T10:06:40.509359+00:00",
        "meta_object_name": "IRIDIUM 33 DEB",
        "meta_object_id": "1997-051GZ",
        "meta_epoch": "2026-02-16T01:21:47.563200",
        "meta_mean_motion": 14.38967634,
        "meta_eccentricity": 0.0062445,
        "meta_inclination": 86.3655,
        "meta_ra_of_asc_node": 74.9268,
        "meta_arg_of_pericenter": 320.8889,
        "meta_mean_anomaly": 38.7803,
        "meta_ephemeris_type": 0,
        "meta_classification_type": "U",
        "meta_norad_cat_id": 34508,
        "meta_element_set_no": 999,
        "meta_rev_at_epoch": 88248,
        "meta_bstar": 0.00098547,
        "meta_mean_motion_dot": 3.127e-05,
        "meta_mean_motion_ddot": 0,
        "tle_line1": "1 34508U 97051GZ  26047.05680050  .00003127  00000+0  98547-3 0  9993",
        "tle_line2": "2 34508  86.3655  74.9268 0062445 320.8889  38.7803 14.38967634882480"
      },
      "geometry": {
        "type": "Point",
        "coordinates": [
          127.71897091143224,
          85.4464745389658
        ]
      }
    },
    {
      "type": "Feature",
      "properties": {
        "norad_id": 34521,
        "name": "IRIDIUM 33 DEB",
        "group": "iridium-33-debris",
        "lat": 64.64451919862461,
        "lon": 9.283061635315375,
        "alt_km": 668.5876974378452,
        "timestamp": "2026-02-16T10:06:40.509369+00:00",
        "meta_object_name": "IRIDIUM 33 DEB",
        "meta_object_id": "1997-051HN",
        "meta_epoch": "2026-02-15T20:41:45.228192",
        "meta_mean_motion": 14.64312827,
        "meta_eccentricity": 0.0006483,
        "meta_inclination": 86.3815,
        "meta_ra_of_asc_node": 1.8553,
        "meta_arg_of_pericenter": 53.6432,
        "meta_mean_anomaly": 306.5377,
        "meta_ephemeris_type": 0,
        "meta_classification_type": "U",
        "meta_norad_cat_id": 34521,
        "meta_element_set_no": 999,
        "meta_rev_at_epoch": 89425,
        "meta_bstar": 0.0014773,
        "meta_mean_motion_dot": 7.819e-05,
        "meta_mean_motion_ddot": 0,
        "tle_line1": "1 34521U 97051HN  26046.86232903  .00007819  00000+0  14773-2 0  9996",
        "tle_line2": "2 34521  86.3815   1.8553 0006483  53.6432 306.5377 14.64312827894251"
      },
      "geometry": {
        "type": "Point",
        "coordinates": [
          9.283061635315375,
          64.64451919862461
        ]
      }
    },
    {
      "type": "Feature",
      "properties": {
        "norad_id": 34525,
        "name": "IRIDIUM 33 DEB",
        "group": "iridium-33-debris",
        "lat": 17.11742533045738,
        "lon": 19.91329737891161,
        "alt_km": 750.5264456015302,
        "timestamp": "2026-02-16T10:06:40.509380+00:00",
        "meta_object_name": "IRIDIUM 33 DEB",
        "meta_object_id": "1997-051HS",
        "meta_epoch": "2026-02-15T09:47:01.251168",
        "meta_mean_motion": 14.4310927,
        "meta_eccentricity": 0.00024793,
        "meta_inclination": 86.3739,
        "meta_ra_of_asc_node": 19.2268,
        "meta_arg_of_pericenter": 216.5715,
        "meta_mean_anomaly": 297.9322,
        "meta_ephemeris_type": 0,
        "meta_classification_type": "U",
        "meta_norad_cat_id": 34525,
        "meta_element_set_no": 999,
        "meta_rev_at_epoch": 89020,
        "meta_bstar": 0.00046929636,
        "meta_mean_motion_dot": 1.593e-05,
        "meta_mean_motion_ddot": 0,
        "tle_line1": "1 34525U 97051HS  26046.40765337  .00001593  00000+0  46930-3 0  9996",
        "tle_line2": "2 34525  86.3739  19.2268 0002479 216.5715 297.9322 14.43109270890208"
      },
      "geometry": {
        "type": "Point",
        "coordinates": [
          19.91329737891161,
          17.11742533045738
        ]
      }
    },
    {
      "type": "Feature",
      "properties": {
        "norad_id": 34529,
        "name": "IRIDIUM 33 DEB",
        "group": "iridium-33-debris",
        "lat": 77.34510121910934,
        "lon": 23.84435819332534,
        "alt_km": 747.4493217521349,
        "timestamp": "2026-02-16T10:06:40.509390+00:00",
        "meta_object_name": "IRIDIUM 33 DEB",
        "meta_object_id": "1997-051HW",
        "meta_epoch": "2026-02-15T20:24:58.280256",
        "meta_mean_motion": 14.40705472,
        "meta_eccentricity": 0.0005356,
        "meta_inclination": 86.3668,
        "meta_ra_of_asc_node": 7.6494,
        "meta_arg_of_pericenter": 13.5481,
        "meta_mean_anomaly": 346.5861,
        "meta_ephemeris_type": 0,
        "meta_classification_type": "U",
        "meta_norad_cat_id": 34529,
        "meta_element_set_no": 999,
        "meta_rev_at_epoch": 89079,
        "meta_bstar": 0.00022911756,
        "meta_mean_motion_dot": 7.51e-06,
        "meta_mean_motion_ddot": 0,
        "tle_line1": "1 34529U 97051HW  26046.85067454  .00000751  00000+0  22912-3 0  9993",
        "tle_line2": "2 34529  86.3668   7.6494 0005356  13.5481 346.5861 14.40705472890793"
      },
      "geometry": {
        "type": "Point",
        "coordinates": [
          23.84435819332534,
          77.34510121910934
        ]
      }
    },
    {
      "type": "Feature",
      "properties": {
        "norad_id": 34538,
        "name": "IRIDIUM 33 DEB",
        "group": "iridium-33-debris",
        "lat": 82.68428003562522,
        "lon": 7.228630367375881,
        "alt_km": 716.758705125726,
        "timestamp": "2026-02-16T10:06:40.509402+00:00",
        "meta_object_name": "IRIDIUM 33 DEB",
        "meta_object_id": "1997-051JF",
        "meta_epoch": "2026-02-15T18:52:48.110016",
        "meta_mean_motion": 14.43146435,
        "meta_eccentricity": 0.00360563,
        "meta_inclination": 86.2808,
        "meta_ra_of_asc_node": 337.0648,
        "meta_arg_of_pericenter": 107.1095,
        "meta_mean_anomaly": 281.7104,
        "meta_ephemeris_type": 0,
        "meta_classification_type": "U",
        "meta_norad_cat_id": 34538,
        "meta_element_set_no": 999,
        "meta_rev_at_epoch": 88694,
        "meta_bstar": 0.00096534631,
        "meta_mean_motion_dot": 3.286e-05,
        "meta_mean_motion_ddot": 0,
        "tle_line1": "1 34538U 97051JF  26046.78666794  .00003286  00000+0  96535-3 0  9995",
        "tle_line2": "2 34538  86.2808 337.0648 0036056 107.1095 281.7104 14.43146435886944"
      },
      "geometry": {
        "type": "Point",
        "coordinates": [
          7.228630367375881,
          82.68428003562522
        ]
      }
    },
    {
      "type": "Feature",
      "properties": {
        "norad_id": 34540,
        "name": "IRIDIUM 33 DEB",
        "group": "iridium-33-debris",
        "lat": 75.6223766243075,
        "lon": -67.8708493090642,
        "alt_km": 638.2975923886042,
        "timestamp": "2026-02-16T10:06:40.509414+00:00",
        "meta_object_name": "IRIDIUM 33 DEB",
        "meta_object_id": "1997-051JH",
        "meta_epoch": "2026-02-16T02:12:53.199360",
        "meta_mean_motion": 14.76983488,
        "meta_eccentricity": 0.0015059,
        "meta_inclination": 86.3083,
        "meta_ra_of_asc_node": 277.6917,
        "meta_arg_of_pericenter": 309.0237,
        "meta_mean_anomaly": 178.6629,
        "meta_ephemeris_type": 0,
        "meta_classification_type": "U",
        "meta_norad_cat_id": 34540,
        "meta_element_set_no": 999,
        "meta_rev_at_epoch": 89985,
        "meta_bstar": 0.0013335,
        "meta_mean_motion_dot": 9.437e-05,
        "meta_mean_motion_ddot": 0,
        "tle_line1": "1 34540U 97051JH  26047.09228240  .00009437  00000+0  13335-2 0  9993",
        "tle_line2": "2 34540  86.3083 277.6917 0015059 309.0237 178.6629 14.76983488899855"
      },
      "geometry": {
        "type": "Point",
        "coordinates": [
          -67.8708493090642,
          75.6223766243075
        ]
      }
    },
    {
      "type": "Feature",
      "properties": {
        "norad_id": 34648,
        "name": "IRIDIUM 33 DEB",
        "group": "iridium-33-debris",
        "lat": -79.35521047408668,
        "lon": -124.25030798360699,
        "alt_km": 982.1917732328111,
        "timestamp": "2026-02-16T10:06:40.509425+00:00",
        "meta_object_name": "IRIDIUM 33 DEB",
        "meta_object_id": "1997-051JZ",
        "meta_epoch": "2026-02-16T00:18:01.112832",
        "meta_mean_motion": 14.1307502,
        "meta_eccentricity": 0.0177061,
        "meta_inclination": 86.3866,
        "meta_ra_of_asc_node": 255.5606,
        "meta_arg_of_pericenter": 91.1807,
        "meta_mean_anomaly": 270.9668,
        "meta_ephemeris_type": 0,
        "meta_classification_type": "U",
        "meta_norad_cat_id": 34648,
        "meta_element_set_no": 999,
        "meta_rev_at_epoch": 85882,
        "meta_bstar": 0.0039458,
        "meta_mean_motion_dot": 8.574e-05,
        "meta_mean_motion_ddot": 0,
        "tle_line1": "1 34648U 97051JZ  26047.01251288  .00008574  00000+0  39458-2 0  9997",
        "tle_line2": "2 34648  86.3866 255.5606 0177061  91.1807 270.9668 14.13075020858823"
      },
      "geometry": {
        "type": "Point",
        "coordinates": [
          -124.25030798360699,
          -79.35521047408668
        ]
      }
    },
    {
      "type": "Feature",
      "properties": {
        "norad_id": 34651,
        "name": "IRIDIUM 33 DEB",
        "group": "iridium-33-debris",
        "lat": 65.28089712304674,
        "lon": 120.722863142654,
        "alt_km": 765.1975547901111,
        "timestamp": "2026-02-16T10:06:40.509435+00:00",
        "meta_object_name": "IRIDIUM 33 DEB",
        "meta_object_id": "1997-051KC",
        "meta_epoch": "2026-02-15T03:31:07.742496",
        "meta_mean_motion": 14.26970512,
        "meta_eccentricity": 0.01326034,
        "meta_inclination": 86.2803,
        "meta_ra_of_asc_node": 113.1427,
        "meta_arg_of_pericenter": 357.5633,
        "meta_mean_anomaly": 2.4895,
        "meta_ephemeris_type": 0,
        "meta_classification_type": "U",
        "meta_norad_cat_id": 34651,
        "meta_element_set_no": 999,
        "meta_rev_at_epoch": 86814,
        "meta_bstar": 0.0017234708,
        "meta_mean_motion_dot": 4.617e-05,
        "meta_mean_motion_ddot": 0,
        "tle_line1": "1 34651U 97051KC  26046.14661739  .00004617  00000+0  17235-2 0  9993",
        "tle_line2": "2 34651  86.2803 113.1427 0132603 357.5633   2.4895 14.26970512868146"
      },
      "geometry": {
        "type": "Point",
        "coordinates": [
          120.722863142654,
          65.28089712304674
        ]
      }
    },
    {
      "type": "Feature",
      "properties": {
        "norad_id": 34652,
        "name": "IRIDIUM 33 DEB",
        "group": "iridium-33-debris",
        "lat": -32.13051766402509,
        "lon": -51.55516484221753,
        "alt_km": 695.4348771184596,
        "timestamp": "2026-02-16T10:06:40.509446+00:00",
        "meta_object_name": "IRIDIUM 33 DEB",
        "meta_object_id": "1997-051KD",
        "meta_epoch": "2026-02-16T00:41:18.271680",
        "meta_mean_motion": 14.6278726,
        "meta_eccentricity": 0.0030178,
        "meta_inclination": 86.3323,
        "meta_ra_of_asc_node": 310.9285,
        "meta_arg_of_pericenter": 73.1639,
        "meta_mean_anomaly": 348.8714,
        "meta_ephemeris_type": 0,
        "meta_classification_type": "U",
        "meta_norad_cat_id": 34652,
        "meta_element_set_no": 999,
        "meta_rev_at_epoch": 89438,
        "meta_bstar": 0.00085278,
        "meta_mean_motion_dot": 4.4e-05,
        "meta_mean_motion_ddot": 0,
        "tle_line1": "1 34652U 97051KD  26047.02868370  .00004400  00000+0  85278-3 0  9995",
        "tle_line2": "2 34652  86.3323 310.9285 0030178  73.1639 348.8714 14.62787260894383"
      },
      "geometry": {
        "type": "Point",
        "coordinates": [
          -51.55516484221753,
          -32.13051766402509
        ]
      }
    },
    {
      "type": "Feature",
      "properties": {
        "norad_id": 34690,
        "name": "IRIDIUM 33 DEB",
        "group": "iridium-33-debris",
        "lat": -64.34110548697933,
        "lon": 0.8614528847430082,
        "alt_km": 722.2619496660172,
        "timestamp": "2026-02-16T10:06:40.509456+00:00",
        "meta_object_name": "IRIDIUM 33 DEB",
        "meta_object_id": "1997-051KM",
        "meta_epoch": "2026-02-15T08:42:12.642912",
        "meta_mean_motion": 14.55381045,
        "meta_eccentricity": 0.00108776,
        "meta_inclination": 86.38,
        "meta_ra_of_asc_node": 8.8941,
        "meta_arg_of_pericenter": 146.4978,
        "meta_mean_anomaly": 5.7959,
        "meta_ephemeris_type": 0,
        "meta_classification_type": "U",
        "meta_norad_cat_id": 34690,
        "meta_element_set_no": 999,
        "meta_rev_at_epoch": 89034,
        "meta_bstar": 0.0003981974,
        "meta_mean_motion_dot": 1.75e-05,
        "meta_mean_motion_ddot": 0,
        "tle_line1": "1 34690U 97051KM  26046.36264633  .00001750  00000+0  39820-3 0  9992",
        "tle_line2": "2 34690  86.3800   8.8941 0010877 146.4978   5.7959 14.55381045890346"
      },
      "geometry": {
        "type": "Point",
        "coordinates": [
          0.8614528847430082,
          -64.34110548697933
        ]
      }
    },
    {
      "type": "Feature",
      "properties": {
        "norad_id": 34693,
        "name": "IRIDIUM 33 DEB",
        "group": "iridium-33-debris",
        "lat": -13.707220693229209,
        "lon": 91.38223386523381,
        "alt_km": 382.00863228605795,
        "timestamp": "2026-02-16T10:06:40.509466+00:00",
        "meta_object_name": "IRIDIUM 33 DEB",
        "meta_object_id": "1997-051KQ",
        "meta_epoch": "2026-02-16T01:36:27.952416",
        "meta_mean_motion": 15.63640048,
        "meta_eccentricity": 0.0007506,
        "meta_inclination": 86.2904,
        "meta_ra_of_asc_node": 270.662,
        "meta_arg_of_pericenter": 90.7273,
        "meta_mean_anomaly": 269.4854,
        "meta_ephemeris_type": 0,
        "meta_classification_type": "U",
        "meta_norad_cat_id": 34693,
        "meta_element_set_no": 999,
        "meta_rev_at_epoch": 89921,
        "meta_bstar": 0.0063646,
        "meta_mean_motion_dot": 0.00637908,
        "meta_mean_motion_ddot": 0,
        "tle_line1": "1 34693U 97051KQ  26047.06699019  .00637908  00000+0  63646-2 0  9995",
        "tle_line2": "2 34693  86.2904 270.6620 0007506  90.7273 269.4854 15.63640048899219"
      },
      "geometry": {
        "type": "Point",
        "coordinates": [
          91.38223386523381,
          -13.707220693229209
        ]
      }
    },
    {
      "type": "Feature",
      "properties": {
        "norad_id": 34696,
        "name": "IRIDIUM 33 DEB",
        "group": "iridium-33-debris",
        "lat": 71.94412430067072,
        "lon": 8.66198126689698,
        "alt_km": 675.9872547140903,
        "timestamp": "2026-02-16T10:06:40.509476+00:00",
        "meta_object_name": "IRIDIUM 33 DEB",
        "meta_object_id": "1997-051KT",
        "meta_epoch": "2026-02-15T20:57:52.282656",
        "meta_mean_motion": 14.70563891,
        "meta_eccentricity": 0.0062801,
        "meta_inclination": 86.1848,
        "meta_ra_of_asc_node": 357.1072,
        "meta_arg_of_pericenter": 311.5094,
        "meta_mean_anomaly": 102.1335,
        "meta_ephemeris_type": 0,
        "meta_classification_type": "U",
        "meta_norad_cat_id": 34696,
        "meta_element_set_no": 999,
        "meta_rev_at_epoch": 87628,
        "meta_bstar": 0.0070327,
        "meta_mean_motion_dot": 0.0004428,
        "meta_mean_motion_ddot": 0,
        "tle_line1": "1 34696U 97051KT  26046.87352179  .00044280  00000+0  70327-2 0  9998",
        "tle_line2": "2 34696  86.1848 357.1072 0062801 311.5094 102.1335 14.70563891876280"
      },
      "geometry": {
        "type": "Point",
        "coordinates": [
          8.66198126689698,
          71.94412430067072
        ]
      }
    },
    {
      "type": "Feature",
      "properties": {
        "norad_id": 34765,
        "name": "IRIDIUM 33 DEB",
        "group": "iridium-33-debris",
        "lat": 79.15335880058045,
        "lon": 165.06884321359675,
        "alt_km": 749.0321396306017,
        "timestamp": "2026-02-16T10:06:40.509486+00:00",
        "meta_object_name": "IRIDIUM 33 DEB",
        "meta_object_id": "1997-051LJ",
        "meta_epoch": "2026-02-16T04:56:57.180768",
        "meta_mean_motion": 14.40686609,
        "meta_eccentricity": 0.0017064,
        "meta_inclination": 86.3426,
        "meta_ra_of_asc_node": 4.6621,
        "meta_arg_of_pericenter": 10.5046,
        "meta_mean_anomaly": 54.6755,
        "meta_ephemeris_type": 0,
        "meta_classification_type": "U",
        "meta_norad_cat_id": 34765,
        "meta_element_set_no": 999,
        "meta_rev_at_epoch": 88556,
        "meta_bstar": 0.0004956,
        "meta_mean_motion_dot": 1.604e-05,
        "meta_mean_motion_ddot": 0,
        "tle_line1": "1 34765U 97051LJ  26047.20621737  .00001604  00000+0  49560-3 0  9991",
        "tle_line2": "2 34765  86.3426   4.6621 0017064  10.5046  54.6755 14.40686609885567"
      },
      "geometry": {
        "type": "Point",
        "coordinates": [
          165.06884321359675,
          79.15335880058045
        ]
      }
    },
    {
      "type": "Feature",
      "properties": {
        "norad_id": 34833,
        "name": "IRIDIUM 33 DEB",
        "group": "iridium-33-debris",
        "lat": 10.613804070295965,
        "lon": -158.01270897543665,
        "alt_km": 712.4831845948029,
        "timestamp": "2026-02-16T10:06:40.509501+00:00",
        "meta_object_name": "IRIDIUM 33 DEB",
        "meta_object_id": "1997-051MH",
        "meta_epoch": "2026-02-15T21:53:49.824672",
        "meta_mean_motion": 14.52884922,
        "meta_eccentricity": 0.0017093,
        "meta_inclination": 86.3935,
        "meta_ra_of_asc_node": 22.8839,
        "meta_arg_of_pericenter": 234.9206,
        "meta_mean_anomaly": 154.3643,
        "meta_ephemeris_type": 0,
        "meta_classification_type": "U",
        "meta_norad_cat_id": 34833,
        "meta_element_set_no": 999,
        "meta_rev_at_epoch": 88661,
        "meta_bstar": 0.0008748,
        "meta_mean_motion_dot": 3.626e-05,
        "meta_mean_motion_ddot": 0,
        "tle_line1": "1 34833U 97051MH  26046.91238223  .00003626  00000+0  87480-3 0  9997",
        "tle_line2": "2 34833  86.3935  22.8839 0017093 234.9206 154.3643 14.52884922886615"
      },
      "geometry": {
        "type": "Point",
        "coordinates": [
          -158.01270897543665,
          10.613804070295965
        ]
      }
    },
    {
      "type": "Feature",
      "properties": {
        "norad_id": 34870,
        "name": "IRIDIUM 33 DEB",
        "group": "iridium-33-debris",
        "lat": -13.702222249825947,
        "lon": 104.87017646878498,
        "alt_km": 648.8829219839945,
        "timestamp": "2026-02-16T10:06:40.509523+00:00",
        "meta_object_name": "IRIDIUM 33 DEB",
        "meta_object_id": "1997-051MQ",
        "meta_epoch": "2026-02-14T23:24:14.156640",
        "meta_mean_motion": 14.78009332,
        "meta_eccentricity": 0.00166024,
        "meta_inclination": 86.3094,
        "meta_ra_of_asc_node": 284.6325,
        "meta_arg_of_pericenter": 336.4566,
        "meta_mean_anomaly": 87.6296,
        "meta_ephemeris_type": 0,
        "meta_classification_type": "U",
        "meta_norad_cat_id": 34870,
        "meta_element_set_no": 999,
        "meta_rev_at_epoch": 89859,
        "meta_bstar": 0.00086745806,
        "meta_mean_motion_dot": 6.297e-05,
        "meta_mean_motion_ddot": 0,
        "tle_line1": "1 34870U 97051MQ  26045.97516385  .00006297  00000+0  86746-3 0  9992",
        "tle_line2": "2 34870  86.3094 284.6325 0016602 336.4566  87.6296 14.78009332898596"
      },
      "geometry": {
        "type": "Point",
        "coordinates": [
          104.87017646878498,
          -13.702222249825947
        ]
      }
    },
    {
      "type": "Feature",
      "properties": {
        "norad_id": 34896,
        "name": "IRIDIUM 33 DEB",
        "group": "iridium-33-debris",
        "lat": 62.9614889189623,
        "lon": -55.553873082407655,
        "alt_km": 656.384833365476,
        "timestamp": "2026-02-16T10:06:40.509542+00:00",
        "meta_object_name": "IRIDIUM 33 DEB",
        "meta_object_id": "1997-051MY",
        "meta_epoch": "2026-02-13T11:58:28.156800",
        "meta_mean_motion": 14.67066961,
        "meta_eccentricity": 0.00266738,
        "meta_inclination": 86.3293,
        "meta_ra_of_asc_node": 298.5319,
        "meta_arg_of_pericenter": 8.1149,
        "meta_mean_anomaly": 110.4582,
        "meta_ephemeris_type": 0,
        "meta_classification_type": "U",
        "meta_norad_cat_id": 34896,
        "meta_element_set_no": 999,
        "meta_rev_at_epoch": 88539,
        "meta_bstar": 0.00080458241,
        "meta_mean_motion_dot": 4.56e-05,
        "meta_mean_motion_ddot": 0,
        "tle_line1": "1 34896U 97051MY  26044.49893700  .00004560  00000+0  80458-3 0  9990",
        "tle_line2": "2 34896  86.3293 298.5319 0026673   8.1149 110.4582 14.67066961885397"
      },
      "geometry": {
        "type": "Point",
        "coordinates": [
          -55.553873082407655,
          62.9614889189623
        ]
      }
    },
    {
      "type": "Feature",
      "properties": {
        "norad_id": 34926,
        "name": "IRIDIUM 33 DEB",
        "group": "iridium-33-debris",
        "lat": -8.120439533361733,
        "lon": 158.2909681568469,
        "alt_km": 731.2714300149701,
        "timestamp": "2026-02-16T10:06:40.509559+00:00",
        "meta_object_name": "IRIDIUM 33 DEB",
        "meta_object_id": "1997-051NF",
        "meta_epoch": "2026-02-15T18:34:04.283616",
        "meta_mean_motion": 14.57919708,
        "meta_eccentricity": 0.0080361,
        "meta_inclination": 86.1341,
        "meta_ra_of_asc_node": 338.0399,
        "meta_arg_of_pericenter": 70.9842,
        "meta_mean_anomaly": 319.2205,
        "meta_ephemeris_type": 0,
        "meta_classification_type": "U",
        "meta_norad_cat_id": 34926,
        "meta_element_set_no": 999,
        "meta_rev_at_epoch": 87403,
        "meta_bstar": 0.0059939415,
        "meta_mean_motion_dot": 0.00028843,
        "meta_mean_motion_ddot": 0,
        "tle_line1": "1 34926U 97051NF  26046.77366069  .00028843  00000+0  59939-2 0  9999",
        "tle_line2": "2 34926  86.1341 338.0399 0080361  70.9842 319.2205 14.57919708874037"
      },
      "geometry": {
        "type": "Point",
        "coordinates": [
          158.2909681568469,
          -8.120439533361733
        ]
      }
    },
    {
      "type": "Feature",
      "properties": {
        "norad_id": 34985,
        "name": "IRIDIUM 33 DEB",
        "group": "iridium-33-debris",
        "lat": -67.77701351773406,
        "lon": -142.22101629311607,
        "alt_km": 767.5744517028315,
        "timestamp": "2026-02-16T10:06:40.509578+00:00",
        "meta_object_name": "IRIDIUM 33 DEB",
        "meta_object_id": "1997-051NR",
        "meta_epoch": "2026-02-15T23:13:38.263008",
        "meta_mean_motion": 14.42348076,
        "meta_eccentricity": 0.0022316,
        "meta_inclination": 86.3693,
        "meta_ra_of_asc_node": 29.032,
        "meta_arg_of_pericenter": 16.1963,
        "meta_mean_anomaly": 38.7498,
        "meta_ephemeris_type": 0,
        "meta_classification_type": "U",
        "meta_norad_cat_id": 34985,
        "meta_element_set_no": 999,
        "meta_rev_at_epoch": 88115,
        "meta_bstar": 0.00080182,
        "meta_mean_motion_dot": 2.675e-05,
        "meta_mean_motion_ddot": 0,
        "tle_line1": "1 34985U 97051NR  26046.96780397  .00002675  00000+0  80182-3 0  9999",
        "tle_line2": "2 34985  86.3693  29.0320 0022316  16.1963  38.7498 14.42348076881153"
      },
      "geometry": {
        "type": "Point",
        "coordinates": [
          -142.22101629311607,
          -67.77701351773406
        ]
      }
    },
    {
      "type": "Feature",
      "properties": {
        "norad_id": 35051,
        "name": "IRIDIUM 33 DEB",
        "group": "iridium-33-debris",
        "lat": 68.24351381245707,
        "lon": -10.506581221513725,
        "alt_km": 729.4985391573628,
        "timestamp": "2026-02-16T10:06:40.509595+00:00",
        "meta_object_name": "IRIDIUM 33 DEB",
        "meta_object_id": "1997-051NX",
        "meta_epoch": "2026-02-15T18:52:07.861440",
        "meta_mean_motion": 14.48001762,
        "meta_eccentricity": 0.00060777,
        "meta_inclination": 86.3284,
        "meta_ra_of_asc_node": 340.5112,
        "meta_arg_of_pericenter": 224.3613,
        "meta_mean_anomaly": 135.7105,
        "meta_ephemeris_type": 0,
        "meta_classification_type": "U",
        "meta_norad_cat_id": 35051,
        "meta_element_set_no": 999,
        "meta_rev_at_epoch": 87937,
        "meta_bstar": 0.00069699965,
        "meta_mean_motion_dot": 2.607e-05,
        "meta_mean_motion_ddot": 0,
        "tle_line1": "1 35051U 97051NX  26046.78620210  .00002607  00000+0  69700-3 0  9999",
        "tle_line2": "2 35051  86.3284 340.5112 0006077 224.3613 135.7105 14.48001762879373"
      },
      "geometry": {
        "type": "Point",
        "coordinates": [
          -10.506581221513725,
          68.24351381245707
        ]
      }
    },
    {
      "type": "Feature",
      "properties": {
        "norad_id": 35052,
        "name": "IRIDIUM 33 DEB",
        "group": "iridium-33-debris",
        "lat": -13.716416618339789,
        "lon": 173.21668093506068,
        "alt_km": 761.5798659700704,
        "timestamp": "2026-02-16T10:06:40.509611+00:00",
        "meta_object_name": "IRIDIUM 33 DEB",
        "meta_object_id": "1997-051NY",
        "meta_epoch": "2026-02-16T02:32:09.546720",
        "meta_mean_motion": 14.38599014,
        "meta_eccentricity": 0.0009722,
        "meta_inclination": 86.3353,
        "meta_ra_of_asc_node": 352.4555,
        "meta_arg_of_pericenter": 221.3242,
        "meta_mean_anomaly": 138.7221,
        "meta_ephemeris_type": 0,
        "meta_classification_type": "U",
        "meta_norad_cat_id": 35052,
        "meta_element_set_no": 999,
        "meta_rev_at_epoch": 88215,
        "meta_bstar": 0.00022641,
        "meta_mean_motion_dot": 7.13e-06,
        "meta_mean_motion_ddot": 0,
        "tle_line1": "1 35052U 97051NY  26047.10566605  .00000713  00000+0  22641-3 0  9993",
        "tle_line2": "2 35052  86.3353 352.4555 0009722 221.3242 138.7221 14.38599014882152"
      },
      "geometry": {
        "type": "Point",
        "coordinates": [
          173.21668093506068,
          -13.716416618339789
        ]
      }
    },
    {
      "type": "Feature",
      "properties": {
        "norad_id": 35080,
        "name": "IRIDIUM 33 DEB",
        "group": "iridium-33-debris",
        "lat": -56.53036982157226,
        "lon": -153.50046097188644,
        "alt_km": 571.5256645180043,
        "timestamp": "2026-02-16T10:06:40.509628+00:00",
        "meta_object_name": "IRIDIUM 33 DEB",
        "meta_object_id": "1997-051PF",
        "meta_epoch": "2026-02-15T09:01:12.765216",
        "meta_mean_motion": 14.98671002,
        "meta_eccentricity": 0.00358259,
        "meta_inclination": 86.207,
        "meta_ra_of_asc_node": 21.25,
        "meta_arg_of_pericenter": 317.056,
        "meta_mean_anomaly": 42.7875,
        "meta_ephemeris_type": 0,
        "meta_classification_type": "U",
        "meta_norad_cat_id": 35080,
        "meta_element_set_no": 999,
        "meta_rev_at_epoch": 70651,
        "meta_bstar": 0.0102699,
        "meta_mean_motion_dot": 0.0012702,
        "meta_mean_motion_ddot": 0,
        "tle_line1": "1 35080U 97051PF  26046.37584219  .00127020  00000+0  10270-1 0  9997",
        "tle_line2": "2 35080  86.2070  21.2500 0035825 317.0560  42.7875 14.98671002706516"
      },
      "geometry": {
        "type": "Point",
        "coordinates": [
          -153.50046097188644,
          -56.53036982157226
        ]
      }
    },
    {
      "type": "Feature",
      "properties": {
        "norad_id": 35297,
        "name": "IRIDIUM 33 DEB",
        "group": "iridium-33-debris",
        "lat": -81.2356904054531,
        "lon": -121.08582629084029,
        "alt_km": 739.1727867365344,
        "timestamp": "2026-02-16T10:06:40.509644+00:00",
        "meta_object_name": "IRIDIUM 33 DEB",
        "meta_object_id": "1997-051PM",
        "meta_epoch": "2026-02-10T18:19:44.710752",
        "meta_mean_motion": 14.45481963,
        "meta_eccentricity": 0.00142227,
        "meta_inclination": 86.385,
        "meta_ra_of_asc_node": 37.1218,
        "meta_arg_of_pericenter": 312.3857,
        "meta_mean_anomaly": 47.614,
        "meta_ephemeris_type": 0,
        "meta_classification_type": "U",
        "meta_norad_cat_id": 35297,
        "meta_element_set_no": 999,
        "meta_rev_at_epoch": 71293,
        "meta_bstar": 0.00068293184,
        "meta_mean_motion_dot": 2.427e-05,
        "meta_mean_motion_ddot": 0,
        "tle_line1": "1 35297U 97051PM  26041.76371193  .00002427  00000+0  68293-3 0  9993",
        "tle_line2": "2 35297  86.3850  37.1218 0014222 312.3857  47.6140 14.45481963712939"
      },
      "geometry": {
        "type": "Point",
        "coordinates": [
          -121.08582629084029,
          -81.2356904054531
        ]
      }
    },
    {
      "type": "Feature",
      "properties": {
        "norad_id": 35299,
        "name": "IRIDIUM 33 DEB",
        "group": "iridium-33-debris",
        "lat": -74.15892916937685,
        "lon": -8.640117010176064,
        "alt_km": 731.5195525369072,
        "timestamp": "2026-02-16T10:06:40.509661+00:00",
        "meta_object_name": "IRIDIUM 33 DEB",
        "meta_object_id": "1997-051PP",
        "meta_epoch": "2026-02-15T08:30:38.793024",
        "meta_mean_motion": 14.41483019,
        "meta_eccentricity": 0.00531092,
        "meta_inclination": 86.2903,
        "meta_ra_of_asc_node": 5.0421,
        "meta_arg_of_pericenter": 249.805,
        "meta_mean_anomaly": 263.3561,
        "meta_ephemeris_type": 0,
        "meta_classification_type": "U",
        "meta_norad_cat_id": 35299,
        "meta_element_set_no": 999,
        "meta_rev_at_epoch": 87261,
        "meta_bstar": 0.0016258982,
        "meta_mean_motion_dot": 5.385e-05,
        "meta_mean_motion_ddot": 0,
        "tle_line1": "1 35299U 97051PP  26046.35461566  .00005385  00000+0  16259-2 0  9999",
        "tle_line2": "2 35299  86.2903   5.0421 0053109 249.8050 263.3561 14.41483019872611"
      },
      "geometry": {
        "type": "Point",
        "coordinates": [
          -8.640117010176064,
          -74.15892916937685
        ]
      }
    },
    {
      "type": "Feature",
      "properties": {
        "norad_id": 35480,
        "name": "IRIDIUM 33 DEB",
        "group": "iridium-33-debris",
        "lat": -52.06981154741368,
        "lon": -8.255552691744711,
        "alt_km": 728.4448928510501,
        "timestamp": "2026-02-16T10:06:40.509677+00:00",
        "meta_object_name": "IRIDIUM 33 DEB",
        "meta_object_id": "1997-051QA",
        "meta_epoch": "2026-02-12T20:14:13.790688",
        "meta_mean_motion": 14.50154675,
        "meta_eccentricity": 0.00111251,
        "meta_inclination": 86.3596,
        "meta_ra_of_asc_node": 357.9806,
        "meta_arg_of_pericenter": 257.5813,
        "meta_mean_anomaly": 102.4146,
        "meta_ephemeris_type": 0,
        "meta_classification_type": "U",
        "meta_norad_cat_id": 35480,
        "meta_element_set_no": 999,
        "meta_rev_at_epoch": 87931,
        "meta_bstar": 0.00067909456,
        "meta_mean_motion_dot": 2.659e-05,
        "meta_mean_motion_ddot": 0,
        "tle_line1": "1 35480U 97051QA  26043.84321517  .00002659  00000+0  67909-3 0  9993",
        "tle_line2": "2 35480  86.3596 357.9806 0011125 257.5813 102.4146 14.50154675879312"
      },
      "geometry": {
        "type": "Point",
        "coordinates": [
          -8.255552691744711,
          -52.06981154741368
        ]
      }
    },
    {
      "type": "Feature",
      "properties": {
        "norad_id": 35484,
        "name": "IRIDIUM 33 DEB",
        "group": "iridium-33-debris",
        "lat": 79.60865759565918,
        "lon": 121.58753348056342,
        "alt_km": 553.6374647962439,
        "timestamp": "2026-02-16T10:06:40.509693+00:00",
        "meta_object_name": "IRIDIUM 33 DEB",
        "meta_object_id": "1997-051QE",
        "meta_epoch": "2026-02-01T02:31:41.988576",
        "meta_mean_motion": 15.0385169,
        "meta_eccentricity": 0.00145797,
        "meta_inclination": 86.3639,
        "meta_ra_of_asc_node": 329.0998,
        "meta_arg_of_pericenter": 329.4701,
        "meta_mean_anomaly": 30.5683,
        "meta_ephemeris_type": 0,
        "meta_classification_type": "U",
        "meta_norad_cat_id": 35484,
        "meta_element_set_no": 999,
        "meta_rev_at_epoch": 62771,
        "meta_bstar": 0.0031414507,
        "meta_mean_motion_dot": 0.00043548,
        "meta_mean_motion_ddot": 0,
        "tle_line1": "1 35484U 97051QE  26032.10534709  .00043548  00000+0  31415-2 0  9997",
        "tle_line2": "2 35484  86.3639 329.0998 0014579 329.4701  30.5683 15.03851690627719"
      },
      "geometry": {
        "type": "Point",
        "coordinates": [
          121.58753348056342,
          79.60865759565918
        ]
      }
    },
    {
      "type": "Feature",
      "properties": {
        "norad_id": 35488,
        "name": "IRIDIUM 33 DEB",
        "group": "iridium-33-debris",
        "lat": -17.739611160205705,
        "lon": -90.62723319220767,
        "alt_km": 637.0567020205617,
        "timestamp": "2026-02-16T10:06:40.509710+00:00",
        "meta_object_name": "IRIDIUM 33 DEB",
        "meta_object_id": "1997-051QJ",
        "meta_epoch": "2026-02-14T01:34:54.921216",
        "meta_mean_motion": 14.84812857,
        "meta_eccentricity": 0.00256087,
        "meta_inclination": 86.3216,
        "meta_ra_of_asc_node": 271.6416,
        "meta_arg_of_pericenter": 170.4943,
        "meta_mean_anomaly": 189.6771,
        "meta_ephemeris_type": 0,
        "meta_classification_type": "U",
        "meta_norad_cat_id": 35488,
        "meta_element_set_no": 999,
        "meta_rev_at_epoch": 89205,
        "meta_bstar": 0.0010397922,
        "meta_mean_motion_dot": 8.906e-05,
        "meta_mean_motion_ddot": 0,
        "tle_line1": "1 35488U 97051QJ  26045.06591344  .00008906  00000+0  10398-2 0  9994",
        "tle_line2": "2 35488  86.3216 271.6416 0025608 170.4943 189.6771 14.84812857892053"
      },
      "geometry": {
        "type": "Point",
        "coordinates": [
          -90.62723319220767,
          -17.739611160205705
        ]
      }
    },
    {
      "type": "Feature",
      "properties": {
        "norad_id": 35616,
        "name": "IRIDIUM 33 DEB",
        "group": "iridium-33-debris",
        "lat": -67.75816285920342,
        "lon": 144.70714594941998,
        "alt_km": 622.5732558078844,
        "timestamp": "2026-02-16T10:06:40.509726+00:00",
        "meta_object_name": "IRIDIUM 33 DEB",
        "meta_object_id": "1997-051QN",
        "meta_epoch": "2026-02-16T00:54:20.441376",
        "meta_mean_motion": 14.84146938,
        "meta_eccentricity": 0.0008466,
        "meta_inclination": 86.3558,
        "meta_ra_of_asc_node": 315.9169,
        "meta_arg_of_pericenter": 329.5696,
        "meta_mean_anomaly": 30.5035,
        "meta_ephemeris_type": 0,
        "meta_classification_type": "U",
        "meta_norad_cat_id": 35616,
        "meta_element_set_no": 999,
        "meta_rev_at_epoch": 88542,
        "meta_bstar": 0.0017372,
        "meta_mean_motion_dot": 0.00014558,
        "meta_mean_motion_ddot": 0,
        "tle_line1": "1 35616U 97051QN  26047.03773659  .00014558  00000+0  17372-2 0  9996",
        "tle_line2": "2 35616  86.3558 315.9169 0008466 329.5696  30.5035 14.84146938885427"
      },
      "geometry": {
        "type": "Point",
        "coordinates": [
          144.70714594941998,
          -67.75816285920342
        ]
      }
    },
    {
      "type": "Feature",
      "properties": {
        "norad_id": 35618,
        "name": "IRIDIUM 33 DEB",
        "group": "iridium-33-debris",
        "lat": 22.75911996404359,
        "lon": -33.679109590271516,
        "alt_km": 729.4334217613141,
        "timestamp": "2026-02-16T10:06:40.509742+00:00",
        "meta_object_name": "IRIDIUM 33 DEB",
        "meta_object_id": "1997-051QQ",
        "meta_epoch": "2026-02-11T12:37:37.672608",
        "meta_mean_motion": 14.52636647,
        "meta_eccentricity": 0.00284747,
        "meta_inclination": 86.3433,
        "meta_ra_of_asc_node": 326.9226,
        "meta_arg_of_pericenter": 168.5165,
        "meta_mean_anomaly": 191.6697,
        "meta_ephemeris_type": 0,
        "meta_classification_type": "U",
        "meta_norad_cat_id": 35618,
        "meta_element_set_no": 999,
        "meta_rev_at_epoch": 66276,
        "meta_bstar": 0.00047286692,
        "meta_mean_motion_dot": 1.966e-05,
        "meta_mean_motion_ddot": 0,
        "tle_line1": "1 35618U 97051QQ  26042.52613047  .00001966  00000+0  47287-3 0  9999",
        "tle_line2": "2 35618  86.3433 326.9226 0028474 168.5165 191.6697 14.52636647662769"
      },
      "geometry": {
        "type": "Point",
        "coordinates": [
          -33.679109590271516,
          22.75911996404359
        ]
      }
    },
    {
      "type": "Feature",
      "properties": {
        "norad_id": 35620,
        "name": "IRIDIUM 33 DEB",
        "group": "iridium-33-debris",
        "lat": 68.24131760486605,
        "lon": 0.6232368700376295,
        "alt_km": 717.0426472491099,
        "timestamp": "2026-02-16T10:06:40.509759+00:00",
        "meta_object_name": "IRIDIUM 33 DEB",
        "meta_object_id": "1997-051QS",
        "meta_epoch": "2026-02-12T08:53:44.351808",
        "meta_mean_motion": 14.40181642,
        "meta_eccentricity": 0.01335757,
        "meta_inclination": 86.39,
        "meta_ra_of_asc_node": 191.4373,
        "meta_arg_of_pericenter": 54.9499,
        "meta_mean_anomaly": 306.4145,
        "meta_ephemeris_type": 0,
        "meta_classification_type": "U",
        "meta_norad_cat_id": 35620,
        "meta_element_set_no": 999,
        "meta_rev_at_epoch": 60852,
        "meta_bstar": 0.0037056668,
        "meta_mean_motion_dot": 0.00013047,
        "meta_mean_motion_ddot": 0,
        "tle_line1": "1 35620U 97051QS  26043.37065222  .00013047  00000+0  37057-2 0  9998",
        "tle_line2": "2 35620  86.3900 191.4373 0133575  54.9499 306.4145 14.40181642608521"
      },
      "geometry": {
        "type": "Point",
        "coordinates": [
          0.6232368700376295,
          68.24131760486605
        ]
      }
    },
    {
      "type": "Feature",
      "properties": {
        "norad_id": 35622,
        "name": "IRIDIUM 33 DEB",
        "group": "iridium-33-debris",
        "lat": 28.06320767334192,
        "lon": -126.95548955940588,
        "alt_km": 523.8504183345931,
        "timestamp": "2026-02-16T10:06:40.509776+00:00",
        "meta_object_name": "IRIDIUM 33 DEB",
        "meta_object_id": "1997-051QU",
        "meta_epoch": "2026-02-15T19:58:52.055616",
        "meta_mean_motion": 15.12207591,
        "meta_eccentricity": 0.00063708,
        "meta_inclination": 86.1921,
        "meta_ra_of_asc_node": 231.3038,
        "meta_arg_of_pericenter": 23.8604,
        "meta_mean_anomaly": 41.321,
        "meta_ephemeris_type": 0,
        "meta_classification_type": "U",
        "meta_norad_cat_id": 35622,
        "meta_element_set_no": 999,
        "meta_rev_at_epoch": 88341,
        "meta_bstar": 0.0028306915,
        "meta_mean_motion_dot": 0.00049173,
        "meta_mean_motion_ddot": 0,
        "tle_line1": "1 35622U 97051QU  26046.83254694  .00049173  00000+0  28307-2 0  9994",
        "tle_line2": "2 35622  86.1921 231.3038 0006370  23.8604  41.3210 15.12207591883414"
      },
      "geometry": {
        "type": "Point",
        "coordinates": [
          -126.95548955940588,
          28.06320767334192
        ]
      }
    },
    {
      "type": "Feature",
      "properties": {
        "norad_id": 35628,
        "name": "IRIDIUM 33 DEB",
        "group": "iridium-33-debris",
        "lat": 32.90390829344817,
        "lon": -17.877173845307578,
        "alt_km": 658.229195154895,
        "timestamp": "2026-02-16T10:06:40.509787+00:00",
        "meta_object_name": "IRIDIUM 33 DEB",
        "meta_object_id": "1997-051RA",
        "meta_epoch": "2026-02-09T03:00:48.017664",
        "meta_mean_motion": 14.68754939,
        "meta_eccentricity": 0.00133082,
        "meta_inclination": 86.3595,
        "meta_ra_of_asc_node": 343.0188,
        "meta_arg_of_pericenter": 119.4759,
        "meta_mean_anomaly": 240.7785,
        "meta_ephemeris_type": 0,
        "meta_classification_type": "U",
        "meta_norad_cat_id": 35628,
        "meta_element_set_no": 999,
        "meta_rev_at_epoch": 87303,
        "meta_bstar": 0.0015392252,
        "meta_mean_motion_dot": 9.009e-05,
        "meta_mean_motion_ddot": 0,
        "tle_line1": "1 35628U 97051RA  26040.12555576  .00009009  00000+0  15392-2 0  9993",
        "tle_line2": "2 35628  86.3595 343.0188 0013308 119.4759 240.7785 14.68754939873030"
      },
      "geometry": {
        "type": "Point",
        "coordinates": [
          -17.877173845307578,
          32.90390829344817
        ]
      }
    },
    {
      "type": "Feature",
      "properties": {
        "norad_id": 35631,
        "name": "IRIDIUM 33 DEB",
        "group": "iridium-33-debris",
        "lat": 64.67794526951201,
        "lon": 0.40066124885626203,
        "alt_km": 737.1458561015124,
        "timestamp": "2026-02-16T10:06:40.509797+00:00",
        "meta_object_name": "IRIDIUM 33 DEB",
        "meta_object_id": "1997-051RD",
        "meta_epoch": "2026-02-14T19:47:20.847840",
        "meta_mean_motion": 14.47562627,
        "meta_eccentricity": 0.00145115,
        "meta_inclination": 86.3708,
        "meta_ra_of_asc_node": 353.379,
        "meta_arg_of_pericenter": 269.2474,
        "meta_mean_anomaly": 119.924,
        "meta_ephemeris_type": 0,
        "meta_classification_type": "U",
        "meta_norad_cat_id": 35631,
        "meta_element_set_no": 999,
        "meta_rev_at_epoch": 88124,
        "meta_bstar": 0.00041553369,
        "meta_mean_motion_dot": 1.55e-05,
        "meta_mean_motion_ddot": 0,
        "tle_line1": "1 35631U 97051RD  26045.82454685  .00001550  00000+0  41553-3 0  9990",
        "tle_line2": "2 35631  86.3708 353.3790 0014511 269.2474 119.9240 14.47562627881241"
      },
      "geometry": {
        "type": "Point",
        "coordinates": [
          0.40066124885626203,
          64.67794526951201
        ]
      }
    },
    {
      "type": "Feature",
      "properties": {
        "norad_id": 35680,
        "name": "IRIDIUM 33 DEB",
        "group": "iridium-33-debris",
        "lat": 23.059227637232816,
        "lon": -5.916167001732968,
        "alt_km": 740.4071612061589,
        "timestamp": "2026-02-16T10:06:40.509807+00:00",
        "meta_object_name": "IRIDIUM 33 DEB",
        "meta_object_id": "1997-051RJ",
        "meta_epoch": "2026-02-07T03:07:06.752928",
        "meta_mean_motion": 14.21837022,
        "meta_eccentricity": 0.01540145,
        "meta_inclination": 86.1049,
        "meta_ra_of_asc_node": 356.5378,
        "meta_arg_of_pericenter": 98.7521,
        "meta_mean_anomaly": 274.1156,
        "meta_ephemeris_type": 0,
        "meta_classification_type": "U",
        "meta_norad_cat_id": 35680,
        "meta_element_set_no": 999,
        "meta_rev_at_epoch": 61502,
        "meta_bstar": 0.0030328487,
        "meta_mean_motion_dot": 7.558e-05,
        "meta_mean_motion_ddot": 0,
        "tle_line1": "1 35680U 97051RJ  26038.12993927  .00007558  00000+0  30328-2 0  9997",
        "tle_line2": "2 35680  86.1049 356.5378 0154014  98.7521 274.1156 14.21837022615026"
      },
      "geometry": {
        "type": "Point",
        "coordinates": [
          -5.916167001732968,
          23.059227637232816
        ]
      }
    },
    {
      "type": "Feature",
      "properties": {
        "norad_id": 35744,
        "name": "IRIDIUM 33 DEB",
        "group": "iridium-33-debris",
        "lat": 1.9499570232820962,
        "lon": -64.13425099423,
        "alt_km": 643.5752677361997,
        "timestamp": "2026-02-16T10:06:40.509817+00:00",
        "meta_object_name": "IRIDIUM 33 DEB",
        "meta_object_id": "1997-051RX",
        "meta_epoch": "2026-02-15T03:06:23.458752",
        "meta_mean_motion": 14.72113863,
        "meta_eccentricity": 0.00209983,
        "meta_inclination": 86.3289,
        "meta_ra_of_asc_node": 296.3251,
        "meta_arg_of_pericenter": 343.1377,
        "meta_mean_anomaly": 16.9139,
        "meta_ephemeris_type": 0,
        "meta_classification_type": "U",
        "meta_norad_cat_id": 35744,
        "meta_element_set_no": 999,
        "meta_rev_at_epoch": 88278,
        "meta_bstar": 0.0007772382,
        "meta_mean_motion_dot": 4.93e-05,
        "meta_mean_motion_ddot": 0,
        "tle_line1": "1 35744U 97051RX  26046.12943818  .00004930  00000+0  77724-3 0  9994",
        "tle_line2": "2 35744  86.3289 296.3251 0020998 343.1377  16.9139 14.72113863882783"
      },
      "geometry": {
        "type": "Point",
        "coordinates": [
          -64.13425099423,
          1.9499570232820962
        ]
      }
    },
    {
      "type": "Feature",
      "properties": {
        "norad_id": 35797,
        "name": "IRIDIUM 33 DEB",
        "group": "iridium-33-debris",
        "lat": 50.11095850804629,
        "lon": 115.35142400031036,
        "alt_km": 615.7984042266899,
        "timestamp": "2026-02-16T10:06:40.509828+00:00",
        "meta_object_name": "IRIDIUM 33 DEB",
        "meta_object_id": "1997-051SF",
        "meta_epoch": "2026-02-14T23:34:09.945984",
        "meta_mean_motion": 14.85093263,
        "meta_eccentricity": 0.0010183,
        "meta_inclination": 86.3359,
        "meta_ra_of_asc_node": 300.4121,
        "meta_arg_of_pericenter": 307.7343,
        "meta_mean_anomaly": 52.2958,
        "meta_ephemeris_type": 0,
        "meta_classification_type": "U",
        "meta_norad_cat_id": 35797,
        "meta_element_set_no": 999,
        "meta_rev_at_epoch": 88293,
        "meta_bstar": 0.0012103,
        "meta_mean_motion_dot": 0.00010383,
        "meta_mean_motion_ddot": 0,
        "tle_line1": "1 35797U 97051SF  26045.98205956  .00010383  00000+0  12103-2 0  9997",
        "tle_line2": "2 35797  86.3359 300.4121 0010183 307.7343  52.2958 14.85093263882930"
      },
      "geometry": {
        "type": "Point",
        "coordinates": [
          115.35142400031036,
          50.11095850804629
        ]
      }
    },
    {
      "type": "Feature",
      "properties": {
        "norad_id": 35806,
        "name": "IRIDIUM 33 DEB",
        "group": "iridium-33-debris",
        "lat": 20.81037266588686,
        "lon": -6.915572833686926,
        "alt_km": 707.0050625866925,
        "timestamp": "2026-02-16T10:06:40.509839+00:00",
        "meta_object_name": "IRIDIUM 33 DEB",
        "meta_object_id": "1997-051SQ",
        "meta_epoch": "2026-02-13T14:29:32.417088",
        "meta_mean_motion": 14.58203335,
        "meta_eccentricity": 0.00114141,
        "meta_inclination": 86.347,
        "meta_ra_of_asc_node": 352.934,
        "meta_arg_of_pericenter": 209.9166,
        "meta_mean_anomaly": 150.1392,
        "meta_ephemeris_type": 0,
        "meta_classification_type": "U",
        "meta_norad_cat_id": 35806,
        "meta_element_set_no": 999,
        "meta_rev_at_epoch": 87240,
        "meta_bstar": 0.0010711028,
        "meta_mean_motion_dot": 4.966e-05,
        "meta_mean_motion_ddot": 0,
        "tle_line1": "1 35806U 97051SQ  26044.60384742  .00004966  00000+0  10711-2 0  9990",
        "tle_line2": "2 35806  86.3470 352.9340 0011414 209.9166 150.1392 14.58203335872408"
      },
      "geometry": {
        "type": "Point",
        "coordinates": [
          -6.915572833686926,
          20.81037266588686
        ]
      }
    },
    {
      "type": "Feature",
      "properties": {
        "norad_id": 35809,
        "name": "IRIDIUM 33 DEB",
        "group": "iridium-33-debris",
        "lat": 32.15081805095869,
        "lon": 123.09100008744252,
        "alt_km": 641.2942516647781,
        "timestamp": "2026-02-16T10:06:40.509849+00:00",
        "meta_object_name": "IRIDIUM 33 DEB",
        "meta_object_id": "1997-051ST",
        "meta_epoch": "2026-02-09T00:15:54.650880",
        "meta_mean_motion": 14.77342112,
        "meta_eccentricity": 0.00147867,
        "meta_inclination": 86.3274,
        "meta_ra_of_asc_node": 308.7876,
        "meta_arg_of_pericenter": 49.1328,
        "meta_mean_anomaly": 311.1171,
        "meta_ephemeris_type": 0,
        "meta_classification_type": "U",
        "meta_norad_cat_id": 35809,
        "meta_element_set_no": 999,
        "meta_rev_at_epoch": 87667,
        "meta_bstar": 0.0016029246,
        "meta_mean_motion_dot": 0.00011437,
        "meta_mean_motion_ddot": 0,
        "tle_line1": "1 35809U 97051ST  26040.01104920  .00011437  00000+0  16029-2 0  9991",
        "tle_line2": "2 35809  86.3274 308.7876 0014786  49.1328 311.1171 14.77342112876670"
      },
      "geometry": {
        "type": "Point",
        "coordinates": [
          123.09100008744252,
          32.15081805095869
        ]
      }
    },
    {
      "type": "Feature",
      "properties": {
        "norad_id": 35846,
        "name": "IRIDIUM 33 DEB",
        "group": "iridium-33-debris",
        "lat": -10.269560525571293,
        "lon": 30.132193530669475,
        "alt_km": 740.3924860535908,
        "timestamp": "2026-02-16T10:06:40.509859+00:00",
        "meta_object_name": "IRIDIUM 33 DEB",
        "meta_object_id": "1997-051SW",
        "meta_epoch": "2026-02-13T22:15:50.578272",
        "meta_mean_motion": 14.43445159,
        "meta_eccentricity": 0.00168542,
        "meta_inclination": 86.3738,
        "meta_ra_of_asc_node": 31.8552,
        "meta_arg_of_pericenter": 334.4699,
        "meta_mean_anomaly": 25.5667,
        "meta_ephemeris_type": 0,
        "meta_classification_type": "U",
        "meta_norad_cat_id": 35846,
        "meta_element_set_no": 999,
        "meta_rev_at_epoch": 72240,
        "meta_bstar": 0.00066768828,
        "meta_mean_motion_dot": 2.278e-05,
        "meta_mean_motion_ddot": 0,
        "tle_line1": "1 35846U 97051SW  26044.92766873  .00002278  00000+0  66769-3 0  9997",
        "tle_line2": "2 35846  86.3738  31.8552 0016854 334.4699  25.5667 14.43445159722405"
      },
      "geometry": {
        "type": "Point",
        "coordinates": [
          30.132193530669475,
          -10.269560525571293
        ]
      }
    },
    {
      "type": "Feature",
      "properties": {
        "norad_id": 35848,
        "name": "IRIDIUM 33 DEB",
        "group": "iridium-33-debris",
        "lat": 83.3803802164499,
        "lon": 19.483683781514912,
        "alt_km": 619.2689036361808,
        "timestamp": "2026-02-16T10:06:40.509869+00:00",
        "meta_object_name": "IRIDIUM 33 DEB",
        "meta_object_id": "1997-051SY",
        "meta_epoch": "2026-02-12T03:32:32.669376",
        "meta_mean_motion": 14.80519579,
        "meta_eccentricity": 0.00090876,
        "meta_inclination": 86.3918,
        "meta_ra_of_asc_node": 348.4719,
        "meta_arg_of_pericenter": 15.0546,
        "meta_mean_anomaly": 345.0944,
        "meta_ephemeris_type": 0,
        "meta_classification_type": "U",
        "meta_norad_cat_id": 35848,
        "meta_element_set_no": 999,
        "meta_rev_at_epoch": 67598,
        "meta_bstar": 0.0018790834,
        "meta_mean_motion_dot": 0.00014436,
        "meta_mean_motion_ddot": 0,
        "tle_line1": "1 35848U 97051SY  26043.14760034  .00014436  00000+0  18791-2 0  9995",
        "tle_line2": "2 35848  86.3918 348.4719 0009087  15.0546 345.0944 14.80519579675989"
      },
      "geometry": {
        "type": "Point",
        "coordinates": [
          19.483683781514912,
          83.3803802164499
        ]
      }
    },
    {
      "type": "Feature",
      "properties": {
        "norad_id": 35850,
        "name": "IRIDIUM 33 DEB",
        "group": "iridium-33-debris",
        "lat": 77.28399166128038,
        "lon": 117.89475069625018,
        "alt_km": 622.1404936710533,
        "timestamp": "2026-02-16T10:06:40.509879+00:00",
        "meta_object_name": "IRIDIUM 33 DEB",
        "meta_object_id": "1997-051TA",
        "meta_epoch": "2026-02-14T00:53:18.646368",
        "meta_mean_motion": 14.8077438,
        "meta_eccentricity": 0.00098069,
        "meta_inclination": 86.3497,
        "meta_ra_of_asc_node": 315.4162,
        "meta_arg_of_pericenter": 358.3513,
        "meta_mean_anomaly": 1.7674,
        "meta_ephemeris_type": 0,
        "meta_classification_type": "U",
        "meta_norad_cat_id": 35850,
        "meta_element_set_no": 999,
        "meta_rev_at_epoch": 72293,
        "meta_bstar": 0.0014288139,
        "meta_mean_motion_dot": 0.00011046,
        "meta_mean_motion_ddot": 0,
        "tle_line1": "1 35850U 97051TA  26045.03702137  .00011046  00000+0  14288-2 0  9999",
        "tle_line2": "2 35850  86.3497 315.4162 0009806 358.3513   1.7674 14.80774380722933"
      },
      "geometry": {
        "type": "Point",
        "coordinates": [
          117.89475069625018,
          77.28399166128038
        ]
      }
    },
    {
      "type": "Feature",
      "properties": {
        "norad_id": 35915,
        "name": "IRIDIUM 33 DEB",
        "group": "iridium-33-debris",
        "lat": 13.599281851041003,
        "lon": 132.01536122274857,
        "alt_km": 629.1337008274177,
        "timestamp": "2026-02-16T10:06:40.509889+00:00",
        "meta_object_name": "IRIDIUM 33 DEB",
        "meta_object_id": "1997-051TY",
        "meta_epoch": "2026-02-14T00:41:04.153920",
        "meta_mean_motion": 14.82970209,
        "meta_eccentricity": 0.00116752,
        "meta_inclination": 86.3457,
        "meta_ra_of_asc_node": 313.9977,
        "meta_arg_of_pericenter": 354.0375,
        "meta_mean_anomaly": 6.0707,
        "meta_ephemeris_type": 0,
        "meta_classification_type": "U",
        "meta_norad_cat_id": 35915,
        "meta_element_set_no": 999,
        "meta_rev_at_epoch": 9023,
        "meta_bstar": 0.0015479441,
        "meta_mean_motion_dot": 0.00012616,
        "meta_mean_motion_ddot": 0,
        "tle_line1": "1 35915U 97051TY  26045.02852030  .00012616  00000+0  15479-2 0  9995",
        "tle_line2": "2 35915  86.3457 313.9977 0011675 354.0375   6.0707 14.82970209 90230"
      },
      "geometry": {
        "type": "Point",
        "coordinates": [
          132.01536122274857,
          13.599281851041003
        ]
      }
    },
    {
      "type": "Feature",
      "properties": {
        "norad_id": 35918,
        "name": "IRIDIUM 33 DEB",
        "group": "iridium-33-debris",
        "lat": 11.851843038310355,
        "lon": 48.35224711708906,
        "alt_km": 710.6720186739276,
        "timestamp": "2026-02-16T10:06:40.509900+00:00",
        "meta_object_name": "IRIDIUM 33 DEB",
        "meta_object_id": "1997-051UB",
        "meta_epoch": "2026-02-12T18:56:33.255456",
        "meta_mean_motion": 14.51855366,
        "meta_eccentricity": 0.0024984,
        "meta_inclination": 86.3983,
        "meta_ra_of_asc_node": 49.1562,
        "meta_arg_of_pericenter": 329.3091,
        "meta_mean_anomaly": 150.9968,
        "meta_ephemeris_type": 0,
        "meta_classification_type": "U",
        "meta_norad_cat_id": 35918,
        "meta_element_set_no": 999,
        "meta_rev_at_epoch": 86107,
        "meta_bstar": 0.0010362,
        "meta_mean_motion_dot": 4.208e-05,
        "meta_mean_motion_ddot": 0,
        "tle_line1": "1 35918U 97051UB  26043.78927379  .00004208  00000+0  10362-2 0  9992",
        "tle_line2": "2 35918  86.3983  49.1562 0024984 329.3091 150.9968 14.51855366861070"
      },
      "geometry": {
        "type": "Point",
        "coordinates": [
          48.35224711708906,
          11.851843038310355
        ]
      }
    },
    {
      "type": "Feature",
      "properties": {
        "norad_id": 35929,
        "name": "IRIDIUM 33 DEB",
        "group": "iridium-33-debris",
        "lat": -11.768772127791355,
        "lon": 102.13508384268026,
        "alt_km": 541.4717591284652,
        "timestamp": "2026-02-16T10:06:40.509925+00:00",
        "meta_object_name": "IRIDIUM 33 DEB",
        "meta_object_id": "1997-051UN",
        "meta_epoch": "2026-02-07T22:58:53.468256",
        "meta_mean_motion": 15.07506173,
        "meta_eccentricity": 0.0013118,
        "meta_inclination": 86.3362,
        "meta_ra_of_asc_node": 285.4121,
        "meta_arg_of_pericenter": 165.5635,
        "meta_mean_anomaly": 194.5978,
        "meta_ephemeris_type": 0,
        "meta_classification_type": "U",
        "meta_norad_cat_id": 35929,
        "meta_element_set_no": 999,
        "meta_rev_at_epoch": 88640,
        "meta_bstar": 0.002409,
        "meta_mean_motion_dot": 0.0003679,
        "meta_mean_motion_ddot": 0,
        "tle_line1": "1 35929U 97051UN  26038.95756329  .00036790  00000+0  24090-2 0  9996",
        "tle_line2": "2 35929  86.3362 285.4121 0013118 165.5635 194.5978 15.07506173886400"
      },
      "geometry": {
        "type": "Point",
        "coordinates": [
          102.13508384268026,
          -11.768772127791355
        ]
      }
    },
    {
      "type": "Feature",
      "properties": {
        "norad_id": 36011,
        "name": "IRIDIUM 33 DEB",
        "group": "iridium-33-debris",
        "lat": -15.903150793154207,
        "lon": -171.74993941871185,
        "alt_km": 771.3061274094798,
        "timestamp": "2026-02-16T10:06:40.509936+00:00",
        "meta_object_name": "IRIDIUM 33 DEB",
        "meta_object_id": "1997-051US",
        "meta_epoch": "2026-02-15T15:27:19.070208",
        "meta_mean_motion": 14.41591378,
        "meta_eccentricity": 0.00185403,
        "meta_inclination": 86.3406,
        "meta_ra_of_asc_node": 7.5392,
        "meta_arg_of_pericenter": 14.3767,
        "meta_mean_anomaly": 109.8774,
        "meta_ephemeris_type": 0,
        "meta_classification_type": "U",
        "meta_norad_cat_id": 36011,
        "meta_element_set_no": 999,
        "meta_rev_at_epoch": 65475,
        "meta_bstar": 0.00064570045,
        "meta_mean_motion_dot": 2.123e-05,
        "meta_mean_motion_ddot": 0,
        "tle_line1": "1 36011U 97051US  26046.64397072  .00002123  00000+0  64570-3 0  9991",
        "tle_line2": "2 36011  86.3406   7.5392 0018540  14.3767 109.8774 14.41591378654758"
      },
      "geometry": {
        "type": "Point",
        "coordinates": [
          -171.74993941871185,
          -15.903150793154207
        ]
      }
    },
    {
      "type": "Feature",
      "properties": {
        "norad_id": 36012,
        "name": "IRIDIUM 33 DEB",
        "group": "iridium-33-debris",
        "lat": 30.43150118547637,
        "lon": -76.88436238973442,
        "alt_km": 676.8049169785309,
        "timestamp": "2026-02-16T10:06:40.509946+00:00",
        "meta_object_name": "IRIDIUM 33 DEB",
        "meta_object_id": "1997-051UT",
        "meta_epoch": "2026-02-12T14:40:22.145952",
        "meta_mean_motion": 14.20327984,
        "meta_eccentricity": 0.0216617,
        "meta_inclination": 86.4412,
        "meta_ra_of_asc_node": 282.5596,
        "meta_arg_of_pericenter": 64.1228,
        "meta_mean_anomaly": 298.2118,
        "meta_ephemeris_type": 0,
        "meta_classification_type": "U",
        "meta_norad_cat_id": 36012,
        "meta_element_set_no": 999,
        "meta_rev_at_epoch": 66362,
        "meta_bstar": 0.0030812,
        "meta_mean_motion_dot": 8.374e-05,
        "meta_mean_motion_ddot": 0,
        "tle_line1": "1 36012U 97051UT  26043.61136743  .00008374  00000+0  30812-2 0  9997",
        "tle_line2": "2 36012  86.4412 282.5596 0216617  64.1228 298.2118 14.20327984663626"
      },
      "geometry": {
        "type": "Point",
        "coordinates": [
          -76.88436238973442,
          30.43150118547637
        ]
      }
    },
    {
      "type": "Feature",
      "properties": {
        "norad_id": 36028,
        "name": "IRIDIUM 33 DEB",
        "group": "iridium-33-debris",
        "lat": 63.53625508971013,
        "lon": -76.85624175548915,
        "alt_km": 565.0014359395145,
        "timestamp": "2026-02-16T10:06:40.509957+00:00",
        "meta_object_name": "IRIDIUM 33 DEB",
        "meta_object_id": "1997-051VK",
        "meta_epoch": "2026-02-10T09:38:35.701440",
        "meta_mean_motion": 14.9896006,
        "meta_eccentricity": 0.00149823,
        "meta_inclination": 86.3195,
        "meta_ra_of_asc_node": 278.563,
        "meta_arg_of_pericenter": 185.5045,
        "meta_mean_anomaly": 174.6025,
        "meta_ephemeris_type": 0,
        "meta_classification_type": "U",
        "meta_norad_cat_id": 36028,
        "meta_element_set_no": 999,
        "meta_rev_at_epoch": 88017,
        "meta_bstar": 0.0018164496,
        "meta_mean_motion_dot": 0.00022098,
        "meta_mean_motion_ddot": 0,
        "tle_line1": "1 36028U 97051VK  26041.40180210  .00022098  00000+0  18164-2 0  9992",
        "tle_line2": "2 36028  86.3195 278.5630 0014982 185.5045 174.6025 14.98960060880178"
      },
      "geometry": {
        "type": "Point",
        "coordinates": [
          -76.85624175548915,
          63.53625508971013
        ]
      }
    },
    {
      "type": "Feature",
      "properties": {
        "norad_id": 36080,
        "name": "IRIDIUM 33 DEB",
        "group": "iridium-33-debris",
        "lat": -59.85571246113217,
        "lon": 165.7355193604971,
        "alt_km": 739.1810197008108,
        "timestamp": "2026-02-16T10:06:40.509967+00:00",
        "meta_object_name": "IRIDIUM 33 DEB",
        "meta_object_id": "1997-051VM",
        "meta_epoch": "2026-02-08T13:27:24.578496",
        "meta_mean_motion": 14.46938544,
        "meta_eccentricity": 0.00161671,
        "meta_inclination": 86.3256,
        "meta_ra_of_asc_node": 342.8023,
        "meta_arg_of_pericenter": 338.1126,
        "meta_mean_anomaly": 21.9384,
        "meta_ephemeris_type": 0,
        "meta_classification_type": "U",
        "meta_norad_cat_id": 36080,
        "meta_element_set_no": 999,
        "meta_rev_at_epoch": 48250,
        "meta_bstar": 0.00071623839,
        "meta_mean_motion_dot": 2.624e-05,
        "meta_mean_motion_ddot": 0,
        "tle_line1": "1 36080U 97051VM  26039.56070114  .00002624  00000+0  71624-3 0  9999",
        "tle_line2": "2 36080  86.3256 342.8023 0016167 338.1126  21.9384 14.46938544482500"
      },
      "geometry": {
        "type": "Point",
        "coordinates": [
          165.7355193604971,
          -59.85571246113217
        ]
      }
    },
    {
      "type": "Feature",
      "properties": {
        "norad_id": 36083,
        "name": "IRIDIUM 33 DEB",
        "group": "iridium-33-debris",
        "lat": -61.18063481138623,
        "lon": -167.4638013460591,
        "alt_km": 767.3925439699906,
        "timestamp": "2026-02-16T10:06:40.509977+00:00",
        "meta_object_name": "IRIDIUM 33 DEB",
        "meta_object_id": "1997-051VQ",
        "meta_epoch": "2026-02-15T14:41:43.990080",
        "meta_mean_motion": 14.43512396,
        "meta_eccentricity": 0.00272395,
        "meta_inclination": 86.3464,
        "meta_ra_of_asc_node": 6.2153,
        "meta_arg_of_pericenter": 17.1134,
        "meta_mean_anomaly": 343.0979,
        "meta_ephemeris_type": 0,
        "meta_classification_type": "U",
        "meta_norad_cat_id": 36083,
        "meta_element_set_no": 999,
        "meta_rev_at_epoch": 86385,
        "meta_bstar": 0.0007328906,
        "meta_mean_motion_dot": 2.509e-05,
        "meta_mean_motion_ddot": 0,
        "tle_line1": "1 36083U 97051VQ  26046.61231470  .00002509  00000+0  73289-3 0  9991",
        "tle_line2": "2 36083  86.3464   6.2153 0027239  17.1134 343.0979 14.43512396863853"
      },
      "geometry": {
        "type": "Point",
        "coordinates": [
          -167.4638013460591,
          -61.18063481138623
        ]
      }
    },
    {
      "type": "Feature",
      "properties": {
        "norad_id": 36390,
        "name": "IRIDIUM 33 DEB",
        "group": "iridium-33-debris",
        "lat": 50.520267457820985,
        "lon": 84.73749636272045,
        "alt_km": 661.5480440878382,
        "timestamp": "2026-02-16T10:06:40.509988+00:00",
        "meta_object_name": "IRIDIUM 33 DEB",
        "meta_object_id": "1997-051VU",
        "meta_epoch": "2026-02-14T21:41:47.531040",
        "meta_mean_motion": 14.74615217,
        "meta_eccentricity": 0.00282687,
        "meta_inclination": 86.2865,
        "meta_ra_of_asc_node": 269.9569,
        "meta_arg_of_pericenter": 308.8694,
        "meta_mean_anomaly": 51.0002,
        "meta_ephemeris_type": 0,
        "meta_classification_type": "U",
        "meta_norad_cat_id": 36390,
        "meta_element_set_no": 999,
        "meta_rev_at_epoch": 67207,
        "meta_bstar": 0.0008368243,
        "meta_mean_motion_dot": 5.637e-05,
        "meta_mean_motion_ddot": 0,
        "tle_line1": "1 36390U 97051VU  26045.90402235  .00005637  00000+0  83682-3 0  9995",
        "tle_line2": "2 36390  86.2865 269.9569 0028268 308.8694  51.0002 14.74615217672076"
      },
      "geometry": {
        "type": "Point",
        "coordinates": [
          84.73749636272045,
          50.520267457820985
        ]
      }
    },
    {
      "type": "Feature",
      "properties": {
        "norad_id": 36483,
        "name": "IRIDIUM 33 DEB",
        "group": "iridium-33-debris",
        "lat": -61.672197713889474,
        "lon": 17.611140759498912,
        "alt_km": 741.1063909934701,
        "timestamp": "2026-02-16T10:06:40.509998+00:00",
        "meta_object_name": "IRIDIUM 33 DEB",
        "meta_object_id": "1997-051VZ",
        "meta_epoch": "2026-02-14T05:15:15.176160",
        "meta_mean_motion": 14.46088449,
        "meta_eccentricity": 0.0006825,
        "meta_inclination": 86.3795,
        "meta_ra_of_asc_node": 25.2991,
        "meta_arg_of_pericenter": 285.9146,
        "meta_mean_anomaly": 74.1304,
        "meta_ephemeris_type": 0,
        "meta_classification_type": "U",
        "meta_norad_cat_id": 36483,
        "meta_element_set_no": 999,
        "meta_rev_at_epoch": 66063,
        "meta_bstar": 0.00059682,
        "meta_mean_motion_dot": 2.149e-05,
        "meta_mean_motion_ddot": 0,
        "tle_line1": "1 36483U 97051VZ  26045.21892565  .00002149  00000+0  59682-3 0  9999",
        "tle_line2": "2 36483  86.3795  25.2991 0006825 285.9146  74.1304 14.46088449660636"
      },
      "geometry": {
        "type": "Point",
        "coordinates": [
          17.611140759498912,
          -61.672197713889474
        ]
      }
    },
    {
      "type": "Feature",
      "properties": {
        "norad_id": 36490,
        "name": "IRIDIUM 33 DEB",
        "group": "iridium-33-debris",
        "lat": 2.411626182558242,
        "lon": -19.048880896829278,
        "alt_km": 638.5321369334879,
        "timestamp": "2026-02-16T10:06:40.510008+00:00",
        "meta_object_name": "IRIDIUM 33 DEB",
        "meta_object_id": "1997-051WG",
        "meta_epoch": "2026-02-14T19:06:31.933152",
        "meta_mean_motion": 14.7819725,
        "meta_eccentricity": 0.00027458,
        "meta_inclination": 86.3677,
        "meta_ra_of_asc_node": 341.5325,
        "meta_arg_of_pericenter": 124.4354,
        "meta_mean_anomaly": 235.7126,
        "meta_ephemeris_type": 0,
        "meta_classification_type": "U",
        "meta_norad_cat_id": 36490,
        "meta_element_set_no": 999,
        "meta_rev_at_epoch": 87430,
        "meta_bstar": 0.0018035397,
        "meta_mean_motion_dot": 0.00013106,
        "meta_mean_motion_ddot": 0,
        "tle_line1": "1 36490U 97051WG  26045.79620293  .00013106  00000+0  18035-2 0  9998",
        "tle_line2": "2 36490  86.3677 341.5325 0002745 124.4354 235.7126 14.78197250874307"
      },
      "geometry": {
        "type": "Point",
        "coordinates": [
          -19.048880896829278,
          2.411626182558242
        ]
      }
    },
    {
      "type": "Feature",
      "properties": {
        "norad_id": 36493,
        "name": "IRIDIUM 33 DEB",
        "group": "iridium-33-debris",
        "lat": 57.52838265634351,
        "lon": 156.7383227875307,
        "alt_km": 658.6643577131053,
        "timestamp": "2026-02-16T10:06:40.510018+00:00",
        "meta_object_name": "IRIDIUM 33 DEB",
        "meta_object_id": "1997-051WK",
        "meta_epoch": "2026-02-14T13:20:12.846336",
        "meta_mean_motion": 14.66357907,
        "meta_eccentricity": 0.0012249,
        "meta_inclination": 86.3599,
        "meta_ra_of_asc_node": 343.309,
        "meta_arg_of_pericenter": 119.7292,
        "meta_mean_anomaly": 240.5142,
        "meta_ephemeris_type": 0,
        "meta_classification_type": "U",
        "meta_norad_cat_id": 36493,
        "meta_element_set_no": 999,
        "meta_rev_at_epoch": 75453,
        "meta_bstar": 0.0012907,
        "meta_mean_motion_dot": 7.158e-05,
        "meta_mean_motion_ddot": 0,
        "tle_line1": "1 36493U 97051WK  26045.55570424  .00007158  00000+0  12907-2 0  9997",
        "tle_line2": "2 36493  86.3599 343.3090 0012249 119.7292 240.5142 14.66357907754538"
      },
      "geometry": {
        "type": "Point",
        "coordinates": [
          156.7383227875307,
          57.52838265634351
        ]
      }
    },
    {
      "type": "Feature",
      "properties": {
        "norad_id": 37548,
        "name": "IRIDIUM 33 DEB",
        "group": "iridium-33-debris",
        "lat": -18.54488519230181,
        "lon": -164.00912481546337,
        "alt_km": 738.644602176626,
        "timestamp": "2026-02-16T10:06:40.510029+00:00",
        "meta_object_name": "IRIDIUM 33 DEB",
        "meta_object_id": "1997-051XH",
        "meta_epoch": "2026-02-03T05:15:56.546208",
        "meta_mean_motion": 14.51800482,
        "meta_eccentricity": 0.0026097,
        "meta_inclination": 86.3516,
        "meta_ra_of_asc_node": 20.513,
        "meta_arg_of_pericenter": 22.826,
        "meta_mean_anomaly": 337.41,
        "meta_ephemeris_type": 0,
        "meta_classification_type": "U",
        "meta_norad_cat_id": 37548,
        "meta_element_set_no": 999,
        "meta_rev_at_epoch": 66293,
        "meta_bstar": 0.0012804,
        "meta_mean_motion_dot": 5.192e-05,
        "meta_mean_motion_ddot": 0,
        "tle_line1": "1 37548U 97051XH  26034.21940447  .00005192  00000+0  12804-2 0  9998",
        "tle_line2": "2 37548  86.3516  20.5130 0026097  22.8260 337.4100 14.51800482662930"
      },
      "geometry": {
        "type": "Point",
        "coordinates": [
          -164.00912481546337,
          -18.54488519230181
        ]
      }
    },
    {
      "type": "Feature",
      "properties": {
        "norad_id": 37550,
        "name": "IRIDIUM 33 DEB",
        "group": "iridium-33-debris",
        "lat": 80.20378496194337,
        "lon": 153.2361497697937,
        "alt_km": 658.6693069455523,
        "timestamp": "2026-02-16T10:06:40.510039+00:00",
        "meta_object_name": "IRIDIUM 33 DEB",
        "meta_object_id": "1997-051XK",
        "meta_epoch": "2026-02-16T03:07:11.563680",
        "meta_mean_motion": 14.68447356,
        "meta_eccentricity": 8.4e-06,
        "meta_inclination": 86.3811,
        "meta_ra_of_asc_node": 354.8679,
        "meta_arg_of_pericenter": 51.4369,
        "meta_mean_anomaly": 308.6853,
        "meta_ephemeris_type": 0,
        "meta_classification_type": "U",
        "meta_norad_cat_id": 37550,
        "meta_element_set_no": 999,
        "meta_rev_at_epoch": 87292,
        "meta_bstar": 0.0015355,
        "meta_mean_motion_dot": 8.912e-05,
        "meta_mean_motion_ddot": 0,
        "tle_line1": "1 37550U 97051XK  26047.12999495  .00008912  00000+0  15355-2 0  9999",
        "tle_line2": "2 37550  86.3811 354.8679 0000084  51.4369 308.6853 14.68447356872920"
      },
      "geometry": {
        "type": "Point",
        "coordinates": [
          153.2361497697937,
          80.20378496194337
        ]
      }
    },
    {
      "type": "Feature",
      "properties": {
        "norad_id": 37562,
        "name": "IRIDIUM 33 DEB",
        "group": "iridium-33-debris",
        "lat": -64.17546678663373,
        "lon": -157.537147971052,
        "alt_km": 694.0962532253725,
        "timestamp": "2026-02-16T10:06:40.510050+00:00",
        "meta_object_name": "IRIDIUM 33 DEB",
        "meta_object_id": "1997-051XX",
        "meta_epoch": "2026-02-15T05:16:28.079616",
        "meta_mean_motion": 14.57269436,
        "meta_eccentricity": 0.0021414,
        "meta_inclination": 86.3758,
        "meta_ra_of_asc_node": 15.4617,
        "meta_arg_of_pericenter": 248.2975,
        "meta_mean_anomaly": 176.6493,
        "meta_ephemeris_type": 0,
        "meta_classification_type": "U",
        "meta_norad_cat_id": 37562,
        "meta_element_set_no": 999,
        "meta_rev_at_epoch": 87267,
        "meta_bstar": 0.0013997,
        "meta_mean_motion_dot": 6.368e-05,
        "meta_mean_motion_ddot": 0,
        "tle_line1": "1 37562U 97051XX  26046.21976944  .00006368  00000+0  13997-2 0  9998",
        "tle_line2": "2 37562  86.3758  15.4617 0021414 248.2975 176.6493 14.57269436872678"
      },
      "geometry": {
        "type": "Point",
        "coordinates": [
          -157.537147971052,
          -64.17546678663373
        ]
      }
    },
    {
      "type": "Feature",
      "properties": {
        "norad_id": 37565,
        "name": "IRIDIUM 33 DEB",
        "group": "iridium-33-debris",
        "lat": -70.55391239792807,
        "lon": 171.37235725985002,
        "alt_km": 720.552771358115,
        "timestamp": "2026-02-16T10:06:40.510060+00:00",
        "meta_object_name": "IRIDIUM 33 DEB",
        "meta_object_id": "1997-051YA",
        "meta_epoch": "2026-02-15T13:06:38.449440",
        "meta_mean_motion": 14.51913974,
        "meta_eccentricity": 0.0010885,
        "meta_inclination": 86.3533,
        "meta_ra_of_asc_node": 341.3465,
        "meta_arg_of_pericenter": 217.2933,
        "meta_mean_anomaly": 142.7518,
        "meta_ephemeris_type": 0,
        "meta_classification_type": "U",
        "meta_norad_cat_id": 37565,
        "meta_element_set_no": 999,
        "meta_rev_at_epoch": 66777,
        "meta_bstar": 0.00061697,
        "meta_mean_motion_dot": 2.508e-05,
        "meta_mean_motion_ddot": 0,
        "tle_line1": "1 37565U 97051YA  26046.54627835  .00002508  00000+0  61697-3 0  9992",
        "tle_line2": "2 37565  86.3533 341.3465 0010885 217.2933 142.7518 14.51913974667776"
      },
      "geometry": {
        "type": "Point",
        "coordinates": [
          171.37235725985002,
          -70.55391239792807
        ]
      }
    },
    {
      "type": "Feature",
      "properties": {
        "norad_id": 38017,
        "name": "IRIDIUM 33 DEB",
        "group": "iridium-33-debris",
        "lat": -6.100418878965517,
        "lon": 137.22373256116032,
        "alt_km": 747.7290284410437,
        "timestamp": "2026-02-16T10:06:40.510070+00:00",
        "meta_object_name": "IRIDIUM 33 DEB",
        "meta_object_id": "1997-051YD",
        "meta_epoch": "2026-02-15T15:56:20.111424",
        "meta_mean_motion": 14.51427328,
        "meta_eccentricity": 0.0089099,
        "meta_inclination": 86.3383,
        "meta_ra_of_asc_node": 137.9466,
        "meta_arg_of_pericenter": 244.7744,
        "meta_mean_anomaly": 114.4206,
        "meta_ephemeris_type": 0,
        "meta_classification_type": "U",
        "meta_norad_cat_id": 38017,
        "meta_element_set_no": 999,
        "meta_rev_at_epoch": 62343,
        "meta_bstar": 0.0033319,
        "meta_mean_motion_dot": 0.00014033,
        "meta_mean_motion_ddot": 0,
        "tle_line1": "1 38017U 97051YD  26046.66412166  .00014033  00000+0  33319-2 0  9992",
        "tle_line2": "2 38017  86.3383 137.9466 0089099 244.7744 114.4206 14.51427328623438"
      },
      "geometry": {
        "type": "Point",
        "coordinates": [
          137.22373256116032,
          -6.100418878965517
        ]
      }
    },
    {
      "type": "Feature",
      "properties": {
        "norad_id": 38022,
        "name": "IRIDIUM 33 DEB",
        "group": "iridium-33-debris",
        "lat": -68.27400778804831,
        "lon": 177.08368328235682,
        "alt_km": 744.1893963761831,
        "timestamp": "2026-02-16T10:06:40.510080+00:00",
        "meta_object_name": "IRIDIUM 33 DEB",
        "meta_object_id": "1997-051YJ",
        "meta_epoch": "2026-02-14T13:39:36.326880",
        "meta_mean_motion": 14.41908879,
        "meta_eccentricity": 0.00429368,
        "meta_inclination": 86.2729,
        "meta_ra_of_asc_node": 348.4794,
        "meta_arg_of_pericenter": 194.4492,
        "meta_mean_anomaly": 165.5484,
        "meta_ephemeris_type": 0,
        "meta_classification_type": "U",
        "meta_norad_cat_id": 38022,
        "meta_element_set_no": 999,
        "meta_rev_at_epoch": 70113,
        "meta_bstar": 0.0010269898,
        "meta_mean_motion_dot": 3.418e-05,
        "meta_mean_motion_ddot": 0,
        "tle_line1": "1 38022U 97051YJ  26045.56917045  .00003418  00000+0  10270-2 0  9998",
        "tle_line2": "2 38022  86.2729 348.4794 0042936 194.4492 165.5484 14.41908879701133"
      },
      "geometry": {
        "type": "Point",
        "coordinates": [
          177.08368328235682,
          -68.27400778804831
        ]
      }
    },
    {
      "type": "Feature",
      "properties": {
        "norad_id": 38028,
        "name": "IRIDIUM 33 DEB",
        "group": "iridium-33-debris",
        "lat": 68.35525860689098,
        "lon": -18.965794309651297,
        "alt_km": 748.2125310762458,
        "timestamp": "2026-02-16T10:06:40.510091+00:00",
        "meta_object_name": "IRIDIUM 33 DEB",
        "meta_object_id": "1997-051YQ",
        "meta_epoch": "2026-02-10T02:42:23.899968",
        "meta_mean_motion": 14.46433758,
        "meta_eccentricity": 0.00260039,
        "meta_inclination": 86.3297,
        "meta_ra_of_asc_node": 334.465,
        "meta_arg_of_pericenter": 288.4359,
        "meta_mean_anomaly": 71.4017,
        "meta_ephemeris_type": 0,
        "meta_classification_type": "U",
        "meta_norad_cat_id": 38028,
        "meta_element_set_no": 999,
        "meta_rev_at_epoch": 66353,
        "meta_bstar": 0.0004455472,
        "meta_mean_motion_dot": 1.627e-05,
        "meta_mean_motion_ddot": 0,
        "tle_line1": "1 38028U 97051YQ  26041.11277662  .00001627  00000+0  44555-3 0  9999",
        "tle_line2": "2 38028  86.3297 334.4650 0026003 288.4359  71.4017 14.46433758663531"
      },
      "geometry": {
        "type": "Point",
        "coordinates": [
          -18.965794309651297,
          68.35525860689098
        ]
      }
    },
    {
      "type": "Feature",
      "properties": {
        "norad_id": 38228,
        "name": "IRIDIUM 33 DEB",
        "group": "iridium-33-debris",
        "lat": -24.05289524910969,
        "lon": -157.8050325983267,
        "alt_km": 839.703049741006,
        "timestamp": "2026-02-16T10:06:40.510101+00:00",
        "meta_object_name": "IRIDIUM 33 DEB",
        "meta_object_id": "1997-051ZC",
        "meta_epoch": "2026-02-13T05:44:17.155680",
        "meta_mean_motion": 14.27406551,
        "meta_eccentricity": 0.0064185,
        "meta_inclination": 86.2966,
        "meta_ra_of_asc_node": 21.8904,
        "meta_arg_of_pericenter": 351.5458,
        "meta_mean_anomaly": 70.8401,
        "meta_ephemeris_type": 0,
        "meta_classification_type": "U",
        "meta_norad_cat_id": 38228,
        "meta_element_set_no": 999,
        "meta_rev_at_epoch": 85673,
        "meta_bstar": 0.00039059,
        "meta_mean_motion_dot": 9.97e-06,
        "meta_mean_motion_ddot": 0,
        "tle_line1": "1 38228U 97051ZC  26044.23908745  .00000997  00000+0  39059-3 0  9992",
        "tle_line2": "2 38228  86.2966  21.8904 0064185 351.5458  70.8401 14.27406551856735"
      },
      "geometry": {
        "type": "Point",
        "coordinates": [
          -157.8050325983267,
          -24.05289524910969
        ]
      }
    },
    {
      "type": "Feature",
      "properties": {
        "norad_id": 38241,
        "name": "IRIDIUM 33 DEB",
        "group": "iridium-33-debris",
        "lat": -30.634594886417798,
        "lon": 143.80619040532656,
        "alt_km": 713.4236185139789,
        "timestamp": "2026-02-16T10:06:40.510111+00:00",
        "meta_object_name": "IRIDIUM 33 DEB",
        "meta_object_id": "1997-051ZR",
        "meta_epoch": "2026-02-06T13:11:00.694176",
        "meta_mean_motion": 14.55357557,
        "meta_eccentricity": 0.0001391,
        "meta_inclination": 86.3259,
        "meta_ra_of_asc_node": 325.9788,
        "meta_arg_of_pericenter": 189.0948,
        "meta_mean_anomaly": 171.0234,
        "meta_ephemeris_type": 0,
        "meta_classification_type": "U",
        "meta_norad_cat_id": 38241,
        "meta_element_set_no": 999,
        "meta_rev_at_epoch": 61012,
        "meta_bstar": 0.0010426,
        "meta_mean_motion_dot": 4.543e-05,
        "meta_mean_motion_ddot": 0,
        "tle_line1": "1 38241U 97051ZR  26037.54931359  .00004543  00000+0  10426-2 0  9997",
        "tle_line2": "2 38241  86.3259 325.9788 0001391 189.0948 171.0234 14.55357557610123"
      },
      "geometry": {
        "type": "Point",
        "coordinates": [
          143.80619040532656,
          -30.634594886417798
        ]
      }
    },
    {
      "type": "Feature",
      "properties": {
        "norad_id": 38474,
        "name": "IRIDIUM 33 DEB",
        "group": "iridium-33-debris",
        "lat": 57.65369569649697,
        "lon": -12.768195569188514,
        "alt_km": 732.6573935330289,
        "timestamp": "2026-02-16T10:06:40.510122+00:00",
        "meta_object_name": "IRIDIUM 33 DEB",
        "meta_object_id": "1997-051AAB",
        "meta_epoch": "2026-02-09T13:59:59.756928",
        "meta_mean_motion": 14.51068145,
        "meta_eccentricity": 0.0023085,
        "meta_inclination": 86.3461,
        "meta_ra_of_asc_node": 344.419,
        "meta_arg_of_pericenter": 249.6478,
        "meta_mean_anomaly": 110.2247,
        "meta_ephemeris_type": 0,
        "meta_classification_type": "U",
        "meta_norad_cat_id": 38474,
        "meta_element_set_no": 999,
        "meta_rev_at_epoch": 66171,
        "meta_bstar": 0.00072799,
        "meta_mean_motion_dot": 2.912e-05,
        "meta_mean_motion_ddot": 0,
        "tle_line1": "1 38474U 97051AAB 26040.58333052  .00002912  00000+0  72799-3 0  9999",
        "tle_line2": "2 38474  86.3461 344.4190 0023085 249.6478 110.2247 14.51068145661712"
      },
      "geometry": {
        "type": "Point",
        "coordinates": [
          -12.768195569188514,
          57.65369569649697
        ]
      }
    },
    {
      "type": "Feature",
      "properties": {
        "norad_id": 39777,
        "name": "IRIDIUM 33 DEB",
        "group": "iridium-33-debris",
        "lat": -22.0635478130687,
        "lon": -35.2268430153515,
        "alt_km": 724.6404891155762,
        "timestamp": "2026-02-16T10:06:40.510131+00:00",
        "meta_object_name": "IRIDIUM 33 DEB",
        "meta_object_id": "1997-051AAJ",
        "meta_epoch": "2026-02-15T16:42:58.155552",
        "meta_mean_motion": 14.58343719,
        "meta_eccentricity": 0.00558184,
        "meta_inclination": 85.9633,
        "meta_ra_of_asc_node": 143.4858,
        "meta_arg_of_pericenter": 326.363,
        "meta_mean_anomaly": 33.4039,
        "meta_ephemeris_type": 0,
        "meta_classification_type": "U",
        "meta_norad_cat_id": 39777,
        "meta_element_set_no": 999,
        "meta_rev_at_epoch": 61131,
        "meta_bstar": 0.0026907727,
        "meta_mean_motion_dot": 0.00012754,
        "meta_mean_motion_ddot": 0,
        "tle_line1": "1 39777U 97051AAJ 26046.69650643  .00012754  00000+0  26908-2 0  9997",
        "tle_line2": "2 39777  85.9633 143.4858 0055818 326.3630  33.4039 14.58343719611311"
      },
      "geometry": {
        "type": "Point",
        "coordinates": [
          -35.2268430153515,
          -22.0635478130687
        ]
      }
    },
    {
      "type": "Feature",
      "properties": {
        "norad_id": 39778,
        "name": "IRIDIUM 33 DEB",
        "group": "iridium-33-debris",
        "lat": 86.23587558231756,
        "lon": 88.94107952663887,
        "alt_km": 698.9979581784874,
        "timestamp": "2026-02-16T10:06:40.510142+00:00",
        "meta_object_name": "IRIDIUM 33 DEB",
        "meta_object_id": "1997-051AAK",
        "meta_epoch": "2026-02-14T21:23:20.950944",
        "meta_mean_motion": 14.54894738,
        "meta_eccentricity": 0.00078184,
        "meta_inclination": 86.3792,
        "meta_ra_of_asc_node": 15.356,
        "meta_arg_of_pericenter": 148.9137,
        "meta_mean_anomaly": 211.2535,
        "meta_ephemeris_type": 0,
        "meta_classification_type": "U",
        "meta_norad_cat_id": 39778,
        "meta_element_set_no": 999,
        "meta_rev_at_epoch": 61625,
        "meta_bstar": 0.00082459803,
        "meta_mean_motion_dot": 3.563e-05,
        "meta_mean_motion_ddot": 0,
        "tle_line1": "1 39778U 97051AAK 26045.89121471  .00003563  00000+0  82460-3 0  9995",
        "tle_line2": "2 39778  86.3792  15.3560 0007818 148.9137 211.2535 14.54894738616250"
      },
      "geometry": {
        "type": "Point",
        "coordinates": [
          88.94107952663887,
          86.23587558231756
        ]
      }
    },
    {
      "type": "Feature",
      "properties": {
        "norad_id": 39781,
        "name": "IRIDIUM 33 DEB",
        "group": "iridium-33-debris",
        "lat": -35.71096839660333,
        "lon": -131.7239604771398,
        "alt_km": 837.8546377943821,
        "timestamp": "2026-02-16T10:06:40.510152+00:00",
        "meta_object_name": "IRIDIUM 33 DEB",
        "meta_object_id": "1997-051AAN",
        "meta_epoch": "2026-02-01T08:04:01.703712",
        "meta_mean_motion": 14.22082273,
        "meta_eccentricity": 0.01712939,
        "meta_inclination": 86.3718,
        "meta_ra_of_asc_node": 237.1194,
        "meta_arg_of_pericenter": 110.1022,
        "meta_mean_anomaly": 68.5667,
        "meta_ephemeris_type": 0,
        "meta_classification_type": "U",
        "meta_norad_cat_id": 39781,
        "meta_element_set_no": 999,
        "meta_rev_at_epoch": 8825,
        "meta_bstar": 0.0035030149,
        "meta_mean_motion_dot": 9.026e-05,
        "meta_mean_motion_ddot": 0,
        "tle_line1": "1 39781U 97051AAN 26032.33613083  .00009026  00000+0  35030-2 0  9999",
        "tle_line2": "2 39781  86.3718 237.1194 0171293 110.1022  68.5667 14.22082273 88252"
      },
      "geometry": {
        "type": "Point",
        "coordinates": [
          -131.7239604771398,
          -35.71096839660333
        ]
      }
    },
    {
      "type": "Feature",
      "properties": {
        "norad_id": 40996,
        "name": "IRIDIUM 33 DEB",
        "group": "iridium-33-debris",
        "lat": 68.82778404638908,
        "lon": 141.10298708816507,
        "alt_km": 547.5882952956426,
        "timestamp": "2026-02-16T10:06:40.510162+00:00",
        "meta_object_name": "IRIDIUM 33 DEB",
        "meta_object_id": "1997-051ABJ",
        "meta_epoch": "2026-02-13T13:26:05.079264",
        "meta_mean_motion": 15.02351922,
        "meta_eccentricity": 0.00073339,
        "meta_inclination": 86.3529,
        "meta_ra_of_asc_node": 331.9308,
        "meta_arg_of_pericenter": 141.6917,
        "meta_mean_anomaly": 341.9569,
        "meta_ephemeris_type": 0,
        "meta_classification_type": "U",
        "meta_norad_cat_id": 40996,
        "meta_element_set_no": 999,
        "meta_rev_at_epoch": 63429,
        "meta_bstar": 0.0029944644,
        "meta_mean_motion_dot": 0.0003981,
        "meta_mean_motion_ddot": 0,
        "tle_line1": "1 40996U 97051ABJ 26044.55978101  .00039810  00000+0  29945-2 0  9993",
        "tle_line2": "2 40996  86.3529 331.9308 0007333 141.6917 341.9569 15.02351922634296"
      },
      "geometry": {
        "type": "Point",
        "coordinates": [
          141.10298708816507,
          68.82778404638908
        ]
      }
    },
    {
      "type": "Feature",
      "properties": {
        "norad_id": 40998,
        "name": "IRIDIUM 33 DEB",
        "group": "iridium-33-debris",
        "lat": 63.96552050614427,
        "lon": 33.02222812879284,
        "alt_km": 737.8575657347101,
        "timestamp": "2026-02-16T10:06:40.510173+00:00",
        "meta_object_name": "IRIDIUM 33 DEB",
        "meta_object_id": "1997-051ABL",
        "meta_epoch": "2026-02-12T04:45:01.272096",
        "meta_mean_motion": 14.4535885,
        "meta_eccentricity": 0.00055485,
        "meta_inclination": 86.3821,
        "meta_ra_of_asc_node": 27.3848,
        "meta_arg_of_pericenter": 222.8016,
        "meta_mean_anomaly": 199.9469,
        "meta_ephemeris_type": 0,
        "meta_classification_type": "U",
        "meta_norad_cat_id": 40998,
        "meta_element_set_no": 999,
        "meta_rev_at_epoch": 7569,
        "meta_bstar": 0.00060423171,
        "meta_mean_motion_dot": 2.142e-05,
        "meta_mean_motion_ddot": 0,
        "tle_line1": "1 40998U 97051ABL 26043.19793139  .00002142  00000+0  60423-3 0  9995",
        "tle_line2": "2 40998  86.3821  27.3848 0005548 222.8016 199.9469 14.45358850 75692"
      },
      "geometry": {
        "type": "Point",
        "coordinates": [
          33.02222812879284,
          63.96552050614427
        ]
      }
    },
    {
      "type": "Feature",
      "properties": {
        "norad_id": 46435,
        "name": "IRIDIUM 33 DEB",
        "group": "iridium-33-debris",
        "lat": -50.4615666408099,
        "lon": 161.06395259269917,
        "alt_km": 827.6253822268418,
        "timestamp": "2026-02-16T10:06:40.510183+00:00",
        "meta_object_name": "IRIDIUM 33 DEB",
        "meta_object_id": "1997-051ABN",
        "meta_epoch": "2026-02-04T03:14:59.029152",
        "meta_mean_motion": 14.36167469,
        "meta_eccentricity": 0.01982718,
        "meta_inclination": 86.2792,
        "meta_ra_of_asc_node": 170.9115,
        "meta_arg_of_pericenter": 102.1484,
        "meta_mean_anomaly": 74.9261,
        "meta_ephemeris_type": 0,
        "meta_classification_type": "U",
        "meta_norad_cat_id": 46435,
        "meta_element_set_no": 999,
        "meta_rev_at_epoch": 8681,
        "meta_bstar": 0.0070927706,
        "meta_mean_motion_dot": 0.00025972,
        "meta_mean_motion_ddot": 0,
        "tle_line1": "1 46435U 97051ABN 26035.13540543  .00025972  00000+0  70928-2 0  9997",
        "tle_line2": "2 46435  86.2792 170.9115 0198271 102.1484  74.9261 14.36167469 86819"
      },
      "geometry": {
        "type": "Point",
        "coordinates": [
          161.06395259269917,
          -50.4615666408099
        ]
      }
    },
    {
      "type": "Feature",
      "properties": {
        "norad_id": 46734,
        "name": "IRIDIUM 33 DEB",
        "group": "iridium-33-debris",
        "lat": 62.41962834530714,
        "lon": 146.8447092767856,
        "alt_km": 716.6387765223963,
        "timestamp": "2026-02-16T10:06:40.510193+00:00",
        "meta_object_name": "IRIDIUM 33 DEB",
        "meta_object_id": "1997-051ABR",
        "meta_epoch": "2026-02-01T03:32:19.354272",
        "meta_mean_motion": 14.42316373,
        "meta_eccentricity": 0.0039381,
        "meta_inclination": 86.2663,
        "meta_ra_of_asc_node": 340.7289,
        "meta_arg_of_pericenter": 162.3242,
        "meta_mean_anomaly": 255.962,
        "meta_ephemeris_type": 0,
        "meta_classification_type": "U",
        "meta_norad_cat_id": 46734,
        "meta_element_set_no": 999,
        "meta_rev_at_epoch": 63737,
        "meta_bstar": 0.0008427836,
        "meta_mean_motion_dot": 2.827e-05,
        "meta_mean_motion_ddot": 0,
        "tle_line1": "1 46734U 97051ABR 26032.14744623  .00002827  00000+0  84278-3 0  9990",
        "tle_line2": "2 46734  86.2663 340.7289 0039381 162.3242 255.9620 14.42316373637373"
      },
      "geometry": {
        "type": "Point",
        "coordinates": [
          146.8447092767856,
          62.41962834530714
        ]
      }
    },
    {
      "type": "Feature",
      "properties": {
        "norad_id": 46965,
        "name": "IRIDIUM 33 DEB",
        "group": "iridium-33-debris",
        "lat": -67.76076244129669,
        "lon": -57.44679764953616,
        "alt_km": 712.2807147899557,
        "timestamp": "2026-02-16T10:06:40.510204+00:00",
        "meta_object_name": "IRIDIUM 33 DEB",
        "meta_object_id": "1997-051ABX",
        "meta_epoch": "2026-02-16T04:32:09.703680",
        "meta_mean_motion": 14.60913974,
        "meta_eccentricity": 0.0021297,
        "meta_inclination": 86.337,
        "meta_ra_of_asc_node": 311.6699,
        "meta_arg_of_pericenter": 100.503,
        "meta_mean_anomaly": 50.6006,
        "meta_ephemeris_type": 0,
        "meta_classification_type": "U",
        "meta_norad_cat_id": 46965,
        "meta_element_set_no": 999,
        "meta_rev_at_epoch": 63223,
        "meta_bstar": 0.00072627,
        "meta_mean_motion_dot": 3.587e-05,
        "meta_mean_motion_ddot": 0,
        "tle_line1": "1 46965U 97051ABX 26047.18900120  .00003587  00000+0  72627-3 0  9991",
        "tle_line2": "2 46965  86.3370 311.6699 0021297 100.5030  50.6006 14.60913974632231"
      },
      "geometry": {
        "type": "Point",
        "coordinates": [
          -57.44679764953616,
          -67.76076244129669
        ]
      }
    },
    {
      "type": "Feature",
      "properties": {
        "norad_id": 46971,
        "name": "IRIDIUM 33 DEB",
        "group": "iridium-33-debris",
        "lat": 70.29360255813089,
        "lon": -47.59707257108023,
        "alt_km": 542.4521835507494,
        "timestamp": "2026-02-16T10:06:40.510214+00:00",
        "meta_object_name": "IRIDIUM 33 DEB",
        "meta_object_id": "1997-051ACD",
        "meta_epoch": "2026-02-15T04:06:14.442336",
        "meta_mean_motion": 15.0282309,
        "meta_eccentricity": 0.00183243,
        "meta_inclination": 86.3384,
        "meta_ra_of_asc_node": 302.6959,
        "meta_arg_of_pericenter": 121.5358,
        "meta_mean_anomaly": 29.3036,
        "meta_ephemeris_type": 0,
        "meta_classification_type": "U",
        "meta_norad_cat_id": 46971,
        "meta_element_set_no": 999,
        "meta_rev_at_epoch": 65196,
        "meta_bstar": 0.0024316654,
        "meta_mean_motion_dot": 0.00032805,
        "meta_mean_motion_ddot": 0,
        "tle_line1": "1 46971U 97051ACD 26046.17100049  .00032805  00000+0  24317-2 0  9995",
        "tle_line2": "2 46971  86.3384 302.6959 0018324 121.5358  29.3036 15.02823090651968"
      },
      "geometry": {
        "type": "Point",
        "coordinates": [
          -47.59707257108023,
          70.29360255813089
        ]
      }
    },
    {
      "type": "Feature",
      "properties": {
        "norad_id": 46972,
        "name": "IRIDIUM 33 DEB",
        "group": "iridium-33-debris",
        "lat": 25.349494189988643,
        "lon": 12.834075261769941,
        "alt_km": 724.7797822447365,
        "timestamp": "2026-02-16T10:06:40.510224+00:00",
        "meta_object_name": "IRIDIUM 33 DEB",
        "meta_object_id": "1997-051ACE",
        "meta_epoch": "2026-02-04T05:19:03.178848",
        "meta_mean_motion": 14.50973059,
        "meta_eccentricity": 0.0007168,
        "meta_inclination": 86.3887,
        "meta_ra_of_asc_node": 16.3705,
        "meta_arg_of_pericenter": 296.9315,
        "meta_mean_anomaly": 122.4772,
        "meta_ephemeris_type": 0,
        "meta_classification_type": "U",
        "meta_norad_cat_id": 46972,
        "meta_element_set_no": 999,
        "meta_rev_at_epoch": 62348,
        "meta_bstar": 0.00074102,
        "meta_mean_motion_dot": 2.948e-05,
        "meta_mean_motion_ddot": 0,
        "tle_line1": "1 46972U 97051ACE 26035.22156457  .00002948  00000+0  74102-3 0  9997",
        "tle_line2": "2 46972  86.3887  16.3705 0007168 296.9315 122.4772 14.50973059623480"
      },
      "geometry": {
        "type": "Point",
        "coordinates": [
          12.834075261769941,
          25.349494189988643
        ]
      }
    },
    {
      "type": "Feature",
      "properties": {
        "norad_id": 46974,
        "name": "IRIDIUM 33 DEB",
        "group": "iridium-33-debris",
        "lat": -13.055468584068102,
        "lon": 75.69468473867634,
        "alt_km": 682.2926741133806,
        "timestamp": "2026-02-16T10:06:40.510235+00:00",
        "meta_object_name": "IRIDIUM 33 DEB",
        "meta_object_id": "1997-051ACG",
        "meta_epoch": "2026-02-06T20:58:40.805760",
        "meta_mean_motion": 14.45868378,
        "meta_eccentricity": 0.0089098,
        "meta_inclination": 86.2965,
        "meta_ra_of_asc_node": 80.736,
        "meta_arg_of_pericenter": 2.3023,
        "meta_mean_anomaly": 357.857,
        "meta_ephemeris_type": 0,
        "meta_classification_type": "U",
        "meta_norad_cat_id": 46974,
        "meta_element_set_no": 999,
        "meta_rev_at_epoch": 58319,
        "meta_bstar": 0.0031263,
        "meta_mean_motion_dot": 0.00011692,
        "meta_mean_motion_ddot": 0,
        "tle_line1": "1 46974U 97051ACG 26037.87408340  .00011692  00000+0  31263-2 0  9999",
        "tle_line2": "2 46974  86.2965  80.7360 0089098   2.3023 357.8570 14.45868378583191"
      },
      "geometry": {
        "type": "Point",
        "coordinates": [
          75.69468473867634,
          -13.055468584068102
        ]
      }
    },
    {
      "type": "Feature",
      "properties": {
        "norad_id": 46979,
        "name": "IRIDIUM 33 DEB",
        "group": "iridium-33-debris",
        "lat": 30.606425545955567,
        "lon": 20.055228425117114,
        "alt_km": 558.6329490480412,
        "timestamp": "2026-02-16T10:06:40.510246+00:00",
        "meta_object_name": "IRIDIUM 33 DEB",
        "meta_object_id": "1997-051ACM",
        "meta_epoch": "2026-01-24T17:29:42.747936",
        "meta_mean_motion": 14.93512669,
        "meta_eccentricity": 0.0029146,
        "meta_inclination": 86.3324,
        "meta_ra_of_asc_node": 28.5188,
        "meta_arg_of_pericenter": 75.5025,
        "meta_mean_anomaly": 284.9433,
        "meta_ephemeris_type": 0,
        "meta_classification_type": "U",
        "meta_norad_cat_id": 46979,
        "meta_element_set_no": 999,
        "meta_rev_at_epoch": 36069,
        "meta_bstar": 0.0070538,
        "meta_mean_motion_dot": 0.00075585,
        "meta_mean_motion_ddot": 0,
        "tle_line1": "1 46979U 97051ACM 26024.72896699  .00075585  00000+0  70538-2 0  9991",
        "tle_line2": "2 46979  86.3324  28.5188 0029146  75.5025 284.9433 14.93512669360694"
      },
      "geometry": {
        "type": "Point",
        "coordinates": [
          20.055228425117114,
          30.606425545955567
        ]
      }
    }
  ]
}