{
  "type": "FeatureCollection",
  "features": [
    {
      "type": "Feature",
      "properties": {
        "norad_id": 67561,
        "name": "STARLINK-36621",
        "group": "last-30-days",
        "lat": 35.01899600535378,
        "lon": 108.93244012939037,
        "alt_km": 340.1134298581792,
        "timestamp": "2026-02-23T09:00:52.726689+00:00",
        "meta_object_name": "STARLINK-36621",
        "meta_object_id": "2026-016A",
        "meta_epoch": "2026-02-22T17:37:12.484128",
        "meta_mean_motion": 15.75222856,
        "meta_eccentricity": 0.0002176,
        "meta_inclination": 97.2827,
        "meta_ra_of_asc_node": 113.4007,
        "meta_arg_of_pericenter": 87.4613,
        "meta_mean_anomaly": 272.6901,
        "meta_ephemeris_type": 0,
        "meta_classification_type": "U",
        "meta_norad_cat_id": 67561,
        "meta_element_set_no": 999,
        "meta_rev_at_epoch": 444,
        "meta_bstar": 0.0012971281,
        "meta_mean_motion_dot": 0.00198189,
        "meta_mean_motion_ddot": 0,
        "tle_line1": "1 67561U 26016A   26053.73417227  .00198189  00000+0  12971-2 0  9996",
        "tle_line2": "2 67561  97.2827 113.4007 0002176  87.4613 272.6901 15.75222856  4445"
      },
      "geometry": {
        "type": "Point",
        "coordinates": [
          108.93244012939037,
          35.01899600535378
        ]
      }
    },
    {
      "type": "Feature",
      "properties": {
        "norad_id": 67562,
        "name": "STARLINK-36398",
        "group": "last-30-days",
        "lat": -6.580005183658455,
        "lon": 114.89930054990005,
        "alt_km": 347.7401469057386,
        "timestamp": "2026-02-23T09:00:52.726747+00:00",
        "meta_object_name": "STARLINK-36398",
        "meta_object_id": "2026-016B",
        "meta_epoch": "2026-02-22T16:16:23.470752",
        "meta_mean_motion": 15.75175489,
        "meta_eccentricity": 0.00010269,
        "meta_inclination": 97.2841,
        "meta_ra_of_asc_node": 113.3218,
        "meta_arg_of_pericenter": 131.6094,
        "meta_mean_anomaly": 228.5259,
        "meta_ephemeris_type": 0,
        "meta_classification_type": "U",
        "meta_norad_cat_id": 67562,
        "meta_element_set_no": 999,
        "meta_rev_at_epoch": 443,
        "meta_bstar": 0.001578936,
        "meta_mean_motion_dot": 0.00242025,
        "meta_mean_motion_ddot": 0,
        "tle_line1": "1 67562U 26016B   26053.67804943  .00242025  00000+0  15789-2 0  9994",
        "tle_line2": "2 67562  97.2841 113.3218 0001026 131.6094 228.5259 15.75175489  4437"
      },
      "geometry": {
        "type": "Point",
        "coordinates": [
          114.89930054990005,
          -6.580005183658455
        ]
      }
    },
    {
      "type": "Feature",
      "properties": {
        "norad_id": 67563,
        "name": "STARLINK-36403",
        "group": "last-30-days",
        "lat": -78.49041377426543,
        "lon": -104.74465485493576,
        "alt_km": 352.44932564371084,
        "timestamp": "2026-02-23T09:00:52.726765+00:00",
        "meta_object_name": "STARLINK-36403",
        "meta_object_id": "2026-016C",
        "meta_epoch": "2026-02-22T22:00:01.999584",
        "meta_mean_motion": 15.75158244,
        "meta_eccentricity": 0.00014287,
        "meta_inclination": 97.2843,
        "meta_ra_of_asc_node": 113.6912,
        "meta_arg_of_pericenter": 99.5529,
        "meta_mean_anomaly": 80.8934,
        "meta_ephemeris_type": 0,
        "meta_classification_type": "U",
        "meta_norad_cat_id": 67563,
        "meta_element_set_no": 999,
        "meta_rev_at_epoch": 577,
        "meta_bstar": 3.8721408e-05,
        "meta_mean_motion_dot": 5.642e-05,
        "meta_mean_motion_ddot": 0,
        "tle_line1": "1 67563U 26016C   26053.91668981  .00005642  00000+0  38721-4 0  9997",
        "tle_line2": "2 67563  97.2843 113.6912 0001428  99.5529  80.8934 15.75158244  5772"
      },
      "geometry": {
        "type": "Point",
        "coordinates": [
          -104.74465485493576,
          -78.49041377426543
        ]
      }
    },
    {
      "type": "Feature",
      "properties": {
        "norad_id": 67564,
        "name": "STARLINK-36593",
        "group": "last-30-days",
        "lat": -46.64727739567783,
        "lon": -73.63033727608764,
        "alt_km": 352.0799742592335,
        "timestamp": "2026-02-23T09:00:52.726780+00:00",
        "meta_object_name": "STARLINK-36593",
        "meta_object_id": "2026-016D",
        "meta_epoch": "2026-02-22T22:00:01.999584",
        "meta_mean_motion": 15.75236746,
        "meta_eccentricity": 0.00014069,
        "meta_inclination": 97.2848,
        "meta_ra_of_asc_node": 113.6758,
        "meta_arg_of_pericenter": 70.3187,
        "meta_mean_anomaly": 76.1214,
        "meta_ephemeris_type": 0,
        "meta_classification_type": "U",
        "meta_norad_cat_id": 67564,
        "meta_element_set_no": 999,
        "meta_rev_at_epoch": 561,
        "meta_bstar": -0.0010276983,
        "meta_mean_motion_dot": -0.00151048,
        "meta_mean_motion_ddot": 0,
        "tle_line1": "1 67564U 26016D   26053.91668981 -.00151048  00000+0 -10277-2 0  9996",
        "tle_line2": "2 67564  97.2848 113.6758 0001406  70.3187  76.1214 15.75236746  5615"
      },
      "geometry": {
        "type": "Point",
        "coordinates": [
          -73.63033727608764,
          -46.64727739567783
        ]
      }
    },
    {
      "type": "Feature",
      "properties": {
        "norad_id": 67565,
        "name": "STARLINK-35725",
        "group": "last-30-days",
        "lat": 72.83934623059649,
        "lon": -41.42334517029481,
        "alt_km": 335.2275265876242,
        "timestamp": "2026-02-23T09:00:52.726796+00:00",
        "meta_object_name": "STARLINK-35725",
        "meta_object_id": "2026-016E",
        "meta_epoch": "2026-02-22T21:53:51.191520",
        "meta_mean_motion": 15.75309417,
        "meta_eccentricity": 0.00014654,
        "meta_inclination": 97.2847,
        "meta_ra_of_asc_node": 113.6173,
        "meta_arg_of_pericenter": 67.705,
        "meta_mean_anomaly": 292.4371,
        "meta_ephemeris_type": 0,
        "meta_classification_type": "U",
        "meta_norad_cat_id": 67565,
        "meta_element_set_no": 999,
        "meta_rev_at_epoch": 447,
        "meta_bstar": 0.0019800812,
        "meta_mean_motion_dot": 0.00307691,
        "meta_mean_motion_ddot": 0,
        "tle_line1": "1 67565U 26016E   26053.91239805  .00307691  00000+0  19801-2 0  9993",
        "tle_line2": "2 67565  97.2847 113.6173 0001465  67.7050 292.4371 15.75309417  4476"
      },
      "geometry": {
        "type": "Point",
        "coordinates": [
          -41.42334517029481,
          72.83934623059649
        ]
      }
    },
    {
      "type": "Feature",
      "properties": {
        "norad_id": 67566,
        "name": "STARLINK-36394",
        "group": "last-30-days",
        "lat": 80.89912068317743,
        "lon": -12.891003751165195,
        "alt_km": 334.06249641505656,
        "timestamp": "2026-02-23T09:00:52.726821+00:00",
        "meta_object_name": "STARLINK-36394",
        "meta_object_id": "2026-016F",
        "meta_epoch": "2026-02-22T21:56:24.422784",
        "meta_mean_motion": 15.75287869,
        "meta_eccentricity": 0.00030879,
        "meta_inclination": 97.2863,
        "meta_ra_of_asc_node": 113.6125,
        "meta_arg_of_pericenter": 60.8226,
        "meta_mean_anomaly": 299.3348,
        "meta_ephemeris_type": 0,
        "meta_classification_type": "U",
        "meta_norad_cat_id": 67566,
        "meta_element_set_no": 999,
        "meta_rev_at_epoch": 447,
        "meta_bstar": 0.0016855901,
        "meta_mean_motion_dot": 0.00260222,
        "meta_mean_motion_ddot": 0,
        "tle_line1": "1 67566U 26016F   26053.91417156  .00260222  00000+0  16856-2 0  9996",
        "tle_line2": "2 67566  97.2863 113.6125 0003087  60.8226 299.3348 15.75287869  4479"
      },
      "geometry": {
        "type": "Point",
        "coordinates": [
          -12.891003751165195,
          80.89912068317743
        ]
      }
    },
    {
      "type": "Feature",
      "properties": {
        "norad_id": 67567,
        "name": "STARLINK-36352",
        "group": "last-30-days",
        "lat": -64.05942459453772,
        "lon": 129.42986711424783,
        "alt_km": 351.79406979412215,
        "timestamp": "2026-02-23T09:00:52.726834+00:00",
        "meta_object_name": "STARLINK-36352",
        "meta_object_id": "2026-016G",
        "meta_epoch": "2026-02-22T22:00:01.999584",
        "meta_mean_motion": 15.75225622,
        "meta_eccentricity": 5.775e-05,
        "meta_inclination": 97.2844,
        "meta_ra_of_asc_node": 113.7022,
        "meta_arg_of_pericenter": 76.235,
        "meta_mean_anomaly": 138.1692,
        "meta_ephemeris_type": 0,
        "meta_classification_type": "U",
        "meta_norad_cat_id": 67567,
        "meta_element_set_no": 999,
        "meta_rev_at_epoch": 567,
        "meta_bstar": -0.0007146193,
        "meta_mean_motion_dot": -0.00105568,
        "meta_mean_motion_ddot": 0,
        "tle_line1": "1 67567U 26016G   26053.91668981 -.00105568  00000+0 -71462-3 0  9999",
        "tle_line2": "2 67567  97.2844 113.7022 0000577  76.2350 138.1692 15.75225622  5670"
      },
      "geometry": {
        "type": "Point",
        "coordinates": [
          129.42986711424783,
          -64.05942459453772
        ]
      }
    },
    {
      "type": "Feature",
      "properties": {
        "norad_id": 67568,
        "name": "STARLINK-36435",
        "group": "last-30-days",
        "lat": -11.417326070352422,
        "lon": 115.68521737597298,
        "alt_km": 327.933148997583,
        "timestamp": "2026-02-23T09:00:52.726847+00:00",
        "meta_object_name": "STARLINK-36435",
        "meta_object_id": "2026-016H",
        "meta_epoch": "2026-02-22T14:50:09.880224",
        "meta_mean_motion": 15.80747366,
        "meta_eccentricity": 0.0004047,
        "meta_inclination": 97.2845,
        "meta_ra_of_asc_node": 113.4031,
        "meta_arg_of_pericenter": 339.2977,
        "meta_mean_anomaly": 20.8126,
        "meta_ephemeris_type": 0,
        "meta_classification_type": "U",
        "meta_norad_cat_id": 67568,
        "meta_element_set_no": 999,
        "meta_rev_at_epoch": 443,
        "meta_bstar": 0.002616,
        "meta_mean_motion_dot": 0.00531051,
        "meta_mean_motion_ddot": 0,
        "tle_line1": "1 67568U 26016H   26053.61816991  .00531051  00000+0  26160-2 0  9995",
        "tle_line2": "2 67568  97.2845 113.4031 0004047 339.2977  20.8126 15.80747366  4434"
      },
      "geometry": {
        "type": "Point",
        "coordinates": [
          115.68521737597298,
          -11.417326070352422
        ]
      }
    },
    {
      "type": "Feature",
      "properties": {
        "norad_id": 67569,
        "name": "STARLINK-36575",
        "group": "last-30-days",
        "lat": -4.006683538404422,
        "lon": 114.72459472866073,
        "alt_km": 330.16498518152,
        "timestamp": "2026-02-23T09:00:52.726860+00:00",
        "meta_object_name": "STARLINK-36575",
        "meta_object_id": "2026-016J",
        "meta_epoch": "2026-02-22T16:19:25.302144",
        "meta_mean_motion": 15.80983492,
        "meta_eccentricity": 0.00015301,
        "meta_inclination": 97.284,
        "meta_ra_of_asc_node": 113.4751,
        "meta_arg_of_pericenter": 77.2386,
        "meta_mean_anomaly": 282.9054,
        "meta_ephemeris_type": 0,
        "meta_classification_type": "U",
        "meta_norad_cat_id": 67569,
        "meta_element_set_no": 999,
        "meta_rev_at_epoch": 444,
        "meta_bstar": 0.00123642,
        "meta_mean_motion_dot": 0.00245342,
        "meta_mean_motion_ddot": 0,
        "tle_line1": "1 67569U 26016J   26053.68015396  .00245342  00000+0  12364-2 0  9999",
        "tle_line2": "2 67569  97.2840 113.4751 0001530  77.2386 282.9054 15.80983492  4440"
      },
      "geometry": {
        "type": "Point",
        "coordinates": [
          114.72459472866073,
          -4.006683538404422
        ]
      }
    },
    {
      "type": "Feature",
      "properties": {
        "norad_id": 67570,
        "name": "STARLINK-36562",
        "group": "last-30-days",
        "lat": -54.40935947655811,
        "lon": 124.48606772529735,
        "alt_km": 351.944352457097,
        "timestamp": "2026-02-23T09:00:52.726871+00:00",
        "meta_object_name": "STARLINK-36562",
        "meta_object_id": "2026-016K",
        "meta_epoch": "2026-02-22T22:00:01.999584",
        "meta_mean_motion": 15.75144075,
        "meta_eccentricity": 0.00013197,
        "meta_inclination": 97.284,
        "meta_ra_of_asc_node": 113.7089,
        "meta_arg_of_pericenter": 83.3485,
        "meta_mean_anomaly": 141.1014,
        "meta_ephemeris_type": 0,
        "meta_classification_type": "U",
        "meta_norad_cat_id": 67570,
        "meta_element_set_no": 999,
        "meta_rev_at_epoch": 567,
        "meta_bstar": 3.6866514e-05,
        "meta_mean_motion_dot": 5.362e-05,
        "meta_mean_motion_ddot": 0,
        "tle_line1": "1 67570U 26016K   26053.91668981  .00005362  00000+0  36867-4 0  9993",
        "tle_line2": "2 67570  97.2840 113.7089 0001319  83.3485 141.1014 15.75144075  5670"
      },
      "geometry": {
        "type": "Point",
        "coordinates": [
          124.48606772529735,
          -54.40935947655811
        ]
      }
    },
    {
      "type": "Feature",
      "properties": {
        "norad_id": 67571,
        "name": "STARLINK-36578",
        "group": "last-30-days",
        "lat": 80.19610333953308,
        "lon": 66.32675484118973,
        "alt_km": 333.753290859755,
        "timestamp": "2026-02-23T09:00:52.726886+00:00",
        "meta_object_name": "STARLINK-36578",
        "meta_object_id": "2026-016L",
        "meta_epoch": "2026-02-22T21:59:27.270240",
        "meta_mean_motion": 15.75285923,
        "meta_eccentricity": 0.00030096,
        "meta_inclination": 97.2857,
        "meta_ra_of_asc_node": 113.6109,
        "meta_arg_of_pericenter": 75.1962,
        "meta_mean_anomaly": 284.9636,
        "meta_ephemeris_type": 0,
        "meta_classification_type": "U",
        "meta_norad_cat_id": 67571,
        "meta_element_set_no": 999,
        "meta_rev_at_epoch": 447,
        "meta_bstar": 0.0017052891,
        "meta_mean_motion_dot": 0.00263337,
        "meta_mean_motion_ddot": 0,
        "tle_line1": "1 67571U 26016L   26053.91628785  .00263337  00000+0  17053-2 0  9994",
        "tle_line2": "2 67571  97.2857 113.6109 0003009  75.1962 284.9636 15.75285923  4479"
      },
      "geometry": {
        "type": "Point",
        "coordinates": [
          66.32675484118973,
          80.19610333953308
        ]
      }
    },
    {
      "type": "Feature",
      "properties": {
        "norad_id": 67572,
        "name": "STARLINK-36350",
        "group": "last-30-days",
        "lat": 52.15517690232561,
        "lon": -56.4116092874889,
        "alt_km": 338.26989655061243,
        "timestamp": "2026-02-23T09:00:52.726897+00:00",
        "meta_object_name": "STARLINK-36350",
        "meta_object_id": "2026-016M",
        "meta_epoch": "2026-02-22T21:48:16.769088",
        "meta_mean_motion": 15.75200204,
        "meta_eccentricity": 0.00017986,
        "meta_inclination": 97.2857,
        "meta_ra_of_asc_node": 113.6197,
        "meta_arg_of_pericenter": 74.6888,
        "meta_mean_anomaly": 285.4576,
        "meta_ephemeris_type": 0,
        "meta_classification_type": "U",
        "meta_norad_cat_id": 67572,
        "meta_element_set_no": 999,
        "meta_rev_at_epoch": 447,
        "meta_bstar": 0.00076562964,
        "meta_mean_motion_dot": 0.00115682,
        "meta_mean_motion_ddot": 0,
        "tle_line1": "1 67572U 26016M   26053.90852742  .00115682  00000+0  76563-3 0  9997",
        "tle_line2": "2 67572  97.2857 113.6197 0001798  74.6888 285.4576 15.75200204  4479"
      },
      "geometry": {
        "type": "Point",
        "coordinates": [
          -56.4116092874889,
          52.15517690232561
        ]
      }
    },
    {
      "type": "Feature",
      "properties": {
        "norad_id": 67573,
        "name": "STARLINK-36588",
        "group": "last-30-days",
        "lat": 63.474922134611255,
        "lon": -51.04302369479115,
        "alt_km": 335.80576342882523,
        "timestamp": "2026-02-23T09:00:52.726912+00:00",
        "meta_object_name": "STARLINK-36588",
        "meta_object_id": "2026-016N",
        "meta_epoch": "2026-02-22T21:51:19.054944",
        "meta_mean_motion": 15.75303612,
        "meta_eccentricity": 0.00023474,
        "meta_inclination": 97.2849,
        "meta_ra_of_asc_node": 113.618,
        "meta_arg_of_pericenter": 69.8353,
        "meta_mean_anomaly": 290.3165,
        "meta_ephemeris_type": 0,
        "meta_classification_type": "U",
        "meta_norad_cat_id": 67573,
        "meta_element_set_no": 999,
        "meta_rev_at_epoch": 447,
        "meta_bstar": 0.0018718283,
        "meta_mean_motion_dot": 0.00290191,
        "meta_mean_motion_ddot": 0,
        "tle_line1": "1 67573U 26016N   26053.91063721  .00290191  00000+0  18718-2 0  9996",
        "tle_line2": "2 67573  97.2849 113.6180 0002347  69.8353 290.3165 15.75303612  4473"
      },
      "geometry": {
        "type": "Point",
        "coordinates": [
          -51.04302369479115,
          63.474922134611255
        ]
      }
    },
    {
      "type": "Feature",
      "properties": {
        "norad_id": 67574,
        "name": "STARLINK-36594",
        "group": "last-30-days",
        "lat": -42.649258489786206,
        "lon": 120.96157315087859,
        "alt_km": 351.86379226051486,
        "timestamp": "2026-02-23T09:00:52.726923+00:00",
        "meta_object_name": "STARLINK-36594",
        "meta_object_id": "2026-016P",
        "meta_epoch": "2026-02-22T22:00:01.999584",
        "meta_mean_motion": 15.75173071,
        "meta_eccentricity": 0.00015383,
        "meta_inclination": 97.2843,
        "meta_ra_of_asc_node": 113.7132,
        "meta_arg_of_pericenter": 109.6095,
        "meta_mean_anomaly": 126.8283,
        "meta_ephemeris_type": 0,
        "meta_classification_type": "U",
        "meta_norad_cat_id": 67574,
        "meta_element_set_no": 999,
        "meta_rev_at_epoch": 572,
        "meta_bstar": -0.00023895815,
        "meta_mean_motion_dot": -0.00035598,
        "meta_mean_motion_ddot": 0,
        "tle_line1": "1 67574U 26016P   26053.91668981 -.00035598  00000+0 -23896-3 0  9990",
        "tle_line2": "2 67574  97.2843 113.7132 0001538 109.6095 126.8283 15.75173071  5720"
      },
      "geometry": {
        "type": "Point",
        "coordinates": [
          120.96157315087859,
          -42.649258489786206
        ]
      }
    },
    {
      "type": "Feature",
      "properties": {
        "norad_id": 67575,
        "name": "STARLINK-36400",
        "group": "last-30-days",
        "lat": -35.43162430420576,
        "lon": -71.07363732928425,
        "alt_km": 350.3848481965042,
        "timestamp": "2026-02-23T09:00:52.726934+00:00",
        "meta_object_name": "STARLINK-36400",
        "meta_object_id": "2026-016Q",
        "meta_epoch": "2026-02-22T16:51:28.230912",
        "meta_mean_motion": 15.7521146,
        "meta_eccentricity": 0.00018167,
        "meta_inclination": 97.2852,
        "meta_ra_of_asc_node": 113.4422,
        "meta_arg_of_pericenter": 66.9435,
        "meta_mean_anomaly": 293.2022,
        "meta_ephemeris_type": 0,
        "meta_classification_type": "U",
        "meta_norad_cat_id": 67575,
        "meta_element_set_no": 999,
        "meta_rev_at_epoch": 444,
        "meta_bstar": 0.0020724725,
        "meta_mean_motion_dot": 0.00321208,
        "meta_mean_motion_ddot": 0,
        "tle_line1": "1 67575U 26016Q   26053.70241008  .00321208  00000+0  20725-2 0  9996",
        "tle_line2": "2 67575  97.2852 113.4422 0001816  66.9435 293.2022 15.75211460  4445"
      },
      "geometry": {
        "type": "Point",
        "coordinates": [
          -71.07363732928425,
          -35.43162430420576
        ]
      }
    },
    {
      "type": "Feature",
      "properties": {
        "norad_id": 67576,
        "name": "STARLINK-36591",
        "group": "last-30-days",
        "lat": -74.70977527878414,
        "lon": 142.06755804547993,
        "alt_km": 352.74813127791185,
        "timestamp": "2026-02-23T09:00:52.726945+00:00",
        "meta_object_name": "STARLINK-36591",
        "meta_object_id": "2026-016R",
        "meta_epoch": "2026-02-22T16:34:12.167904",
        "meta_mean_motion": 15.75236453,
        "meta_eccentricity": 0.00036513,
        "meta_inclination": 97.2828,
        "meta_ra_of_asc_node": 113.4566,
        "meta_arg_of_pericenter": 81.4665,
        "meta_mean_anomaly": 278.7013,
        "meta_ephemeris_type": 0,
        "meta_classification_type": "U",
        "meta_norad_cat_id": 67576,
        "meta_element_set_no": 999,
        "meta_rev_at_epoch": 444,
        "meta_bstar": 0.0013888007,
        "meta_mean_motion_dot": 0.00212729,
        "meta_mean_motion_ddot": 0,
        "tle_line1": "1 67576U 26016R   26053.69041861  .00212729  00000+0  13888-2 0  9999",
        "tle_line2": "2 67576  97.2828 113.4566 0003651  81.4665 278.7013 15.75236453  4441"
      },
      "geometry": {
        "type": "Point",
        "coordinates": [
          142.06755804547993,
          -74.70977527878414
        ]
      }
    },
    {
      "type": "Feature",
      "properties": {
        "norad_id": 67577,
        "name": "STARLINK-36590",
        "group": "last-30-days",
        "lat": -13.41671837873344,
        "lon": -67.61014381802576,
        "alt_km": 349.0041321495419,
        "timestamp": "2026-02-23T09:00:52.726956+00:00",
        "meta_object_name": "STARLINK-36590",
        "meta_object_id": "2026-016S",
        "meta_epoch": "2026-02-22T21:31:29.784864",
        "meta_mean_motion": 15.75272696,
        "meta_eccentricity": 0.0001871,
        "meta_inclination": 97.2861,
        "meta_ra_of_asc_node": 113.6363,
        "meta_arg_of_pericenter": 59.8152,
        "meta_mean_anomaly": 300.3298,
        "meta_ephemeris_type": 0,
        "meta_classification_type": "U",
        "meta_norad_cat_id": 67577,
        "meta_element_set_no": 999,
        "meta_rev_at_epoch": 447,
        "meta_bstar": 0.0012396664,
        "meta_mean_motion_dot": 0.00189618,
        "meta_mean_motion_ddot": 0,
        "tle_line1": "1 67577U 26016S   26053.89687251  .00189618  00000+0  12397-2 0  9995",
        "tle_line2": "2 67577  97.2861 113.6363 0001871  59.8152 300.3298 15.75272696  4477"
      },
      "geometry": {
        "type": "Point",
        "coordinates": [
          -67.61014381802576,
          -13.41671837873344
        ]
      }
    },
    {
      "type": "Feature",
      "properties": {
        "norad_id": 67578,
        "name": "STARLINK-36613",
        "group": "last-30-days",
        "lat": 50.762074414369266,
        "lon": 105.22104659210682,
        "alt_km": 321.92949021368986,
        "timestamp": "2026-02-23T09:00:52.726966+00:00",
        "meta_object_name": "STARLINK-36613",
        "meta_object_id": "2026-016T",
        "meta_epoch": "2026-02-22T22:09:57.953952",
        "meta_mean_motion": 15.80997207,
        "meta_eccentricity": 0.00014502,
        "meta_inclination": 97.2844,
        "meta_ra_of_asc_node": 113.7541,
        "meta_arg_of_pericenter": 135.6001,
        "meta_mean_anomaly": 224.5384,
        "meta_ephemeris_type": 0,
        "meta_classification_type": "U",
        "meta_norad_cat_id": 67578,
        "meta_element_set_no": 999,
        "meta_rev_at_epoch": 448,
        "meta_bstar": 0.0020861188,
        "meta_mean_motion_dot": 0.00422929,
        "meta_mean_motion_ddot": 0,
        "tle_line1": "1 67578U 26016T   26053.92358743  .00422929  00000+0  20861-2 0  9991",
        "tle_line2": "2 67578  97.2844 113.7541 0001450 135.6001 224.5384 15.80997207  4489"
      },
      "geometry": {
        "type": "Point",
        "coordinates": [
          105.22104659210682,
          50.762074414369266
        ]
      }
    },
    {
      "type": "Feature",
      "properties": {
        "norad_id": 67579,
        "name": "STARLINK-36571",
        "group": "last-30-days",
        "lat": 8.2485736551739,
        "lon": -64.80793609481199,
        "alt_km": 344.7327303766424,
        "timestamp": "2026-02-23T09:00:52.726977+00:00",
        "meta_object_name": "STARLINK-36571",
        "meta_object_id": "2026-016U",
        "meta_epoch": "2026-02-22T17:02:38.821920",
        "meta_mean_motion": 15.75211744,
        "meta_eccentricity": 0.00013916,
        "meta_inclination": 97.2851,
        "meta_ra_of_asc_node": 113.4309,
        "meta_arg_of_pericenter": 106.0571,
        "meta_mean_anomaly": 254.0847,
        "meta_ephemeris_type": 0,
        "meta_classification_type": "U",
        "meta_norad_cat_id": 67579,
        "meta_element_set_no": 999,
        "meta_rev_at_epoch": 444,
        "meta_bstar": 0.0016502001,
        "meta_mean_motion_dot": 0.00253701,
        "meta_mean_motion_ddot": 0,
        "tle_line1": "1 67579U 26016U   26053.71017155  .00253701  00000+0  16502-2 0  9995",
        "tle_line2": "2 67579  97.2851 113.4309 0001391 106.0571 254.0847 15.75211744  4442"
      },
      "geometry": {
        "type": "Point",
        "coordinates": [
          -64.80793609481199,
          8.2485736551739
        ]
      }
    },
    {
      "type": "Feature",
      "properties": {
        "norad_id": 67580,
        "name": "STARLINK-36612",
        "group": "last-30-days",
        "lat": 67.88771423230564,
        "lon": 95.89140772456118,
        "alt_km": 318.7356008836132,
        "timestamp": "2026-02-23T09:00:52.726991+00:00",
        "meta_object_name": "STARLINK-36612",
        "meta_object_id": "2026-016V",
        "meta_epoch": "2026-02-20T03:15:29.594016",
        "meta_mean_motion": 15.80855073,
        "meta_eccentricity": 0.00016227,
        "meta_inclination": 97.2829,
        "meta_ra_of_asc_node": 110.8096,
        "meta_arg_of_pericenter": 91.311,
        "meta_mean_anomaly": 268.8344,
        "meta_ephemeris_type": 0,
        "meta_classification_type": "U",
        "meta_norad_cat_id": 67580,
        "meta_element_set_no": 999,
        "meta_rev_at_epoch": 404,
        "meta_bstar": 0.00043353183,
        "meta_mean_motion_dot": 0.00083853,
        "meta_mean_motion_ddot": 0,
        "tle_line1": "1 67580U 26016V   26051.13575919  .00083853  00000+0  43353-3 0  9992",
        "tle_line2": "2 67580  97.2829 110.8096 0001622  91.3110 268.8344 15.80855073  4041"
      },
      "geometry": {
        "type": "Point",
        "coordinates": [
          95.89140772456118,
          67.88771423230564
        ]
      }
    },
    {
      "type": "Feature",
      "properties": {
        "norad_id": 67581,
        "name": "STARLINK-36632",
        "group": "last-30-days",
        "lat": -58.62620825252889,
        "lon": -77.95051331113352,
        "alt_km": 351.6381509335033,
        "timestamp": "2026-02-23T09:00:52.727002+00:00",
        "meta_object_name": "STARLINK-36632",
        "meta_object_id": "2026-016W",
        "meta_epoch": "2026-02-22T21:19:48.428544",
        "meta_mean_motion": 15.75259116,
        "meta_eccentricity": 0.00015038,
        "meta_inclination": 97.2847,
        "meta_ra_of_asc_node": 113.6486,
        "meta_arg_of_pericenter": 86.6549,
        "meta_mean_anomaly": 273.4889,
        "meta_ephemeris_type": 0,
        "meta_classification_type": "U",
        "meta_norad_cat_id": 67581,
        "meta_element_set_no": 999,
        "meta_rev_at_epoch": 447,
        "meta_bstar": 0.00086434555,
        "meta_mean_motion_dot": 0.00131184,
        "meta_mean_motion_ddot": 0,
        "tle_line1": "1 67581U 26016W   26053.88875496  .00131184  00000+0  86435-3 0  9999",
        "tle_line2": "2 67581  97.2847 113.6486 0001503  86.6549 273.4889 15.75259116  4470"
      },
      "geometry": {
        "type": "Point",
        "coordinates": [
          -77.95051331113352,
          -58.62620825252889
        ]
      }
    },
    {
      "type": "Feature",
      "properties": {
        "norad_id": 67582,
        "name": "STARLINK-36609",
        "group": "last-30-days",
        "lat": 29.944236472664677,
        "lon": -61.65526317603825,
        "alt_km": 341.1268286066761,
        "timestamp": "2026-02-23T09:00:52.727015+00:00",
        "meta_object_name": "STARLINK-36609",
        "meta_object_id": "2026-016X",
        "meta_epoch": "2026-02-22T17:08:14.224992",
        "meta_mean_motion": 15.75213228,
        "meta_eccentricity": 0.00012422,
        "meta_inclination": 97.2836,
        "meta_ra_of_asc_node": 113.425,
        "meta_arg_of_pericenter": 81.5581,
        "meta_mean_anomaly": 278.5825,
        "meta_ephemeris_type": 0,
        "meta_classification_type": "U",
        "meta_norad_cat_id": 67582,
        "meta_element_set_no": 999,
        "meta_rev_at_epoch": 444,
        "meta_bstar": 0.0021758344,
        "meta_mean_motion_dot": 0.00337933,
        "meta_mean_motion_ddot": 0,
        "tle_line1": "1 67582U 26016X   26053.71405353  .00337933  00000+0  21758-2 0  9999",
        "tle_line2": "2 67582  97.2836 113.4250 0001242  81.5581 278.5825 15.75213228  4443"
      },
      "geometry": {
        "type": "Point",
        "coordinates": [
          -61.65526317603825,
          29.944236472664677
        ]
      }
    },
    {
      "type": "Feature",
      "properties": {
        "norad_id": 67583,
        "name": "STARLINK-36577",
        "group": "last-30-days",
        "lat": 46.436120827584894,
        "lon": 106.50259378073193,
        "alt_km": 339.06818810709046,
        "timestamp": "2026-02-23T09:00:52.727025+00:00",
        "meta_object_name": "STARLINK-36577",
        "meta_object_id": "2026-016Y",
        "meta_epoch": "2026-02-22T22:00:01.999584",
        "meta_mean_motion": 15.75152349,
        "meta_eccentricity": 0.00018832,
        "meta_inclination": 97.2844,
        "meta_ra_of_asc_node": 113.7507,
        "meta_arg_of_pericenter": 81.6173,
        "meta_mean_anomaly": 244.7943,
        "meta_ephemeris_type": 0,
        "meta_classification_type": "U",
        "meta_norad_cat_id": 67583,
        "meta_element_set_no": 999,
        "meta_rev_at_epoch": 567,
        "meta_bstar": 0.00023806205,
        "meta_mean_motion_dot": 0.0003547,
        "meta_mean_motion_ddot": 0,
        "tle_line1": "1 67583U 26016Y   26053.91668981  .00035470  00000+0  23806-3 0  9998",
        "tle_line2": "2 67583  97.2844 113.7507 0001883  81.6173 244.7943 15.75152349  5678"
      },
      "geometry": {
        "type": "Point",
        "coordinates": [
          106.50259378073193,
          46.436120827584894
        ]
      }
    },
    {
      "type": "Feature",
      "properties": {
        "norad_id": 67584,
        "name": "STARLINK-36419",
        "group": "last-30-days",
        "lat": -30.13181644299624,
        "lon": 118.45693812346924,
        "alt_km": 349.65219400604747,
        "timestamp": "2026-02-23T09:00:52.727036+00:00",
        "meta_object_name": "STARLINK-36419",
        "meta_object_id": "2026-016Z",
        "meta_epoch": "2026-02-22T16:22:29.776512",
        "meta_mean_motion": 15.75188178,
        "meta_eccentricity": 0.00011905,
        "meta_inclination": 97.2844,
        "meta_ra_of_asc_node": 113.4712,
        "meta_arg_of_pericenter": 137.6285,
        "meta_mean_anomaly": 222.5072,
        "meta_ephemeris_type": 0,
        "meta_classification_type": "U",
        "meta_norad_cat_id": 67584,
        "meta_element_set_no": 999,
        "meta_rev_at_epoch": 444,
        "meta_bstar": 0.0023867955,
        "meta_mean_motion_dot": 0.00371805,
        "meta_mean_motion_ddot": 0,
        "tle_line1": "1 67584U 26016Z   26053.68228908  .00371805  00000+0  23868-2 0  9996",
        "tle_line2": "2 67584  97.2844 113.4712 0001190 137.6285 222.5072 15.75188178  4441"
      },
      "geometry": {
        "type": "Point",
        "coordinates": [
          118.45693812346924,
          -30.13181644299624
        ]
      }
    },
    {
      "type": "Feature",
      "properties": {
        "norad_id": 67585,
        "name": "STARLINK-36560",
        "group": "last-30-days",
        "lat": 69.67099144108144,
        "lon": 94.04418333168736,
        "alt_km": 336.43462059496596,
        "timestamp": "2026-02-23T09:00:52.727046+00:00",
        "meta_object_name": "STARLINK-36560",
        "meta_object_id": "2026-016AA",
        "meta_epoch": "2026-02-22T22:00:01.999584",
        "meta_mean_motion": 15.751476,
        "meta_eccentricity": 0.00014527,
        "meta_inclination": 97.2846,
        "meta_ra_of_asc_node": 113.7618,
        "meta_arg_of_pericenter": 80.2201,
        "meta_mean_anomaly": 270.1924,
        "meta_ephemeris_type": 0,
        "meta_classification_type": "U",
        "meta_norad_cat_id": 67585,
        "meta_element_set_no": 999,
        "meta_rev_at_epoch": 561,
        "meta_bstar": 0.0002091384,
        "meta_mean_motion_dot": 0.00031121,
        "meta_mean_motion_ddot": 0,
        "tle_line1": "1 67585U 26016AA  26053.91668981  .00031121  00000+0  20914-3 0  9996",
        "tle_line2": "2 67585  97.2846 113.7618 0001452  80.2201 270.1924 15.75147600  5614"
      },
      "geometry": {
        "type": "Point",
        "coordinates": [
          94.04418333168736,
          69.67099144108144
        ]
      }
    },
    {
      "type": "Feature",
      "properties": {
        "norad_id": 67588,
        "name": "NAVSTAR 85 (USA 581)",
        "group": "last-30-days",
        "lat": -51.97605801821087,
        "lon": -23.119936858599253,
        "alt_km": 20190.323728548177,
        "timestamp": "2026-02-23T09:00:52.727061+00:00",
        "meta_object_name": "NAVSTAR 85 (USA 581)",
        "meta_object_id": "2026-017A",
        "meta_epoch": "2026-02-21T12:40:21.785952",
        "meta_mean_motion": 2.00561062,
        "meta_eccentricity": 0.0001074,
        "meta_inclination": 55.0109,
        "meta_ra_of_asc_node": 93.3959,
        "meta_arg_of_pericenter": 35.005,
        "meta_mean_anomaly": 325.0753,
        "meta_ephemeris_type": 0,
        "meta_classification_type": "U",
        "meta_norad_cat_id": 67588,
        "meta_element_set_no": 999,
        "meta_rev_at_epoch": 42929,
        "meta_bstar": 0,
        "meta_mean_motion_dot": 1.2e-07,
        "meta_mean_motion_ddot": 0,
        "tle_line1": "1 67588U 26017A   26052.52802993  .00000012  00000+0  00000+0 0  9994",
        "tle_line2": "2 67588  55.0109  93.3959 0001074  35.0050 325.0753  2.00561062429292"
      },
      "geometry": {
        "type": "Point",
        "coordinates": [
          -23.119936858599253,
          -51.97605801821087
        ]
      }
    },
    {
      "type": "Feature",
      "properties": {
        "norad_id": 67589,
        "name": "STARLINK-36641",
        "group": "last-30-days",
        "lat": -79.94106140962582,
        "lon": 165.56107912800815,
        "alt_km": 352.66780885231947,
        "timestamp": "2026-02-23T09:00:52.727072+00:00",
        "meta_object_name": "STARLINK-36641",
        "meta_object_id": "2026-018A",
        "meta_epoch": "2026-02-22T16:35:51.886464",
        "meta_mean_motion": 15.75235762,
        "meta_eccentricity": 0.00037789,
        "meta_inclination": 97.2826,
        "meta_ra_of_asc_node": 118.7103,
        "meta_arg_of_pericenter": 67.6238,
        "meta_mean_anomaly": 292.5427,
        "meta_ephemeris_type": 0,
        "meta_classification_type": "U",
        "meta_norad_cat_id": 67589,
        "meta_element_set_no": 999,
        "meta_rev_at_epoch": 494,
        "meta_bstar": 0.0014233886,
        "meta_mean_motion_dot": 0.00218168,
        "meta_mean_motion_ddot": 0,
        "tle_line1": "1 67589U 26018A   26053.69157276  .00218168  00000+0  14234-2 0  9992",
        "tle_line2": "2 67589  97.2826 118.7103 0003778  67.6238 292.5427 15.75235762  4940"
      },
      "geometry": {
        "type": "Point",
        "coordinates": [
          165.56107912800815,
          -79.94106140962582
        ]
      }
    },
    {
      "type": "Feature",
      "properties": {
        "norad_id": 67590,
        "name": "STARLINK-36376",
        "group": "last-30-days",
        "lat": 18.592840313634504,
        "lon": 117.00753023550949,
        "alt_km": 342.1527206192459,
        "timestamp": "2026-02-23T09:00:52.727083+00:00",
        "meta_object_name": "STARLINK-36376",
        "meta_object_id": "2026-018B",
        "meta_epoch": "2026-02-22T22:15:51.448320",
        "meta_mean_motion": 15.75297972,
        "meta_eccentricity": 0.0002772,
        "meta_inclination": 97.2852,
        "meta_ra_of_asc_node": 119.0039,
        "meta_arg_of_pericenter": 62.6644,
        "meta_mean_anomaly": 297.4903,
        "meta_ephemeris_type": 0,
        "meta_classification_type": "U",
        "meta_norad_cat_id": 67590,
        "meta_element_set_no": 999,
        "meta_rev_at_epoch": 498,
        "meta_bstar": 0.0017280859,
        "meta_mean_motion_dot": 0.00267111,
        "meta_mean_motion_ddot": 0,
        "tle_line1": "1 67590U 26018B   26053.92767880  .00267111  00000+0  17281-2 0  9995",
        "tle_line2": "2 67590  97.2852 119.0039 0002772  62.6644 297.4903 15.75297972  4980"
      },
      "geometry": {
        "type": "Point",
        "coordinates": [
          117.00753023550949,
          18.592840313634504
        ]
      }
    },
    {
      "type": "Feature",
      "properties": {
        "norad_id": 67591,
        "name": "STARLINK-36391",
        "group": "last-30-days",
        "lat": 42.18107030358168,
        "lon": -53.819823508656,
        "alt_km": 323.8579793724266,
        "timestamp": "2026-02-23T09:00:52.727094+00:00",
        "meta_object_name": "STARLINK-36391",
        "meta_object_id": "2026-018C",
        "meta_epoch": "2026-02-22T21:48:10.634688",
        "meta_mean_motion": 15.80940485,
        "meta_eccentricity": 0.0002352,
        "meta_inclination": 97.2849,
        "meta_ra_of_asc_node": 119.0289,
        "meta_arg_of_pericenter": 50.422,
        "meta_mean_anomaly": 309.7256,
        "meta_ephemeris_type": 0,
        "meta_classification_type": "U",
        "meta_norad_cat_id": 67591,
        "meta_element_set_no": 999,
        "meta_rev_at_epoch": 498,
        "meta_bstar": 0.0011572995,
        "meta_mean_motion_dot": 0.00228753,
        "meta_mean_motion_ddot": 0,
        "tle_line1": "1 67591U 26018C   26053.90845642  .00228753  00000+0  11573-2 0  9994",
        "tle_line2": "2 67591  97.2849 119.0289 0002352  50.4220 309.7256 15.80940485  4981"
      },
      "geometry": {
        "type": "Point",
        "coordinates": [
          -53.819823508656,
          42.18107030358168
        ]
      }
    },
    {
      "type": "Feature",
      "properties": {
        "norad_id": 67592,
        "name": "STARLINK-36603",
        "group": "last-30-days",
        "lat": 42.244574327627994,
        "lon": 112.81169109957962,
        "alt_km": 339.2916290069097,
        "timestamp": "2026-02-23T09:00:52.727105+00:00",
        "meta_object_name": "STARLINK-36603",
        "meta_object_id": "2026-018D",
        "meta_epoch": "2026-02-22T22:09:45.069984",
        "meta_mean_motion": 15.75256071,
        "meta_eccentricity": 0.00016116,
        "meta_inclination": 97.2849,
        "meta_ra_of_asc_node": 119.0088,
        "meta_arg_of_pericenter": 82.3217,
        "meta_mean_anomaly": 277.8231,
        "meta_ephemeris_type": 0,
        "meta_classification_type": "U",
        "meta_norad_cat_id": 67592,
        "meta_element_set_no": 999,
        "meta_rev_at_epoch": 498,
        "meta_bstar": 0.0010368945,
        "meta_mean_motion_dot": 0.00157873,
        "meta_mean_motion_ddot": 0,
        "tle_line1": "1 67592U 26018D   26053.92343831  .00157873  00000+0  10369-2 0  9996",
        "tle_line2": "2 67592  97.2849 119.0088 0001611  82.3217 277.8231 15.75256071  4989"
      },
      "geometry": {
        "type": "Point",
        "coordinates": [
          112.81169109957962,
          42.244574327627994
        ]
      }
    },
    {
      "type": "Feature",
      "properties": {
        "norad_id": 67593,
        "name": "STARLINK-36634",
        "group": "last-30-days",
        "lat": 81.9039022494642,
        "lon": 55.42595419473287,
        "alt_km": 335.78269716043997,
        "timestamp": "2026-02-23T09:00:52.727115+00:00",
        "meta_object_name": "STARLINK-36634",
        "meta_object_id": "2026-018E",
        "meta_epoch": "2026-02-22T22:00:01.999584",
        "meta_mean_motion": 15.75216496,
        "meta_eccentricity": 0.00015419,
        "meta_inclination": 97.2855,
        "meta_ra_of_asc_node": 119.022,
        "meta_arg_of_pericenter": 87.3488,
        "meta_mean_anomaly": 278.5095,
        "meta_ephemeris_type": 0,
        "meta_classification_type": "U",
        "meta_norad_cat_id": 67593,
        "meta_element_set_no": 999,
        "meta_rev_at_epoch": 497,
        "meta_bstar": -0.00061317976,
        "meta_mean_motion_dot": -0.00090731,
        "meta_mean_motion_ddot": 0,
        "tle_line1": "1 67593U 26018E   26053.91668981 -.00090731  00000+0 -61318-3 0  9994",
        "tle_line2": "2 67593  97.2855 119.0220 0001541  87.3488 278.5095 15.75216496  4974"
      },
      "geometry": {
        "type": "Point",
        "coordinates": [
          55.42595419473287,
          81.9039022494642
        ]
      }
    },
    {
      "type": "Feature",
      "properties": {
        "norad_id": 67594,
        "name": "STARLINK-36638",
        "group": "last-30-days",
        "lat": 25.043425512776675,
        "lon": -57.043271824537946,
        "alt_km": 325.7139857110569,
        "timestamp": "2026-02-23T09:00:52.727126+00:00",
        "meta_object_name": "STARLINK-36638",
        "meta_object_id": "2026-018F",
        "meta_epoch": "2026-02-22T17:10:23.334240",
        "meta_mean_motion": 15.80851796,
        "meta_eccentricity": 0.00014213,
        "meta_inclination": 97.284,
        "meta_ra_of_asc_node": 118.8318,
        "meta_arg_of_pericenter": 91.8914,
        "meta_mean_anomaly": 268.2517,
        "meta_ephemeris_type": 0,
        "meta_classification_type": "U",
        "meta_norad_cat_id": 67594,
        "meta_element_set_no": 999,
        "meta_rev_at_epoch": 495,
        "meta_bstar": 0.0018072591,
        "meta_mean_motion_dot": 0.00361359,
        "meta_mean_motion_ddot": 0,
        "tle_line1": "1 67594U 26018F   26053.71554785  .00361359  00000+0  18073-2 0  9993",
        "tle_line2": "2 67594  97.2840 118.8318 0001421  91.8914 268.2517 15.80851796  4952"
      },
      "geometry": {
        "type": "Point",
        "coordinates": [
          -57.043271824537946,
          25.043425512776675
        ]
      }
    },
    {
      "type": "Feature",
      "properties": {
        "norad_id": 67595,
        "name": "STARLINK-36628",
        "group": "last-30-days",
        "lat": -12.633469946047814,
        "lon": 121.10163759333854,
        "alt_km": 346.6225090921762,
        "timestamp": "2026-02-23T09:00:52.727137+00:00",
        "meta_object_name": "STARLINK-36628",
        "meta_object_id": "2026-018G",
        "meta_epoch": "2026-02-22T16:18:04.465440",
        "meta_mean_motion": 15.75345748,
        "meta_eccentricity": 0.00019253,
        "meta_inclination": 97.2848,
        "meta_ra_of_asc_node": 118.7274,
        "meta_arg_of_pericenter": 59.5515,
        "meta_mean_anomaly": 300.594,
        "meta_ephemeris_type": 0,
        "meta_classification_type": "U",
        "meta_norad_cat_id": 67595,
        "meta_element_set_no": 999,
        "meta_rev_at_epoch": 494,
        "meta_bstar": 0.001933241,
        "meta_mean_motion_dot": 0.0030063,
        "meta_mean_motion_ddot": 0,
        "tle_line1": "1 67595U 26018G   26053.67921835  .00300630  00000+0  19332-2 0  9997",
        "tle_line2": "2 67595  97.2848 118.7274 0001925  59.5515 300.5940 15.75345748  4946"
      },
      "geometry": {
        "type": "Point",
        "coordinates": [
          121.10163759333854,
          -12.633469946047814
        ]
      }
    },
    {
      "type": "Feature",
      "properties": {
        "norad_id": 67596,
        "name": "STARLINK-36629",
        "group": "last-30-days",
        "lat": -56.382234182240154,
        "lon": 130.53298185323516,
        "alt_km": 351.2531423453029,
        "timestamp": "2026-02-23T09:00:52.727147+00:00",
        "meta_object_name": "STARLINK-36629",
        "meta_object_id": "2026-018H",
        "meta_epoch": "2026-02-22T16:29:14.469792",
        "meta_mean_motion": 15.75256865,
        "meta_eccentricity": 0.00013621,
        "meta_inclination": 97.2843,
        "meta_ra_of_asc_node": 118.7172,
        "meta_arg_of_pericenter": 95.9423,
        "meta_mean_anomaly": 264.1998,
        "meta_ephemeris_type": 0,
        "meta_classification_type": "U",
        "meta_norad_cat_id": 67596,
        "meta_element_set_no": 999,
        "meta_rev_at_epoch": 494,
        "meta_bstar": 0.0010326075,
        "meta_mean_motion_dot": 0.00157211,
        "meta_mean_motion_ddot": 0,
        "tle_line1": "1 67596U 26018H   26053.68697303  .00157211  00000+0  10326-2 0  9998",
        "tle_line2": "2 67596  97.2843 118.7172 0001362  95.9423 264.1998 15.75256865  4945"
      },
      "geometry": {
        "type": "Point",
        "coordinates": [
          130.53298185323516,
          -56.382234182240154
        ]
      }
    },
    {
      "type": "Feature",
      "properties": {
        "norad_id": 67597,
        "name": "STARLINK-36384",
        "group": "last-30-days",
        "lat": 11.818158061797694,
        "lon": -58.93069516472483,
        "alt_km": 334.04567802229576,
        "timestamp": "2026-02-23T09:00:52.727157+00:00",
        "meta_object_name": "STARLINK-36384",
        "meta_object_id": "2026-018J",
        "meta_epoch": "2026-02-22T23:11:01.435776",
        "meta_mean_motion": 15.79834612,
        "meta_eccentricity": 0.00013237,
        "meta_inclination": 97.284,
        "meta_ra_of_asc_node": 119.103,
        "meta_arg_of_pericenter": 36.7824,
        "meta_mean_anomaly": 323.3535,
        "meta_ephemeris_type": 0,
        "meta_classification_type": "U",
        "meta_norad_cat_id": 67597,
        "meta_element_set_no": 999,
        "meta_rev_at_epoch": 499,
        "meta_bstar": -0.002690435,
        "meta_mean_motion_dot": -0.00467438,
        "meta_mean_motion_ddot": 0,
        "tle_line1": "1 67597U 26018J   26053.96598884 -.00467438  00000+0 -26904-2 0  9990",
        "tle_line2": "2 67597  97.2840 119.1030 0001323  36.7824 323.3535 15.79834612  4992"
      },
      "geometry": {
        "type": "Point",
        "coordinates": [
          -58.93069516472483,
          11.818158061797694
        ]
      }
    },
    {
      "type": "Feature",
      "properties": {
        "norad_id": 67598,
        "name": "STARLINK-36358",
        "group": "last-30-days",
        "lat": -23.03375918234002,
        "lon": 122.57200824593923,
        "alt_km": 349.6196674912435,
        "timestamp": "2026-02-23T09:00:52.727170+00:00",
        "meta_object_name": "STARLINK-36358",
        "meta_object_id": "2026-018K",
        "meta_epoch": "2026-02-22T16:20:36.506112",
        "meta_mean_motion": 15.75244086,
        "meta_eccentricity": 0.00017704,
        "meta_inclination": 97.2847,
        "meta_ra_of_asc_node": 118.7251,
        "meta_arg_of_pericenter": 99.6425,
        "meta_mean_anomaly": 260.504,
        "meta_ephemeris_type": 0,
        "meta_classification_type": "U",
        "meta_norad_cat_id": 67598,
        "meta_element_set_no": 999,
        "meta_rev_at_epoch": 494,
        "meta_bstar": 0.00089364583,
        "meta_mean_motion_dot": 0.0013562,
        "meta_mean_motion_ddot": 0,
        "tle_line1": "1 67598U 26018K   26053.68097808  .00135620  00000+0  89365-3 0  9994",
        "tle_line2": "2 67598  97.2847 118.7251 0001770  99.6425 260.5040 15.75244086  4945"
      },
      "geometry": {
        "type": "Point",
        "coordinates": [
          122.57200824593923,
          -23.03375918234002
        ]
      }
    },
    {
      "type": "Feature",
      "properties": {
        "norad_id": 67599,
        "name": "STARLINK-36582",
        "group": "last-30-days",
        "lat": 63.855419610720936,
        "lon": 104.38337997318077,
        "alt_km": 335.80396541543905,
        "timestamp": "2026-02-23T09:00:52.727180+00:00",
        "meta_object_name": "STARLINK-36582",
        "meta_object_id": "2026-018L",
        "meta_epoch": "2026-02-22T22:04:09.745536",
        "meta_mean_motion": 15.75285742,
        "meta_eccentricity": 0.00018162,
        "meta_inclination": 97.286,
        "meta_ra_of_asc_node": 119.0139,
        "meta_arg_of_pericenter": 58.2825,
        "meta_mean_anomaly": 301.8617,
        "meta_ephemeris_type": 0,
        "meta_classification_type": "U",
        "meta_norad_cat_id": 67599,
        "meta_element_set_no": 999,
        "meta_rev_at_epoch": 503,
        "meta_bstar": 0.0015376533,
        "meta_mean_motion_dot": 0.00236671,
        "meta_mean_motion_ddot": 0,
        "tle_line1": "1 67599U 26018L   26053.91955724  .00236671  00000+0  15377-2 0  9990",
        "tle_line2": "2 67599  97.2860 119.0139 0001816  58.2825 301.8617 15.75285742  5030"
      },
      "geometry": {
        "type": "Point",
        "coordinates": [
          104.38337997318077,
          63.855419610720936
        ]
      }
    },
    {
      "type": "Feature",
      "properties": {
        "norad_id": 67600,
        "name": "STARLINK-36640",
        "group": "last-30-days",
        "lat": -44.60488762877747,
        "lon": 126.69133498801139,
        "alt_km": 350.93353892966934,
        "timestamp": "2026-02-23T09:00:52.727191+00:00",
        "meta_object_name": "STARLINK-36640",
        "meta_object_id": "2026-018M",
        "meta_epoch": "2026-02-22T16:26:12.221952",
        "meta_mean_motion": 15.75250975,
        "meta_eccentricity": 0.00028945,
        "meta_inclination": 97.2838,
        "meta_ra_of_asc_node": 118.7188,
        "meta_arg_of_pericenter": 80.3005,
        "meta_mean_anomaly": 279.8587,
        "meta_ephemeris_type": 0,
        "meta_classification_type": "U",
        "meta_norad_cat_id": 67600,
        "meta_element_set_no": 999,
        "meta_rev_at_epoch": 494,
        "meta_bstar": 0.0014495185,
        "meta_mean_motion_dot": 0.00222405,
        "meta_mean_motion_ddot": 0,
        "tle_line1": "1 67600U 26018M   26053.68486368  .00222405  00000+0  14495-2 0  9990",
        "tle_line2": "2 67600  97.2838 118.7188 0002894  80.3005 279.8587 15.75250975  4940"
      },
      "geometry": {
        "type": "Point",
        "coordinates": [
          126.69133498801139,
          -44.60488762877747
        ]
      }
    },
    {
      "type": "Feature",
      "properties": {
        "norad_id": 67601,
        "name": "STARLINK-36635",
        "group": "last-30-days",
        "lat": 44.96952799358767,
        "lon": -53.13345368502886,
        "alt_km": 339.7115903315462,
        "timestamp": "2026-02-23T09:00:52.727202+00:00",
        "meta_object_name": "STARLINK-36635",
        "meta_object_id": "2026-018N",
        "meta_epoch": "2026-02-22T22:00:01.999584",
        "meta_mean_motion": 15.75207119,
        "meta_eccentricity": 0.0001656,
        "meta_inclination": 97.2854,
        "meta_ra_of_asc_node": 119.0424,
        "meta_arg_of_pericenter": 97.4188,
        "meta_mean_anomaly": 316.4588,
        "meta_ephemeris_type": 0,
        "meta_classification_type": "U",
        "meta_norad_cat_id": 67601,
        "meta_element_set_no": 999,
        "meta_rev_at_epoch": 498,
        "meta_bstar": -0.00072309007,
        "meta_mean_motion_dot": -0.00106731,
        "meta_mean_motion_ddot": 0,
        "tle_line1": "1 67601U 26018N   26053.91668981 -.00106731  00000+0 -72309-3 0  9994",
        "tle_line2": "2 67601  97.2854 119.0424 0001656  97.4188 316.4588 15.75207119  4987"
      },
      "geometry": {
        "type": "Point",
        "coordinates": [
          -53.13345368502886,
          44.96952799358767
        ]
      }
    },
    {
      "type": "Feature",
      "properties": {
        "norad_id": 67602,
        "name": "STARLINK-36631",
        "group": "last-30-days",
        "lat": -0.5875843480735327,
        "lon": -60.53237309009325,
        "alt_km": 347.9053561406072,
        "timestamp": "2026-02-23T09:00:52.727212+00:00",
        "meta_object_name": "STARLINK-36631",
        "meta_object_id": "2026-018P",
        "meta_epoch": "2026-02-22T22:00:01.999584",
        "meta_mean_motion": 15.7539139,
        "meta_eccentricity": 0.0001338,
        "meta_inclination": 97.2849,
        "meta_ra_of_asc_node": 119.0612,
        "meta_arg_of_pericenter": 74.1185,
        "meta_mean_anomaly": 25.624,
        "meta_ephemeris_type": 0,
        "meta_classification_type": "U",
        "meta_norad_cat_id": 67602,
        "meta_element_set_no": 999,
        "meta_rev_at_epoch": 497,
        "meta_bstar": -0.0023532966,
        "meta_mean_motion_dot": -0.00340495,
        "meta_mean_motion_ddot": 0,
        "tle_line1": "1 67602U 26018P   26053.91668981 -.00340495  00000+0 -23533-2 0  9996",
        "tle_line2": "2 67602  97.2849 119.0612 0001338  74.1185  25.6240 15.75391390  4975"
      },
      "geometry": {
        "type": "Point",
        "coordinates": [
          -60.53237309009325,
          -0.5875843480735327
        ]
      }
    },
    {
      "type": "Feature",
      "properties": {
        "norad_id": 67603,
        "name": "STARLINK-36626",
        "group": "last-30-days",
        "lat": 78.45596782263198,
        "lon": -21.711401236470248,
        "alt_km": 334.9632310751349,
        "timestamp": "2026-02-23T09:00:52.727222+00:00",
        "meta_object_name": "STARLINK-36626",
        "meta_object_id": "2026-018Q",
        "meta_epoch": "2026-02-22T21:55:31.386144",
        "meta_mean_motion": 15.75303466,
        "meta_eccentricity": 0.00012493,
        "meta_inclination": 97.2852,
        "meta_ra_of_asc_node": 119.0221,
        "meta_arg_of_pericenter": 67.9199,
        "meta_mean_anomaly": 292.2199,
        "meta_ephemeris_type": 0,
        "meta_classification_type": "U",
        "meta_norad_cat_id": 67603,
        "meta_element_set_no": 999,
        "meta_rev_at_epoch": 498,
        "meta_bstar": 0.0019681139,
        "meta_mean_motion_dot": 0.0030568,
        "meta_mean_motion_ddot": 0,
        "tle_line1": "1 67603U 26018Q   26053.91355771  .00305680  00000+0  19681-2 0  9991",
        "tle_line2": "2 67603  97.2852 119.0221 0001249  67.9199 292.2199 15.75303466  4985"
      },
      "geometry": {
        "type": "Point",
        "coordinates": [
          -21.711401236470248,
          78.45596782263198
        ]
      }
    },
    {
      "type": "Feature",
      "properties": {
        "norad_id": 67604,
        "name": "STARLINK-36605",
        "group": "last-30-days",
        "lat": -1.1937857097849902,
        "lon": 119.61574948084295,
        "alt_km": 346.2774605882378,
        "timestamp": "2026-02-23T09:00:52.727233+00:00",
        "meta_object_name": "STARLINK-36605",
        "meta_object_id": "2026-018R",
        "meta_epoch": "2026-02-22T22:20:56.127552",
        "meta_mean_motion": 15.75307852,
        "meta_eccentricity": 0.00019616,
        "meta_inclination": 97.2848,
        "meta_ra_of_asc_node": 118.9965,
        "meta_arg_of_pericenter": 90.1352,
        "meta_mean_anomaly": 270.0138,
        "meta_ephemeris_type": 0,
        "meta_classification_type": "U",
        "meta_norad_cat_id": 67604,
        "meta_element_set_no": 999,
        "meta_rev_at_epoch": 498,
        "meta_bstar": 0.0020747332,
        "meta_mean_motion_dot": 0.00322967,
        "meta_mean_motion_ddot": 0,
        "tle_line1": "1 67604U 26018R   26053.93120518  .00322967  00000+0  20747-2 0  9995",
        "tle_line2": "2 67604  97.2848 118.9965 0001961  90.1352 270.0138 15.75307852  4984"
      },
      "geometry": {
        "type": "Point",
        "coordinates": [
          119.61574948084295,
          -1.1937857097849902
        ]
      }
    },
    {
      "type": "Feature",
      "properties": {
        "norad_id": 67605,
        "name": "STARLINK-36281",
        "group": "last-30-days",
        "lat": -28.079241938896647,
        "lon": -64.36093374451542,
        "alt_km": 331.7926712584167,
        "timestamp": "2026-02-23T09:00:52.727243+00:00",
        "meta_object_name": "STARLINK-36281",
        "meta_object_id": "2026-018S",
        "meta_epoch": "2026-02-22T18:27:59.285952",
        "meta_mean_motion": 15.8087142,
        "meta_eccentricity": 0.0001935,
        "meta_inclination": 97.2837,
        "meta_ra_of_asc_node": 118.9102,
        "meta_arg_of_pericenter": 146.5844,
        "meta_mean_anomaly": 213.5547,
        "meta_ephemeris_type": 0,
        "meta_classification_type": "U",
        "meta_norad_cat_id": 67605,
        "meta_element_set_no": 999,
        "meta_rev_at_epoch": 496,
        "meta_bstar": 0.0021935211,
        "meta_mean_motion_dot": 0.00443205,
        "meta_mean_motion_ddot": 0,
        "tle_line1": "1 67605U 26018S   26053.76943618  .00443205  00000+0  21935-2 0  9990",
        "tle_line2": "2 67605  97.2837 118.9102 0001935 146.5844 213.5547 15.80871420  4966"
      },
      "geometry": {
        "type": "Point",
        "coordinates": [
          -64.36093374451542,
          -28.079241938896647
        ]
      }
    },
    {
      "type": "Feature",
      "properties": {
        "norad_id": 67606,
        "name": "STARLINK-35843",
        "group": "last-30-days",
        "lat": 30.498145296533092,
        "lon": 115.15558653591336,
        "alt_km": 340.4338863205412,
        "timestamp": "2026-02-23T09:00:52.727253+00:00",
        "meta_object_name": "STARLINK-35843",
        "meta_object_id": "2026-018T",
        "meta_epoch": "2026-02-22T22:12:48.226752",
        "meta_mean_motion": 15.75293228,
        "meta_eccentricity": 0.00020256,
        "meta_inclination": 97.286,
        "meta_ra_of_asc_node": 119.0051,
        "meta_arg_of_pericenter": 60.4025,
        "meta_mean_anomaly": 299.7442,
        "meta_ephemeris_type": 0,
        "meta_classification_type": "U",
        "meta_norad_cat_id": 67606,
        "meta_element_set_no": 999,
        "meta_rev_at_epoch": 498,
        "meta_bstar": 0.0016903453,
        "meta_mean_motion_dot": 0.00261021,
        "meta_mean_motion_ddot": 0,
        "tle_line1": "1 67606U 26018T   26053.92555818  .00261021  00000+0  16903-2 0  9993",
        "tle_line2": "2 67606  97.2860 119.0051 0002025  60.4025 299.7442 15.75293228  4984"
      },
      "geometry": {
        "type": "Point",
        "coordinates": [
          115.15558653591336,
          30.498145296533092
        ]
      }
    },
    {
      "type": "Feature",
      "properties": {
        "norad_id": 67607,
        "name": "STARLINK-36351",
        "group": "last-30-days",
        "lat": 69.84367681484308,
        "lon": -40.09400629140777,
        "alt_km": 335.95525805417583,
        "timestamp": "2026-02-23T09:00:52.727264+00:00",
        "meta_object_name": "STARLINK-36351",
        "meta_object_id": "2026-018U",
        "meta_epoch": "2026-02-22T21:52:58.674144",
        "meta_mean_motion": 15.75267651,
        "meta_eccentricity": 0.000108,
        "meta_inclination": 97.2842,
        "meta_ra_of_asc_node": 119.0245,
        "meta_arg_of_pericenter": 103.0845,
        "meta_mean_anomaly": 257.0541,
        "meta_ephemeris_type": 0,
        "meta_classification_type": "U",
        "meta_norad_cat_id": 67607,
        "meta_element_set_no": 999,
        "meta_rev_at_epoch": 498,
        "meta_bstar": 0.001100209,
        "meta_mean_motion_dot": 0.00167799,
        "meta_mean_motion_ddot": 0,
        "tle_line1": "1 67607U 26018U   26053.91179021  .00167799  00000+0  11002-2 0  9993",
        "tle_line2": "2 67607  97.2842 119.0245 0001080 103.0845 257.0541 15.75267651  4982"
      },
      "geometry": {
        "type": "Point",
        "coordinates": [
          -40.09400629140777,
          69.84367681484308
        ]
      }
    },
    {
      "type": "Feature",
      "properties": {
        "norad_id": 67608,
        "name": "STARLINK-36411",
        "group": "last-30-days",
        "lat": -56.94350726366964,
        "lon": -71.77093980613684,
        "alt_km": 334.4812512846447,
        "timestamp": "2026-02-23T09:00:52.727274+00:00",
        "meta_object_name": "STARLINK-36411",
        "meta_object_id": "2026-018V",
        "meta_epoch": "2026-02-22T16:49:24.282336",
        "meta_mean_motion": 15.80855776,
        "meta_eccentricity": 0.00013729,
        "meta_inclination": 97.2843,
        "meta_ra_of_asc_node": 118.8504,
        "meta_arg_of_pericenter": 97.3351,
        "meta_mean_anomaly": 262.8073,
        "meta_ephemeris_type": 0,
        "meta_classification_type": "U",
        "meta_norad_cat_id": 67608,
        "meta_element_set_no": 999,
        "meta_rev_at_epoch": 495,
        "meta_bstar": 0.0019963588,
        "meta_mean_motion_dot": 0.00401108,
        "meta_mean_motion_ddot": 0,
        "tle_line1": "1 67608U 26018V   26053.70097549  .00401108  00000+0  19964-2 0  9995",
        "tle_line2": "2 67608  97.2843 118.8504 0001372  97.3351 262.8073 15.80855776  4958"
      },
      "geometry": {
        "type": "Point",
        "coordinates": [
          -71.77093980613684,
          -56.94350726366964
        ]
      }
    },
    {
      "type": "Feature",
      "properties": {
        "norad_id": 67609,
        "name": "STARLINK-36312",
        "group": "last-30-days",
        "lat": 58.21791768592398,
        "lon": -48.56896532992814,
        "alt_km": 337.31370899864305,
        "timestamp": "2026-02-23T09:00:52.727284+00:00",
        "meta_object_name": "STARLINK-36312",
        "meta_object_id": "2026-018W",
        "meta_epoch": "2026-02-22T21:49:56.021088",
        "meta_mean_motion": 15.75318173,
        "meta_eccentricity": 0.00023279,
        "meta_inclination": 97.2843,
        "meta_ra_of_asc_node": 119.0273,
        "meta_arg_of_pericenter": 42.245,
        "meta_mean_anomaly": 317.8994,
        "meta_ephemeris_type": 0,
        "meta_classification_type": "U",
        "meta_norad_cat_id": 67609,
        "meta_element_set_no": 999,
        "meta_rev_at_epoch": 498,
        "meta_bstar": 0.0015821348,
        "meta_mean_motion_dot": 0.00244082,
        "meta_mean_motion_ddot": 0,
        "tle_line1": "1 67609U 26018W   26053.90967617  .00244082  00000+0  15821-2 0  9994",
        "tle_line2": "2 67609  97.2843 119.0273 0002327  42.2450 317.8994 15.75318173  4980"
      },
      "geometry": {
        "type": "Point",
        "coordinates": [
          -48.56896532992814,
          58.21791768592398
        ]
      }
    },
    {
      "type": "Feature",
      "properties": {
        "norad_id": 67610,
        "name": "STARLINK-36387",
        "group": "last-30-days",
        "lat": -70.9019022497182,
        "lon": -82.11323394695773,
        "alt_km": 335.6924073577511,
        "timestamp": "2026-02-23T09:00:52.727297+00:00",
        "meta_object_name": "STARLINK-36387",
        "meta_object_id": "2026-018X",
        "meta_epoch": "2026-02-22T16:45:37.230048",
        "meta_mean_motion": 15.80905191,
        "meta_eccentricity": 0.00015572,
        "meta_inclination": 97.2848,
        "meta_ra_of_asc_node": 118.853,
        "meta_arg_of_pericenter": 91.2069,
        "meta_mean_anomaly": 268.9378,
        "meta_ephemeris_type": 0,
        "meta_classification_type": "U",
        "meta_norad_cat_id": 67610,
        "meta_element_set_no": 999,
        "meta_rev_at_epoch": 495,
        "meta_bstar": 0.00073146791,
        "meta_mean_motion_dot": 0.00142868,
        "meta_mean_motion_ddot": 0,
        "tle_line1": "1 67610U 26018X   26053.69834757  .00142868  00000+0  73147-3 0  9995",
        "tle_line2": "2 67610  97.2848 118.8530 0001557  91.2069 268.9378 15.80905191  4951"
      },
      "geometry": {
        "type": "Point",
        "coordinates": [
          -82.11323394695773,
          -70.9019022497182
        ]
      }
    },
    {
      "type": "Feature",
      "properties": {
        "norad_id": 67611,
        "name": "STARLINK-36636",
        "group": "last-30-days",
        "lat": -34.26772232976214,
        "lon": -65.4473827954347,
        "alt_km": 351.36734318565505,
        "timestamp": "2026-02-23T09:00:52.727307+00:00",
        "meta_object_name": "STARLINK-36636",
        "meta_object_id": "2026-018Y",
        "meta_epoch": "2026-02-22T22:00:01.999584",
        "meta_mean_motion": 15.75167779,
        "meta_eccentricity": 0.00015158,
        "meta_inclination": 97.2857,
        "meta_ra_of_asc_node": 119.0719,
        "meta_arg_of_pericenter": 73.8762,
        "meta_mean_anomaly": 60.0012,
        "meta_ephemeris_type": 0,
        "meta_classification_type": "U",
        "meta_norad_cat_id": 67611,
        "meta_element_set_no": 999,
        "meta_rev_at_epoch": 498,
        "meta_bstar": -0.00017415557,
        "meta_mean_motion_dot": -0.00026003,
        "meta_mean_motion_ddot": 0,
        "tle_line1": "1 67611U 26018Y   26053.91668981 -.00026003  00000+0 -17416-3 0  9996",
        "tle_line2": "2 67611  97.2857 119.0719 0001515  73.8762  60.0012 15.75167779  4989"
      },
      "geometry": {
        "type": "Point",
        "coordinates": [
          -65.4473827954347,
          -34.26772232976214
        ]
      }
    },
    {
      "type": "Feature",
      "properties": {
        "norad_id": 67612,
        "name": "STARLINK-36407",
        "group": "last-30-days",
        "lat": 22.275886541256508,
        "lon": -57.46441654671994,
        "alt_km": 340.6662428778318,
        "timestamp": "2026-02-23T09:00:52.727318+00:00",
        "meta_object_name": "STARLINK-36407",
        "meta_object_id": "2026-018Z",
        "meta_epoch": "2026-02-22T17:06:20.676384",
        "meta_mean_motion": 15.75318784,
        "meta_eccentricity": 0.00022791,
        "meta_inclination": 97.2841,
        "meta_ra_of_asc_node": 118.8361,
        "meta_arg_of_pericenter": 146.3899,
        "meta_mean_anomaly": 213.7512,
        "meta_ephemeris_type": 0,
        "meta_classification_type": "U",
        "meta_norad_cat_id": 67612,
        "meta_element_set_no": 999,
        "meta_rev_at_epoch": 500,
        "meta_bstar": 0.0023543277,
        "meta_mean_motion_dot": 0.00368673,
        "meta_mean_motion_ddot": 0,
        "tle_line1": "1 67612U 26018Z   26053.71273931  .00368673  00000+0  23543-2 0  9999",
        "tle_line2": "2 67612  97.2841 118.8361 0002279 146.3899 213.7512 15.75318784  5008"
      },
      "geometry": {
        "type": "Point",
        "coordinates": [
          -57.46441654671994,
          22.275886541256508
        ]
      }
    },
    {
      "type": "Feature",
      "properties": {
        "norad_id": 67613,
        "name": "STARLINK-36597",
        "group": "last-30-days",
        "lat": -82.68308499752378,
        "lon": -145.61067880269476,
        "alt_km": 335.31723618985416,
        "timestamp": "2026-02-23T09:00:52.727327+00:00",
        "meta_object_name": "STARLINK-36597",
        "meta_object_id": "2026-018AA",
        "meta_epoch": "2026-02-22T19:43:35.433696",
        "meta_mean_motion": 15.80934688,
        "meta_eccentricity": 0.00011097,
        "meta_inclination": 97.2861,
        "meta_ra_of_asc_node": 118.9909,
        "meta_arg_of_pericenter": 91.1623,
        "meta_mean_anomaly": 268.9773,
        "meta_ephemeris_type": 0,
        "meta_classification_type": "U",
        "meta_norad_cat_id": 67613,
        "meta_element_set_no": 999,
        "meta_rev_at_epoch": 497,
        "meta_bstar": 0.0010468041,
        "meta_mean_motion_dot": 0.00206298,
        "meta_mean_motion_ddot": 0,
        "tle_line1": "1 67613U 26018AA  26053.82193789  .00206298  00000+0  10468-2 0  9990",
        "tle_line2": "2 67613  97.2861 118.9909 0001109  91.1623 268.9773 15.80934688  4972"
      },
      "geometry": {
        "type": "Point",
        "coordinates": [
          -145.61067880269476,
          -82.68308499752378
        ]
      }
    },
    {
      "type": "Feature",
      "properties": {
        "norad_id": 67614,
        "name": "NEONSAT-1A",
        "group": "last-30-days",
        "lat": -11.84283048042787,
        "lon": -179.96969915828512,
        "alt_km": 553.3398014443283,
        "timestamp": "2026-02-23T09:00:52.727338+00:00",
        "meta_object_name": "NEONSAT-1A",
        "meta_object_id": "2026-019A",
        "meta_epoch": "2026-02-22T21:55:02.746272",
        "meta_mean_motion": 15.07657625,
        "meta_eccentricity": 0.00125089,
        "meta_inclination": 97.4097,
        "meta_ra_of_asc_node": 178.021,
        "meta_arg_of_pericenter": 220.1396,
        "meta_mean_anomaly": 139.8909,
        "meta_ephemeris_type": 0,
        "meta_classification_type": "U",
        "meta_norad_cat_id": 67614,
        "meta_element_set_no": 999,
        "meta_rev_at_epoch": 359,
        "meta_bstar": 0.00025636084,
        "meta_mean_motion_dot": 3.853e-05,
        "meta_mean_motion_ddot": 0,
        "tle_line1": "1 67614U 26019A   26053.91322623  .00003853  00000+0  25636-3 0  9999",
        "tle_line2": "2 67614  97.4097 178.0210 0012508 220.1396 139.8909 15.07657625  3590"
      },
      "geometry": {
        "type": "Point",
        "coordinates": [
          -179.96969915828512,
          -11.84283048042787
        ]
      }
    },
    {
      "type": "Feature",
      "properties": {
        "norad_id": 67616,
        "name": "ELECTRON KICK STAGE R/B",
        "group": "last-30-days",
        "lat": 4.451364741063696,
        "lon": 179.87331943497657,
        "alt_km": 457.0674716382664,
        "timestamp": "2026-02-23T09:00:52.727349+00:00",
        "meta_object_name": "ELECTRON KICK STAGE R/B",
        "meta_object_id": "2026-019C",
        "meta_epoch": "2026-02-22T07:00:34.791840",
        "meta_mean_motion": 15.70627314,
        "meta_eccentricity": 0.01551148,
        "meta_inclination": 97.4018,
        "meta_ra_of_asc_node": 179.3043,
        "meta_arg_of_pericenter": 178.0552,
        "meta_mean_anomaly": 182.1349,
        "meta_ephemeris_type": 0,
        "meta_classification_type": "U",
        "meta_norad_cat_id": 67616,
        "meta_element_set_no": 999,
        "meta_rev_at_epoch": 362,
        "meta_bstar": 0.0020274474,
        "meta_mean_motion_dot": 0.00515548,
        "meta_mean_motion_ddot": 8.3451744e-05,
        "tle_line1": "1 67616U 26019C   26053.29206935  .00515548  83452-4  20274-2 0  9997",
        "tle_line2": "2 67616  97.4018 179.3043 0155114 178.0552 182.1349 15.70627314  3624"
      },
      "geometry": {
        "type": "Point",
        "coordinates": [
          179.87331943497657,
          4.451364741063696
        ]
      }
    },
    {
      "type": "Feature",
      "properties": {
        "norad_id": 67617,
        "name": "STARLINK-36548",
        "group": "last-30-days",
        "lat": 41.48907259057828,
        "lon": -59.0890509820197,
        "alt_km": 332.5072550696177,
        "timestamp": "2026-02-23T09:00:52.727362+00:00",
        "meta_object_name": "STARLINK-36548",
        "meta_object_id": "2026-020A",
        "meta_epoch": "2026-02-22T19:00:35.927136",
        "meta_mean_motion": 15.76498679,
        "meta_eccentricity": 0.00018872,
        "meta_inclination": 43,
        "meta_ra_of_asc_node": 232.8236,
        "meta_arg_of_pericenter": 163.3699,
        "meta_mean_anomaly": 196.7233,
        "meta_ephemeris_type": 0,
        "meta_classification_type": "U",
        "meta_norad_cat_id": 67617,
        "meta_element_set_no": 999,
        "meta_rev_at_epoch": 373,
        "meta_bstar": 0.0024087398,
        "meta_mean_motion_dot": 0.0041394,
        "meta_mean_motion_ddot": 0,
        "tle_line1": "1 67617U 26020A   26053.79208249  .00413940  00000+0  24087-2 0  9997",
        "tle_line2": "2 67617  43.0000 232.8236 0001887 163.3699 196.7233 15.76498679  3739"
      },
      "geometry": {
        "type": "Point",
        "coordinates": [
          -59.0890509820197,
          41.48907259057828
        ]
      }
    },
    {
      "type": "Feature",
      "properties": {
        "norad_id": 67618,
        "name": "STARLINK-36601",
        "group": "last-30-days",
        "lat": -23.442401284200244,
        "lon": -159.07427814188316,
        "alt_km": 342.26171585192515,
        "timestamp": "2026-02-23T09:00:52.727372+00:00",
        "meta_object_name": "STARLINK-36601",
        "meta_object_id": "2026-020B",
        "meta_epoch": "2026-02-22T22:00:01.999584",
        "meta_mean_motion": 15.76332734,
        "meta_eccentricity": 0.00012509,
        "meta_inclination": 42.9996,
        "meta_ra_of_asc_node": 231.4487,
        "meta_arg_of_pericenter": 274.0003,
        "meta_mean_anomaly": 322.8177,
        "meta_ephemeris_type": 0,
        "meta_classification_type": "U",
        "meta_norad_cat_id": 67618,
        "meta_element_set_no": 999,
        "meta_rev_at_epoch": 501,
        "meta_bstar": 0.00058796815,
        "meta_mean_motion_dot": 0.00096205,
        "meta_mean_motion_ddot": 0,
        "tle_line1": "1 67618U 26020B   26053.91668981  .00096205  00000+0  58797-3 0  9992",
        "tle_line2": "2 67618  42.9996 231.4487 0001250 274.0003 322.8177 15.76332734  5019"
      },
      "geometry": {
        "type": "Point",
        "coordinates": [
          -159.07427814188316,
          -23.442401284200244
        ]
      }
    },
    {
      "type": "Feature",
      "properties": {
        "norad_id": 67619,
        "name": "STARLINK-36119",
        "group": "last-30-days",
        "lat": 42.949962052567095,
        "lon": -43.24572759870221,
        "alt_km": 334.50559399499343,
        "timestamp": "2026-02-23T09:00:52.727392+00:00",
        "meta_object_name": "STARLINK-36119",
        "meta_object_id": "2026-020C",
        "meta_epoch": "2026-02-22T20:28:41.287296",
        "meta_mean_motion": 15.76401836,
        "meta_eccentricity": 0.00015298,
        "meta_inclination": 42.9979,
        "meta_ra_of_asc_node": 232.4229,
        "meta_arg_of_pericenter": 284.7619,
        "meta_mean_anomaly": 75.3081,
        "meta_ephemeris_type": 0,
        "meta_classification_type": "U",
        "meta_norad_cat_id": 67619,
        "meta_element_set_no": 999,
        "meta_rev_at_epoch": 374,
        "meta_bstar": 0.00052002529,
        "meta_mean_motion_dot": 0.00085182,
        "meta_mean_motion_ddot": 0,
        "tle_line1": "1 67619U 26020C   26053.85325564  .00085182  00000+0  52003-3 0  9999",
        "tle_line2": "2 67619  42.9979 232.4229 0001529 284.7619  75.3081 15.76401836  3748"
      },
      "geometry": {
        "type": "Point",
        "coordinates": [
          -43.24572759870221,
          42.949962052567095
        ]
      }
    },
    {
      "type": "Feature",
      "properties": {
        "norad_id": 67620,
        "name": "STARLINK-36607",
        "group": "last-30-days",
        "lat": -42.48244332651599,
        "lon": 128.16325796787018,
        "alt_km": 343.0206319432509,
        "timestamp": "2026-02-23T09:00:52.727403+00:00",
        "meta_object_name": "STARLINK-36607",
        "meta_object_id": "2026-020D",
        "meta_epoch": "2026-02-22T22:00:01.999584",
        "meta_mean_motion": 15.7630095,
        "meta_eccentricity": 0.00016285,
        "meta_inclination": 42.9996,
        "meta_ra_of_asc_node": 231.6041,
        "meta_arg_of_pericenter": 279.753,
        "meta_mean_anomaly": 254.9205,
        "meta_ephemeris_type": 0,
        "meta_classification_type": "U",
        "meta_norad_cat_id": 67620,
        "meta_element_set_no": 999,
        "meta_rev_at_epoch": 501,
        "meta_bstar": 0.00054772278,
        "meta_mean_motion_dot": 0.0008939,
        "meta_mean_motion_ddot": 0,
        "tle_line1": "1 67620U 26020D   26053.91668981  .00089390  00000+0  54772-3 0  9991",
        "tle_line2": "2 67620  42.9996 231.6041 0001628 279.7530 254.9205 15.76300950  5018"
      },
      "geometry": {
        "type": "Point",
        "coordinates": [
          128.16325796787018,
          -42.48244332651599
        ]
      }
    },
    {
      "type": "Feature",
      "properties": {
        "norad_id": 67621,
        "name": "STARLINK-36615",
        "group": "last-30-days",
        "lat": 0.3436295874874125,
        "lon": -131.06722668391842,
        "alt_km": 321.9481257375537,
        "timestamp": "2026-02-23T09:00:52.727413+00:00",
        "meta_object_name": "STARLINK-36615",
        "meta_object_id": "2026-020E",
        "meta_epoch": "2026-02-22T13:19:25.247712",
        "meta_mean_motion": 15.82316502,
        "meta_eccentricity": 0.0002359,
        "meta_inclination": 42.9981,
        "meta_ra_of_asc_node": 233.5997,
        "meta_arg_of_pericenter": 241.4231,
        "meta_mean_anomaly": 118.6403,
        "meta_ephemeris_type": 0,
        "meta_classification_type": "U",
        "meta_norad_cat_id": 67621,
        "meta_element_set_no": 999,
        "meta_rev_at_epoch": 370,
        "meta_bstar": 0.0021865,
        "meta_mean_motion_dot": 0.00493998,
        "meta_mean_motion_ddot": 0,
        "tle_line1": "1 67621U 26020E   26053.55515333  .00493998  00000+0  21865-2 0  9993",
        "tle_line2": "2 67621  42.9981 233.5997 0002359 241.4231 118.6403 15.82316502  3707"
      },
      "geometry": {
        "type": "Point",
        "coordinates": [
          -131.06722668391842,
          0.3436295874874125
        ]
      }
    },
    {
      "type": "Feature",
      "properties": {
        "norad_id": 67622,
        "name": "STARLINK-36614",
        "group": "last-30-days",
        "lat": 38.76931509734199,
        "lon": -10.35075123233387,
        "alt_km": 335.582058451434,
        "timestamp": "2026-02-23T09:00:52.727426+00:00",
        "meta_object_name": "STARLINK-36614",
        "meta_object_id": "2026-020F",
        "meta_epoch": "2026-02-22T20:22:22.304064",
        "meta_mean_motion": 15.76463187,
        "meta_eccentricity": 0.00025838,
        "meta_inclination": 42.9988,
        "meta_ra_of_asc_node": 232.3866,
        "meta_arg_of_pericenter": 287.6022,
        "meta_mean_anomaly": 72.4565,
        "meta_ephemeris_type": 0,
        "meta_classification_type": "U",
        "meta_norad_cat_id": 67622,
        "meta_element_set_no": 999,
        "meta_rev_at_epoch": 374,
        "meta_bstar": 0.00083607831,
        "meta_mean_motion_dot": 0.0013851,
        "meta_mean_motion_ddot": 0,
        "tle_line1": "1 67622U 26020F   26053.84886926  .00138510  00000+0  83608-3 0  9995",
        "tle_line2": "2 67622  42.9988 232.3866 0002583 287.6022  72.4565 15.76463187  3741"
      },
      "geometry": {
        "type": "Point",
        "coordinates": [
          -10.35075123233387,
          38.76931509734199
        ]
      }
    },
    {
      "type": "Feature",
      "properties": {
        "norad_id": 67623,
        "name": "STARLINK-36600",
        "group": "last-30-days",
        "lat": 42.04258456960736,
        "lon": -26.205965318386674,
        "alt_km": 335.03233837574135,
        "timestamp": "2026-02-23T09:00:52.727436+00:00",
        "meta_object_name": "STARLINK-36600",
        "meta_object_id": "2026-020G",
        "meta_epoch": "2026-02-22T20:25:31.531296",
        "meta_mean_motion": 15.76457498,
        "meta_eccentricity": 0.00023171,
        "meta_inclination": 42.9976,
        "meta_ra_of_asc_node": 232.4045,
        "meta_arg_of_pericenter": 273.3166,
        "meta_mean_anomaly": 86.7439,
        "meta_ephemeris_type": 0,
        "meta_classification_type": "U",
        "meta_norad_cat_id": 67623,
        "meta_element_set_no": 999,
        "meta_rev_at_epoch": 374,
        "meta_bstar": 0.00059656645,
        "meta_mean_motion_dot": 0.00098192,
        "meta_mean_motion_ddot": 0,
        "tle_line1": "1 67623U 26020G   26053.85105939  .00098192  00000+0  59657-3 0  9993",
        "tle_line2": "2 67623  42.9976 232.4045 0002317 273.3166  86.7439 15.76457498  3741"
      },
      "geometry": {
        "type": "Point",
        "coordinates": [
          -26.205965318386674,
          42.04258456960736
        ]
      }
    },
    {
      "type": "Feature",
      "properties": {
        "norad_id": 67624,
        "name": "STARLINK-36439",
        "group": "last-30-days",
        "lat": 11.430514133967499,
        "lon": 36.52572290472061,
        "alt_km": 339.4469817526997,
        "timestamp": "2026-02-23T09:00:52.727448+00:00",
        "meta_object_name": "STARLINK-36439",
        "meta_object_id": "2026-020H",
        "meta_epoch": "2026-02-22T21:40:59.707776",
        "meta_mean_motion": 15.76476751,
        "meta_eccentricity": 0.00039349,
        "meta_inclination": 42.9987,
        "meta_ra_of_asc_node": 231.9298,
        "meta_arg_of_pericenter": 283.5024,
        "meta_mean_anomaly": 76.5408,
        "meta_ephemeris_type": 0,
        "meta_classification_type": "U",
        "meta_norad_cat_id": 67624,
        "meta_element_set_no": 999,
        "meta_rev_at_epoch": 375,
        "meta_bstar": 0.0013406653,
        "meta_mean_motion_dot": 0.00224865,
        "meta_mean_motion_ddot": 0,
        "tle_line1": "1 67624U 26020H   26053.90346884  .00224865  00000+0  13407-2 0  9996",
        "tle_line2": "2 67624  42.9987 231.9298 0003934 283.5024  76.5408 15.76476751  3757"
      },
      "geometry": {
        "type": "Point",
        "coordinates": [
          36.52572290472061,
          11.430514133967499
        ]
      }
    },
    {
      "type": "Feature",
      "properties": {
        "norad_id": 67625,
        "name": "STARLINK-36438",
        "group": "last-30-days",
        "lat": 33.38876503779567,
        "lon": 4.130416903789439,
        "alt_km": 333.39719109104317,
        "timestamp": "2026-02-23T09:00:52.727459+00:00",
        "meta_object_name": "STARLINK-36438",
        "meta_object_id": "2026-020J",
        "meta_epoch": "2026-02-22T18:47:59.178912",
        "meta_mean_motion": 15.76493325,
        "meta_eccentricity": 8.922e-05,
        "meta_inclination": 42.9991,
        "meta_ra_of_asc_node": 232.7521,
        "meta_arg_of_pericenter": 167.8147,
        "meta_mean_anomaly": 192.2744,
        "meta_ephemeris_type": 0,
        "meta_classification_type": "U",
        "meta_norad_cat_id": 67625,
        "meta_element_set_no": 999,
        "meta_rev_at_epoch": 373,
        "meta_bstar": 0.0022729989,
        "meta_mean_motion_dot": 0.00389365,
        "meta_mean_motion_ddot": 0,
        "tle_line1": "1 67625U 26020J   26053.78332383  .00389365  00000+0  22730-2 0  9998",
        "tle_line2": "2 67625  42.9991 232.7521 0000892 167.8147 192.2744 15.76493325  3734"
      },
      "geometry": {
        "type": "Point",
        "coordinates": [
          4.130416903789439,
          33.38876503779567
        ]
      }
    },
    {
      "type": "Feature",
      "properties": {
        "norad_id": 67626,
        "name": "STARLINK-36436",
        "group": "last-30-days",
        "lat": -40.68398648967724,
        "lon": 161.45053091649322,
        "alt_km": 342.98153154236934,
        "timestamp": "2026-02-23T09:00:52.727469+00:00",
        "meta_object_name": "STARLINK-36436",
        "meta_object_id": "2026-020K",
        "meta_epoch": "2026-02-22T22:00:01.999584",
        "meta_mean_motion": 15.76301031,
        "meta_eccentricity": 0.00015231,
        "meta_inclination": 42.9998,
        "meta_ra_of_asc_node": 231.5414,
        "meta_arg_of_pericenter": 279.2433,
        "meta_mean_anomaly": 280.3212,
        "meta_ephemeris_type": 0,
        "meta_classification_type": "U",
        "meta_norad_cat_id": 67626,
        "meta_element_set_no": 999,
        "meta_rev_at_epoch": 501,
        "meta_bstar": 0.00047000991,
        "meta_mean_motion_dot": 0.0007652,
        "meta_mean_motion_ddot": 0,
        "tle_line1": "1 67626U 26020K   26053.91668981  .00076520  00000+0  47001-3 0  9995",
        "tle_line2": "2 67626  42.9998 231.5414 0001523 279.2433 280.3212 15.76301031  5012"
      },
      "geometry": {
        "type": "Point",
        "coordinates": [
          161.45053091649322,
          -40.68398648967724
        ]
      }
    },
    {
      "type": "Feature",
      "properties": {
        "norad_id": 67627,
        "name": "STARLINK-36502",
        "group": "last-30-days",
        "lat": -7.36303880083005,
        "lon": -139.37634563351142,
        "alt_km": 341.12856721456046,
        "timestamp": "2026-02-23T09:00:52.727479+00:00",
        "meta_object_name": "STARLINK-36502",
        "meta_object_id": "2026-020L",
        "meta_epoch": "2026-02-22T22:00:01.999584",
        "meta_mean_motion": 15.76347808,
        "meta_eccentricity": 0.00019684,
        "meta_inclination": 42.9995,
        "meta_ra_of_asc_node": 231.3853,
        "meta_arg_of_pericenter": 269.7685,
        "meta_mean_anomaly": 351.9549,
        "meta_ephemeris_type": 0,
        "meta_classification_type": "U",
        "meta_norad_cat_id": 67627,
        "meta_element_set_no": 999,
        "meta_rev_at_epoch": 501,
        "meta_bstar": 7.6637809e-05,
        "meta_mean_motion_dot": 0.00012,
        "meta_mean_motion_ddot": 0,
        "tle_line1": "1 67627U 26020L   26053.91668981  .00012000  00000+0  76638-4 0  9998",
        "tle_line2": "2 67627  42.9995 231.3853 0001968 269.7685 351.9549 15.76347808  5011"
      },
      "geometry": {
        "type": "Point",
        "coordinates": [
          -139.37634563351142,
          -7.36303880083005
        ]
      }
    },
    {
      "type": "Feature",
      "properties": {
        "norad_id": 67628,
        "name": "STARLINK-36532",
        "group": "last-30-days",
        "lat": 8.14329516051783,
        "lon": -122.62947541068968,
        "alt_km": 337.3907925568883,
        "timestamp": "2026-02-23T09:00:52.727489+00:00",
        "meta_object_name": "STARLINK-36532",
        "meta_object_id": "2026-020M",
        "meta_epoch": "2026-02-21T00:00:02.000160",
        "meta_mean_motion": 15.82335971,
        "meta_eccentricity": 0.00017538,
        "meta_inclination": 42.999,
        "meta_ra_of_asc_node": 243.0484,
        "meta_arg_of_pericenter": 255.9501,
        "meta_mean_anomaly": 269.5962,
        "meta_ephemeris_type": 0,
        "meta_classification_type": "U",
        "meta_norad_cat_id": 67628,
        "meta_element_set_no": 999,
        "meta_rev_at_epoch": 470,
        "meta_bstar": -0.0056006967,
        "meta_mean_motion_dot": -0.01059876,
        "meta_mean_motion_ddot": 0,
        "tle_line1": "1 67628U 26020M   26052.00002315 -.01059876  00000+0 -56007-2 0  9992",
        "tle_line2": "2 67628  42.9990 243.0484 0001753 255.9501 269.5962 15.82335971  4706"
      },
      "geometry": {
        "type": "Point",
        "coordinates": [
          -122.62947541068968,
          8.14329516051783
        ]
      }
    },
    {
      "type": "Feature",
      "properties": {
        "norad_id": 67629,
        "name": "STARLINK-36367",
        "group": "last-30-days",
        "lat": -29.02905706342514,
        "lon": 85.45750414303652,
        "alt_km": 341.57283616283894,
        "timestamp": "2026-02-23T09:00:52.727501+00:00",
        "meta_object_name": "STARLINK-36367",
        "meta_object_id": "2026-020N",
        "meta_epoch": "2026-02-22T19:53:59.655552",
        "meta_mean_motion": 15.76473946,
        "meta_eccentricity": 0.00025222,
        "meta_inclination": 42.9975,
        "meta_ra_of_asc_node": 232.2243,
        "meta_arg_of_pericenter": 281.7095,
        "meta_mean_anomaly": 78.3492,
        "meta_ephemeris_type": 0,
        "meta_classification_type": "U",
        "meta_norad_cat_id": 67629,
        "meta_element_set_no": 999,
        "meta_rev_at_epoch": 374,
        "meta_bstar": 0.0012875951,
        "meta_mean_motion_dot": 0.0021564,
        "meta_mean_motion_ddot": 0,
        "tle_line1": "1 67629U 26020N   26053.82916268  .00215640  00000+0  12876-2 0  9991",
        "tle_line2": "2 67629  42.9975 232.2243 0002522 281.7095  78.3492 15.76473946  3748"
      },
      "geometry": {
        "type": "Point",
        "coordinates": [
          85.45750414303652,
          -29.02905706342514
        ]
      }
    },
    {
      "type": "Feature",
      "properties": {
        "norad_id": 67630,
        "name": "STARLINK-36416",
        "group": "last-30-days",
        "lat": 27.118917326496103,
        "lon": 15.777201784611979,
        "alt_km": 336.8451939396373,
        "timestamp": "2026-02-23T09:00:52.727511+00:00",
        "meta_object_name": "STARLINK-36416",
        "meta_object_id": "2026-020P",
        "meta_epoch": "2026-02-22T21:47:18.716928",
        "meta_mean_motion": 15.76420619,
        "meta_eccentricity": 0.00015398,
        "meta_inclination": 42.998,
        "meta_ra_of_asc_node": 231.9646,
        "meta_arg_of_pericenter": 286.7585,
        "meta_mean_anomaly": 73.3115,
        "meta_ephemeris_type": 0,
        "meta_classification_type": "U",
        "meta_norad_cat_id": 67630,
        "meta_element_set_no": 999,
        "meta_rev_at_epoch": 375,
        "meta_bstar": 0.00075723065,
        "meta_mean_motion_dot": 0.00124953,
        "meta_mean_motion_ddot": 0,
        "tle_line1": "1 67630U 26020P   26053.90785552  .00124953  00000+0  75723-3 0  9999",
        "tle_line2": "2 67630  42.9980 231.9646 0001539 286.7585  73.3115 15.76420619  3752"
      },
      "geometry": {
        "type": "Point",
        "coordinates": [
          15.777201784611979,
          27.118917326496103
        ]
      }
    },
    {
      "type": "Feature",
      "properties": {
        "norad_id": 67631,
        "name": "STARLINK-36527",
        "group": "last-30-days",
        "lat": 24.961622453627925,
        "lon": -101.55799046777277,
        "alt_km": 319.0096197676439,
        "timestamp": "2026-02-23T09:00:52.727521+00:00",
        "meta_object_name": "STARLINK-36527",
        "meta_object_id": "2026-020Q",
        "meta_epoch": "2026-02-22T20:44:02.530752",
        "meta_mean_motion": 15.82033993,
        "meta_eccentricity": 0.0003436,
        "meta_inclination": 42.9984,
        "meta_ra_of_asc_node": 231.6086,
        "meta_arg_of_pericenter": 320.3353,
        "meta_mean_anomaly": 39.7267,
        "meta_ephemeris_type": 0,
        "meta_classification_type": "U",
        "meta_norad_cat_id": 67631,
        "meta_element_set_no": 999,
        "meta_rev_at_epoch": 375,
        "meta_bstar": 0.0018648711,
        "meta_mean_motion_dot": 0.0041178,
        "meta_mean_motion_ddot": 0,
        "tle_line1": "1 67631U 26020Q   26053.86391818  .00411780  00000+0  18649-2 0  9993",
        "tle_line2": "2 67631  42.9984 231.6086 0003436 320.3353  39.7267 15.82033993  3754"
      },
      "geometry": {
        "type": "Point",
        "coordinates": [
          -101.55799046777277,
          24.961622453627925
        ]
      }
    },
    {
      "type": "Feature",
      "properties": {
        "norad_id": 67632,
        "name": "STARLINK-36633",
        "group": "last-30-days",
        "lat": -30.5032279274813,
        "lon": -170.5253750873722,
        "alt_km": 342.9737905608363,
        "timestamp": "2026-02-23T09:00:52.727531+00:00",
        "meta_object_name": "STARLINK-36633",
        "meta_object_id": "2026-020R",
        "meta_epoch": "2026-02-22T22:00:01.999584",
        "meta_mean_motion": 15.76319483,
        "meta_eccentricity": 0.00014233,
        "meta_inclination": 42.9998,
        "meta_ra_of_asc_node": 231.4791,
        "meta_arg_of_pericenter": 253.2854,
        "meta_mean_anomaly": 331.1656,
        "meta_ephemeris_type": 0,
        "meta_classification_type": "U",
        "meta_norad_cat_id": 67632,
        "meta_element_set_no": 999,
        "meta_rev_at_epoch": 501,
        "meta_bstar": 0.00021276873,
        "meta_mean_motion_dot": 0.00034228,
        "meta_mean_motion_ddot": 0,
        "tle_line1": "1 67632U 26020R   26053.91668981  .00034228  00000+0  21277-3 0  9998",
        "tle_line2": "2 67632  42.9998 231.4791 0001423 253.2854 331.1656 15.76319483  5011"
      },
      "geometry": {
        "type": "Point",
        "coordinates": [
          -170.5253750873722,
          -30.5032279274813
        ]
      }
    },
    {
      "type": "Feature",
      "properties": {
        "norad_id": 67633,
        "name": "STARLINK-36637",
        "group": "last-30-days",
        "lat": 19.341896237698972,
        "lon": 26.957864658143855,
        "alt_km": 337.5086799912524,
        "timestamp": "2026-02-23T09:00:52.727542+00:00",
        "meta_object_name": "STARLINK-36637",
        "meta_object_id": "2026-020S",
        "meta_epoch": "2026-02-22T20:12:55.400832",
        "meta_mean_motion": 15.76500454,
        "meta_eccentricity": 0.00023887,
        "meta_inclination": 42.9984,
        "meta_ra_of_asc_node": 232.3326,
        "meta_arg_of_pericenter": 300.5102,
        "meta_mean_anomaly": 59.5532,
        "meta_ephemeris_type": 0,
        "meta_classification_type": "U",
        "meta_norad_cat_id": 67633,
        "meta_element_set_no": 999,
        "meta_rev_at_epoch": 374,
        "meta_bstar": 0.0023298551,
        "meta_mean_motion_dot": 0.00399718,
        "meta_mean_motion_ddot": 0,
        "tle_line1": "1 67633U 26020S   26053.84230788  .00399718  00000+0  23299-2 0  9994",
        "tle_line2": "2 67633  42.9984 232.3326 0002388 300.5102  59.5532 15.76500454  3746"
      },
      "geometry": {
        "type": "Point",
        "coordinates": [
          26.957864658143855,
          19.341896237698972
        ]
      }
    },
    {
      "type": "Feature",
      "properties": {
        "norad_id": 67634,
        "name": "STARLINK-36617",
        "group": "last-30-days",
        "lat": 32.67293610181031,
        "lon": -88.07836546786281,
        "alt_km": 317.4125289472904,
        "timestamp": "2026-02-23T09:00:52.727552+00:00",
        "meta_object_name": "STARLINK-36617",
        "meta_object_id": "2026-020T",
        "meta_epoch": "2026-02-21T15:53:47.733792",
        "meta_mean_motion": 15.8187718,
        "meta_eccentricity": 0.0007515,
        "meta_inclination": 42.9998,
        "meta_ra_of_asc_node": 238.942,
        "meta_arg_of_pericenter": 299.3204,
        "meta_mean_anomaly": 60.6916,
        "meta_ephemeris_type": 0,
        "meta_classification_type": "U",
        "meta_norad_cat_id": 67634,
        "meta_element_set_no": 999,
        "meta_rev_at_epoch": 356,
        "meta_bstar": 0.0016589,
        "meta_mean_motion_dot": 0.00361859,
        "meta_mean_motion_ddot": 0,
        "tle_line1": "1 67634U 26020T   26052.66235803  .00361859  00000+0  16589-2 0  9996",
        "tle_line2": "2 67634  42.9998 238.9420 0007515 299.3204  60.6916 15.81877180  3562"
      },
      "geometry": {
        "type": "Point",
        "coordinates": [
          -88.07836546786281,
          32.67293610181031
        ]
      }
    },
    {
      "type": "Feature",
      "properties": {
        "norad_id": 67635,
        "name": "STARLINK-36627",
        "group": "last-30-days",
        "lat": -5.655191448277805,
        "lon": 55.093780184288356,
        "alt_km": 339.7609269656423,
        "timestamp": "2026-02-23T09:00:52.727562+00:00",
        "meta_object_name": "STARLINK-36627",
        "meta_object_id": "2026-020U",
        "meta_epoch": "2026-02-22T18:32:13.331328",
        "meta_mean_motion": 15.7647714,
        "meta_eccentricity": 2.194e-05,
        "meta_inclination": 42.9984,
        "meta_ra_of_asc_node": 232.6628,
        "meta_arg_of_pericenter": 228.6121,
        "meta_mean_anomaly": 131.473,
        "meta_ephemeris_type": 0,
        "meta_classification_type": "U",
        "meta_norad_cat_id": 67635,
        "meta_element_set_no": 999,
        "meta_rev_at_epoch": 373,
        "meta_bstar": 0.0018620469,
        "meta_mean_motion_dot": 0.00315873,
        "meta_mean_motion_ddot": 0,
        "tle_line1": "1 67635U 26020U   26053.77237652  .00315873  00000+0  18620-2 0  9997",
        "tle_line2": "2 67635  42.9984 232.6628 0000219 228.6121 131.4730 15.76477140  3732"
      },
      "geometry": {
        "type": "Point",
        "coordinates": [
          55.093780184288356,
          -5.655191448277805
        ]
      }
    },
    {
      "type": "Feature",
      "properties": {
        "norad_id": 67636,
        "name": "STARLINK-36624",
        "group": "last-30-days",
        "lat": -36.22201573147757,
        "lon": 176.8953959925144,
        "alt_km": 342.0073111038573,
        "timestamp": "2026-02-23T09:00:52.727572+00:00",
        "meta_object_name": "STARLINK-36624",
        "meta_object_id": "2026-020V",
        "meta_epoch": "2026-02-22T00:00:02.999808",
        "meta_mean_motion": 15.76314803,
        "meta_eccentricity": 0.00017828,
        "meta_inclination": 42.9996,
        "meta_ra_of_asc_node": 237.0806,
        "meta_arg_of_pericenter": 278.4829,
        "meta_mean_anomaly": 125.191,
        "meta_ephemeris_type": 0,
        "meta_classification_type": "U",
        "meta_norad_cat_id": 67636,
        "meta_element_set_no": 999,
        "meta_rev_at_epoch": 486,
        "meta_bstar": 0.0006214803,
        "meta_mean_motion_dot": 0.00101705,
        "meta_mean_motion_ddot": 0,
        "tle_line1": "1 67636U 26020V   26053.00003472  .00101705  00000+0  62148-3 0  9997",
        "tle_line2": "2 67636  42.9996 237.0806 0001782 278.4829 125.1910 15.76314803  4868"
      },
      "geometry": {
        "type": "Point",
        "coordinates": [
          176.8953959925144,
          -36.22201573147757
        ]
      }
    },
    {
      "type": "Feature",
      "properties": {
        "norad_id": 67637,
        "name": "STARLINK-36610",
        "group": "last-30-days",
        "lat": 3.033549378930529,
        "lon": 45.76524043401581,
        "alt_km": 339.53791657066085,
        "timestamp": "2026-02-23T09:00:52.727584+00:00",
        "meta_object_name": "STARLINK-36610",
        "meta_object_id": "2026-020W",
        "meta_epoch": "2026-02-22T20:06:36.493632",
        "meta_mean_motion": 15.76427588,
        "meta_eccentricity": 0.00021288,
        "meta_inclination": 42.9982,
        "meta_ra_of_asc_node": 232.296,
        "meta_arg_of_pericenter": 273.1707,
        "meta_mean_anomaly": 86.8919,
        "meta_ephemeris_type": 0,
        "meta_classification_type": "U",
        "meta_norad_cat_id": 67637,
        "meta_element_set_no": 999,
        "meta_rev_at_epoch": 374,
        "meta_bstar": 0.0013440594,
        "meta_mean_motion_dot": 0.00224898,
        "meta_mean_motion_ddot": 0,
        "tle_line1": "1 67637U 26020W   26053.83792238  .00224898  00000+0  13441-2 0  9994",
        "tle_line2": "2 67637  42.9982 232.2960 0002128 273.1707  86.8919 15.76427588  3747"
      },
      "geometry": {
        "type": "Point",
        "coordinates": [
          45.76524043401581,
          3.033549378930529
        ]
      }
    },
    {
      "type": "Feature",
      "properties": {
        "norad_id": 67638,
        "name": "STARLINK-36599",
        "group": "last-30-days",
        "lat": 41.729414216961636,
        "lon": -58.45766251966755,
        "alt_km": 315.6942884511909,
        "timestamp": "2026-02-23T09:00:52.727596+00:00",
        "meta_object_name": "STARLINK-36599",
        "meta_object_id": "2026-020X",
        "meta_epoch": "2026-02-21T14:16:53.043168",
        "meta_mean_motion": 15.82028119,
        "meta_eccentricity": 0.0003095,
        "meta_inclination": 42.9983,
        "meta_ra_of_asc_node": 239.2951,
        "meta_arg_of_pericenter": 287.9163,
        "meta_mean_anomaly": 72.1371,
        "meta_ephemeris_type": 0,
        "meta_classification_type": "U",
        "meta_norad_cat_id": 67638,
        "meta_element_set_no": 999,
        "meta_rev_at_epoch": 355,
        "meta_bstar": 0.0017085,
        "meta_mean_motion_dot": 0.00375504,
        "meta_mean_motion_ddot": 0,
        "tle_line1": "1 67638U 26020X   26052.59505837  .00375504  00000+0  17085-2 0  9993",
        "tle_line2": "2 67638  42.9983 239.2951 0003095 287.9163  72.1371 15.82028119  3552"
      },
      "geometry": {
        "type": "Point",
        "coordinates": [
          -58.45766251966755,
          41.729414216961636
        ]
      }
    },
    {
      "type": "Feature",
      "properties": {
        "norad_id": 67639,
        "name": "STARLINK-36595",
        "group": "last-30-days",
        "lat": -15.143496340740034,
        "lon": -148.26333130212666,
        "alt_km": 340.65499587957765,
        "timestamp": "2026-02-23T09:00:52.727606+00:00",
        "meta_object_name": "STARLINK-36595",
        "meta_object_id": "2026-020Y",
        "meta_epoch": "2026-02-22T00:00:02.999808",
        "meta_mean_motion": 15.76277063,
        "meta_eccentricity": 0.00017674,
        "meta_inclination": 42.9992,
        "meta_ra_of_asc_node": 236.9868,
        "meta_arg_of_pericenter": 266.7354,
        "meta_mean_anomaly": 174.2725,
        "meta_ephemeris_type": 0,
        "meta_classification_type": "U",
        "meta_norad_cat_id": 67639,
        "meta_element_set_no": 999,
        "meta_rev_at_epoch": 486,
        "meta_bstar": 0.0010093005,
        "meta_mean_motion_dot": 0.00166476,
        "meta_mean_motion_ddot": 0,
        "tle_line1": "1 67639U 26020Y   26053.00003472  .00166476  00000+0  10093-2 0  9997",
        "tle_line2": "2 67639  42.9992 236.9868 0001767 266.7354 174.2725 15.76277063  4864"
      },
      "geometry": {
        "type": "Point",
        "coordinates": [
          -148.26333130212666,
          -15.143496340740034
        ]
      }
    },
    {
      "type": "Feature",
      "properties": {
        "norad_id": 67640,
        "name": "STARLINK-36570",
        "group": "last-30-days",
        "lat": -21.764488011259374,
        "lon": 74.30338340033683,
        "alt_km": 340.6216119835017,
        "timestamp": "2026-02-23T09:00:52.727618+00:00",
        "meta_object_name": "STARLINK-36570",
        "meta_object_id": "2026-020Z",
        "meta_epoch": "2026-02-22T21:28:23.001888",
        "meta_mean_motion": 15.76495963,
        "meta_eccentricity": 0.00036065,
        "meta_inclination": 43.0001,
        "meta_ra_of_asc_node": 231.8588,
        "meta_arg_of_pericenter": 272.3577,
        "meta_mean_anomaly": 87.688,
        "meta_ephemeris_type": 0,
        "meta_classification_type": "U",
        "meta_norad_cat_id": 67640,
        "meta_element_set_no": 999,
        "meta_rev_at_epoch": 375,
        "meta_bstar": 0.001670806,
        "meta_mean_motion_dot": 0.00282506,
        "meta_mean_motion_ddot": 0,
        "tle_line1": "1 67640U 26020Z   26053.89471067  .00282506  00000+0  16708-2 0  9997",
        "tle_line2": "2 67640  43.0001 231.8588 0003606 272.3577  87.6880 15.76495963  3753"
      },
      "geometry": {
        "type": "Point",
        "coordinates": [
          74.30338340033683,
          -21.764488011259374
        ]
      }
    },
    {
      "type": "Feature",
      "properties": {
        "norad_id": 67641,
        "name": "STARLINK-36514",
        "group": "last-30-days",
        "lat": 37.73181459342824,
        "lon": -75.45276515145221,
        "alt_km": 335.61605801413043,
        "timestamp": "2026-02-23T09:00:52.727658+00:00",
        "meta_object_name": "STARLINK-36514",
        "meta_object_id": "2026-020AA",
        "meta_epoch": "2026-02-22T22:00:01.999584",
        "meta_mean_motion": 15.76310946,
        "meta_eccentricity": 0.00016698,
        "meta_inclination": 42.9993,
        "meta_ra_of_asc_node": 231.1978,
        "meta_arg_of_pericenter": 266.3603,
        "meta_mean_anomaly": 70.0106,
        "meta_ephemeris_type": 0,
        "meta_classification_type": "U",
        "meta_norad_cat_id": 67641,
        "meta_element_set_no": 999,
        "meta_rev_at_epoch": 501,
        "meta_bstar": 0.00061096293,
        "meta_mean_motion_dot": 0.00099937,
        "meta_mean_motion_ddot": 0,
        "tle_line1": "1 67641U 26020AA  26053.91668981  .00099937  00000+0  61096-3 0  9999",
        "tle_line2": "2 67641  42.9993 231.1978 0001669 266.3603  70.0106 15.76310946  5013"
      },
      "geometry": {
        "type": "Point",
        "coordinates": [
          -75.45276515145221,
          37.73181459342824
        ]
      }
    },
    {
      "type": "Feature",
      "properties": {
        "norad_id": 67642,
        "name": "STARLINK-36556",
        "group": "last-30-days",
        "lat": -42.80009188168088,
        "lon": 145.15680595327132,
        "alt_km": 342.6501807704317,
        "timestamp": "2026-02-23T09:00:52.727668+00:00",
        "meta_object_name": "STARLINK-36556",
        "meta_object_id": "2026-020AB",
        "meta_epoch": "2026-02-22T21:12:38.566080",
        "meta_mean_motion": 15.76374659,
        "meta_eccentricity": 0.00017974,
        "meta_inclination": 42.9985,
        "meta_ra_of_asc_node": 231.7673,
        "meta_arg_of_pericenter": 256.2869,
        "meta_mean_anomaly": 103.7801,
        "meta_ephemeris_type": 0,
        "meta_classification_type": "U",
        "meta_norad_cat_id": 67642,
        "meta_element_set_no": 999,
        "meta_rev_at_epoch": 375,
        "meta_bstar": 0.00055629594,
        "meta_mean_motion_dot": 0.00091114,
        "meta_mean_motion_ddot": 0,
        "tle_line1": "1 67642U 26020AB  26053.88377970  .00091114  00000+0  55630-3 0  9997",
        "tle_line2": "2 67642  42.9985 231.7673 0001797 256.2869 103.7801 15.76374659  3753"
      },
      "geometry": {
        "type": "Point",
        "coordinates": [
          145.15680595327132,
          -42.80009188168088
        ]
      }
    },
    {
      "type": "Feature",
      "properties": {
        "norad_id": 67643,
        "name": "STARLINK-36533",
        "group": "last-30-days",
        "lat": -13.542850985975116,
        "lon": 63.944267961995465,
        "alt_km": 342.7645877085188,
        "timestamp": "2026-02-23T09:00:52.727682+00:00",
        "meta_object_name": "STARLINK-36533",
        "meta_object_id": "2026-020AC",
        "meta_epoch": "2026-02-22T20:00:17.112096",
        "meta_mean_motion": 15.76366936,
        "meta_eccentricity": 0.00011265,
        "meta_inclination": 42.9984,
        "meta_ra_of_asc_node": 232.2588,
        "meta_arg_of_pericenter": 319.719,
        "meta_mean_anomaly": 40.3596,
        "meta_ephemeris_type": 0,
        "meta_classification_type": "U",
        "meta_norad_cat_id": 67643,
        "meta_element_set_no": 999,
        "meta_rev_at_epoch": 374,
        "meta_bstar": -0.00049318483,
        "meta_mean_motion_dot": -0.00080041,
        "meta_mean_motion_ddot": 0,
        "tle_line1": "1 67643U 26020AC  26053.83353139 -.00080041  00000+0 -49318-3 0  9999",
        "tle_line2": "2 67643  42.9984 232.2588 0001126 319.7190  40.3596 15.76366936  3747"
      },
      "geometry": {
        "type": "Point",
        "coordinates": [
          63.944267961995465,
          -13.542850985975116
        ]
      }
    },
    {
      "type": "Feature",
      "properties": {
        "norad_id": 67644,
        "name": "STARLINK-36623",
        "group": "last-30-days",
        "lat": -35.20245026720191,
        "lon": 98.0813193476721,
        "alt_km": 342.0415101006902,
        "timestamp": "2026-02-23T09:00:52.727692+00:00",
        "meta_object_name": "STARLINK-36623",
        "meta_object_id": "2026-020AD",
        "meta_epoch": "2026-02-22T21:22:05.097792",
        "meta_mean_motion": 15.76468084,
        "meta_eccentricity": 0.00017712,
        "meta_inclination": 42.9982,
        "meta_ra_of_asc_node": 231.82,
        "meta_arg_of_pericenter": 283.7097,
        "meta_mean_anomaly": 76.3576,
        "meta_ephemeris_type": 0,
        "meta_classification_type": "U",
        "meta_norad_cat_id": 67644,
        "meta_element_set_no": 999,
        "meta_rev_at_epoch": 375,
        "meta_bstar": 0.0014116538,
        "meta_mean_motion_dot": 0.00236994,
        "meta_mean_motion_ddot": 0,
        "tle_line1": "1 67644U 26020AD  26053.89033678  .00236994  00000+0  14117-2 0  9995",
        "tle_line2": "2 67644  42.9982 231.8200 0001771 283.7097  76.3576 15.76468084  3759"
      },
      "geometry": {
        "type": "Point",
        "coordinates": [
          98.0813193476721,
          -35.20245026720191
        ]
      }
    },
    {
      "type": "Feature",
      "properties": {
        "norad_id": 67645,
        "name": "STARLINK-36619",
        "group": "last-30-days",
        "lat": -39.89448011726501,
        "lon": 112.63332906750388,
        "alt_km": 342.5459685803062,
        "timestamp": "2026-02-23T09:00:52.727704+00:00",
        "meta_object_name": "STARLINK-36619",
        "meta_object_id": "2026-020AE",
        "meta_epoch": "2026-02-22T21:18:56.457216",
        "meta_mean_motion": 15.76471348,
        "meta_eccentricity": 0.00014196,
        "meta_inclination": 42.9968,
        "meta_ra_of_asc_node": 231.8034,
        "meta_arg_of_pericenter": 319.4635,
        "meta_mean_anomaly": 40.6128,
        "meta_ephemeris_type": 0,
        "meta_classification_type": "U",
        "meta_norad_cat_id": 67645,
        "meta_element_set_no": 999,
        "meta_rev_at_epoch": 375,
        "meta_bstar": 0.0017841436,
        "meta_mean_motion_dot": 0.00302037,
        "meta_mean_motion_ddot": 0,
        "tle_line1": "1 67645U 26020AE  26053.88815344  .00302037  00000+0  17841-2 0  9992",
        "tle_line2": "2 67645  42.9968 231.8034 0001419 319.4635  40.6128 15.76471348  3757"
      },
      "geometry": {
        "type": "Point",
        "coordinates": [
          112.63332906750388,
          -39.89448011726501
        ]
      }
    },
    {
      "type": "Feature",
      "properties": {
        "norad_id": 67646,
        "name": "ALSAT-3B",
        "group": "last-30-days",
        "lat": -68.04374441467542,
        "lon": -70.21747278075624,
        "alt_km": 498.9161348829275,
        "timestamp": "2026-02-23T09:00:52.727715+00:00",
        "meta_object_name": "ALSAT-3B",
        "meta_object_id": "2026-021A",
        "meta_epoch": "2026-02-22T22:28:04.410624",
        "meta_mean_motion": 15.2370784,
        "meta_eccentricity": 0.0012729,
        "meta_inclination": 97.4691,
        "meta_ra_of_asc_node": 128.337,
        "meta_arg_of_pericenter": 180.8634,
        "meta_mean_anomaly": 179.2583,
        "meta_ephemeris_type": 0,
        "meta_classification_type": "U",
        "meta_norad_cat_id": 67646,
        "meta_element_set_no": 999,
        "meta_rev_at_epoch": 347,
        "meta_bstar": 0.00034220271,
        "meta_mean_motion_dot": 8.165e-05,
        "meta_mean_motion_ddot": 0,
        "tle_line1": "1 67646U 26021A   26053.93616216  .00008165  00000+0  34220-3 0  9993",
        "tle_line2": "2 67646  97.4691 128.3370 0012729 180.8634 179.2583 15.23707840  3478"
      },
      "geometry": {
        "type": "Point",
        "coordinates": [
          -70.21747278075624,
          -68.04374441467542
        ]
      }
    },
    {
      "type": "Feature",
      "properties": {
        "norad_id": 67647,
        "name": "CZ-2C R/B",
        "group": "last-30-days",
        "lat": -51.90197068656159,
        "lon": -60.31713530937307,
        "alt_km": 605.6388140482395,
        "timestamp": "2026-02-23T09:00:52.727725+00:00",
        "meta_object_name": "CZ-2C R/B",
        "meta_object_id": "2026-021B",
        "meta_epoch": "2026-02-22T22:32:54.178080",
        "meta_mean_motion": 15.2366632,
        "meta_eccentricity": 0.01529092,
        "meta_inclination": 97.6531,
        "meta_ra_of_asc_node": 129.1131,
        "meta_arg_of_pericenter": 62.5866,
        "meta_mean_anomaly": 299.0831,
        "meta_ephemeris_type": 0,
        "meta_classification_type": "U",
        "meta_norad_cat_id": 67647,
        "meta_element_set_no": 999,
        "meta_rev_at_epoch": 345,
        "meta_bstar": 0.00044419168,
        "meta_mean_motion_dot": 0.00014772,
        "meta_mean_motion_ddot": 0,
        "tle_line1": "1 67647U 26021B   26053.93951595  .00014772  00000+0  44419-3 0  9998",
        "tle_line2": "2 67647  97.6531 129.1131 0152909  62.5866 299.0831 15.23666320  3458"
      },
      "geometry": {
        "type": "Point",
        "coordinates": [
          -60.31713530937307,
          -51.90197068656159
        ]
      }
    },
    {
      "type": "Feature",
      "properties": {
        "norad_id": 67648,
        "name": "STARLINK-36719",
        "group": "last-30-days",
        "lat": 37.642874306732175,
        "lon": 81.97230213938153,
        "alt_km": 339.90881389375227,
        "timestamp": "2026-02-23T09:00:52.727735+00:00",
        "meta_object_name": "STARLINK-36719",
        "meta_object_id": "2026-022A",
        "meta_epoch": "2026-02-22T20:39:28.203840",
        "meta_mean_motion": 15.75261247,
        "meta_eccentricity": 0.00015776,
        "meta_inclination": 97.2833,
        "meta_ra_of_asc_node": 87.0934,
        "meta_arg_of_pericenter": 72.6326,
        "meta_mean_anomaly": 287.5112,
        "meta_ephemeris_type": 0,
        "meta_classification_type": "U",
        "meta_norad_cat_id": 67648,
        "meta_element_set_no": 999,
        "meta_rev_at_epoch": 321,
        "meta_bstar": 0.001006214,
        "meta_mean_motion_dot": 0.00153147,
        "meta_mean_motion_ddot": 0,
        "tle_line1": "1 67648U 26022A   26053.86074310  .00153147  00000+0  10062-2 0  9999",
        "tle_line2": "2 67648  97.2833  87.0934 0001577  72.6326 287.5112 15.75261247  3214"
      },
      "geometry": {
        "type": "Point",
        "coordinates": [
          81.97230213938153,
          37.642874306732175
        ]
      }
    },
    {
      "type": "Feature",
      "properties": {
        "norad_id": 67649,
        "name": "STARLINK-36342",
        "group": "last-30-days",
        "lat": 41.803119362931604,
        "lon": 81.06743782785311,
        "alt_km": 338.9923051089545,
        "timestamp": "2026-02-23T09:00:52.727745+00:00",
        "meta_object_name": "STARLINK-36342",
        "meta_object_id": "2026-022B",
        "meta_epoch": "2026-02-22T20:38:27.068928",
        "meta_mean_motion": 15.75313138,
        "meta_eccentricity": 0.00012151,
        "meta_inclination": 97.2835,
        "meta_ra_of_asc_node": 87.0937,
        "meta_arg_of_pericenter": 79.5655,
        "meta_mean_anomaly": 280.5748,
        "meta_ephemeris_type": 0,
        "meta_classification_type": "U",
        "meta_norad_cat_id": 67649,
        "meta_element_set_no": 999,
        "meta_rev_at_epoch": 321,
        "meta_bstar": 0.0017490773,
        "meta_mean_motion_dot": 0.00270633,
        "meta_mean_motion_ddot": 0,
        "tle_line1": "1 67649U 26022B   26053.86003552  .00270633  00000+0  17491-2 0  9993",
        "tle_line2": "2 67649  97.2835  87.0937 0001215  79.5655 280.5748 15.75313138  3215"
      },
      "geometry": {
        "type": "Point",
        "coordinates": [
          81.06743782785311,
          41.803119362931604
        ]
      }
    },
    {
      "type": "Feature",
      "properties": {
        "norad_id": 67650,
        "name": "STARLINK-36703",
        "group": "last-30-days",
        "lat": 47.366170922970284,
        "lon": 79.65116113583971,
        "alt_km": 338.6563282240204,
        "timestamp": "2026-02-23T09:00:52.727757+00:00",
        "meta_object_name": "STARLINK-36703",
        "meta_object_id": "2026-022C",
        "meta_epoch": "2026-02-22T20:36:55.980000",
        "meta_mean_motion": 15.75225369,
        "meta_eccentricity": 0.00016977,
        "meta_inclination": 97.2839,
        "meta_ra_of_asc_node": 87.0954,
        "meta_arg_of_pericenter": 81.9132,
        "meta_mean_anomaly": 278.2326,
        "meta_ephemeris_type": 0,
        "meta_classification_type": "U",
        "meta_norad_cat_id": 67650,
        "meta_element_set_no": 999,
        "meta_rev_at_epoch": 321,
        "meta_bstar": 0.00056634537,
        "meta_mean_motion_dot": 0.00085325,
        "meta_mean_motion_ddot": 0,
        "tle_line1": "1 67650U 26022C   26053.85898125  .00085325  00000+0  56635-3 0  9998",
        "tle_line2": "2 67650  97.2839  87.0954 0001697  81.9132 278.2326 15.75225369  3215"
      },
      "geometry": {
        "type": "Point",
        "coordinates": [
          79.65116113583971,
          47.366170922970284
        ]
      }
    },
    {
      "type": "Feature",
      "properties": {
        "norad_id": 67651,
        "name": "STARLINK-36696",
        "group": "last-30-days",
        "lat": 57.620472669249274,
        "lon": 76.00539560956639,
        "alt_km": 337.3199730586857,
        "timestamp": "2026-02-23T09:00:52.727767+00:00",
        "meta_object_name": "STARLINK-36696",
        "meta_object_id": "2026-022D",
        "meta_epoch": "2026-02-22T20:34:22.833408",
        "meta_mean_motion": 15.75341704,
        "meta_eccentricity": 0.00014626,
        "meta_inclination": 97.2836,
        "meta_ra_of_asc_node": 87.098,
        "meta_arg_of_pericenter": 151.4187,
        "meta_mean_anomaly": 208.7158,
        "meta_ephemeris_type": 0,
        "meta_classification_type": "U",
        "meta_norad_cat_id": 67651,
        "meta_element_set_no": 999,
        "meta_rev_at_epoch": 321,
        "meta_bstar": 0.0021192634,
        "meta_mean_motion_dot": 0.00330688,
        "meta_mean_motion_ddot": 0,
        "tle_line1": "1 67651U 26022D   26053.85720872  .00330688  00000+0  21193-2 0  9997",
        "tle_line2": "2 67651  97.2836  87.0980 0001462 151.4187 208.7158 15.75341704  3218"
      },
      "geometry": {
        "type": "Point",
        "coordinates": [
          76.00539560956639,
          57.620472669249274
        ]
      }
    },
    {
      "type": "Feature",
      "properties": {
        "norad_id": 67652,
        "name": "STARLINK-36699",
        "group": "last-30-days",
        "lat": 61.1629272365049,
        "lon": 74.21083029881005,
        "alt_km": 336.57997425447866,
        "timestamp": "2026-02-23T09:00:52.727779+00:00",
        "meta_object_name": "STARLINK-36699",
        "meta_object_id": "2026-022E",
        "meta_epoch": "2026-02-22T20:33:22.442400",
        "meta_mean_motion": 15.75256378,
        "meta_eccentricity": 0.00015412,
        "meta_inclination": 97.2836,
        "meta_ra_of_asc_node": 87.0988,
        "meta_arg_of_pericenter": 81.1474,
        "meta_mean_anomaly": 278.9966,
        "meta_ephemeris_type": 0,
        "meta_classification_type": "U",
        "meta_norad_cat_id": 67652,
        "meta_element_set_no": 999,
        "meta_rev_at_epoch": 321,
        "meta_bstar": 0.00093975808,
        "meta_mean_motion_dot": 0.00142819,
        "meta_mean_motion_ddot": 0,
        "tle_line1": "1 67652U 26022E   26053.85650975  .00142819  00000+0  93976-3 0  9990",
        "tle_line2": "2 67652  97.2836  87.0988 0001541  81.1474 278.9966 15.75256378  3211"
      },
      "geometry": {
        "type": "Point",
        "coordinates": [
          74.21083029881005,
          61.1629272365049
        ]
      }
    },
    {
      "type": "Feature",
      "properties": {
        "norad_id": 67653,
        "name": "STARLINK-36694",
        "group": "last-30-days",
        "lat": 72.71322479244313,
        "lon": 63.3824188555061,
        "alt_km": 335.3071718402043,
        "timestamp": "2026-02-23T09:00:52.727795+00:00",
        "meta_object_name": "STARLINK-36694",
        "meta_object_id": "2026-022F",
        "meta_epoch": "2026-02-22T20:30:19.175040",
        "meta_mean_motion": 15.75309979,
        "meta_eccentricity": 0.00011559,
        "meta_inclination": 97.2834,
        "meta_ra_of_asc_node": 87.1018,
        "meta_arg_of_pericenter": 106.1252,
        "meta_mean_anomaly": 254.0141,
        "meta_ephemeris_type": 0,
        "meta_classification_type": "U",
        "meta_norad_cat_id": 67653,
        "meta_element_set_no": 999,
        "meta_rev_at_epoch": 321,
        "meta_bstar": 0.0017602386,
        "meta_mean_motion_dot": 0.0027238,
        "meta_mean_motion_ddot": 0,
        "tle_line1": "1 67653U 26022F   26053.85438860  .00272380  00000+0  17602-2 0  9996",
        "tle_line2": "2 67653  97.2834  87.1018 0001155 106.1252 254.0141 15.75309979  3214"
      },
      "geometry": {
        "type": "Point",
        "coordinates": [
          63.3824188555061,
          72.71322479244313
        ]
      }
    },
    {
      "type": "Feature",
      "properties": {
        "norad_id": 67654,
        "name": "STARLINK-36620",
        "group": "last-30-days",
        "lat": 74.63303796111553,
        "lon": 59.91133878642653,
        "alt_km": 334.92155074436505,
        "timestamp": "2026-02-23T09:00:52.727805+00:00",
        "meta_object_name": "STARLINK-36620",
        "meta_object_id": "2026-022G",
        "meta_epoch": "2026-02-22T20:29:48.528960",
        "meta_mean_motion": 15.75345846,
        "meta_eccentricity": 0.00014808,
        "meta_inclination": 97.2839,
        "meta_ra_of_asc_node": 87.1016,
        "meta_arg_of_pericenter": 129.5588,
        "meta_mean_anomaly": 230.5808,
        "meta_ephemeris_type": 0,
        "meta_classification_type": "U",
        "meta_norad_cat_id": 67654,
        "meta_element_set_no": 999,
        "meta_rev_at_epoch": 321,
        "meta_bstar": 0.0022824123,
        "meta_mean_motion_dot": 0.00357348,
        "meta_mean_motion_ddot": 0,
        "tle_line1": "1 67654U 26022G   26053.85403390  .00357348  00000+0  22824-2 0  9997",
        "tle_line2": "2 67654  97.2839  87.1016 0001480 129.5588 230.5808 15.75345846  3212"
      },
      "geometry": {
        "type": "Point",
        "coordinates": [
          59.91133878642653,
          74.63303796111553
        ]
      }
    },
    {
      "type": "Feature",
      "properties": {
        "norad_id": 67655,
        "name": "STARLINK-36720",
        "group": "last-30-days",
        "lat": 81.72869247806298,
        "lon": 26.02540827169044,
        "alt_km": 334.80348683586817,
        "timestamp": "2026-02-23T09:00:52.727815+00:00",
        "meta_object_name": "STARLINK-36720",
        "meta_object_id": "2026-022H",
        "meta_epoch": "2026-02-22T20:27:16.544448",
        "meta_mean_motion": 15.75257978,
        "meta_eccentricity": 0.00018365,
        "meta_inclination": 97.2839,
        "meta_ra_of_asc_node": 87.1043,
        "meta_arg_of_pericenter": 99.5454,
        "meta_mean_anomaly": 260.6019,
        "meta_ephemeris_type": 0,
        "meta_classification_type": "U",
        "meta_norad_cat_id": 67655,
        "meta_element_set_no": 999,
        "meta_rev_at_epoch": 321,
        "meta_bstar": 0.00095663435,
        "meta_mean_motion_dot": 0.00145444,
        "meta_mean_motion_ddot": 0,
        "tle_line1": "1 67655U 26022H   26053.85227482  .00145444  00000+0  95663-3 0  9998",
        "tle_line2": "2 67655  97.2839  87.1043 0001836  99.5454 260.6019 15.75257978  3212"
      },
      "geometry": {
        "type": "Point",
        "coordinates": [
          26.02540827169044,
          81.72869247806298
        ]
      }
    },
    {
      "type": "Feature",
      "properties": {
        "norad_id": 67656,
        "name": "STARLINK-36688",
        "group": "last-30-days",
        "lat": 82.70962004362305,
        "lon": -3.254054032430396,
        "alt_km": 334.85047580954233,
        "timestamp": "2026-02-23T09:00:52.727825+00:00",
        "meta_object_name": "STARLINK-36688",
        "meta_object_id": "2026-022J",
        "meta_epoch": "2026-02-22T20:26:15.533088",
        "meta_mean_motion": 15.75263488,
        "meta_eccentricity": 0.00015923,
        "meta_inclination": 97.2842,
        "meta_ra_of_asc_node": 87.1045,
        "meta_arg_of_pericenter": 97.2879,
        "meta_mean_anomaly": 262.8567,
        "meta_ephemeris_type": 0,
        "meta_classification_type": "U",
        "meta_norad_cat_id": 67656,
        "meta_element_set_no": 999,
        "meta_rev_at_epoch": 321,
        "meta_bstar": 0.0010558421,
        "meta_mean_motion_dot": 0.00160869,
        "meta_mean_motion_ddot": 0,
        "tle_line1": "1 67656U 26022J   26053.85156867  .00160869  00000+0  10558-2 0  9994",
        "tle_line2": "2 67656  97.2842  87.1045 0001592  97.2879 262.8567 15.75263488  3219"
      },
      "geometry": {
        "type": "Point",
        "coordinates": [
          -3.254054032430396,
          82.70962004362305
        ]
      }
    },
    {
      "type": "Feature",
      "properties": {
        "norad_id": 67657,
        "name": "STARLINK-36706",
        "group": "last-30-days",
        "lat": 79.16948367789301,
        "lon": -50.38172807764777,
        "alt_km": 335.2810458054719,
        "timestamp": "2026-02-23T09:00:52.727835+00:00",
        "meta_object_name": "STARLINK-36706",
        "meta_object_id": "2026-022K",
        "meta_epoch": "2026-02-22T20:24:13.545792",
        "meta_mean_motion": 15.75241158,
        "meta_eccentricity": 0.00015231,
        "meta_inclination": 97.2842,
        "meta_ra_of_asc_node": 87.1058,
        "meta_arg_of_pericenter": 97.8548,
        "meta_mean_anomaly": 262.289,
        "meta_ephemeris_type": 0,
        "meta_classification_type": "U",
        "meta_norad_cat_id": 67657,
        "meta_element_set_no": 999,
        "meta_rev_at_epoch": 321,
        "meta_bstar": 0.00065082479,
        "meta_mean_motion_dot": 0.00098287,
        "meta_mean_motion_ddot": 0,
        "tle_line1": "1 67657U 26022K   26053.85015678  .00098287  00000+0  65082-3 0  9996",
        "tle_line2": "2 67657  97.2842  87.1058 0001523  97.8548 262.2890 15.75241158  3210"
      },
      "geometry": {
        "type": "Point",
        "coordinates": [
          -50.38172807764777,
          79.16948367789301
        ]
      }
    },
    {
      "type": "Feature",
      "properties": {
        "norad_id": 67658,
        "name": "STARLINK-36701",
        "group": "last-30-days",
        "lat": 74.14283495735476,
        "lon": -65.5750304743179,
        "alt_km": 335.4429347830401,
        "timestamp": "2026-02-23T09:00:52.727845+00:00",
        "meta_object_name": "STARLINK-36701",
        "meta_object_id": "2026-022L",
        "meta_epoch": "2026-02-22T20:22:42.084480",
        "meta_mean_motion": 15.75254458,
        "meta_eccentricity": 0.00014203,
        "meta_inclination": 97.2841,
        "meta_ra_of_asc_node": 87.1079,
        "meta_arg_of_pericenter": 96.3938,
        "meta_mean_anomaly": 263.7489,
        "meta_ephemeris_type": 0,
        "meta_classification_type": "U",
        "meta_norad_cat_id": 67658,
        "meta_element_set_no": 999,
        "meta_rev_at_epoch": 321,
        "meta_bstar": 0.00099364978,
        "meta_mean_motion_dot": 0.00151152,
        "meta_mean_motion_ddot": 0,
        "tle_line1": "1 67658U 26022L   26053.84909820  .00151152  00000+0  99365-3 0  9999",
        "tle_line2": "2 67658  97.2841  87.1079 0001420  96.3938 263.7489 15.75254458  3213"
      },
      "geometry": {
        "type": "Point",
        "coordinates": [
          -65.5750304743179,
          74.14283495735476
        ]
      }
    },
    {
      "type": "Feature",
      "properties": {
        "norad_id": 67659,
        "name": "STARLINK-36642",
        "group": "last-30-days",
        "lat": 68.60389563946504,
        "lon": -73.28219252255147,
        "alt_km": 335.76943680872955,
        "timestamp": "2026-02-23T09:00:52.727857+00:00",
        "meta_object_name": "STARLINK-36642",
        "meta_object_id": "2026-022M",
        "meta_epoch": "2026-02-22T20:21:10.619712",
        "meta_mean_motion": 15.75263996,
        "meta_eccentricity": 0.00014867,
        "meta_inclination": 97.2841,
        "meta_ra_of_asc_node": 87.1098,
        "meta_arg_of_pericenter": 94.8517,
        "meta_mean_anomaly": 265.2918,
        "meta_ephemeris_type": 0,
        "meta_classification_type": "U",
        "meta_norad_cat_id": 67659,
        "meta_element_set_no": 999,
        "meta_rev_at_epoch": 321,
        "meta_bstar": 0.0011103018,
        "meta_mean_motion_dot": 0.00169345,
        "meta_mean_motion_ddot": 0,
        "tle_line1": "1 67659U 26022M   26053.84803958  .00169345  00000+0  11103-2 0  9991",
        "tle_line2": "2 67659  97.2841  87.1098 0001486  94.8517 265.2918 15.75263996  3214"
      },
      "geometry": {
        "type": "Point",
        "coordinates": [
          -73.28219252255147,
          68.60389563946504
        ]
      }
    },
    {
      "type": "Feature",
      "properties": {
        "norad_id": 67660,
        "name": "STARLINK-36673",
        "group": "last-30-days",
        "lat": 60.99204887632229,
        "lon": -78.99616639572493,
        "alt_km": 336.51037014671147,
        "timestamp": "2026-02-23T09:00:52.727869+00:00",
        "meta_object_name": "STARLINK-36673",
        "meta_object_id": "2026-022N",
        "meta_epoch": "2026-02-22T20:19:08.639328",
        "meta_mean_motion": 15.75257583,
        "meta_eccentricity": 0.00017375,
        "meta_inclination": 97.2843,
        "meta_ra_of_asc_node": 87.1107,
        "meta_arg_of_pericenter": 96.6485,
        "meta_mean_anomaly": 263.4978,
        "meta_ephemeris_type": 0,
        "meta_classification_type": "U",
        "meta_norad_cat_id": 67660,
        "meta_element_set_no": 999,
        "meta_rev_at_epoch": 321,
        "meta_bstar": 0.00093372657,
        "meta_mean_motion_dot": 0.00141895,
        "meta_mean_motion_ddot": 0,
        "tle_line1": "1 67660U 26022N   26053.84662777  .00141895  00000+0  93373-3 0  9995",
        "tle_line2": "2 67660  97.2843  87.1107 0001737  96.6485 263.4978 15.75257583  3213"
      },
      "geometry": {
        "type": "Point",
        "coordinates": [
          -78.99616639572493,
          60.99204887632229
        ]
      }
    },
    {
      "type": "Feature",
      "properties": {
        "norad_id": 67661,
        "name": "STARLINK-36674",
        "group": "last-30-days",
        "lat": 53.17348867198175,
        "lon": -82.49450244255593,
        "alt_km": 338.1689667077626,
        "timestamp": "2026-02-23T09:00:52.727878+00:00",
        "meta_object_name": "STARLINK-36674",
        "meta_object_id": "2026-022P",
        "meta_epoch": "2026-02-22T20:17:06.805824",
        "meta_mean_motion": 15.75261396,
        "meta_eccentricity": 0.00014138,
        "meta_inclination": 97.2842,
        "meta_ra_of_asc_node": 87.1131,
        "meta_arg_of_pericenter": 56.9672,
        "meta_mean_anomaly": 303.1728,
        "meta_ephemeris_type": 0,
        "meta_classification_type": "U",
        "meta_norad_cat_id": 67661,
        "meta_element_set_no": 999,
        "meta_rev_at_epoch": 321,
        "meta_bstar": 0.001124009,
        "meta_mean_motion_dot": 0.0017146,
        "meta_mean_motion_ddot": 0,
        "tle_line1": "1 67661U 26022P   26053.84521766  .00171460  00000+0  11240-2 0  9991",
        "tle_line2": "2 67661  97.2842  87.1131 0001413  56.9672 303.1728 15.75261396  3210"
      },
      "geometry": {
        "type": "Point",
        "coordinates": [
          -82.49450244255593,
          53.17348867198175
        ]
      }
    },
    {
      "type": "Feature",
      "properties": {
        "norad_id": 67662,
        "name": "STARLINK-36700",
        "group": "last-30-days",
        "lat": 41.517429465868375,
        "lon": -85.82221197946296,
        "alt_km": 339.84464462911274,
        "timestamp": "2026-02-23T09:00:52.727890+00:00",
        "meta_object_name": "STARLINK-36700",
        "meta_object_id": "2026-022Q",
        "meta_epoch": "2026-02-22T23:17:01.237344",
        "meta_mean_motion": 15.75243881,
        "meta_eccentricity": 0.00016469,
        "meta_inclination": 97.285,
        "meta_ra_of_asc_node": 87.2494,
        "meta_arg_of_pericenter": 82.4124,
        "meta_mean_anomaly": 277.7329,
        "meta_ephemeris_type": 0,
        "meta_classification_type": "U",
        "meta_norad_cat_id": 67662,
        "meta_element_set_no": 999,
        "meta_rev_at_epoch": 323,
        "meta_bstar": 0.00075620451,
        "meta_mean_motion_dot": 0.00114454,
        "meta_mean_motion_ddot": 0,
        "tle_line1": "1 67662U 26022Q   26053.97015321  .00114454  00000+0  75620-3 0  9994",
        "tle_line2": "2 67662  97.2850  87.2494 0001646  82.4124 277.7329 15.75243881  3231"
      },
      "geometry": {
        "type": "Point",
        "coordinates": [
          -85.82221197946296,
          41.517429465868375
        ]
      }
    },
    {
      "type": "Feature",
      "properties": {
        "norad_id": 67663,
        "name": "STARLINK-36675",
        "group": "last-30-days",
        "lat": 49.363942360050395,
        "lon": -83.75600527913524,
        "alt_km": 338.61593517473466,
        "timestamp": "2026-02-23T09:00:52.727900+00:00",
        "meta_object_name": "STARLINK-36675",
        "meta_object_id": "2026-022R",
        "meta_epoch": "2026-02-22T20:16:05.795328",
        "meta_mean_motion": 15.75236128,
        "meta_eccentricity": 0.00015495,
        "meta_inclination": 97.2847,
        "meta_ra_of_asc_node": 87.114,
        "meta_arg_of_pericenter": 80.75,
        "meta_mean_anomaly": 279.394,
        "meta_ephemeris_type": 0,
        "meta_classification_type": "U",
        "meta_norad_cat_id": 67663,
        "meta_element_set_no": 999,
        "meta_rev_at_epoch": 321,
        "meta_bstar": 0.00065016214,
        "meta_mean_motion_dot": 0.00098164,
        "meta_mean_motion_ddot": 0,
        "tle_line1": "1 67663U 26022R   26053.84451152  .00098164  00000+0  65016-3 0  9994",
        "tle_line2": "2 67663  97.2847  87.1140 0001549  80.7500 279.3940 15.75236128  3217"
      },
      "geometry": {
        "type": "Point",
        "coordinates": [
          -83.75600527913524,
          49.363942360050395
        ]
      }
    },
    {
      "type": "Feature",
      "properties": {
        "norad_id": 67664,
        "name": "STARLINK-36404",
        "group": "last-30-days",
        "lat": 31.60549357650401,
        "lon": -87.80725243558074,
        "alt_km": 341.6024827375095,
        "timestamp": "2026-02-23T09:00:52.727910+00:00",
        "meta_object_name": "STARLINK-36404",
        "meta_object_id": "2026-022S",
        "meta_epoch": "2026-02-22T20:11:31.330176",
        "meta_mean_motion": 15.75234481,
        "meta_eccentricity": 0.00014139,
        "meta_inclination": 97.2853,
        "meta_ra_of_asc_node": 87.1168,
        "meta_arg_of_pericenter": 87.3194,
        "meta_mean_anomaly": 272.8233,
        "meta_ephemeris_type": 0,
        "meta_classification_type": "U",
        "meta_norad_cat_id": 67664,
        "meta_element_set_no": 999,
        "meta_rev_at_epoch": 321,
        "meta_bstar": 0.00059539193,
        "meta_mean_motion_dot": 0.00089788,
        "meta_mean_motion_ddot": 0,
        "tle_line1": "1 67664U 26022S   26053.84133484  .00089788  00000+0  59539-3 0  9995",
        "tle_line2": "2 67664  97.2853  87.1168 0001413  87.3194 272.8233 15.75234481  3210"
      },
      "geometry": {
        "type": "Point",
        "coordinates": [
          -87.80725243558074,
          31.60549357650401
        ]
      }
    },
    {
      "type": "Feature",
      "properties": {
        "norad_id": 67665,
        "name": "STARLINK-36399",
        "group": "last-30-days",
        "lat": 27.60969889328627,
        "lon": -88.48378121925862,
        "alt_km": 341.8420858675072,
        "timestamp": "2026-02-23T09:00:52.727920+00:00",
        "meta_object_name": "STARLINK-36399",
        "meta_object_id": "2026-022T",
        "meta_epoch": "2026-02-22T20:10:30.488160",
        "meta_mean_motion": 15.75242087,
        "meta_eccentricity": 0.00016137,
        "meta_inclination": 97.2852,
        "meta_ra_of_asc_node": 87.1182,
        "meta_arg_of_pericenter": 106.3171,
        "meta_mean_anomaly": 253.8272,
        "meta_ephemeris_type": 0,
        "meta_classification_type": "U",
        "meta_norad_cat_id": 67665,
        "meta_element_set_no": 999,
        "meta_rev_at_epoch": 321,
        "meta_bstar": 0.00077541538,
        "meta_mean_motion_dot": 0.00117397,
        "meta_mean_motion_ddot": 0,
        "tle_line1": "1 67665U 26022T   26053.84063065  .00117397  00000+0  77542-3 0  9995",
        "tle_line2": "2 67665  97.2852  87.1182 0001613 106.3171 253.8272 15.75242087  3218"
      },
      "geometry": {
        "type": "Point",
        "coordinates": [
          -88.48378121925862,
          27.60969889328627
        ]
      }
    },
    {
      "type": "Feature",
      "properties": {
        "norad_id": 67666,
        "name": "STARLINK-36365",
        "group": "last-30-days",
        "lat": 19.316173213035242,
        "lon": -89.74653670422805,
        "alt_km": 343.09812686964506,
        "timestamp": "2026-02-23T09:00:52.727932+00:00",
        "meta_object_name": "STARLINK-36365",
        "meta_object_id": "2026-022U",
        "meta_epoch": "2026-02-22T17:05:30.941952",
        "meta_mean_motion": 15.75281068,
        "meta_eccentricity": 0.00016218,
        "meta_inclination": 97.2851,
        "meta_ra_of_asc_node": 86.9869,
        "meta_arg_of_pericenter": 84.4541,
        "meta_mean_anomaly": 275.6909,
        "meta_ephemeris_type": 0,
        "meta_classification_type": "U",
        "meta_norad_cat_id": 67666,
        "meta_element_set_no": 999,
        "meta_rev_at_epoch": 319,
        "meta_bstar": 0.0014955882,
        "meta_mean_motion_dot": 0.00229963,
        "meta_mean_motion_ddot": 0,
        "tle_line1": "1 67666U 26022U   26053.71216368  .00229963  00000+0  14956-2 0  9990",
        "tle_line2": "2 67666  97.2851  86.9869 0001621  84.4541 275.6909 15.75281068  3191"
      },
      "geometry": {
        "type": "Point",
        "coordinates": [
          -89.74653670422805,
          19.316173213035242
        ]
      }
    },
    {
      "type": "Feature",
      "properties": {
        "norad_id": 67667,
        "name": "STARLINK-36622",
        "group": "last-30-days",
        "lat": 9.70663520357539,
        "lon": -91.05849486833111,
        "alt_km": 345.04174940163466,
        "timestamp": "2026-02-23T09:00:52.727941+00:00",
        "meta_object_name": "STARLINK-36622",
        "meta_object_id": "2026-022V",
        "meta_epoch": "2026-02-22T20:05:56.044608",
        "meta_mean_motion": 15.75250199,
        "meta_eccentricity": 0.0001778,
        "meta_inclination": 97.2853,
        "meta_ra_of_asc_node": 87.1227,
        "meta_arg_of_pericenter": 94.5921,
        "meta_mean_anomaly": 265.5547,
        "meta_ephemeris_type": 0,
        "meta_classification_type": "U",
        "meta_norad_cat_id": 67667,
        "meta_element_set_no": 999,
        "meta_rev_at_epoch": 321,
        "meta_bstar": 0.00093131855,
        "meta_mean_motion_dot": 0.00141477,
        "meta_mean_motion_ddot": 0,
        "tle_line1": "1 67667U 26022V   26053.83745422  .00141477  00000+0  93132-3 0  9999",
        "tle_line2": "2 67667  97.2853  87.1227 0001778  94.5921 265.5547 15.75250199  3212"
      },
      "geometry": {
        "type": "Point",
        "coordinates": [
          -91.05849486833111,
          9.70663520357539
        ]
      }
    },
    {
      "type": "Feature",
      "properties": {
        "norad_id": 67668,
        "name": "STARLINK-36625",
        "group": "last-30-days",
        "lat": 1.8231352411559627,
        "lon": -92.07583905532762,
        "alt_km": 347.5316293590895,
        "timestamp": "2026-02-23T09:00:52.727953+00:00",
        "meta_object_name": "STARLINK-36625",
        "meta_object_id": "2026-022W",
        "meta_epoch": "2026-02-22T20:03:54.337248",
        "meta_mean_motion": 15.75238227,
        "meta_eccentricity": 0.00029362,
        "meta_inclination": 97.2855,
        "meta_ra_of_asc_node": 87.1245,
        "meta_arg_of_pericenter": 60.906,
        "meta_mean_anomaly": 299.2499,
        "meta_ephemeris_type": 0,
        "meta_classification_type": "U",
        "meta_norad_cat_id": 67668,
        "meta_element_set_no": 999,
        "meta_rev_at_epoch": 321,
        "meta_bstar": 0.00071530489,
        "meta_mean_motion_dot": 0.00108166,
        "meta_mean_motion_ddot": 0,
        "tle_line1": "1 67668U 26022W   26053.83604557  .00108166  00000+0  71530-3 0  9999",
        "tle_line2": "2 67668  97.2855  87.1245 0002936  60.9060 299.2499 15.75238227  3211"
      },
      "geometry": {
        "type": "Point",
        "coordinates": [
          -92.07583905532762,
          1.8231352411559627
        ]
      }
    },
    {
      "type": "Feature",
      "properties": {
        "norad_id": 67669,
        "name": "STARLINK-36639",
        "group": "last-30-days",
        "lat": -8.169427530621697,
        "lon": -93.35726397253993,
        "alt_km": 347.9519331083484,
        "timestamp": "2026-02-23T09:00:52.727963+00:00",
        "meta_object_name": "STARLINK-36639",
        "meta_object_id": "2026-022X",
        "meta_epoch": "2026-02-22T20:01:21.718560",
        "meta_mean_motion": 15.75255424,
        "meta_eccentricity": 0.00018068,
        "meta_inclination": 97.2854,
        "meta_ra_of_asc_node": 87.1269,
        "meta_arg_of_pericenter": 83.9786,
        "meta_mean_anomaly": 276.1685,
        "meta_ephemeris_type": 0,
        "meta_classification_type": "U",
        "meta_norad_cat_id": 67669,
        "meta_element_set_no": 999,
        "meta_rev_at_epoch": 321,
        "meta_bstar": 0.0010105849,
        "meta_mean_motion_dot": 0.00153787,
        "meta_mean_motion_ddot": 0,
        "tle_line1": "1 67669U 26022X   26053.83427915  .00153787  00000+0  10106-2 0  9991",
        "tle_line2": "2 67669  97.2854  87.1269 0001806  83.9786 276.1685 15.75255424  3211"
      },
      "geometry": {
        "type": "Point",
        "coordinates": [
          -93.35726397253993,
          -8.169427530621697
        ]
      }
    },
    {
      "type": "Feature",
      "properties": {
        "norad_id": 67670,
        "name": "STARLINK-36596",
        "group": "last-30-days",
        "lat": -18.035525536967278,
        "lon": -94.68830042205144,
        "alt_km": 349.0102227773459,
        "timestamp": "2026-02-23T09:00:52.727973+00:00",
        "meta_object_name": "STARLINK-36596",
        "meta_object_id": "2026-022Y",
        "meta_epoch": "2026-02-22T19:58:49.172448",
        "meta_mean_motion": 15.75239873,
        "meta_eccentricity": 0.00016753,
        "meta_inclination": 97.2857,
        "meta_ra_of_asc_node": 87.1292,
        "meta_arg_of_pericenter": 94.7838,
        "meta_mean_anomaly": 265.3619,
        "meta_ephemeris_type": 0,
        "meta_classification_type": "U",
        "meta_norad_cat_id": 67670,
        "meta_element_set_no": 999,
        "meta_rev_at_epoch": 321,
        "meta_bstar": 0.0008881535,
        "meta_mean_motion_dot": 0.00134746,
        "meta_mean_motion_ddot": 0,
        "tle_line1": "1 67670U 26022Y   26053.83251357  .00134746  00000+0  88815-3 0  9995",
        "tle_line2": "2 67670  97.2857  87.1292 0001675  94.7838 265.3619 15.75239873  3211"
      },
      "geometry": {
        "type": "Point",
        "coordinates": [
          -94.68830042205144,
          -18.035525536967278
        ]
      }
    },
    {
      "type": "Feature",
      "properties": {
        "norad_id": 67671,
        "name": "STARLINK-36297",
        "group": "last-30-days",
        "lat": -29.858146723669815,
        "lon": -96.50804355335008,
        "alt_km": 349.96907409792493,
        "timestamp": "2026-02-23T09:00:52.727982+00:00",
        "meta_object_name": "STARLINK-36297",
        "meta_object_id": "2026-022Z",
        "meta_epoch": "2026-02-22T21:27:14.751936",
        "meta_mean_motion": 15.75242682,
        "meta_eccentricity": 0.00012137,
        "meta_inclination": 97.2857,
        "meta_ra_of_asc_node": 87.1983,
        "meta_arg_of_pericenter": 103.9878,
        "meta_mean_anomaly": 256.1523,
        "meta_ephemeris_type": 0,
        "meta_classification_type": "U",
        "meta_norad_cat_id": 67671,
        "meta_element_set_no": 999,
        "meta_rev_at_epoch": 322,
        "meta_bstar": 0.00074199053,
        "meta_mean_motion_dot": 0.00112263,
        "meta_mean_motion_ddot": 0,
        "tle_line1": "1 67671U 26022Z   26053.89392074  .00112263  00000+0  74199-3 0  9994",
        "tle_line2": "2 67671  97.2857  87.1983 0001213 103.9878 256.1523 15.75242682  3229"
      },
      "geometry": {
        "type": "Point",
        "coordinates": [
          -96.50804355335008,
          -29.858146723669815
        ]
      }
    },
    {
      "type": "Feature",
      "properties": {
        "norad_id": 67672,
        "name": "STARLINK-36616",
        "group": "last-30-days",
        "lat": -22.09600715293549,
        "lon": -95.27682899932775,
        "alt_km": 349.95325903267803,
        "timestamp": "2026-02-23T09:00:52.727992+00:00",
        "meta_object_name": "STARLINK-36616",
        "meta_object_id": "2026-022AA",
        "meta_epoch": "2026-02-22T19:57:48.229344",
        "meta_mean_motion": 15.75267636,
        "meta_eccentricity": 0.00019025,
        "meta_inclination": 97.2854,
        "meta_ra_of_asc_node": 87.1296,
        "meta_arg_of_pericenter": 54.4283,
        "meta_mean_anomaly": 305.7159,
        "meta_ephemeris_type": 0,
        "meta_classification_type": "U",
        "meta_norad_cat_id": 67672,
        "meta_element_set_no": 999,
        "meta_rev_at_epoch": 321,
        "meta_bstar": 0.0012499152,
        "meta_mean_motion_dot": 0.0019118,
        "meta_mean_motion_ddot": 0,
        "tle_line1": "1 67672U 26022AA  26053.83180821  .00191180  00000+0  12499-2 0  9993",
        "tle_line2": "2 67672  97.2854  87.1296 0001902  54.4283 305.7159 15.75267636  3210"
      },
      "geometry": {
        "type": "Point",
        "coordinates": [
          -95.27682899932775,
          -22.09600715293549
        ]
      }
    },
    {
      "type": "Feature",
      "properties": {
        "norad_id": 67674,
        "name": "COSMOS 2600",
        "group": "last-30-days",
        "lat": 56.712195178738256,
        "lon": 120.23767237746651,
        "alt_km": 314.4298465582915,
        "timestamp": "2026-02-23T09:00:52.728005+00:00",
        "meta_object_name": "COSMOS 2600",
        "meta_object_id": "2026-023A",
        "meta_epoch": "2026-02-22T22:09:20.636064",
        "meta_mean_motion": 15.83300425,
        "meta_eccentricity": 0.00016737,
        "meta_inclination": 96.6455,
        "meta_ra_of_asc_node": 130.028,
        "meta_arg_of_pericenter": 59.528,
        "meta_mean_anomaly": 300.6157,
        "meta_ephemeris_type": 0,
        "meta_classification_type": "U",
        "meta_norad_cat_id": 67674,
        "meta_element_set_no": 999,
        "meta_rev_at_epoch": 271,
        "meta_bstar": 0.00036882313,
        "meta_mean_motion_dot": 0.00079825,
        "meta_mean_motion_ddot": 0,
        "tle_line1": "1 67674U 26023A   26053.92315551  .00079825  00000+0  36882-3 0  9990",
        "tle_line2": "2 67674  96.6455 130.0280 0001673  59.5280 300.6157 15.83300425  2710"
      },
      "geometry": {
        "type": "Point",
        "coordinates": [
          120.23767237746651,
          56.712195178738256
        ]
      }
    },
    {
      "type": "Feature",
      "properties": {
        "norad_id": 67675,
        "name": "2026-023B",
        "group": "last-30-days",
        "lat": -72.19633797127169,
        "lon": -72.28015787848923,
        "alt_km": 501.4651779058404,
        "timestamp": "2026-02-23T09:00:52.728016+00:00",
        "meta_object_name": "2026-023B",
        "meta_object_id": "2026-023B",
        "meta_epoch": "2026-02-22T22:26:31.774272",
        "meta_mean_motion": 15.22601321,
        "meta_eccentricity": 0.00183886,
        "meta_inclination": 96.638,
        "meta_ra_of_asc_node": 128.5931,
        "meta_arg_of_pericenter": 182.5129,
        "meta_mean_anomaly": 177.602,
        "meta_ephemeris_type": 0,
        "meta_classification_type": "U",
        "meta_norad_cat_id": 67675,
        "meta_element_set_no": 999,
        "meta_rev_at_epoch": 261,
        "meta_bstar": 0.00068070231,
        "meta_mean_motion_dot": 0.00015852,
        "meta_mean_motion_ddot": 0,
        "tle_line1": "1 67675U 26023B   26053.93508998  .00015852  00000+0  68070-3 0  9995",
        "tle_line2": "2 67675  96.6380 128.5931 0018388 182.5129 177.6020 15.22601321  2615"
      },
      "geometry": {
        "type": "Point",
        "coordinates": [
          -72.28015787848923,
          -72.19633797127169
        ]
      }
    },
    {
      "type": "Feature",
      "properties": {
        "norad_id": 67676,
        "name": "2026-023C",
        "group": "last-30-days",
        "lat": -75.95563568720753,
        "lon": -78.76219780227838,
        "alt_km": 504.25044403782067,
        "timestamp": "2026-02-23T09:00:52.728029+00:00",
        "meta_object_name": "2026-023C",
        "meta_object_id": "2026-023C",
        "meta_epoch": "2026-02-22T22:25:29.015904",
        "meta_mean_motion": 15.22680275,
        "meta_eccentricity": 0.00195914,
        "meta_inclination": 96.6417,
        "meta_ra_of_asc_node": 128.6103,
        "meta_arg_of_pericenter": 172.5913,
        "meta_mean_anomaly": 187.5619,
        "meta_ephemeris_type": 0,
        "meta_classification_type": "U",
        "meta_norad_cat_id": 67676,
        "meta_element_set_no": 999,
        "meta_rev_at_epoch": 277,
        "meta_bstar": 0.00061821507,
        "meta_mean_motion_dot": 0.00014431,
        "meta_mean_motion_ddot": 0,
        "tle_line1": "1 67676U 26023C   26053.93436361  .00014431  00000+0  61822-3 0  9990",
        "tle_line2": "2 67676  96.6417 128.6103 0019591 172.5913 187.5619 15.22680275  2772"
      },
      "geometry": {
        "type": "Point",
        "coordinates": [
          -78.76219780227838,
          -75.95563568720753
        ]
      }
    },
    {
      "type": "Feature",
      "properties": {
        "norad_id": 67677,
        "name": "2026-023D",
        "group": "last-30-days",
        "lat": -68.604757544363,
        "lon": -68.3248183474996,
        "alt_km": 501.616700018737,
        "timestamp": "2026-02-23T09:00:52.728039+00:00",
        "meta_object_name": "2026-023D",
        "meta_object_id": "2026-023D",
        "meta_epoch": "2026-02-22T22:27:30.904704",
        "meta_mean_motion": 15.22526292,
        "meta_eccentricity": 0.00197187,
        "meta_inclination": 96.6447,
        "meta_ra_of_asc_node": 128.596,
        "meta_arg_of_pericenter": 177.6686,
        "meta_mean_anomaly": 182.4648,
        "meta_ephemeris_type": 0,
        "meta_classification_type": "U",
        "meta_norad_cat_id": 67677,
        "meta_element_set_no": 999,
        "meta_rev_at_epoch": 260,
        "meta_bstar": 0.00055895048,
        "meta_mean_motion_dot": 0.00012981,
        "meta_mean_motion_ddot": 0,
        "tle_line1": "1 67677U 26023D   26053.93577436  .00012981  00000+0  55895-3 0  9991",
        "tle_line2": "2 67677  96.6447 128.5960 0019718 177.6686 182.4648 15.22526292  2606"
      },
      "geometry": {
        "type": "Point",
        "coordinates": [
          -68.3248183474996,
          -68.604757544363
        ]
      }
    },
    {
      "type": "Feature",
      "properties": {
        "norad_id": 67678,
        "name": "2026-023E",
        "group": "last-30-days",
        "lat": -74.4380687115091,
        "lon": -75.72475551149248,
        "alt_km": 502.87270011328474,
        "timestamp": "2026-02-23T09:00:52.728048+00:00",
        "meta_object_name": "2026-023E",
        "meta_object_id": "2026-023E",
        "meta_epoch": "2026-02-22T22:25:55.100064",
        "meta_mean_motion": 15.22657629,
        "meta_eccentricity": 0.00195406,
        "meta_inclination": 96.634,
        "meta_ra_of_asc_node": 128.5892,
        "meta_arg_of_pericenter": 177.0571,
        "meta_mean_anomaly": 183.0786,
        "meta_ephemeris_type": 0,
        "meta_classification_type": "U",
        "meta_norad_cat_id": 67678,
        "meta_element_set_no": 999,
        "meta_rev_at_epoch": 260,
        "meta_bstar": 0.00064282983,
        "meta_mean_motion_dot": 0.00014999,
        "meta_mean_motion_ddot": 0,
        "tle_line1": "1 67678U 26023E   26053.93466551  .00014999  00000+0  64283-3 0  9999",
        "tle_line2": "2 67678  96.6340 128.5892 0019540 177.0571 183.0786 15.22657629  2602"
      },
      "geometry": {
        "type": "Point",
        "coordinates": [
          -75.72475551149248,
          -74.4380687115091
        ]
      }
    },
    {
      "type": "Feature",
      "properties": {
        "norad_id": 67679,
        "name": "2026-023F",
        "group": "last-30-days",
        "lat": -81.50604522225143,
        "lon": -99.72788957378218,
        "alt_km": 505.8336513638169,
        "timestamp": "2026-02-23T09:00:52.728058+00:00",
        "meta_object_name": "2026-023F",
        "meta_object_id": "2026-023F",
        "meta_epoch": "2026-02-22T22:23:40.310016",
        "meta_mean_motion": 15.2279774,
        "meta_eccentricity": 0.00214827,
        "meta_inclination": 96.6347,
        "meta_ra_of_asc_node": 131.0874,
        "meta_arg_of_pericenter": 171.9369,
        "meta_mean_anomaly": 188.222,
        "meta_ephemeris_type": 0,
        "meta_classification_type": "U",
        "meta_norad_cat_id": 67679,
        "meta_element_set_no": 999,
        "meta_rev_at_epoch": 259,
        "meta_bstar": 0.00067319425,
        "meta_mean_motion_dot": 0.00015794,
        "meta_mean_motion_ddot": 0,
        "tle_line1": "1 67679U 26023F   26053.93310544  .00015794  00000+0  67319-3 0  9997",
        "tle_line2": "2 67679  96.6347 131.0874 0021482 171.9369 188.2220 15.22797740  2592"
      },
      "geometry": {
        "type": "Point",
        "coordinates": [
          -99.72788957378218,
          -81.50604522225143
        ]
      }
    },
    {
      "type": "Feature",
      "properties": {
        "norad_id": 67680,
        "name": "2026-023G",
        "group": "last-30-days",
        "lat": -79.89292179737176,
        "lon": -89.24366265824364,
        "alt_km": 506.3362671654377,
        "timestamp": "2026-02-23T09:00:52.728068+00:00",
        "meta_object_name": "2026-023G",
        "meta_object_id": "2026-023G",
        "meta_epoch": "2026-02-22T22:24:16.731936",
        "meta_mean_motion": 15.22756513,
        "meta_eccentricity": 0.00230768,
        "meta_inclination": 96.6274,
        "meta_ra_of_asc_node": 131.079,
        "meta_arg_of_pericenter": 168.4961,
        "meta_mean_anomaly": 191.681,
        "meta_ephemeris_type": 0,
        "meta_classification_type": "U",
        "meta_norad_cat_id": 67680,
        "meta_element_set_no": 999,
        "meta_rev_at_epoch": 259,
        "meta_bstar": 0.00063817078,
        "meta_mean_motion_dot": 0.00014964,
        "meta_mean_motion_ddot": 0,
        "tle_line1": "1 67680U 26023G   26053.93352699  .00014964  00000+0  63817-3 0  9993",
        "tle_line2": "2 67680  96.6274 131.0790 0023076 168.4961 191.6810 15.22756513  2596"
      },
      "geometry": {
        "type": "Point",
        "coordinates": [
          -89.24366265824364,
          -79.89292179737176
        ]
      }
    },
    {
      "type": "Feature",
      "properties": {
        "norad_id": 67681,
        "name": "2026-023H",
        "group": "last-30-days",
        "lat": -80.4953855445562,
        "lon": -92.62462329755697,
        "alt_km": 506.8083882219553,
        "timestamp": "2026-02-23T09:00:52.728080+00:00",
        "meta_object_name": "2026-023H",
        "meta_object_id": "2026-023H",
        "meta_epoch": "2026-02-22T22:24:03.045312",
        "meta_mean_motion": 15.22736304,
        "meta_eccentricity": 0.00230973,
        "meta_inclination": 96.6421,
        "meta_ra_of_asc_node": 131.0921,
        "meta_arg_of_pericenter": 167.8798,
        "meta_mean_anomaly": 192.3001,
        "meta_ephemeris_type": 0,
        "meta_classification_type": "U",
        "meta_norad_cat_id": 67681,
        "meta_element_set_no": 999,
        "meta_rev_at_epoch": 259,
        "meta_bstar": 0.00052367333,
        "meta_mean_motion_dot": 0.00012257,
        "meta_mean_motion_ddot": 0,
        "tle_line1": "1 67681U 26023H   26053.93336858  .00012257  00000+0  52367-3 0  9994",
        "tle_line2": "2 67681  96.6421 131.0921 0023097 167.8798 192.3001 15.22736304  2597"
      },
      "geometry": {
        "type": "Point",
        "coordinates": [
          -92.62462329755697,
          -80.4953855445562
        ]
      }
    },
    {
      "type": "Feature",
      "properties": {
        "norad_id": 67682,
        "name": "2026-023J",
        "group": "last-30-days",
        "lat": -82.46943891179433,
        "lon": -110.2563502448985,
        "alt_km": 508.3571241841546,
        "timestamp": "2026-02-23T09:00:52.728090+00:00",
        "meta_object_name": "2026-023J",
        "meta_object_id": "2026-023J",
        "meta_epoch": "2026-02-22T22:23:13.784352",
        "meta_mean_motion": 15.22815379,
        "meta_eccentricity": 0.00232932,
        "meta_inclination": 96.6375,
        "meta_ra_of_asc_node": 131.1014,
        "meta_arg_of_pericenter": 164.7372,
        "meta_mean_anomaly": 195.4575,
        "meta_ephemeris_type": 0,
        "meta_classification_type": "U",
        "meta_norad_cat_id": 67682,
        "meta_element_set_no": 999,
        "meta_rev_at_epoch": 259,
        "meta_bstar": 0.00049753185,
        "meta_mean_motion_dot": 0.00011671,
        "meta_mean_motion_ddot": 0,
        "tle_line1": "1 67682U 26023J   26053.93279843  .00011671  00000+0  49753-3 0  9999",
        "tle_line2": "2 67682  96.6375 131.1014 0023293 164.7372 195.4575 15.22815379  2592"
      },
      "geometry": {
        "type": "Point",
        "coordinates": [
          -110.2563502448985,
          -82.46943891179433
        ]
      }
    },
    {
      "type": "Feature",
      "properties": {
        "norad_id": 67683,
        "name": "ISS OBJECT XZ",
        "group": "last-30-days",
        "lat": 50.732790309331996,
        "lon": -141.3786535065126,
        "alt_km": 404.34385360118995,
        "timestamp": "2026-02-23T09:00:52.728100+00:00",
        "meta_object_name": "ISS OBJECT XZ",
        "meta_object_id": "1998-067XZ",
        "meta_epoch": "2026-02-22T06:22:16.677120",
        "meta_mean_motion": 15.50521186,
        "meta_eccentricity": 0.00100054,
        "meta_inclination": 51.6314,
        "meta_ra_of_asc_node": 148.4121,
        "meta_arg_of_pericenter": 134.8539,
        "meta_mean_anomaly": 225.3264,
        "meta_ephemeris_type": 0,
        "meta_classification_type": "U",
        "meta_norad_cat_id": 67683,
        "meta_element_set_no": 999,
        "meta_rev_at_epoch": 239,
        "meta_bstar": 0.0007140621,
        "meta_mean_motion_dot": 0.00041343,
        "meta_mean_motion_ddot": 0,
        "tle_line1": "1 67683U 98067XZ  26053.26547080  .00041343  00000+0  71406-3 0  9993",
        "tle_line2": "2 67683  51.6314 148.4121 0010005 134.8539 225.3264 15.50521186  2394"
      },
      "geometry": {
        "type": "Point",
        "coordinates": [
          -141.3786535065126,
          50.732790309331996
        ]
      }
    },
    {
      "type": "Feature",
      "properties": {
        "norad_id": 67684,
        "name": "GXIBA-1",
        "group": "last-30-days",
        "lat": 33.247092713279095,
        "lon": -68.49932097397836,
        "alt_km": 398.6670107292348,
        "timestamp": "2026-02-23T09:00:52.728113+00:00",
        "meta_object_name": "GXIBA-1",
        "meta_object_id": "1998-067YA",
        "meta_epoch": "2026-02-22T15:26:02.582880",
        "meta_mean_motion": 15.51889665,
        "meta_eccentricity": 0.0011656,
        "meta_inclination": 51.6313,
        "meta_ra_of_asc_node": 146.4331,
        "meta_arg_of_pericenter": 128.7037,
        "meta_mean_anomaly": 231.4997,
        "meta_ephemeris_type": 0,
        "meta_classification_type": "U",
        "meta_norad_cat_id": 67684,
        "meta_element_set_no": 999,
        "meta_rev_at_epoch": 245,
        "meta_bstar": 0.0012925,
        "meta_mean_motion_dot": 0.00079428,
        "meta_mean_motion_ddot": 0,
        "tle_line1": "1 67684U 98067YA  26053.64308545  .00079428  00000+0  12925-2 0  9992",
        "tle_line2": "2 67684  51.6313 146.4331 0011656 128.7037 231.4997 15.51889665  2451"
      },
      "geometry": {
        "type": "Point",
        "coordinates": [
          -68.49932097397836,
          33.247092713279095
        ]
      }
    },
    {
      "type": "Feature",
      "properties": {
        "norad_id": 67685,
        "name": "CORAL",
        "group": "last-30-days",
        "lat": 51.60251400231846,
        "lon": -125.70743667829065,
        "alt_km": 401.37763073721,
        "timestamp": "2026-02-23T09:00:52.728125+00:00",
        "meta_object_name": "CORAL",
        "meta_object_id": "1998-067YB",
        "meta_epoch": "2026-02-22T20:15:08.231328",
        "meta_mean_motion": 15.50787508,
        "meta_eccentricity": 0.00119113,
        "meta_inclination": 51.6309,
        "meta_ra_of_asc_node": 145.5236,
        "meta_arg_of_pericenter": 133.1205,
        "meta_mean_anomaly": 227.0782,
        "meta_ephemeris_type": 0,
        "meta_classification_type": "U",
        "meta_norad_cat_id": 67685,
        "meta_element_set_no": 999,
        "meta_rev_at_epoch": 248,
        "meta_bstar": 0.00080080164,
        "meta_mean_motion_dot": 0.00046938,
        "meta_mean_motion_ddot": 0,
        "tle_line1": "1 67685U 98067YB  26053.84384527  .00046938  00000+0  80080-3 0  9997",
        "tle_line2": "2 67685  51.6309 145.5236 0011911 133.1205 227.0782 15.50787508  2480"
      },
      "geometry": {
        "type": "Point",
        "coordinates": [
          -125.70743667829065,
          51.60251400231846
        ]
      }
    },
    {
      "type": "Feature",
      "properties": {
        "norad_id": 67686,
        "name": "ISS OBJECT YC",
        "group": "last-30-days",
        "lat": 50.229070305783495,
        "lon": -109.2932371517001,
        "alt_km": 401.3677828225882,
        "timestamp": "2026-02-23T09:00:52.728135+00:00",
        "meta_object_name": "ISS OBJECT YC",
        "meta_object_id": "1998-067YC",
        "meta_epoch": "2026-02-22T06:17:35.185920",
        "meta_mean_motion": 15.50999605,
        "meta_eccentricity": 0.00076877,
        "meta_inclination": 51.6313,
        "meta_ra_of_asc_node": 148.3904,
        "meta_arg_of_pericenter": 102.1024,
        "meta_mean_anomaly": 258.0828,
        "meta_ephemeris_type": 0,
        "meta_classification_type": "U",
        "meta_norad_cat_id": 67686,
        "meta_element_set_no": 999,
        "meta_rev_at_epoch": 239,
        "meta_bstar": 0.00086445125,
        "meta_mean_motion_dot": 0.00051037,
        "meta_mean_motion_ddot": 0,
        "tle_line1": "1 67686U 98067YC  26053.26221280  .00051037  00000+0  86445-3 0  9997",
        "tle_line2": "2 67686  51.6313 148.3904 0007687 102.1024 258.0828 15.50999605  2397"
      },
      "geometry": {
        "type": "Point",
        "coordinates": [
          -109.2932371517001,
          50.229070305783495
        ]
      }
    },
    {
      "type": "Feature",
      "properties": {
        "norad_id": 67687,
        "name": "LEOPARD",
        "group": "last-30-days",
        "lat": 51.50109974717352,
        "lon": -132.19885874818956,
        "alt_km": 402.5622937061189,
        "timestamp": "2026-02-23T09:00:52.728145+00:00",
        "meta_object_name": "LEOPARD",
        "meta_object_id": "1998-067YD",
        "meta_epoch": "2026-02-22T17:10:32.611008",
        "meta_mean_motion": 15.50684612,
        "meta_eccentricity": 0.00077678,
        "meta_inclination": 51.6314,
        "meta_ra_of_asc_node": 146.1685,
        "meta_arg_of_pericenter": 106.0969,
        "meta_mean_anomaly": 254.0876,
        "meta_ephemeris_type": 0,
        "meta_classification_type": "U",
        "meta_norad_cat_id": 67687,
        "meta_element_set_no": 999,
        "meta_rev_at_epoch": 238,
        "meta_bstar": 0.00077930749,
        "meta_mean_motion_dot": 0.00045416,
        "meta_mean_motion_ddot": 0,
        "tle_line1": "1 67687U 98067YD  26053.71565522  .00045416  00000+0  77931-3 0  9992",
        "tle_line2": "2 67687  51.6314 146.1685 0007767 106.0969 254.0876 15.50684612  2388"
      },
      "geometry": {
        "type": "Point",
        "coordinates": [
          -132.19885874818956,
          51.50109974717352
        ]
      }
    },
    {
      "type": "Feature",
      "properties": {
        "norad_id": 67688,
        "name": "ISS OBJECT YE",
        "group": "last-30-days",
        "lat": 51.08383066937471,
        "lon": -116.01901340016998,
        "alt_km": 401.68703155072126,
        "timestamp": "2026-02-23T09:00:52.728155+00:00",
        "meta_object_name": "ISS OBJECT YE",
        "meta_object_id": "1998-067YE",
        "meta_epoch": "2026-02-22T06:18:34.486560",
        "meta_mean_motion": 15.50878079,
        "meta_eccentricity": 0.00076954,
        "meta_inclination": 51.6324,
        "meta_ra_of_asc_node": 148.3958,
        "meta_arg_of_pericenter": 103.3001,
        "meta_mean_anomaly": 256.8847,
        "meta_ephemeris_type": 0,
        "meta_classification_type": "U",
        "meta_norad_cat_id": 67688,
        "meta_element_set_no": 999,
        "meta_rev_at_epoch": 231,
        "meta_bstar": 0.00081294922,
        "meta_mean_motion_dot": 0.0004774,
        "meta_mean_motion_ddot": 0,
        "tle_line1": "1 67688U 98067YE  26053.26289915  .00047740  00000+0  81295-3 0  9992",
        "tle_line2": "2 67688  51.6324 148.3958 0007695 103.3001 256.8847 15.50878079  2317"
      },
      "geometry": {
        "type": "Point",
        "coordinates": [
          -116.01901340016998,
          51.08383066937471
        ]
      }
    },
    {
      "type": "Feature",
      "properties": {
        "norad_id": 67689,
        "name": "PRC TEST SPACECRAFT 4",
        "group": "last-30-days",
        "lat": 49.90422075836253,
        "lon": -176.24758776357092,
        "alt_km": 589.3160073531544,
        "timestamp": "2026-02-23T09:00:52.728165+00:00",
        "meta_object_name": "PRC TEST SPACECRAFT 4",
        "meta_object_id": "2026-024A",
        "meta_epoch": "2026-02-22T22:57:20.088864",
        "meta_mean_motion": 14.91676418,
        "meta_eccentricity": 0.00061827,
        "meta_inclination": 49.9851,
        "meta_ra_of_asc_node": 91.9334,
        "meta_arg_of_pericenter": 303.3787,
        "meta_mean_anomaly": 56.6563,
        "meta_ephemeris_type": 0,
        "meta_classification_type": "U",
        "meta_norad_cat_id": 67689,
        "meta_element_set_no": 999,
        "meta_rev_at_epoch": 238,
        "meta_bstar": 2.4064656e-05,
        "meta_mean_motion_dot": 0,
        "meta_mean_motion_ddot": 0,
        "tle_line1": "1 67689U 26024A   26053.95648251  .00000000  00000+0  24065-4 0  9996",
        "tle_line2": "2 67689  49.9851  91.9334 0006182 303.3787  56.6563 14.91676418  2382"
      },
      "geometry": {
        "type": "Point",
        "coordinates": [
          -176.24758776357092,
          49.90422075836253
        ]
      }
    },
    {
      "type": "Feature",
      "properties": {
        "norad_id": 67690,
        "name": "CZ-2F R/B",
        "group": "last-30-days",
        "lat": 13.095774322154321,
        "lon": 97.62711627433947,
        "alt_km": 577.7188317488344,
        "timestamp": "2026-02-23T09:00:52.728175+00:00",
        "meta_object_name": "CZ-2F R/B",
        "meta_object_id": "2026-024B",
        "meta_epoch": "2026-02-22T21:59:31.390656",
        "meta_mean_motion": 15.33680834,
        "meta_eccentricity": 0.01761836,
        "meta_inclination": 49.9858,
        "meta_ra_of_asc_node": 88.6596,
        "meta_arg_of_pericenter": 213.6535,
        "meta_mean_anomaly": 145.3136,
        "meta_ephemeris_type": 0,
        "meta_classification_type": "U",
        "meta_norad_cat_id": 67690,
        "meta_element_set_no": 999,
        "meta_rev_at_epoch": 242,
        "meta_bstar": 0.00038570761,
        "meta_mean_motion_dot": 0.00020825,
        "meta_mean_motion_ddot": 0,
        "tle_line1": "1 67690U 26024B   26053.91633554  .00020825  00000+0  38571-3 0  9997",
        "tle_line2": "2 67690  49.9858  88.6596 0176183 213.6535 145.3136 15.33680834  2428"
      },
      "geometry": {
        "type": "Point",
        "coordinates": [
          97.62711627433947,
          13.095774322154321
        ]
      }
    },
    {
      "type": "Feature",
      "properties": {
        "norad_id": 67691,
        "name": "CZ-2F DEB",
        "group": "last-30-days",
        "lat": 21.81562487853485,
        "lon": -117.59800073247298,
        "alt_km": 292.6815154770802,
        "timestamp": "2026-02-23T09:00:52.728187+00:00",
        "meta_object_name": "CZ-2F DEB",
        "meta_object_id": "2026-024C",
        "meta_epoch": "2026-02-22T21:43:19.860672",
        "meta_mean_motion": 15.7748523,
        "meta_eccentricity": 0.02151666,
        "meta_inclination": 49.905,
        "meta_ra_of_asc_node": 84.6378,
        "meta_arg_of_pericenter": 223.6246,
        "meta_mean_anomaly": 134.7545,
        "meta_ephemeris_type": 0,
        "meta_classification_type": "U",
        "meta_norad_cat_id": 67691,
        "meta_element_set_no": 999,
        "meta_rev_at_epoch": 246,
        "meta_bstar": 0.00086085991,
        "meta_mean_motion_dot": 0.00812503,
        "meta_mean_motion_ddot": 1.0471294e-05,
        "tle_line1": "1 67691U 26024C   26053.90509098  .00812503  10471-4  86086-3 0  9996",
        "tle_line2": "2 67691  49.9050  84.6378 0215166 223.6246 134.7545 15.77485230  2463"
      },
      "geometry": {
        "type": "Point",
        "coordinates": [
          -117.59800073247298,
          21.81562487853485
        ]
      }
    },
    {
      "type": "Feature",
      "properties": {
        "norad_id": 67692,
        "name": "CZ-2F DEB",
        "group": "last-30-days",
        "lat": 36.77610149123855,
        "lon": 127.09592847729219,
        "alt_km": 675.2844643202952,
        "timestamp": "2026-02-23T09:00:52.728197+00:00",
        "meta_object_name": "CZ-2F DEB",
        "meta_object_id": "2026-024D",
        "meta_epoch": "2026-02-22T21:43:45.768576",
        "meta_mean_motion": 15.19003541,
        "meta_eccentricity": 0.02527599,
        "meta_inclination": 50.3145,
        "meta_ra_of_asc_node": 91.0232,
        "meta_arg_of_pericenter": 221.8741,
        "meta_mean_anomaly": 136.2639,
        "meta_ephemeris_type": 0,
        "meta_classification_type": "U",
        "meta_norad_cat_id": 67692,
        "meta_element_set_no": 999,
        "meta_rev_at_epoch": 237,
        "meta_bstar": 0.0043791676,
        "meta_mean_motion_dot": 0.00226917,
        "meta_mean_motion_ddot": 0,
        "tle_line1": "1 67692U 26024D   26053.90539084  .00226917  00000+0  43792-2 0  9991",
        "tle_line2": "2 67692  50.3145  91.0232 0252759 221.8741 136.2639 15.19003541  2373"
      },
      "geometry": {
        "type": "Point",
        "coordinates": [
          127.09592847729219,
          36.77610149123855
        ]
      }
    },
    {
      "type": "Feature",
      "properties": {
        "norad_id": 67693,
        "name": "STARLINK-36748",
        "group": "last-30-days",
        "lat": -2.0943628349306986,
        "lon": 165.46701763610068,
        "alt_km": 338.95112923411943,
        "timestamp": "2026-02-23T09:00:52.728207+00:00",
        "meta_object_name": "STARLINK-36748",
        "meta_object_id": "2026-025A",
        "meta_epoch": "2026-02-22T22:00:01.999584",
        "meta_mean_motion": 15.80201498,
        "meta_eccentricity": 0.00017852,
        "meta_inclination": 97.2816,
        "meta_ra_of_asc_node": 164.7149,
        "meta_arg_of_pericenter": 104.8104,
        "meta_mean_anomaly": 165.9578,
        "meta_ephemeris_type": 0,
        "meta_classification_type": "U",
        "meta_norad_cat_id": 67693,
        "meta_element_set_no": 999,
        "meta_rev_at_epoch": 347,
        "meta_bstar": -0.01207436,
        "meta_mean_motion_dot": -0.01956722,
        "meta_mean_motion_ddot": 0,
        "tle_line1": "1 67693U 26025A   26053.91668981 -.01956722  00000+0 -12074-1 0  9998",
        "tle_line2": "2 67693  97.2816 164.7149 0001785 104.8104 165.9578 15.80201498  3470"
      },
      "geometry": {
        "type": "Point",
        "coordinates": [
          165.46701763610068,
          -2.0943628349306986
        ]
      }
    },
    {
      "type": "Feature",
      "properties": {
        "norad_id": 67694,
        "name": "STARLINK-36753",
        "group": "last-30-days",
        "lat": 30.180756696170672,
        "lon": 160.94773523248054,
        "alt_km": 326.4385410618879,
        "timestamp": "2026-02-23T09:00:52.728221+00:00",
        "meta_object_name": "STARLINK-36753",
        "meta_object_id": "2026-025B",
        "meta_epoch": "2026-02-22T22:00:01.999584",
        "meta_mean_motion": 15.80834713,
        "meta_eccentricity": 0.00012886,
        "meta_inclination": 97.2797,
        "meta_ra_of_asc_node": 164.7261,
        "meta_arg_of_pericenter": 96.9012,
        "meta_mean_anomaly": 203.7544,
        "meta_ephemeris_type": 0,
        "meta_classification_type": "U",
        "meta_norad_cat_id": 67694,
        "meta_element_set_no": 999,
        "meta_rev_at_epoch": 363,
        "meta_bstar": -0.00028961522,
        "meta_mean_motion_dot": -0.00055314,
        "meta_mean_motion_ddot": 0,
        "tle_line1": "1 67694U 26025B   26053.91668981 -.00055314  00000+0 -28962-3 0  9990",
        "tle_line2": "2 67694  97.2797 164.7261 0001288  96.9012 203.7544 15.80834713  3635"
      },
      "geometry": {
        "type": "Point",
        "coordinates": [
          160.94773523248054,
          30.180756696170672
        ]
      }
    },
    {
      "type": "Feature",
      "properties": {
        "norad_id": 67695,
        "name": "STARLINK-36750",
        "group": "last-30-days",
        "lat": 11.42551059340024,
        "lon": 163.7238404738292,
        "alt_km": 329.5827714068364,
        "timestamp": "2026-02-23T09:00:52.728231+00:00",
        "meta_object_name": "STARLINK-36750",
        "meta_object_id": "2026-025C",
        "meta_epoch": "2026-02-22T22:00:01.999584",
        "meta_mean_motion": 15.80874276,
        "meta_eccentricity": 8.226e-05,
        "meta_inclination": 97.2817,
        "meta_ra_of_asc_node": 164.7193,
        "meta_arg_of_pericenter": 83.3162,
        "meta_mean_anomaly": 198.3813,
        "meta_ephemeris_type": 0,
        "meta_classification_type": "U",
        "meta_norad_cat_id": 67695,
        "meta_element_set_no": 999,
        "meta_rev_at_epoch": 347,
        "meta_bstar": -0.00046838881,
        "meta_mean_motion_dot": -0.00089182,
        "meta_mean_motion_ddot": 0,
        "tle_line1": "1 67695U 26025C   26053.91668981 -.00089182  00000+0 -46839-3 0  9994",
        "tle_line2": "2 67695  97.2817 164.7193 0000822  83.3162 198.3813 15.80874276  3470"
      },
      "geometry": {
        "type": "Point",
        "coordinates": [
          163.7238404738292,
          11.42551059340024
        ]
      }
    },
    {
      "type": "Feature",
      "properties": {
        "norad_id": 67696,
        "name": "STARLINK-36401",
        "group": "last-30-days",
        "lat": 20.163199872030038,
        "lon": 162.5176525178144,
        "alt_km": 328.12320345016633,
        "timestamp": "2026-02-23T09:00:52.728243+00:00",
        "meta_object_name": "STARLINK-36401",
        "meta_object_id": "2026-025D",
        "meta_epoch": "2026-02-22T22:00:01.999584",
        "meta_mean_motion": 15.8082841,
        "meta_eccentricity": 8.902e-05,
        "meta_inclination": 97.2802,
        "meta_ra_of_asc_node": 164.7231,
        "meta_arg_of_pericenter": 89.7219,
        "meta_mean_anomaly": 200.805,
        "meta_ephemeris_type": 0,
        "meta_classification_type": "U",
        "meta_norad_cat_id": 67696,
        "meta_element_set_no": 999,
        "meta_rev_at_epoch": 347,
        "meta_bstar": -9.1898518e-05,
        "meta_mean_motion_dot": -0.00017718,
        "meta_mean_motion_ddot": 0,
        "tle_line1": "1 67696U 26025D   26053.91668981 -.00017718  00000+0 -91899-4 0  9998",
        "tle_line2": "2 67696  97.2802 164.7231 0000890  89.7219 200.8050 15.80828410  3477"
      },
      "geometry": {
        "type": "Point",
        "coordinates": [
          162.5176525178144,
          20.163199872030038
        ]
      }
    },
    {
      "type": "Feature",
      "properties": {
        "norad_id": 67697,
        "name": "STARLINK-36704",
        "group": "last-30-days",
        "lat": 40.36950958443794,
        "lon": 158.97625918637561,
        "alt_km": 324.6139507871958,
        "timestamp": "2026-02-23T09:00:52.728253+00:00",
        "meta_object_name": "STARLINK-36704",
        "meta_object_id": "2026-025E",
        "meta_epoch": "2026-02-22T22:00:01.999584",
        "meta_mean_motion": 15.80875223,
        "meta_eccentricity": 0.00012079,
        "meta_inclination": 97.2795,
        "meta_ra_of_asc_node": 164.7301,
        "meta_arg_of_pericenter": 80.8249,
        "meta_mean_anomaly": 230.1106,
        "meta_ephemeris_type": 0,
        "meta_classification_type": "U",
        "meta_norad_cat_id": 67697,
        "meta_element_set_no": 999,
        "meta_rev_at_epoch": 347,
        "meta_bstar": -0.00063969255,
        "meta_mean_motion_dot": -0.00121313,
        "meta_mean_motion_ddot": 0,
        "tle_line1": "1 67697U 26025E   26053.91668981 -.00121313  00000+0 -63969-3 0  9992",
        "tle_line2": "2 67697  97.2795 164.7301 0001207  80.8249 230.1106 15.80875223  3477"
      },
      "geometry": {
        "type": "Point",
        "coordinates": [
          158.97625918637561,
          40.36950958443794
        ]
      }
    },
    {
      "type": "Feature",
      "properties": {
        "norad_id": 67698,
        "name": "STARLINK-36697",
        "group": "last-30-days",
        "lat": 47.759023985323076,
        "lon": 157.12681643332024,
        "alt_km": 323.48379709657,
        "timestamp": "2026-02-23T09:00:52.728263+00:00",
        "meta_object_name": "STARLINK-36697",
        "meta_object_id": "2026-025F",
        "meta_epoch": "2026-02-22T22:00:01.999584",
        "meta_mean_motion": 15.80860692,
        "meta_eccentricity": 0.00012812,
        "meta_inclination": 97.2789,
        "meta_ra_of_asc_node": 164.7338,
        "meta_arg_of_pericenter": 100.6199,
        "meta_mean_anomaly": 217.7988,
        "meta_ephemeris_type": 0,
        "meta_classification_type": "U",
        "meta_norad_cat_id": 67698,
        "meta_element_set_no": 999,
        "meta_rev_at_epoch": 342,
        "meta_bstar": -0.00036537319,
        "meta_mean_motion_dot": -0.00069714,
        "meta_mean_motion_ddot": 0,
        "tle_line1": "1 67698U 26025F   26053.91668981 -.00069714  00000+0 -36537-3 0  9990",
        "tle_line2": "2 67698  97.2789 164.7338 0001281 100.6199 217.7988 15.80860692  3426"
      },
      "geometry": {
        "type": "Point",
        "coordinates": [
          157.12681643332024,
          47.759023985323076
        ]
      }
    },
    {
      "type": "Feature",
      "properties": {
        "norad_id": 67699,
        "name": "STARLINK-36716",
        "group": "last-30-days",
        "lat": 57.36197734532509,
        "lon": 153.7077843718626,
        "alt_km": 321.99414134068684,
        "timestamp": "2026-02-23T09:00:52.728275+00:00",
        "meta_object_name": "STARLINK-36716",
        "meta_object_id": "2026-025G",
        "meta_epoch": "2026-02-22T22:00:01.999584",
        "meta_mean_motion": 15.80845608,
        "meta_eccentricity": 0.00016465,
        "meta_inclination": 97.2805,
        "meta_ra_of_asc_node": 164.7374,
        "meta_arg_of_pericenter": 104.54,
        "meta_mean_anomaly": 223.7103,
        "meta_ephemeris_type": 0,
        "meta_classification_type": "U",
        "meta_norad_cat_id": 67699,
        "meta_element_set_no": 999,
        "meta_rev_at_epoch": 363,
        "meta_bstar": -0.0003585383,
        "meta_mean_motion_dot": -0.00068379,
        "meta_mean_motion_ddot": 0,
        "tle_line1": "1 67699U 26025G   26053.91668981 -.00068379  00000+0 -35854-3 0  9998",
        "tle_line2": "2 67699  97.2805 164.7374 0001646 104.5400 223.7103 15.80845608  3638"
      },
      "geometry": {
        "type": "Point",
        "coordinates": [
          153.7077843718626,
          57.36197734532509
        ]
      }
    },
    {
      "type": "Feature",
      "properties": {
        "norad_id": 67700,
        "name": "STARLINK-36712",
        "group": "last-30-days",
        "lat": 66.66626545185018,
        "lon": 147.99451290986667,
        "alt_km": 320.8843806339264,
        "timestamp": "2026-02-23T09:00:52.728285+00:00",
        "meta_object_name": "STARLINK-36712",
        "meta_object_id": "2026-025H",
        "meta_epoch": "2026-02-22T22:00:01.999584",
        "meta_mean_motion": 15.80797909,
        "meta_eccentricity": 0.00014194,
        "meta_inclination": 97.2773,
        "meta_ra_of_asc_node": 164.7422,
        "meta_arg_of_pericenter": 110.4232,
        "meta_mean_anomaly": 227.4731,
        "meta_ephemeris_type": 0,
        "meta_classification_type": "U",
        "meta_norad_cat_id": 67700,
        "meta_element_set_no": 999,
        "meta_rev_at_epoch": 342,
        "meta_bstar": 0.00023822317,
        "meta_mean_motion_dot": 0.00045691,
        "meta_mean_motion_ddot": 0,
        "tle_line1": "1 67700U 26025H   26053.91668981  .00045691  00000+0  23822-3 0  9993",
        "tle_line2": "2 67700  97.2773 164.7422 0001419 110.4232 227.4731 15.80797909  3421"
      },
      "geometry": {
        "type": "Point",
        "coordinates": [
          147.99451290986667,
          66.66626545185018
        ]
      }
    },
    {
      "type": "Feature",
      "properties": {
        "norad_id": 67701,
        "name": "STARLINK-36713",
        "group": "last-30-days",
        "lat": 75.53242884142385,
        "lon": 135.544544191732,
        "alt_km": 320.7177157257156,
        "timestamp": "2026-02-23T09:00:52.728294+00:00",
        "meta_object_name": "STARLINK-36713",
        "meta_object_id": "2026-025J",
        "meta_epoch": "2026-02-22T22:00:01.999584",
        "meta_mean_motion": 15.80845278,
        "meta_eccentricity": 5.674e-05,
        "meta_inclination": 97.2763,
        "meta_ra_of_asc_node": 164.7445,
        "meta_arg_of_pericenter": 87.1053,
        "meta_mean_anomaly": 260.4643,
        "meta_ephemeris_type": 0,
        "meta_classification_type": "U",
        "meta_norad_cat_id": 67701,
        "meta_element_set_no": 999,
        "meta_rev_at_epoch": 363,
        "meta_bstar": -0.00035834495,
        "meta_mean_motion_dot": -0.00068333,
        "meta_mean_motion_ddot": 0,
        "tle_line1": "1 67701U 26025J   26053.91668981 -.00068333  00000+0 -35834-3 0  9990",
        "tle_line2": "2 67701  97.2763 164.7445 0000567  87.1053 260.4643 15.80845278  3635"
      },
      "geometry": {
        "type": "Point",
        "coordinates": [
          135.544544191732,
          75.53242884142385
        ]
      }
    },
    {
      "type": "Feature",
      "properties": {
        "norad_id": 67702,
        "name": "STARLINK-36695",
        "group": "last-30-days",
        "lat": 80.97320042013051,
        "lon": 111.70220038061566,
        "alt_km": 324.3584048364819,
        "timestamp": "2026-02-23T09:00:52.728304+00:00",
        "meta_object_name": "STARLINK-36695",
        "meta_object_id": "2026-025K",
        "meta_epoch": "2026-02-22T22:00:01.999584",
        "meta_mean_motion": 15.81219176,
        "meta_eccentricity": 0.0001055,
        "meta_inclination": 97.275,
        "meta_ra_of_asc_node": 164.7476,
        "meta_arg_of_pericenter": 86.0515,
        "meta_mean_anomaly": 269.5648,
        "meta_ephemeris_type": 0,
        "meta_classification_type": "U",
        "meta_norad_cat_id": 67702,
        "meta_element_set_no": 999,
        "meta_rev_at_epoch": 347,
        "meta_bstar": -0.010772494,
        "meta_mean_motion_dot": -0.01845032,
        "meta_mean_motion_ddot": 0,
        "tle_line1": "1 67702U 26025K   26053.91668981 -.01845032  00000+0 -10772-1 0  9993",
        "tle_line2": "2 67702  97.2750 164.7476 0001055  86.0515 269.5648 15.81219176  3470"
      },
      "geometry": {
        "type": "Point",
        "coordinates": [
          111.70220038061566,
          80.97320042013051
        ]
      }
    },
    {
      "type": "Feature",
      "properties": {
        "norad_id": 67703,
        "name": "STARLINK-36630",
        "group": "last-30-days",
        "lat": 81.93833681287474,
        "lon": 49.642470262366416,
        "alt_km": 319.90847103543,
        "timestamp": "2026-02-23T09:00:52.728316+00:00",
        "meta_object_name": "STARLINK-36630",
        "meta_object_id": "2026-025L",
        "meta_epoch": "2026-02-22T22:00:01.999584",
        "meta_mean_motion": 15.80839064,
        "meta_eccentricity": 0.0001322,
        "meta_inclination": 97.2743,
        "meta_ra_of_asc_node": 164.7513,
        "meta_arg_of_pericenter": 86.4103,
        "meta_mean_anomaly": 277.1375,
        "meta_ephemeris_type": 0,
        "meta_classification_type": "U",
        "meta_norad_cat_id": 67703,
        "meta_element_set_no": 999,
        "meta_rev_at_epoch": 347,
        "meta_bstar": -0.00031585235,
        "meta_mean_motion_dot": -0.00060289,
        "meta_mean_motion_ddot": 0,
        "tle_line1": "1 67703U 26025L   26053.91668981 -.00060289  00000+0 -31585-3 0  9993",
        "tle_line2": "2 67703  97.2743 164.7513 0001322  86.4103 277.1375 15.80839064  3474"
      },
      "geometry": {
        "type": "Point",
        "coordinates": [
          49.642470262366416,
          81.93833681287474
        ]
      }
    },
    {
      "type": "Feature",
      "properties": {
        "norad_id": 67704,
        "name": "STARLINK-36338",
        "group": "last-30-days",
        "lat": 74.14271001900914,
        "lon": 11.964640957153739,
        "alt_km": 320.4968084316233,
        "timestamp": "2026-02-23T09:00:52.728326+00:00",
        "meta_object_name": "STARLINK-36338",
        "meta_object_id": "2026-025M",
        "meta_epoch": "2026-02-22T22:00:01.999584",
        "meta_mean_motion": 15.80832284,
        "meta_eccentricity": 0.00010487,
        "meta_inclination": 97.2741,
        "meta_ra_of_asc_node": 164.7555,
        "meta_arg_of_pericenter": 102.0114,
        "meta_mean_anomaly": 272.1817,
        "meta_ephemeris_type": 0,
        "meta_classification_type": "U",
        "meta_norad_cat_id": 67704,
        "meta_element_set_no": 999,
        "meta_rev_at_epoch": 352,
        "meta_bstar": -0.00032060588,
        "meta_mean_motion_dot": -0.00061168,
        "meta_mean_motion_ddot": 0,
        "tle_line1": "1 67704U 26025M   26053.91668981 -.00061168  00000+0 -32061-3 0  9991",
        "tle_line2": "2 67704  97.2741 164.7555 0001048 102.0114 272.1817 15.80832284  3520"
      },
      "geometry": {
        "type": "Point",
        "coordinates": [
          11.964640957153739,
          74.14271001900914
        ]
      }
    },
    {
      "type": "Feature",
      "properties": {
        "norad_id": 67705,
        "name": "STARLINK-36316",
        "group": "last-30-days",
        "lat": 53.41909813750281,
        "lon": -4.841376468584176,
        "alt_km": 322.44013412248387,
        "timestamp": "2026-02-23T09:00:52.728336+00:00",
        "meta_object_name": "STARLINK-36316",
        "meta_object_id": "2026-025N",
        "meta_epoch": "2026-02-22T22:00:01.999584",
        "meta_mean_motion": 15.80825877,
        "meta_eccentricity": 0.00016225,
        "meta_inclination": 97.2729,
        "meta_ra_of_asc_node": 164.7645,
        "meta_arg_of_pericenter": 86.7759,
        "meta_mean_anomaly": 309.1828,
        "meta_ephemeris_type": 0,
        "meta_classification_type": "U",
        "meta_norad_cat_id": 67705,
        "meta_element_set_no": 999,
        "meta_rev_at_epoch": 352,
        "meta_bstar": -0.00020534067,
        "meta_mean_motion_dot": -0.00039316,
        "meta_mean_motion_ddot": 0,
        "tle_line1": "1 67705U 26025N   26053.91668981 -.00039316  00000+0 -20534-3 0  9994",
        "tle_line2": "2 67705  97.2729 164.7645 0001622  86.7759 309.1828 15.80825877  3521"
      },
      "geometry": {
        "type": "Point",
        "coordinates": [
          -4.841376468584176,
          53.41909813750281
        ]
      }
    },
    {
      "type": "Feature",
      "properties": {
        "norad_id": 67706,
        "name": "STARLINK-36707",
        "group": "last-30-days",
        "lat": 42.059750140119064,
        "lon": -8.129078707503123,
        "alt_km": 324.4972078511273,
        "timestamp": "2026-02-23T09:00:52.728346+00:00",
        "meta_object_name": "STARLINK-36707",
        "meta_object_id": "2026-025P",
        "meta_epoch": "2026-02-22T22:00:01.999584",
        "meta_mean_motion": 15.80817239,
        "meta_eccentricity": 0.00014468,
        "meta_inclination": 97.2723,
        "meta_ra_of_asc_node": 164.7694,
        "meta_arg_of_pericenter": 68.3514,
        "meta_mean_anomaly": 339.1376,
        "meta_ephemeris_type": 0,
        "meta_classification_type": "U",
        "meta_norad_cat_id": 67706,
        "meta_element_set_no": 999,
        "meta_rev_at_epoch": 331,
        "meta_bstar": 1.2126399e-05,
        "meta_mean_motion_dot": 2.182e-05,
        "meta_mean_motion_ddot": 0,
        "tle_line1": "1 67706U 26025P   26053.91668981  .00002182  00000+0  12126-4 0  9993",
        "tle_line2": "2 67706  97.2723 164.7694 0001446  68.3514 339.1376 15.80817239  3310"
      },
      "geometry": {
        "type": "Point",
        "coordinates": [
          -8.129078707503123,
          42.059750140119064
        ]
      }
    },
    {
      "type": "Feature",
      "properties": {
        "norad_id": 67707,
        "name": "STARLINK-36645",
        "group": "last-30-days",
        "lat": 62.48133312406719,
        "lon": -0.5644676300723203,
        "alt_km": 321.4354681765317,
        "timestamp": "2026-02-23T09:00:52.728363+00:00",
        "meta_object_name": "STARLINK-36645",
        "meta_object_id": "2026-025Q",
        "meta_epoch": "2026-02-22T22:00:01.999584",
        "meta_mean_motion": 15.80846387,
        "meta_eccentricity": 0.00015149,
        "meta_inclination": 97.2731,
        "meta_ra_of_asc_node": 164.7599,
        "meta_arg_of_pericenter": 71.2026,
        "meta_mean_anomaly": 315.4052,
        "meta_ephemeris_type": 0,
        "meta_classification_type": "U",
        "meta_norad_cat_id": 67707,
        "meta_element_set_no": 999,
        "meta_rev_at_epoch": 308,
        "meta_bstar": -0.00023588263,
        "meta_mean_motion_dot": -0.00045155,
        "meta_mean_motion_ddot": 0,
        "tle_line1": "1 67707U 26025Q   26053.91668981 -.00045155  00000+0 -23588-3 0  9996",
        "tle_line2": "2 67707  97.2731 164.7599 0001514  71.2026 315.4052 15.80846387  3089"
      },
      "geometry": {
        "type": "Point",
        "coordinates": [
          -0.5644676300723203,
          62.48133312406719
        ]
      }
    },
    {
      "type": "Feature",
      "properties": {
        "norad_id": 67708,
        "name": "STARLINK-36287",
        "group": "last-30-days",
        "lat": 32.1402316990156,
        "lon": -10.1408203479245,
        "alt_km": 326.1479343876081,
        "timestamp": "2026-02-23T09:00:52.728373+00:00",
        "meta_object_name": "STARLINK-36287",
        "meta_object_id": "2026-025R",
        "meta_epoch": "2026-02-22T22:00:01.999584",
        "meta_mean_motion": 15.80943895,
        "meta_eccentricity": 0.0001531,
        "meta_inclination": 97.2714,
        "meta_ra_of_asc_node": 164.773,
        "meta_arg_of_pericenter": 85.1756,
        "meta_mean_anomaly": 332.3035,
        "meta_ephemeris_type": 0,
        "meta_classification_type": "U",
        "meta_norad_cat_id": 67708,
        "meta_element_set_no": 999,
        "meta_rev_at_epoch": 363,
        "meta_bstar": -0.0011199762,
        "meta_mean_motion_dot": -0.00210815,
        "meta_mean_motion_ddot": 0,
        "tle_line1": "1 67708U 26025R   26053.91668981 -.00210815  00000+0 -11200-2 0  9991",
        "tle_line2": "2 67708  97.2714 164.7730 0001531  85.1756 332.3035 15.80943895  3633"
      },
      "geometry": {
        "type": "Point",
        "coordinates": [
          -10.1408203479245,
          32.1402316990156
        ]
      }
    },
    {
      "type": "Feature",
      "properties": {
        "norad_id": 67709,
        "name": "STARLINK-36698",
        "group": "last-30-days",
        "lat": -6.95384201656982,
        "lon": -15.617516123155827,
        "alt_km": 332.42101874011587,
        "timestamp": "2026-02-23T09:00:52.728393+00:00",
        "meta_object_name": "STARLINK-36698",
        "meta_object_id": "2026-025S",
        "meta_epoch": "2026-02-22T22:00:01.999584",
        "meta_mean_motion": 15.82493677,
        "meta_eccentricity": 0.00015548,
        "meta_inclination": 97.27,
        "meta_ra_of_asc_node": 164.7895,
        "meta_arg_of_pericenter": 68.9247,
        "meta_mean_anomaly": 26.6827,
        "meta_ephemeris_type": 0,
        "meta_classification_type": "U",
        "meta_norad_cat_id": 67709,
        "meta_element_set_no": 999,
        "meta_rev_at_epoch": 347,
        "meta_bstar": -0.009353829,
        "meta_mean_motion_dot": -0.01683222,
        "meta_mean_motion_ddot": 0,
        "tle_line1": "1 67709U 26025S   26053.91668981 -.01683222  00000+0 -93538-2 0  9993",
        "tle_line2": "2 67709  97.2700 164.7895 0001554  68.9247  26.6827 15.82493677  3474"
      },
      "geometry": {
        "type": "Point",
        "coordinates": [
          -15.617516123155827,
          -6.95384201656982
        ]
      }
    },
    {
      "type": "Feature",
      "properties": {
        "norad_id": 67710,
        "name": "STARLINK-36344",
        "group": "last-30-days",
        "lat": 17.40936004182773,
        "lon": -12.441161218537161,
        "alt_km": 329.88553417984804,
        "timestamp": "2026-02-23T09:00:52.728403+00:00",
        "meta_object_name": "STARLINK-36344",
        "meta_object_id": "2026-025T",
        "meta_epoch": "2026-02-22T22:00:01.999584",
        "meta_mean_motion": 15.8155084,
        "meta_eccentricity": 0.00016003,
        "meta_inclination": 97.2711,
        "meta_ra_of_asc_node": 164.7795,
        "meta_arg_of_pericenter": 59.1039,
        "meta_mean_anomaly": 12.9917,
        "meta_ephemeris_type": 0,
        "meta_classification_type": "U",
        "meta_norad_cat_id": 67710,
        "meta_element_set_no": 999,
        "meta_rev_at_epoch": 363,
        "meta_bstar": -0.006228388,
        "meta_mean_motion_dot": -0.01108876,
        "meta_mean_motion_ddot": 0,
        "tle_line1": "1 67710U 26025T   26053.91668981 -.01108876  00000+0 -62284-2 0  9996",
        "tle_line2": "2 67710  97.2711 164.7795 0001600  59.1039  12.9917 15.81550840  3631"
      },
      "geometry": {
        "type": "Point",
        "coordinates": [
          -12.441161218537161,
          17.40936004182773
        ]
      }
    },
    {
      "type": "Feature",
      "properties": {
        "norad_id": 67711,
        "name": "STARLINK-36687",
        "group": "last-30-days",
        "lat": 6.0752067235558265,
        "lon": -13.952385346097467,
        "alt_km": 331.26962504531457,
        "timestamp": "2026-02-23T09:00:52.728413+00:00",
        "meta_object_name": "STARLINK-36687",
        "meta_object_id": "2026-025U",
        "meta_epoch": "2026-02-22T22:00:01.999584",
        "meta_mean_motion": 15.81982399,
        "meta_eccentricity": 0.00015758,
        "meta_inclination": 97.2704,
        "meta_ra_of_asc_node": 164.7841,
        "meta_arg_of_pericenter": 65.2313,
        "meta_mean_anomaly": 17.8345,
        "meta_ephemeris_type": 0,
        "meta_classification_type": "U",
        "meta_norad_cat_id": 67711,
        "meta_element_set_no": 999,
        "meta_rev_at_epoch": 363,
        "meta_bstar": -0.0078568992,
        "meta_mean_motion_dot": -0.01386866,
        "meta_mean_motion_ddot": 0,
        "tle_line1": "1 67711U 26025U   26053.91668981 -.01386866  00000+0 -78569-2 0  9997",
        "tle_line2": "2 67711  97.2704 164.7841 0001575  65.2313  17.8345 15.81982399  3637"
      },
      "geometry": {
        "type": "Point",
        "coordinates": [
          -13.952385346097467,
          6.0752067235558265
        ]
      }
    },
    {
      "type": "Feature",
      "properties": {
        "norad_id": 67712,
        "name": "STARLINK-36705",
        "group": "last-30-days",
        "lat": -20.62473993758101,
        "lon": -17.47391250495288,
        "alt_km": 332.8328875862371,
        "timestamp": "2026-02-23T09:00:52.728423+00:00",
        "meta_object_name": "STARLINK-36705",
        "meta_object_id": "2026-025V",
        "meta_epoch": "2026-02-22T22:00:01.999584",
        "meta_mean_motion": 15.82892558,
        "meta_eccentricity": 0.00017349,
        "meta_inclination": 97.2691,
        "meta_ra_of_asc_node": 164.7944,
        "meta_arg_of_pericenter": 65.2613,
        "meta_mean_anomaly": 43.4558,
        "meta_ephemeris_type": 0,
        "meta_classification_type": "U",
        "meta_norad_cat_id": 67712,
        "meta_element_set_no": 999,
        "meta_rev_at_epoch": 353,
        "meta_bstar": -0.0090088241,
        "meta_mean_motion_dot": -0.01656236,
        "meta_mean_motion_ddot": 0,
        "tle_line1": "1 67712U 26025V   26053.91668981 -.01656236  00000+0 -90088-2 0  9999",
        "tle_line2": "2 67712  97.2691 164.7944 0001734  65.2613  43.4558 15.82892558  3535"
      },
      "geometry": {
        "type": "Point",
        "coordinates": [
          -17.47391250495288,
          -20.62473993758101
        ]
      }
    },
    {
      "type": "Feature",
      "properties": {
        "norad_id": 67713,
        "name": "STARLINK-36708",
        "group": "last-30-days",
        "lat": -52.91056602553882,
        "lon": -24.42650967696469,
        "alt_km": 332.1472764690707,
        "timestamp": "2026-02-23T09:00:52.728433+00:00",
        "meta_object_name": "STARLINK-36708",
        "meta_object_id": "2026-025W",
        "meta_epoch": "2026-02-22T22:00:01.999584",
        "meta_mean_motion": 15.83918623,
        "meta_eccentricity": 0.00019533,
        "meta_inclination": 97.2686,
        "meta_ra_of_asc_node": 164.8075,
        "meta_arg_of_pericenter": 73.0153,
        "meta_mean_anomaly": 66.8558,
        "meta_ephemeris_type": 0,
        "meta_classification_type": "U",
        "meta_norad_cat_id": 67713,
        "meta_element_set_no": 999,
        "meta_rev_at_epoch": 353,
        "meta_bstar": -0.0090340395,
        "meta_mean_motion_dot": -0.01732065,
        "meta_mean_motion_ddot": 0,
        "tle_line1": "1 67713U 26025W   26053.91668981 -.01732065  00000+0 -90340-2 0  9996",
        "tle_line2": "2 67713  97.2686 164.8075 0001953  73.0153  66.8558 15.83918623  3537"
      },
      "geometry": {
        "type": "Point",
        "coordinates": [
          -24.42650967696469,
          -52.91056602553882
        ]
      }
    },
    {
      "type": "Feature",
      "properties": {
        "norad_id": 67714,
        "name": "STARLINK-36702",
        "group": "last-30-days",
        "lat": -43.218292791315015,
        "lon": -21.599584930057052,
        "alt_km": 332.6120307219344,
        "timestamp": "2026-02-23T09:00:52.728443+00:00",
        "meta_object_name": "STARLINK-36702",
        "meta_object_id": "2026-025X",
        "meta_epoch": "2026-02-22T22:00:01.999584",
        "meta_mean_motion": 15.83616846,
        "meta_eccentricity": 0.00019031,
        "meta_inclination": 97.2687,
        "meta_ra_of_asc_node": 164.8032,
        "meta_arg_of_pericenter": 70.2724,
        "meta_mean_anomaly": 60.201,
        "meta_ephemeris_type": 0,
        "meta_classification_type": "U",
        "meta_norad_cat_id": 67714,
        "meta_element_set_no": 999,
        "meta_rev_at_epoch": 326,
        "meta_bstar": -0.0091374559,
        "meta_mean_motion_dot": -0.01727496,
        "meta_mean_motion_ddot": 0,
        "tle_line1": "1 67714U 26025X   26053.91668981 -.01727496  00000+0 -91375-2 0  9998",
        "tle_line2": "2 67714  97.2687 164.8032 0001903  70.2724  60.2010 15.83616846  3263"
      },
      "geometry": {
        "type": "Point",
        "coordinates": [
          -21.599584930057052,
          -43.218292791315015
        ]
      }
    },
    {
      "type": "Feature",
      "properties": {
        "norad_id": 67715,
        "name": "STARLINK-36718",
        "group": "last-30-days",
        "lat": -75.1979078490368,
        "lon": -43.57921113994163,
        "alt_km": 330.1687560398368,
        "timestamp": "2026-02-23T09:00:52.728456+00:00",
        "meta_object_name": "STARLINK-36718",
        "meta_object_id": "2026-025Y",
        "meta_epoch": "2026-02-22T22:00:01.999584",
        "meta_mean_motion": 15.84632212,
        "meta_eccentricity": 0.0001618,
        "meta_inclination": 97.2688,
        "meta_ra_of_asc_node": 164.8183,
        "meta_arg_of_pericenter": 72.1632,
        "meta_mean_anomaly": 90.1116,
        "meta_ephemeris_type": 0,
        "meta_classification_type": "U",
        "meta_norad_cat_id": 67715,
        "meta_element_set_no": 999,
        "meta_rev_at_epoch": 347,
        "meta_bstar": -0.0086140642,
        "meta_mean_motion_dot": -0.01711891,
        "meta_mean_motion_ddot": 0,
        "tle_line1": "1 67715U 26025Y   26053.91668981 -.01711891  00000+0 -86141-2 0  9996",
        "tle_line2": "2 67715  97.2688 164.8183 0001618  72.1632  90.1116 15.84632212  3472"
      },
      "geometry": {
        "type": "Point",
        "coordinates": [
          -43.57921113994163,
          -75.1979078490368
        ]
      }
    },
    {
      "type": "Feature",
      "properties": {
        "norad_id": 67716,
        "name": "STARLINK-36715",
        "group": "last-30-days",
        "lat": -64.99830461772802,
        "lon": -30.585077420946213,
        "alt_km": 331.24911887019243,
        "timestamp": "2026-02-23T09:00:52.728466+00:00",
        "meta_object_name": "STARLINK-36715",
        "meta_object_id": "2026-025Z",
        "meta_epoch": "2026-02-22T22:00:01.999584",
        "meta_mean_motion": 15.84297401,
        "meta_eccentricity": 0.00018767,
        "meta_inclination": 97.2684,
        "meta_ra_of_asc_node": 164.8129,
        "meta_arg_of_pericenter": 74.3087,
        "meta_mean_anomaly": 77.4433,
        "meta_ephemeris_type": 0,
        "meta_classification_type": "U",
        "meta_norad_cat_id": 67716,
        "meta_element_set_no": 999,
        "meta_rev_at_epoch": 353,
        "meta_bstar": -0.0088288939,
        "meta_mean_motion_dot": -0.01724808,
        "meta_mean_motion_ddot": 0,
        "tle_line1": "1 67716U 26025Z   26053.91668981 -.01724808  00000+0 -88289-2 0  9994",
        "tle_line2": "2 67716  97.2684 164.8129 0001876  74.3087  77.4433 15.84297401  3537"
      },
      "geometry": {
        "type": "Point",
        "coordinates": [
          -30.585077420946213,
          -64.99830461772802
        ]
      }
    },
    {
      "type": "Feature",
      "properties": {
        "norad_id": 67717,
        "name": "STARLINK-36385",
        "group": "last-30-days",
        "lat": -31.53210725553444,
        "lon": -19.206731759205464,
        "alt_km": 332.62948819363373,
        "timestamp": "2026-02-23T09:00:52.728475+00:00",
        "meta_object_name": "STARLINK-36385",
        "meta_object_id": "2026-025AA",
        "meta_epoch": "2026-02-22T22:00:01.999584",
        "meta_mean_motion": 15.8318762,
        "meta_eccentricity": 0.00017487,
        "meta_inclination": 97.2696,
        "meta_ra_of_asc_node": 164.8,
        "meta_arg_of_pericenter": 71.3575,
        "meta_mean_anomaly": 47.8261,
        "meta_ephemeris_type": 0,
        "meta_classification_type": "U",
        "meta_norad_cat_id": 67717,
        "meta_element_set_no": 999,
        "meta_rev_at_epoch": 353,
        "meta_bstar": -0.0083997023,
        "meta_mean_motion_dot": -0.01577185,
        "meta_mean_motion_ddot": 0,
        "tle_line1": "1 67717U 26025AA  26053.91668981 -.01577185  00000+0 -83997-2 0  9990",
        "tle_line2": "2 67717  97.2696 164.8000 0001748  71.3575  47.8261 15.83187620  3536"
      },
      "geometry": {
        "type": "Point",
        "coordinates": [
          -19.206731759205464,
          -31.53210725553444
        ]
      }
    },
    {
      "type": "Feature",
      "properties": {
        "norad_id": 67718,
        "name": "CZ-2F DEB",
        "group": "last-30-days",
        "lat": 36.79477156268075,
        "lon": 127.12627357126665,
        "alt_km": 675.2335077061134,
        "timestamp": "2026-02-23T09:00:52.728490+00:00",
        "meta_object_name": "CZ-2F DEB",
        "meta_object_id": "2026-024E",
        "meta_epoch": "2026-02-22T12:15:21.686688",
        "meta_mean_motion": 15.18825157,
        "meta_eccentricity": 0.0253411,
        "meta_inclination": 50.3142,
        "meta_ra_of_asc_node": 92.9451,
        "meta_arg_of_pericenter": 220.306,
        "meta_mean_anomaly": 137.887,
        "meta_ephemeris_type": 0,
        "meta_classification_type": "U",
        "meta_norad_cat_id": 67718,
        "meta_element_set_no": 999,
        "meta_rev_at_epoch": 232,
        "meta_bstar": 0.0046594,
        "meta_mean_motion_dot": 0.00241116,
        "meta_mean_motion_ddot": 0,
        "tle_line1": "1 67718U 26024E   26053.51066767  .00241116  00000+0  46594-2 0  9991",
        "tle_line2": "2 67718  50.3142  92.9451 0253411 220.3060 137.8870 15.18825157  2329"
      },
      "geometry": {
        "type": "Point",
        "coordinates": [
          127.12627357126665,
          36.79477156268075
        ]
      }
    },
    {
      "type": "Feature",
      "properties": {
        "norad_id": 67719,
        "name": "CZ-2F DEB",
        "group": "last-30-days",
        "lat": 13.478952550233176,
        "lon": 102.28092904973845,
        "alt_km": 785.5411510897766,
        "timestamp": "2026-02-23T09:00:52.728500+00:00",
        "meta_object_name": "CZ-2F DEB",
        "meta_object_id": "2026-024F",
        "meta_epoch": "2026-02-22T21:43:58.424448",
        "meta_mean_motion": 14.99008866,
        "meta_eccentricity": 0.03274406,
        "meta_inclination": 49.7904,
        "meta_ra_of_asc_node": 92.8295,
        "meta_arg_of_pericenter": 212.2164,
        "meta_mean_anomaly": 145.8398,
        "meta_ephemeris_type": 0,
        "meta_classification_type": "U",
        "meta_norad_cat_id": 67719,
        "meta_element_set_no": 999,
        "meta_rev_at_epoch": 202,
        "meta_bstar": 0.0042697391,
        "meta_mean_motion_dot": 0.00170171,
        "meta_mean_motion_ddot": 0,
        "tle_line1": "1 67719U 26024F   26053.90553732  .00170171  00000+0  42697-2 0  9990",
        "tle_line2": "2 67719  49.7904  92.8295 0327440 212.2164 145.8398 14.99008866  2021"
      },
      "geometry": {
        "type": "Point",
        "coordinates": [
          102.28092904973845,
          13.478952550233176
        ]
      }
    },
    {
      "type": "Feature",
      "properties": {
        "norad_id": 67720,
        "name": "CZ-2F DEB",
        "group": "last-30-days",
        "lat": -30.679610822747257,
        "lon": -59.0051028487011,
        "alt_km": 350.654975321625,
        "timestamp": "2026-02-23T09:00:52.728513+00:00",
        "meta_object_name": "CZ-2F DEB",
        "meta_object_id": "2026-024G",
        "meta_epoch": "2026-02-22T22:24:23.741568",
        "meta_mean_motion": 14.96362909,
        "meta_eccentricity": 0.03380755,
        "meta_inclination": 49.8299,
        "meta_ra_of_asc_node": 93.0203,
        "meta_arg_of_pericenter": 208.7694,
        "meta_mean_anomaly": 149.4228,
        "meta_ephemeris_type": 0,
        "meta_classification_type": "U",
        "meta_norad_cat_id": 67720,
        "meta_element_set_no": 999,
        "meta_rev_at_epoch": 234,
        "meta_bstar": 0.004360621,
        "meta_mean_motion_dot": 0.00169317,
        "meta_mean_motion_ddot": 0,
        "tle_line1": "1 67720U 26024G   26053.93360812  .00169317  00000+0  43606-2 0  9991",
        "tle_line2": "2 67720  49.8299  93.0203 0338075 208.7694 149.4228 14.96362909  2342"
      },
      "geometry": {
        "type": "Point",
        "coordinates": [
          -59.0051028487011,
          -30.679610822747257
        ]
      }
    },
    {
      "type": "Feature",
      "properties": {
        "norad_id": 67721,
        "name": "STARLINK-36772",
        "group": "last-30-days",
        "lat": -62.55990879383079,
        "lon": -85.94236584847113,
        "alt_km": 258.32622899896705,
        "timestamp": "2026-02-23T09:00:52.728523+00:00",
        "meta_object_name": "STARLINK-36772",
        "meta_object_id": "2026-026A",
        "meta_epoch": "2026-02-11T18:04:34.000320",
        "meta_mean_motion": 16.0775077,
        "meta_eccentricity": 0.00034,
        "meta_inclination": 97.28,
        "meta_ra_of_asc_node": 95.528,
        "meta_arg_of_pericenter": 259.08,
        "meta_mean_anomaly": 81.22,
        "meta_ephemeris_type": 0,
        "meta_classification_type": "U",
        "meta_norad_cat_id": 67721,
        "meta_element_set_no": 999,
        "meta_rev_at_epoch": 1,
        "meta_bstar": 0,
        "meta_mean_motion_dot": -7.25e-06,
        "meta_mean_motion_ddot": 2.293429e-06,
        "tle_line1": "1 67721U 26026A   26042.75317130 -.00000725  22934-5  00000+0 0  9999",
        "tle_line2": "2 67721  97.2800  95.5280 0003400 259.0800  81.2200 16.07750770    15"
      },
      "geometry": {
        "type": "Point",
        "coordinates": [
          -85.94236584847113,
          -62.55990879383079
        ]
      }
    },
    {
      "type": "Feature",
      "properties": {
        "norad_id": 67722,
        "name": "STARLINK-36796",
        "group": "last-30-days",
        "lat": -26.51277329571897,
        "lon": 111.92796370174771,
        "alt_km": 320.66816146179644,
        "timestamp": "2026-02-23T09:00:52.728535+00:00",
        "meta_object_name": "STARLINK-36796",
        "meta_object_id": "2026-026B",
        "meta_epoch": "2026-02-22T22:31:31.935648",
        "meta_mean_motion": 15.86010857,
        "meta_eccentricity": 0.00020078,
        "meta_inclination": 97.2748,
        "meta_ra_of_asc_node": 107.8089,
        "meta_arg_of_pericenter": 51.0845,
        "meta_mean_anomaly": 309.0605,
        "meta_ephemeris_type": 0,
        "meta_classification_type": "U",
        "meta_norad_cat_id": 67722,
        "meta_element_set_no": 999,
        "meta_rev_at_epoch": 180,
        "meta_bstar": -0.0026085477,
        "meta_mean_motion_dot": -0.00597004,
        "meta_mean_motion_ddot": 0,
        "tle_line1": "1 67722U 26026B   26053.93856407 -.00597004  00000+0 -26085-2 0  9997",
        "tle_line2": "2 67722  97.2748 107.8089 0002007  51.0845 309.0605 15.86010857  1801"
      },
      "geometry": {
        "type": "Point",
        "coordinates": [
          111.92796370174771,
          -26.51277329571897
        ]
      }
    },
    {
      "type": "Feature",
      "properties": {
        "norad_id": 67723,
        "name": "STARLINK-36369",
        "group": "last-30-days",
        "lat": -10.447236848465916,
        "lon": 109.63038577711572,
        "alt_km": 305.78080010474696,
        "timestamp": "2026-02-23T09:00:52.728545+00:00",
        "meta_object_name": "STARLINK-36369",
        "meta_object_id": "2026-026C",
        "meta_epoch": "2026-02-22T14:55:44.102208",
        "meta_mean_motion": 15.88951964,
        "meta_eccentricity": 6.323e-05,
        "meta_inclination": 97.2745,
        "meta_ra_of_asc_node": 107.4741,
        "meta_arg_of_pericenter": 73.2604,
        "meta_mean_anomaly": 286.8737,
        "meta_ephemeris_type": 0,
        "meta_classification_type": "U",
        "meta_norad_cat_id": 67723,
        "meta_element_set_no": 999,
        "meta_rev_at_epoch": 175,
        "meta_bstar": 0.0030528117,
        "meta_mean_motion_dot": 0.00959826,
        "meta_mean_motion_ddot": 0,
        "tle_line1": "1 67723U 26026C   26053.62203822  .00959826  00000+0  30528-2 0  9990",
        "tle_line2": "2 67723  97.2745 107.4741 0000632  73.2604 286.8737 15.88951964  1758"
      },
      "geometry": {
        "type": "Point",
        "coordinates": [
          109.63038577711572,
          -10.447236848465916
        ]
      }
    },
    {
      "type": "Feature",
      "properties": {
        "norad_id": 67724,
        "name": "STARLINK-36752",
        "group": "last-30-days",
        "lat": -3.6059165131618225,
        "lon": 108.74615886922258,
        "alt_km": 304.00548832984805,
        "timestamp": "2026-02-23T09:00:52.728554+00:00",
        "meta_object_name": "STARLINK-36752",
        "meta_object_id": "2026-026D",
        "meta_epoch": "2026-02-22T14:54:11.658528",
        "meta_mean_motion": 15.89217316,
        "meta_eccentricity": 6.186e-05,
        "meta_inclination": 97.2747,
        "meta_ra_of_asc_node": 107.4768,
        "meta_arg_of_pericenter": 70.9144,
        "meta_mean_anomaly": 289.2195,
        "meta_ephemeris_type": 0,
        "meta_classification_type": "U",
        "meta_norad_cat_id": 67724,
        "meta_element_set_no": 999,
        "meta_rev_at_epoch": 175,
        "meta_bstar": 0.0031048919,
        "meta_mean_motion_dot": 0.00992762,
        "meta_mean_motion_ddot": 0,
        "tle_line1": "1 67724U 26026D   26053.62096827  .00992762  00000+0  31049-2 0  9991",
        "tle_line2": "2 67724  97.2747 107.4768 0000618  70.9144 289.2195 15.89217316  1759"
      },
      "geometry": {
        "type": "Point",
        "coordinates": [
          108.74615886922258,
          -3.6059165131618225
        ]
      }
    },
    {
      "type": "Feature",
      "properties": {
        "norad_id": 67725,
        "name": "STARLINK-36754",
        "group": "last-30-days",
        "lat": -8.68654887482183,
        "lon": 109.40052021471152,
        "alt_km": 317.23469442264286,
        "timestamp": "2026-02-23T09:00:52.728565+00:00",
        "meta_object_name": "STARLINK-36754",
        "meta_object_id": "2026-026E",
        "meta_epoch": "2026-02-22T19:25:44.287104",
        "meta_mean_motion": 15.8708165,
        "meta_eccentricity": 0.00010676,
        "meta_inclination": 97.2741,
        "meta_ra_of_asc_node": 107.679,
        "meta_arg_of_pericenter": 130.4981,
        "meta_mean_anomaly": 229.6384,
        "meta_ephemeris_type": 0,
        "meta_classification_type": "U",
        "meta_norad_cat_id": 67725,
        "meta_element_set_no": 999,
        "meta_rev_at_epoch": 178,
        "meta_bstar": -0.0027333123,
        "meta_mean_motion_dot": -0.00654663,
        "meta_mean_motion_ddot": 0,
        "tle_line1": "1 67725U 26026E   26053.80954036 -.00654663  00000+0 -27333-2 0  9995",
        "tle_line2": "2 67725  97.2741 107.6790 0001067 130.4981 229.6384 15.87081650  1780"
      },
      "geometry": {
        "type": "Point",
        "coordinates": [
          109.40052021471152,
          -8.68654887482183
        ]
      }
    },
    {
      "type": "Feature",
      "properties": {
        "norad_id": 67726,
        "name": "STARLINK-36755",
        "group": "last-30-days",
        "lat": -2.6696720088340595,
        "lon": 108.62642034129405,
        "alt_km": 315.7940762774497,
        "timestamp": "2026-02-23T09:00:52.728574+00:00",
        "meta_object_name": "STARLINK-36755",
        "meta_object_id": "2026-026F",
        "meta_epoch": "2026-02-22T22:25:48.807552",
        "meta_mean_motion": 15.86895653,
        "meta_eccentricity": 6.13e-05,
        "meta_inclination": 97.2741,
        "meta_ra_of_asc_node": 107.8152,
        "meta_arg_of_pericenter": 17.4383,
        "meta_mean_anomaly": 342.691,
        "meta_ephemeris_type": 0,
        "meta_classification_type": "U",
        "meta_norad_cat_id": 67726,
        "meta_element_set_no": 999,
        "meta_rev_at_epoch": 180,
        "meta_bstar": -0.0024728134,
        "meta_mean_motion_dot": -0.00590975,
        "meta_mean_motion_ddot": 0,
        "tle_line1": "1 67726U 26026F   26053.93459268 -.00590975  00000+0 -24728-2 0  9997",
        "tle_line2": "2 67726  97.2741 107.8152 0000613  17.4383 342.6910 15.86895653  1800"
      },
      "geometry": {
        "type": "Point",
        "coordinates": [
          108.62642034129405,
          -2.6696720088340595
        ]
      }
    },
    {
      "type": "Feature",
      "properties": {
        "norad_id": 67727,
        "name": "STARLINK-36741",
        "group": "last-30-days",
        "lat": 5.66647981701367,
        "lon": 107.56100014734967,
        "alt_km": 304.4985384103711,
        "timestamp": "2026-02-23T09:00:52.728584+00:00",
        "meta_object_name": "STARLINK-36741",
        "meta_object_id": "2026-026G",
        "meta_epoch": "2026-02-22T17:52:24.605472",
        "meta_mean_motion": 15.88280002,
        "meta_eccentricity": 0.00042557,
        "meta_inclination": 97.2731,
        "meta_ra_of_asc_node": 107.6129,
        "meta_arg_of_pericenter": 351.4624,
        "meta_mean_anomaly": 8.6575,
        "meta_ephemeris_type": 0,
        "meta_classification_type": "U",
        "meta_norad_cat_id": 67727,
        "meta_element_set_no": 999,
        "meta_rev_at_epoch": 177,
        "meta_bstar": 0.002258493,
        "meta_mean_motion_dot": 0.00664121,
        "meta_mean_motion_ddot": 0,
        "tle_line1": "1 67727U 26026G   26053.74472923  .00664121  00000+0  22585-2 0  9992",
        "tle_line2": "2 67727  97.2731 107.6129 0004255 351.4624   8.6575 15.88280002  1777"
      },
      "geometry": {
        "type": "Point",
        "coordinates": [
          107.56100014734967,
          5.66647981701367
        ]
      }
    },
    {
      "type": "Feature",
      "properties": {
        "norad_id": 67728,
        "name": "STARLINK-36757",
        "group": "last-30-days",
        "lat": 7.2885134054874845,
        "lon": 107.3518831337239,
        "alt_km": 311.03144814116513,
        "timestamp": "2026-02-23T09:00:52.728594+00:00",
        "meta_object_name": "STARLINK-36757",
        "meta_object_id": "2026-026H",
        "meta_epoch": "2026-02-22T22:23:23.128512",
        "meta_mean_motion": 15.87215804,
        "meta_eccentricity": 0.00053231,
        "meta_inclination": 97.273,
        "meta_ra_of_asc_node": 107.816,
        "meta_arg_of_pericenter": 32.083,
        "meta_mean_anomaly": 328.0765,
        "meta_ephemeris_type": 0,
        "meta_classification_type": "U",
        "meta_norad_cat_id": 67728,
        "meta_element_set_no": 999,
        "meta_rev_at_epoch": 180,
        "meta_bstar": -0.0030051546,
        "meta_mean_motion_dot": -0.0072092,
        "meta_mean_motion_ddot": 0,
        "tle_line1": "1 67728U 26026H   26053.93290658 -.00720920  00000+0 -30052-2 0  9997",
        "tle_line2": "2 67728  97.2730 107.8160 0005323  32.0830 328.0765 15.87215804  1803"
      },
      "geometry": {
        "type": "Point",
        "coordinates": [
          107.3518831337239,
          7.2885134054874845
        ]
      }
    },
    {
      "type": "Feature",
      "properties": {
        "norad_id": 67729,
        "name": "STARLINK-36751",
        "group": "last-30-days",
        "lat": 19.759635759464913,
        "lon": 105.66429167005752,
        "alt_km": 309.658497384562,
        "timestamp": "2026-02-23T09:00:52.728604+00:00",
        "meta_object_name": "STARLINK-36751",
        "meta_object_id": "2026-026J",
        "meta_epoch": "2026-02-22T20:49:44.439744",
        "meta_mean_motion": 15.87929622,
        "meta_eccentricity": 0.00012214,
        "meta_inclination": 97.272,
        "meta_ra_of_asc_node": 107.7519,
        "meta_arg_of_pericenter": 49.7335,
        "meta_mean_anomaly": 310.4044,
        "meta_ephemeris_type": 0,
        "meta_classification_type": "U",
        "meta_norad_cat_id": 67729,
        "meta_element_set_no": 999,
        "meta_rev_at_epoch": 179,
        "meta_bstar": -0.0024678538,
        "meta_mean_motion_dot": -0.00618791,
        "meta_mean_motion_ddot": 0,
        "tle_line1": "1 67729U 26026J   26053.86787546 -.00618791  00000+0 -24679-2 0  9997",
        "tle_line2": "2 67729  97.2720 107.7519 0001221  49.7335 310.4044 15.87929622  1791"
      },
      "geometry": {
        "type": "Point",
        "coordinates": [
          105.66429167005752,
          19.759635759464913
        ]
      }
    },
    {
      "type": "Feature",
      "properties": {
        "norad_id": 67730,
        "name": "STARLINK-36747",
        "group": "last-30-days",
        "lat": 12.001185249607442,
        "lon": 106.73476246633689,
        "alt_km": 312.82482473380605,
        "timestamp": "2026-02-23T09:00:52.728616+00:00",
        "meta_object_name": "STARLINK-36747",
        "meta_object_id": "2026-026K",
        "meta_epoch": "2026-02-22T22:22:14.438784",
        "meta_mean_motion": 15.87375391,
        "meta_eccentricity": 0.00010028,
        "meta_inclination": 97.2727,
        "meta_ra_of_asc_node": 107.8177,
        "meta_arg_of_pericenter": 54.2393,
        "meta_mean_anomaly": 305.8972,
        "meta_ephemeris_type": 0,
        "meta_classification_type": "U",
        "meta_norad_cat_id": 67730,
        "meta_element_set_no": 999,
        "meta_rev_at_epoch": 180,
        "meta_bstar": -0.0031975672,
        "meta_mean_motion_dot": -0.00767301,
        "meta_mean_motion_ddot": 0,
        "tle_line1": "1 67730U 26026K   26053.93211156 -.00767301  00000+0 -31976-2 0  9996",
        "tle_line2": "2 67730  97.2727 107.8177 0001002  54.2393 305.8972 15.87375391  1801"
      },
      "geometry": {
        "type": "Point",
        "coordinates": [
          106.73476246633689,
          12.001185249607442
        ]
      }
    },
    {
      "type": "Feature",
      "properties": {
        "norad_id": 67731,
        "name": "STARLINK-36315",
        "group": "last-30-days",
        "lat": 24.358132441275913,
        "lon": 104.98134004833217,
        "alt_km": 308.5287621650341,
        "timestamp": "2026-02-23T09:00:52.728627+00:00",
        "meta_object_name": "STARLINK-36315",
        "meta_object_id": "2026-026L",
        "meta_epoch": "2026-02-22T20:48:38.841408",
        "meta_mean_motion": 15.88108965,
        "meta_eccentricity": 0.00011385,
        "meta_inclination": 97.2719,
        "meta_ra_of_asc_node": 107.7531,
        "meta_arg_of_pericenter": 50.261,
        "meta_mean_anomaly": 309.8762,
        "meta_ephemeris_type": 0,
        "meta_classification_type": "U",
        "meta_norad_cat_id": 67731,
        "meta_element_set_no": 999,
        "meta_rev_at_epoch": 179,
        "meta_bstar": -0.0025530707,
        "meta_mean_motion_dot": -0.00644055,
        "meta_mean_motion_ddot": 0,
        "tle_line1": "1 67731U 26026L   26053.86711622 -.00644055  00000+0 -25531-2 0  9992",
        "tle_line2": "2 67731  97.2719 107.7531 0001138  50.2610 309.8762 15.88108965  1795"
      },
      "geometry": {
        "type": "Point",
        "coordinates": [
          104.98134004833217,
          24.358132441275913
        ]
      }
    },
    {
      "type": "Feature",
      "properties": {
        "norad_id": 67732,
        "name": "STARLINK-36260",
        "group": "last-30-days",
        "lat": 30.08021114253512,
        "lon": 104.05575617510183,
        "alt_km": 306.33641799565066,
        "timestamp": "2026-02-23T09:00:52.728637+00:00",
        "meta_object_name": "STARLINK-36260",
        "meta_object_id": "2026-026M",
        "meta_epoch": "2026-02-22T20:47:18.978432",
        "meta_mean_motion": 15.88348416,
        "meta_eccentricity": 0.0001631,
        "meta_inclination": 97.2726,
        "meta_ra_of_asc_node": 107.7541,
        "meta_arg_of_pericenter": 23.2434,
        "meta_mean_anomaly": 336.8912,
        "meta_ephemeris_type": 0,
        "meta_classification_type": "U",
        "meta_norad_cat_id": 67732,
        "meta_element_set_no": 999,
        "meta_rev_at_epoch": 179,
        "meta_bstar": -0.0023080099,
        "meta_mean_motion_dot": -0.00592651,
        "meta_mean_motion_ddot": 0,
        "tle_line1": "1 67732U 26026M   26053.86619188 -.00592651  00000+0 -23080-2 0  9998",
        "tle_line2": "2 67732  97.2726 107.7541 0001631  23.2434 336.8912 15.88348416  1791"
      },
      "geometry": {
        "type": "Point",
        "coordinates": [
          104.05575617510183,
          30.08021114253512
        ]
      }
    },
    {
      "type": "Feature",
      "properties": {
        "norad_id": 67733,
        "name": "STARLINK-36746",
        "group": "last-30-days",
        "lat": 34.22651257356023,
        "lon": 103.31533937872929,
        "alt_km": 307.12234203804564,
        "timestamp": "2026-02-23T09:00:52.728647+00:00",
        "meta_object_name": "STARLINK-36746",
        "meta_object_id": "2026-026N",
        "meta_epoch": "2026-02-22T19:15:39.506976",
        "meta_mean_motion": 15.8869075,
        "meta_eccentricity": 0.00020902,
        "meta_inclination": 97.2725,
        "meta_ra_of_asc_node": 107.6873,
        "meta_arg_of_pericenter": 199.0813,
        "meta_mean_anomaly": 161.0382,
        "meta_ephemeris_type": 0,
        "meta_classification_type": "U",
        "meta_norad_cat_id": 67733,
        "meta_element_set_no": 999,
        "meta_rev_at_epoch": 178,
        "meta_bstar": -0.0024334976,
        "meta_mean_motion_dot": -0.00632936,
        "meta_mean_motion_ddot": 0,
        "tle_line1": "1 67733U 26026N   26053.80254059 -.00632936  00000+0 -24335-2 0  9990",
        "tle_line2": "2 67733  97.2725 107.6873 0002090 199.0813 161.0382 15.88690750  1780"
      },
      "geometry": {
        "type": "Point",
        "coordinates": [
          103.31533937872929,
          34.22651257356023
        ]
      }
    },
    {
      "type": "Feature",
      "properties": {
        "norad_id": 67734,
        "name": "STARLINK-36749",
        "group": "last-30-days",
        "lat": 40.71088500459338,
        "lon": 101.99467824595322,
        "alt_km": 303.38526366232054,
        "timestamp": "2026-02-23T09:00:52.728659+00:00",
        "meta_object_name": "STARLINK-36749",
        "meta_object_id": "2026-026P",
        "meta_epoch": "2026-02-22T16:12:52.791264",
        "meta_mean_motion": 15.8919883,
        "meta_eccentricity": 6.091e-05,
        "meta_inclination": 97.2715,
        "meta_ra_of_asc_node": 107.5547,
        "meta_arg_of_pericenter": 60.9206,
        "meta_mean_anomaly": 299.2128,
        "meta_ephemeris_type": 0,
        "meta_classification_type": "U",
        "meta_norad_cat_id": 67734,
        "meta_element_set_no": 999,
        "meta_rev_at_epoch": 176,
        "meta_bstar": -0.0019791036,
        "meta_mean_motion_dot": -0.00533513,
        "meta_mean_motion_ddot": 0,
        "tle_line1": "1 67734U 26026P   26053.67561101 -.00533513  00000+0 -19791-2 0  9996",
        "tle_line2": "2 67734  97.2715 107.5547 0000609  60.9206 299.2128 15.89198830  1766"
      },
      "geometry": {
        "type": "Point",
        "coordinates": [
          101.99467824595322,
          40.71088500459338
        ]
      }
    },
    {
      "type": "Feature",
      "properties": {
        "norad_id": 67735,
        "name": "STARLINK-36691",
        "group": "last-30-days",
        "lat": 72.291093555036,
        "lon": 84.7402991267191,
        "alt_km": 285.4934827640491,
        "timestamp": "2026-02-23T09:00:52.728669+00:00",
        "meta_object_name": "STARLINK-36691",
        "meta_object_id": "2026-026Q",
        "meta_epoch": "2026-02-22T14:37:34.687200",
        "meta_mean_motion": 15.93433356,
        "meta_eccentricity": 0.0013403,
        "meta_inclination": 97.2721,
        "meta_ra_of_asc_node": 107.4891,
        "meta_arg_of_pericenter": 329.2709,
        "meta_mean_anomaly": 30.778,
        "meta_ephemeris_type": 0,
        "meta_classification_type": "U",
        "meta_norad_cat_id": 67735,
        "meta_element_set_no": 999,
        "meta_rev_at_epoch": 175,
        "meta_bstar": 0.0020215,
        "meta_mean_motion_dot": 0.0072031,
        "meta_mean_motion_ddot": 0.00021777,
        "tle_line1": "1 67735U 26026Q   26053.60942925  .00720310  21777-3  20215-2 0  9999",
        "tle_line2": "2 67735  97.2721 107.4891 0013403 329.2709  30.7780 15.93433356  1751"
      },
      "geometry": {
        "type": "Point",
        "coordinates": [
          84.7402991267191,
          72.291093555036
        ]
      }
    },
    {
      "type": "Feature",
      "properties": {
        "norad_id": 67736,
        "name": "STARLINK-36317",
        "group": "last-30-days",
        "lat": 48.478685111597166,
        "lon": 100.01278829206403,
        "alt_km": 301.60148627407943,
        "timestamp": "2026-02-23T09:00:52.728679+00:00",
        "meta_object_name": "STARLINK-36317",
        "meta_object_id": "2026-026R",
        "meta_epoch": "2026-02-22T19:12:23.771232",
        "meta_mean_motion": 15.89331692,
        "meta_eccentricity": 0.00012968,
        "meta_inclination": 97.271,
        "meta_ra_of_asc_node": 107.6894,
        "meta_arg_of_pericenter": 149.5928,
        "meta_mean_anomaly": 210.542,
        "meta_ephemeris_type": 0,
        "meta_classification_type": "U",
        "meta_norad_cat_id": 67736,
        "meta_element_set_no": 999,
        "meta_rev_at_epoch": 178,
        "meta_bstar": -0.0018709381,
        "meta_mean_motion_dot": -0.00509187,
        "meta_mean_motion_ddot": 0,
        "tle_line1": "1 67736U 26026R   26053.80027513 -.00509187  00000+0 -18709-2 0  9995",
        "tle_line2": "2 67736  97.2710 107.6894 0001296 149.5928 210.5420 15.89331692  1785"
      },
      "geometry": {
        "type": "Point",
        "coordinates": [
          100.01278829206403,
          48.478685111597166
        ]
      }
    },
    {
      "type": "Feature",
      "properties": {
        "norad_id": 67737,
        "name": "STARLINK-36330",
        "group": "last-30-days",
        "lat": 59.731845058586714,
        "lon": 95.67315521192585,
        "alt_km": 300.2135306316932,
        "timestamp": "2026-02-23T09:00:52.728688+00:00",
        "meta_object_name": "STARLINK-36330",
        "meta_object_id": "2026-026S",
        "meta_epoch": "2026-02-22T22:10:48.589536",
        "meta_mean_motion": 15.89301805,
        "meta_eccentricity": 0.00013833,
        "meta_inclination": 97.27,
        "meta_ra_of_asc_node": 107.8265,
        "meta_arg_of_pericenter": 13.3095,
        "meta_mean_anomaly": 346.8214,
        "meta_ephemeris_type": 0,
        "meta_classification_type": "U",
        "meta_norad_cat_id": 67737,
        "meta_element_set_no": 999,
        "meta_rev_at_epoch": 180,
        "meta_bstar": -0.003258298,
        "meta_mean_motion_dot": -0.00852616,
        "meta_mean_motion_ddot": 0,
        "tle_line1": "1 67737U 26026S   26053.92417349 -.00852616  00000+0 -32583-2 0  9993",
        "tle_line2": "2 67737  97.2700 107.8265 0001383  13.3095 346.8214 15.89301805  1809"
      },
      "geometry": {
        "type": "Point",
        "coordinates": [
          95.67315521192585,
          59.731845058586714
        ]
      }
    },
    {
      "type": "Feature",
      "properties": {
        "norad_id": 67738,
        "name": "STARLINK-36327",
        "group": "last-30-days",
        "lat": 79.05738658434764,
        "lon": 66.98870362853552,
        "alt_km": 283.7535301353755,
        "timestamp": "2026-02-23T09:00:52.728701+00:00",
        "meta_object_name": "STARLINK-36327",
        "meta_object_id": "2026-026T",
        "meta_epoch": "2026-02-22T02:31:32.965824",
        "meta_mean_motion": 15.92834545,
        "meta_eccentricity": 0.00044082,
        "meta_inclination": 97.2709,
        "meta_ra_of_asc_node": 106.9523,
        "meta_arg_of_pericenter": 161.3097,
        "meta_mean_anomaly": 198.834,
        "meta_ephemeris_type": 0,
        "meta_classification_type": "U",
        "meta_norad_cat_id": 67738,
        "meta_element_set_no": 999,
        "meta_rev_at_epoch": 167,
        "meta_bstar": 0.0010591886,
        "meta_mean_motion_dot": 0.00363508,
        "meta_mean_motion_ddot": 5.269434e-05,
        "tle_line1": "1 67738U 26026T   26053.10524266  .00363508  52694-4  10592-2 0  9993",
        "tle_line2": "2 67738  97.2709 106.9523 0004408 161.3097 198.8340 15.92834545  1679"
      },
      "geometry": {
        "type": "Point",
        "coordinates": [
          66.98870362853552,
          79.05738658434764
        ]
      }
    },
    {
      "type": "Feature",
      "properties": {
        "norad_id": 67739,
        "name": "STARLINK-36329",
        "group": "last-30-days",
        "lat": 72.90914282119142,
        "lon": -47.14388923081741,
        "alt_km": 292.5001249050483,
        "timestamp": "2026-02-23T09:00:52.728711+00:00",
        "meta_object_name": "STARLINK-36329",
        "meta_object_id": "2026-026U",
        "meta_epoch": "2026-02-22T18:59:19.342176",
        "meta_mean_motion": 15.9148764,
        "meta_eccentricity": 0.0001146,
        "meta_inclination": 97.2687,
        "meta_ra_of_asc_node": 107.7013,
        "meta_arg_of_pericenter": 161.4522,
        "meta_mean_anomaly": 198.6794,
        "meta_ephemeris_type": 0,
        "meta_classification_type": "U",
        "meta_norad_cat_id": 67739,
        "meta_element_set_no": 999,
        "meta_rev_at_epoch": 178,
        "meta_bstar": -0.0017512772,
        "meta_mean_motion_dot": -0.00561664,
        "meta_mean_motion_ddot": 0.00010188224,
        "tle_line1": "1 67739U 26026U   26053.79119609 -.00561664  10188-3 -17513-2 0  9996",
        "tle_line2": "2 67739  97.2687 107.7013 0001146 161.4522 198.6794 15.91487640  1780"
      },
      "geometry": {
        "type": "Point",
        "coordinates": [
          -47.14388923081741,
          72.90914282119142
        ]
      }
    },
    {
      "type": "Feature",
      "properties": {
        "norad_id": 67740,
        "name": "STARLINK-36737",
        "group": "last-30-days",
        "lat": 81.7041665033526,
        "lon": -10.563540934577487,
        "alt_km": 285.21175848356233,
        "timestamp": "2026-02-23T09:00:52.728721+00:00",
        "meta_object_name": "STARLINK-36737",
        "meta_object_id": "2026-026V",
        "meta_epoch": "2026-02-22T14:33:23.965632",
        "meta_mean_motion": 15.94482693,
        "meta_eccentricity": 0.0015211,
        "meta_inclination": 97.2701,
        "meta_ra_of_asc_node": 107.4938,
        "meta_arg_of_pericenter": 321.4509,
        "meta_mean_anomaly": 38.568,
        "meta_ephemeris_type": 0,
        "meta_classification_type": "U",
        "meta_norad_cat_id": 67740,
        "meta_element_set_no": 999,
        "meta_rev_at_epoch": 175,
        "meta_bstar": 0.0026798,
        "meta_mean_motion_dot": 0.01008593,
        "meta_mean_motion_ddot": 0.00046163,
        "tle_line1": "1 67740U 26026V   26053.60652738  .01008593  46163-3  26798-2 0  9996",
        "tle_line2": "2 67740  97.2701 107.4938 0015211 321.4509  38.5680 15.94482693  1752"
      },
      "geometry": {
        "type": "Point",
        "coordinates": [
          -10.563540934577487,
          81.7041665033526
        ]
      }
    },
    {
      "type": "Feature",
      "properties": {
        "norad_id": 67741,
        "name": "STARLINK-36740",
        "group": "last-30-days",
        "lat": 79.93634389141958,
        "lon": -25.69403572271543,
        "alt_km": 293.5483956374401,
        "timestamp": "2026-02-23T09:00:52.728731+00:00",
        "meta_object_name": "STARLINK-36740",
        "meta_object_id": "2026-026W",
        "meta_epoch": "2026-02-22T20:31:45.124032",
        "meta_mean_motion": 15.9089877,
        "meta_eccentricity": 0.0001846,
        "meta_inclination": 97.2676,
        "meta_ra_of_asc_node": 107.7677,
        "meta_arg_of_pericenter": 43.0479,
        "meta_mean_anomaly": 317.0939,
        "meta_ephemeris_type": 0,
        "meta_classification_type": "U",
        "meta_norad_cat_id": 67741,
        "meta_element_set_no": 999,
        "meta_rev_at_epoch": 179,
        "meta_bstar": -0.0020981099,
        "meta_mean_motion_dot": -0.00652687,
        "meta_mean_motion_ddot": 0.00013419047,
        "tle_line1": "1 67741U 26026W   26053.85538338 -.00652687  13419-3 -20981-2 0  9999",
        "tle_line2": "2 67741  97.2676 107.7677 0001846  43.0479 317.0939 15.90898770  1798"
      },
      "geometry": {
        "type": "Point",
        "coordinates": [
          -25.69403572271543,
          79.93634389141958
        ]
      }
    },
    {
      "type": "Feature",
      "properties": {
        "norad_id": 67742,
        "name": "STARLINK-36693",
        "group": "last-30-days",
        "lat": 77.07987782776918,
        "lon": 74.49916157856175,
        "alt_km": 297.01282182707746,
        "timestamp": "2026-02-23T09:00:52.728740+00:00",
        "meta_object_name": "STARLINK-36693",
        "meta_object_id": "2026-026X",
        "meta_epoch": "2026-02-22T22:06:25.669152",
        "meta_mean_motion": 15.90016554,
        "meta_eccentricity": 0.00012956,
        "meta_inclination": 97.2706,
        "meta_ra_of_asc_node": 107.8314,
        "meta_arg_of_pericenter": 208.2177,
        "meta_mean_anomaly": 151.9026,
        "meta_ephemeris_type": 0,
        "meta_classification_type": "U",
        "meta_norad_cat_id": 67742,
        "meta_element_set_no": 999,
        "meta_rev_at_epoch": 180,
        "meta_bstar": -0.0022556063,
        "meta_mean_motion_dot": -0.00670955,
        "meta_mean_motion_ddot": 0.00014003989,
        "tle_line1": "1 67742U 26026X   26053.92113043 -.00670955  14004-3 -22556-2 0  9999",
        "tle_line2": "2 67742  97.2706 107.8314 0001295 208.2177 151.9026 15.90016554  1806"
      },
      "geometry": {
        "type": "Point",
        "coordinates": [
          74.49916157856175,
          77.07987782776918
        ]
      }
    },
    {
      "type": "Feature",
      "properties": {
        "norad_id": 67743,
        "name": "STARLINK-36717",
        "group": "last-30-days",
        "lat": 82.2182205856611,
        "lon": -2.6116202392878916,
        "alt_km": 293.5349653472131,
        "timestamp": "2026-02-23T09:00:52.728752+00:00",
        "meta_object_name": "STARLINK-36717",
        "meta_object_id": "2026-026Y",
        "meta_epoch": "2026-02-22T16:01:09.447744",
        "meta_mean_motion": 15.91325664,
        "meta_eccentricity": 0.00012039,
        "meta_inclination": 97.2685,
        "meta_ra_of_asc_node": 107.5635,
        "meta_arg_of_pericenter": 107.553,
        "meta_mean_anomaly": 252.5876,
        "meta_ephemeris_type": 0,
        "meta_classification_type": "U",
        "meta_norad_cat_id": 67743,
        "meta_element_set_no": 999,
        "meta_rev_at_epoch": 176,
        "meta_bstar": -0.0024501329,
        "meta_mean_motion_dot": -0.00778225,
        "meta_mean_motion_ddot": 0.00018731737,
        "tle_line1": "1 67743U 26026Y   26053.66747046 -.00778225  18732-3 -24501-2 0  9990",
        "tle_line2": "2 67743  97.2685 107.5635 0001203 107.5530 252.5876 15.91325664  1761"
      },
      "geometry": {
        "type": "Point",
        "coordinates": [
          -2.6116202392878916,
          82.2182205856611
        ]
      }
    },
    {
      "type": "Feature",
      "properties": {
        "norad_id": 67744,
        "name": "STARLINK-36692",
        "group": "last-30-days",
        "lat": 81.7940434807705,
        "lon": 46.04368728423625,
        "alt_km": 293.81701544018324,
        "timestamp": "2026-02-23T09:00:52.728762+00:00",
        "meta_object_name": "STARLINK-36692",
        "meta_object_id": "2026-026Z",
        "meta_epoch": "2026-02-22T22:04:54.410016",
        "meta_mean_motion": 15.90374679,
        "meta_eccentricity": 0.0003314,
        "meta_inclination": 97.2693,
        "meta_ra_of_asc_node": 107.8319,
        "meta_arg_of_pericenter": 23.4295,
        "meta_mean_anomaly": 336.7129,
        "meta_ephemeris_type": 0,
        "meta_classification_type": "U",
        "meta_norad_cat_id": 67744,
        "meta_element_set_no": 999,
        "meta_rev_at_epoch": 180,
        "meta_bstar": -0.0013444902,
        "meta_mean_motion_dot": -0.00408102,
        "meta_mean_motion_ddot": 5.543891e-05,
        "tle_line1": "1 67744U 26026Z   26053.92007419 -.00408102  55439-4 -13445-2 0  9998",
        "tle_line2": "2 67744  97.2693 107.8319 0003314  23.4295 336.7129 15.90374679  1802"
      },
      "geometry": {
        "type": "Point",
        "coordinates": [
          46.04368728423625,
          81.7940434807705
        ]
      }
    },
    {
      "type": "Feature",
      "properties": {
        "norad_id": 67746,
        "name": "2026-027A",
        "group": "last-30-days",
        "lat": -72.78185249123702,
        "lon": -21.571414037894655,
        "alt_km": 514.6610365713022,
        "timestamp": "2026-02-23T09:00:52.728776+00:00",
        "meta_object_name": "2026-027A",
        "meta_object_id": "2026-027A",
        "meta_epoch": "2026-02-22T22:24:01.279296",
        "meta_mean_motion": 15.17393759,
        "meta_eccentricity": 0.00092943,
        "meta_inclination": 97.4883,
        "meta_ra_of_asc_node": 183.1072,
        "meta_arg_of_pericenter": 248.6756,
        "meta_mean_anomaly": 111.3486,
        "meta_ephemeris_type": 0,
        "meta_classification_type": "U",
        "meta_norad_cat_id": 67746,
        "meta_element_set_no": 999,
        "meta_rev_at_epoch": 162,
        "meta_bstar": 0.00050741844,
        "meta_mean_motion_dot": 0.00010089,
        "meta_mean_motion_ddot": 0,
        "tle_line1": "1 67746U 26027A   26053.93334814  .00010089  00000+0  50742-3 0  9996",
        "tle_line2": "2 67746  97.4883 183.1072 0009294 248.6756 111.3486 15.17393759  1628"
      },
      "geometry": {
        "type": "Point",
        "coordinates": [
          -21.571414037894655,
          -72.78185249123702
        ]
      }
    },
    {
      "type": "Feature",
      "properties": {
        "norad_id": 67747,
        "name": "2026-027B",
        "group": "last-30-days",
        "lat": -76.29528351722247,
        "lon": -29.0940635597422,
        "alt_km": 514.3077016431316,
        "timestamp": "2026-02-23T09:00:52.728786+00:00",
        "meta_object_name": "2026-027B",
        "meta_object_id": "2026-027B",
        "meta_epoch": "2026-02-22T22:22:59.786688",
        "meta_mean_motion": 15.17495723,
        "meta_eccentricity": 0.00094225,
        "meta_inclination": 97.4877,
        "meta_ra_of_asc_node": 183.1072,
        "meta_arg_of_pericenter": 251.2953,
        "meta_mean_anomaly": 108.7258,
        "meta_ephemeris_type": 0,
        "meta_classification_type": "U",
        "meta_norad_cat_id": 67747,
        "meta_element_set_no": 999,
        "meta_rev_at_epoch": 162,
        "meta_bstar": 0.0005379566,
        "meta_mean_motion_dot": 0.00010733,
        "meta_mean_motion_ddot": 0,
        "tle_line1": "1 67747U 26027B   26053.93263642  .00010733  00000+0  53796-3 0  9995",
        "tle_line2": "2 67747  97.4877 183.1072 0009422 251.2953 108.7258 15.17495723  1625"
      },
      "geometry": {
        "type": "Point",
        "coordinates": [
          -29.0940635597422,
          -76.29528351722247
        ]
      }
    },
    {
      "type": "Feature",
      "properties": {
        "norad_id": 67748,
        "name": "2026-027C",
        "group": "last-30-days",
        "lat": -80.09020868972027,
        "lon": -45.299289372259004,
        "alt_km": 513.8067725330675,
        "timestamp": "2026-02-23T09:00:52.728802+00:00",
        "meta_object_name": "2026-027C",
        "meta_object_id": "2026-027C",
        "meta_epoch": "2026-02-22T22:21:42.806016",
        "meta_mean_motion": 15.1759413,
        "meta_eccentricity": 0.00098151,
        "meta_inclination": 97.4889,
        "meta_ra_of_asc_node": 183.1101,
        "meta_arg_of_pericenter": 254.43,
        "meta_mean_anomaly": 105.5851,
        "meta_ephemeris_type": 0,
        "meta_classification_type": "U",
        "meta_norad_cat_id": 67748,
        "meta_element_set_no": 999,
        "meta_rev_at_epoch": 162,
        "meta_bstar": 0.00034982366,
        "meta_mean_motion_dot": 6.972e-05,
        "meta_mean_motion_ddot": 0,
        "tle_line1": "1 67748U 26027C   26053.93174544  .00006972  00000+0  34982-3 0  9994",
        "tle_line2": "2 67748  97.4889 183.1101 0009815 254.4300 105.5851 15.17594130  1625"
      },
      "geometry": {
        "type": "Point",
        "coordinates": [
          -45.299289372259004,
          -80.09020868972027
        ]
      }
    },
    {
      "type": "Feature",
      "properties": {
        "norad_id": 67749,
        "name": "2026-027D",
        "group": "last-30-days",
        "lat": -82.50313486692116,
        "lon": -88.16116031197899,
        "alt_km": 513.3586386508323,
        "timestamp": "2026-02-23T09:00:52.728812+00:00",
        "meta_object_name": "2026-027D",
        "meta_object_id": "2026-027D",
        "meta_epoch": "2026-02-22T22:20:01.546944",
        "meta_mean_motion": 15.17804021,
        "meta_eccentricity": 0.00096001,
        "meta_inclination": 97.4884,
        "meta_ra_of_asc_node": 183.1111,
        "meta_arg_of_pericenter": 259.1133,
        "meta_mean_anomaly": 100.9021,
        "meta_ephemeris_type": 0,
        "meta_classification_type": "U",
        "meta_norad_cat_id": 67749,
        "meta_element_set_no": 999,
        "meta_rev_at_epoch": 157,
        "meta_bstar": 0.00060498495,
        "meta_mean_motion_dot": 0.00012189,
        "meta_mean_motion_ddot": 0,
        "tle_line1": "1 67749U 26027D   26053.93057346  .00012189  00000+0  60498-3 0  9993",
        "tle_line2": "2 67749  97.4884 183.1111 0009600 259.1133 100.9021 15.17804021  1575"
      },
      "geometry": {
        "type": "Point",
        "coordinates": [
          -88.16116031197899,
          -82.50313486692116
        ]
      }
    },
    {
      "type": "Feature",
      "properties": {
        "norad_id": 67750,
        "name": "2026-027E",
        "group": "last-30-days",
        "lat": -82.4855698487576,
        "lon": -90.62830170545104,
        "alt_km": 513.9069381716672,
        "timestamp": "2026-02-23T09:00:52.728822+00:00",
        "meta_object_name": "2026-027E",
        "meta_object_id": "2026-027E",
        "meta_epoch": "2026-02-22T22:19:56.350848",
        "meta_mean_motion": 15.1779916,
        "meta_eccentricity": 0.00087729,
        "meta_inclination": 97.4895,
        "meta_ra_of_asc_node": 183.1128,
        "meta_arg_of_pericenter": 260.7457,
        "meta_mean_anomaly": 99.2785,
        "meta_ephemeris_type": 0,
        "meta_classification_type": "U",
        "meta_norad_cat_id": 67750,
        "meta_element_set_no": 999,
        "meta_rev_at_epoch": 162,
        "meta_bstar": 0.00050635678,
        "meta_mean_motion_dot": 0.00010184,
        "meta_mean_motion_ddot": 0,
        "tle_line1": "1 67750U 26027E   26053.93051332  .00010184  00000+0  50636-3 0  9990",
        "tle_line2": "2 67750  97.4895 183.1128 0008772 260.7457  99.2785 15.17799160  1623"
      },
      "geometry": {
        "type": "Point",
        "coordinates": [
          -90.62830170545104,
          -82.4855698487576
        ]
      }
    },
    {
      "type": "Feature",
      "properties": {
        "norad_id": 67751,
        "name": "2026-027F",
        "group": "last-30-days",
        "lat": -81.54152529979376,
        "lon": -114.23553690393062,
        "alt_km": 512.778206159669,
        "timestamp": "2026-02-23T09:00:52.728832+00:00",
        "meta_object_name": "2026-027F",
        "meta_object_id": "2026-027F",
        "meta_epoch": "2026-02-22T22:19:06.330432",
        "meta_mean_motion": 15.17942719,
        "meta_eccentricity": 0.00099286,
        "meta_inclination": 97.4895,
        "meta_ra_of_asc_node": 183.114,
        "meta_arg_of_pericenter": 260.1403,
        "meta_mean_anomaly": 99.871,
        "meta_ephemeris_type": 0,
        "meta_classification_type": "U",
        "meta_norad_cat_id": 67751,
        "meta_element_set_no": 999,
        "meta_rev_at_epoch": 162,
        "meta_bstar": 0.00087507733,
        "meta_mean_motion_dot": 0.00017746,
        "meta_mean_motion_ddot": 0,
        "tle_line1": "1 67751U 26027F   26053.92993438  .00017746  00000+0  87508-3 0  9991",
        "tle_line2": "2 67751  97.4895 183.1140 0009928 260.1403  99.8710 15.17942719  1621"
      },
      "geometry": {
        "type": "Point",
        "coordinates": [
          -114.23553690393062,
          -81.54152529979376
        ]
      }
    },
    {
      "type": "Feature",
      "properties": {
        "norad_id": 67752,
        "name": "2026-027G",
        "group": "last-30-days",
        "lat": -81.51891522910641,
        "lon": -114.53805773713717,
        "alt_km": 513.4240625475659,
        "timestamp": "2026-02-23T09:00:52.728842+00:00",
        "meta_object_name": "2026-027G",
        "meta_object_id": "2026-027G",
        "meta_epoch": "2026-02-22T22:19:04.194624",
        "meta_mean_motion": 15.17891757,
        "meta_eccentricity": 0.00091078,
        "meta_inclination": 97.4889,
        "meta_ra_of_asc_node": 183.1129,
        "meta_arg_of_pericenter": 262.9067,
        "meta_mean_anomaly": 97.1131,
        "meta_ephemeris_type": 0,
        "meta_classification_type": "U",
        "meta_norad_cat_id": 67752,
        "meta_element_set_no": 999,
        "meta_rev_at_epoch": 162,
        "meta_bstar": 0.00055762719,
        "meta_mean_motion_dot": 0.00011255,
        "meta_mean_motion_ddot": 0,
        "tle_line1": "1 67752U 26027G   26053.92990966  .00011255  00000+0  55763-3 0  9992",
        "tle_line2": "2 67752  97.4889 183.1129 0009107 262.9067  97.1131 15.17891757  1620"
      },
      "geometry": {
        "type": "Point",
        "coordinates": [
          -114.53805773713717,
          -81.51891522910641
        ]
      }
    },
    {
      "type": "Feature",
      "properties": {
        "norad_id": 67753,
        "name": "2026-027H",
        "group": "last-30-days",
        "lat": 44.579800852924826,
        "lon": 11.816504722025531,
        "alt_km": 538.0782438363967,
        "timestamp": "2026-02-23T09:00:52.728853+00:00",
        "meta_object_name": "2026-027H",
        "meta_object_id": "2026-027H",
        "meta_epoch": "2026-02-22T21:40:17.918688",
        "meta_mean_motion": 15.63095159,
        "meta_eccentricity": 0.02557209,
        "meta_inclination": 97.5132,
        "meta_ra_of_asc_node": 183.8403,
        "meta_arg_of_pericenter": 299.8449,
        "meta_mean_anomaly": 57.7613,
        "meta_ephemeris_type": 0,
        "meta_classification_type": "U",
        "meta_norad_cat_id": 67753,
        "meta_element_set_no": 999,
        "meta_rev_at_epoch": 166,
        "meta_bstar": 0.00073181383,
        "meta_mean_motion_dot": 0.00409808,
        "meta_mean_motion_ddot": 2.349343e-06,
        "tle_line1": "1 67753U 26027H   26053.90298517  .00409808  23493-5  73181-3 0  9990",
        "tle_line2": "2 67753  97.5132 183.8403 0255720 299.8449  57.7613 15.63095159  1666"
      },
      "geometry": {
        "type": "Point",
        "coordinates": [
          11.816504722025531,
          44.579800852924826
        ]
      }
    },
    {
      "type": "Feature",
      "properties": {
        "norad_id": 67754,
        "name": "2026-027J",
        "group": "last-30-days",
        "lat": -37.81223673536434,
        "lon": -169.7029396479069,
        "alt_km": 221.44121841638025,
        "timestamp": "2026-02-23T09:00:52.728865+00:00",
        "meta_object_name": "2026-027J",
        "meta_object_id": "2026-027J",
        "meta_epoch": "2026-02-22T22:28:57.320256",
        "meta_mean_motion": 15.72313818,
        "meta_eccentricity": 0.02229806,
        "meta_inclination": 97.5089,
        "meta_ra_of_asc_node": 183.9485,
        "meta_arg_of_pericenter": 298.7418,
        "meta_mean_anomaly": 59.1602,
        "meta_ephemeris_type": 0,
        "meta_classification_type": "U",
        "meta_norad_cat_id": 67754,
        "meta_element_set_no": 999,
        "meta_rev_at_epoch": 161,
        "meta_bstar": 0.001433877,
        "meta_mean_motion_dot": 0.0096104,
        "meta_mean_motion_ddot": 2.396842e-06,
        "tle_line1": "1 67754U 26027J   26053.93677454  .00961040  23968-5  14339-2 0  9992",
        "tle_line2": "2 67754  97.5089 183.9485 0222980 298.7418  59.1602 15.72313818  1619"
      },
      "geometry": {
        "type": "Point",
        "coordinates": [
          -169.7029396479069,
          -37.81223673536434
        ]
      }
    },
    {
      "type": "Feature",
      "properties": {
        "norad_id": 67756,
        "name": "2026-028A",
        "group": "last-30-days",
        "lat": 0.4670917094512085,
        "lon": 34.22396647007531,
        "alt_km": 36097.07997709126,
        "timestamp": "2026-02-23T09:00:52.728878+00:00",
        "meta_object_name": "2026-028A",
        "meta_object_id": "2026-028A",
        "meta_epoch": "2026-02-22T06:35:38.331744",
        "meta_mean_motion": 0.99527641,
        "meta_eccentricity": 0.00420217,
        "meta_inclination": 0.5067,
        "meta_ra_of_asc_node": 288.6547,
        "meta_arg_of_pericenter": 230.1886,
        "meta_mean_anomaly": 201.3119,
        "meta_ephemeris_type": 0,
        "meta_classification_type": "U",
        "meta_norad_cat_id": 67756,
        "meta_element_set_no": 999,
        "meta_rev_at_epoch": 10,
        "meta_bstar": 0,
        "meta_mean_motion_dot": -2.23e-06,
        "meta_mean_motion_ddot": 0,
        "tle_line1": "1 67756U 26028A   26053.27474921 -.00000223  00000+0  00000+0 0  9997",
        "tle_line2": "2 67756   0.5067 288.6547 0042021 230.1886 201.3119  0.99527641   109"
      },
      "geometry": {
        "type": "Point",
        "coordinates": [
          34.22396647007531,
          0.4670917094512085
        ]
      }
    },
    {
      "type": "Feature",
      "properties": {
        "norad_id": 67764,
        "name": "KUIPER-00159",
        "group": "last-30-days",
        "lat": -9.99800024843421,
        "lon": -79.79640071990003,
        "alt_km": 460.39559947214093,
        "timestamp": "2026-02-23T09:00:52.728892+00:00",
        "meta_object_name": "KUIPER-00159",
        "meta_object_id": "2026-030A",
        "meta_epoch": "2026-02-22T22:00:01.999584",
        "meta_mean_motion": 15.35022024,
        "meta_eccentricity": 0.00039793,
        "meta_inclination": 51.885,
        "meta_ra_of_asc_node": 290.3705,
        "meta_arg_of_pericenter": 13.5018,
        "meta_mean_anomaly": 316.2127,
        "meta_ephemeris_type": 0,
        "meta_classification_type": "U",
        "meta_norad_cat_id": 67764,
        "meta_element_set_no": 999,
        "meta_rev_at_epoch": 219,
        "meta_bstar": 0.00017793463,
        "meta_mean_motion_dot": 5.762e-05,
        "meta_mean_motion_ddot": 0,
        "tle_line1": "1 67764U 26030A   26053.91668981  .00005762  00000+0  17793-3 0  9994",
        "tle_line2": "2 67764  51.8850 290.3705 0003979  13.5018 316.2127 15.35022024  2199"
      },
      "geometry": {
        "type": "Point",
        "coordinates": [
          -79.79640071990003,
          -9.99800024843421
        ]
      }
    },
    {
      "type": "Feature",
      "properties": {
        "norad_id": 67765,
        "name": "KUIPER-00160",
        "group": "last-30-days",
        "lat": -12.507321966530284,
        "lon": -81.86919022864475,
        "alt_km": 461.02481341702514,
        "timestamp": "2026-02-23T09:00:52.728901+00:00",
        "meta_object_name": "KUIPER-00160",
        "meta_object_id": "2026-030B",
        "meta_epoch": "2026-02-22T22:00:01.999584",
        "meta_mean_motion": 15.34956121,
        "meta_eccentricity": 0.00042798,
        "meta_inclination": 51.8815,
        "meta_ra_of_asc_node": 290.3729,
        "meta_arg_of_pericenter": 22.5306,
        "meta_mean_anomaly": 304.0708,
        "meta_ephemeris_type": 0,
        "meta_classification_type": "U",
        "meta_norad_cat_id": 67765,
        "meta_element_set_no": 999,
        "meta_rev_at_epoch": 130,
        "meta_bstar": 0.00018028399,
        "meta_mean_motion_dot": 5.83e-05,
        "meta_mean_motion_ddot": 0,
        "tle_line1": "1 67765U 26030B   26053.91668981  .00005830  00000+0  18028-3 0  9993",
        "tle_line2": "2 67765  51.8815 290.3729 0004279  22.5306 304.0708 15.34956121  1306"
      },
      "geometry": {
        "type": "Point",
        "coordinates": [
          -81.86919022864475,
          -12.507321966530284
        ]
      }
    },
    {
      "type": "Feature",
      "properties": {
        "norad_id": 67766,
        "name": "KUIPER-00177",
        "group": "last-30-days",
        "lat": 15.604190914382267,
        "lon": -59.24355092358916,
        "alt_km": 456.8273238129259,
        "timestamp": "2026-02-23T09:00:52.728912+00:00",
        "meta_object_name": "KUIPER-00177",
        "meta_object_id": "2026-030C",
        "meta_epoch": "2026-02-22T22:00:01.999584",
        "meta_mean_motion": 15.35795208,
        "meta_eccentricity": 7.609e-05,
        "meta_inclination": 51.884,
        "meta_ra_of_asc_node": 290.3046,
        "meta_arg_of_pericenter": 81.0983,
        "meta_mean_anomaly": 280.066,
        "meta_ephemeris_type": 0,
        "meta_classification_type": "U",
        "meta_norad_cat_id": 67766,
        "meta_element_set_no": 999,
        "meta_rev_at_epoch": 272,
        "meta_bstar": 0.00013119729,
        "meta_mean_motion_dot": 4.258e-05,
        "meta_mean_motion_ddot": 0,
        "tle_line1": "1 67766U 26030C   26053.91668981  .00004258  00000+0  13120-3 0  9995",
        "tle_line2": "2 67766  51.8840 290.3046 0000760  81.0983 280.0660 15.35795208  2724"
      },
      "geometry": {
        "type": "Point",
        "coordinates": [
          -59.24355092358916,
          15.604190914382267
        ]
      }
    },
    {
      "type": "Feature",
      "properties": {
        "norad_id": 67767,
        "name": "KUIPER-00178",
        "group": "last-30-days",
        "lat": -16.645336808679104,
        "lon": -85.40028898324607,
        "alt_km": 460.94406301176423,
        "timestamp": "2026-02-23T09:00:52.728922+00:00",
        "meta_object_name": "KUIPER-00178",
        "meta_object_id": "2026-030D",
        "meta_epoch": "2026-02-22T22:00:01.999584",
        "meta_mean_motion": 15.34815938,
        "meta_eccentricity": 0.00054531,
        "meta_inclination": 51.8838,
        "meta_ra_of_asc_node": 290.3862,
        "meta_arg_of_pericenter": 9.5739,
        "meta_mean_anomaly": 311.8845,
        "meta_ephemeris_type": 0,
        "meta_classification_type": "U",
        "meta_norad_cat_id": 67767,
        "meta_element_set_no": 999,
        "meta_rev_at_epoch": 209,
        "meta_bstar": 0.00018930241,
        "meta_mean_motion_dot": 6.113e-05,
        "meta_mean_motion_ddot": 0,
        "tle_line1": "1 67767U 26030D   26053.91668981  .00006113  00000+0  18930-3 0  9992",
        "tle_line2": "2 67767  51.8838 290.3862 0005453   9.5739 311.8845 15.34815938  2096"
      },
      "geometry": {
        "type": "Point",
        "coordinates": [
          -85.40028898324607,
          -16.645336808679104
        ]
      }
    },
    {
      "type": "Feature",
      "properties": {
        "norad_id": 67768,
        "name": "KUIPER-00180",
        "group": "last-30-days",
        "lat": -51.69077568693904,
        "lon": -168.01325485232877,
        "alt_km": 477.2669969742419,
        "timestamp": "2026-02-23T09:00:52.728932+00:00",
        "meta_object_name": "KUIPER-00180",
        "meta_object_id": "2026-030E",
        "meta_epoch": "2026-02-22T22:00:01.999584",
        "meta_mean_motion": 15.32766995,
        "meta_eccentricity": 0.00150318,
        "meta_inclination": 51.8808,
        "meta_ra_of_asc_node": 290.5228,
        "meta_arg_of_pericenter": 24.2336,
        "meta_mean_anomaly": 228.058,
        "meta_ephemeris_type": 0,
        "meta_classification_type": "U",
        "meta_norad_cat_id": 67768,
        "meta_element_set_no": 999,
        "meta_rev_at_epoch": 130,
        "meta_bstar": 0.00050693626,
        "meta_mean_motion_dot": 0.00015993,
        "meta_mean_motion_ddot": 0,
        "tle_line1": "1 67768U 26030E   26053.91668981  .00015993  00000+0  50694-3 0  9992",
        "tle_line2": "2 67768  51.8808 290.5228 0015031  24.2336 228.0580 15.32766995  1306"
      },
      "geometry": {
        "type": "Point",
        "coordinates": [
          -168.01325485232877,
          -51.69077568693904
        ]
      }
    },
    {
      "type": "Feature",
      "properties": {
        "norad_id": 67769,
        "name": "KUIPER-00197",
        "group": "last-30-days",
        "lat": 9.802058862749083,
        "lon": -64.09862101893037,
        "alt_km": 457.7924213002889,
        "timestamp": "2026-02-23T09:00:52.728948+00:00",
        "meta_object_name": "KUIPER-00197",
        "meta_object_id": "2026-030F",
        "meta_epoch": "2026-02-22T22:00:01.999584",
        "meta_mean_motion": 15.35680576,
        "meta_eccentricity": 0.00015816,
        "meta_inclination": 51.884,
        "meta_ra_of_asc_node": 290.3195,
        "meta_arg_of_pericenter": 73.9184,
        "meta_mean_anomaly": 279.9508,
        "meta_ephemeris_type": 0,
        "meta_classification_type": "U",
        "meta_norad_cat_id": 67769,
        "meta_element_set_no": 999,
        "meta_rev_at_epoch": 130,
        "meta_bstar": 0.00013224235,
        "meta_mean_motion_dot": 4.278e-05,
        "meta_mean_motion_ddot": 0,
        "tle_line1": "1 67769U 26030F   26053.91668981  .00004278  00000+0  13224-3 0  9995",
        "tle_line2": "2 67769  51.8840 290.3195 0001581  73.9184 279.9508 15.35680576  1309"
      },
      "geometry": {
        "type": "Point",
        "coordinates": [
          -64.09862101893037,
          9.802058862749083
        ]
      }
    },
    {
      "type": "Feature",
      "properties": {
        "norad_id": 67770,
        "name": "KUIPER-00198",
        "group": "last-30-days",
        "lat": -1.2586741201176774,
        "lon": -72.85599197959928,
        "alt_km": 459.28948251435304,
        "timestamp": "2026-02-23T09:00:52.728960+00:00",
        "meta_object_name": "KUIPER-00198",
        "meta_object_id": "2026-030G",
        "meta_epoch": "2026-02-22T22:00:01.999584",
        "meta_mean_motion": 15.35328293,
        "meta_eccentricity": 0.00025983,
        "meta_inclination": 51.8816,
        "meta_ra_of_asc_node": 290.3452,
        "meta_arg_of_pericenter": 24.9262,
        "meta_mean_anomaly": 315.4266,
        "meta_ephemeris_type": 0,
        "meta_classification_type": "U",
        "meta_norad_cat_id": 67770,
        "meta_element_set_no": 999,
        "meta_rev_at_epoch": 130,
        "meta_bstar": 0.00014807887,
        "meta_mean_motion_dot": 4.779e-05,
        "meta_mean_motion_ddot": 0,
        "tle_line1": "1 67770U 26030G   26053.91668981  .00004779  00000+0  14808-3 0  9992",
        "tle_line2": "2 67770  51.8816 290.3452 0002598  24.9262 315.4266 15.35328293  1304"
      },
      "geometry": {
        "type": "Point",
        "coordinates": [
          -72.85599197959928,
          -1.2586741201176774
        ]
      }
    },
    {
      "type": "Feature",
      "properties": {
        "norad_id": 67771,
        "name": "KUIPER-00199",
        "group": "last-30-days",
        "lat": -44.40568794178401,
        "lon": -122.01407301357882,
        "alt_km": 468.15793238784954,
        "timestamp": "2026-02-23T09:00:52.728970+00:00",
        "meta_object_name": "KUIPER-00199",
        "meta_object_id": "2026-030H",
        "meta_epoch": "2026-02-22T22:00:01.999584",
        "meta_mean_motion": 15.33725086,
        "meta_eccentricity": 0.00102329,
        "meta_inclination": 51.8811,
        "meta_ra_of_asc_node": 290.4632,
        "meta_arg_of_pericenter": 17.7598,
        "meta_mean_anomaly": 264.0675,
        "meta_ephemeris_type": 0,
        "meta_classification_type": "U",
        "meta_norad_cat_id": 67771,
        "meta_element_set_no": 999,
        "meta_rev_at_epoch": 273,
        "meta_bstar": 0.00014666554,
        "meta_mean_motion_dot": 4.485e-05,
        "meta_mean_motion_ddot": 0,
        "tle_line1": "1 67771U 26030H   26053.91668981  .00004485  00000+0  14667-3 0  9990",
        "tle_line2": "2 67771  51.8811 290.4632 0010232  17.7598 264.0675 15.33725086  2737"
      },
      "geometry": {
        "type": "Point",
        "coordinates": [
          -122.01407301357882,
          -44.40568794178401
        ]
      }
    },
    {
      "type": "Feature",
      "properties": {
        "norad_id": 67772,
        "name": "KUIPER-00200",
        "group": "last-30-days",
        "lat": 27.301070574610595,
        "lon": -48.034816487947985,
        "alt_km": 454.54824898301285,
        "timestamp": "2026-02-23T09:00:52.728980+00:00",
        "meta_object_name": "KUIPER-00200",
        "meta_object_id": "2026-030J",
        "meta_epoch": "2026-02-22T22:00:01.999584",
        "meta_mean_motion": 15.36294389,
        "meta_eccentricity": 0.00024357,
        "meta_inclination": 51.882,
        "meta_ra_of_asc_node": 290.273,
        "meta_arg_of_pericenter": 153.7178,
        "meta_mean_anomaly": 222.2986,
        "meta_ephemeris_type": 0,
        "meta_classification_type": "U",
        "meta_norad_cat_id": 67772,
        "meta_element_set_no": 999,
        "meta_rev_at_epoch": 262,
        "meta_bstar": 8.9813932e-05,
        "meta_mean_motion_dot": 2.842e-05,
        "meta_mean_motion_ddot": 0,
        "tle_line1": "1 67772U 26030J   26053.91668981  .00002842  00000+0  89814-4 0  9993",
        "tle_line2": "2 67772  51.8820 290.2730 0002435 153.7178 222.2986 15.36294389  2625"
      },
      "geometry": {
        "type": "Point",
        "coordinates": [
          -48.034816487947985,
          27.301070574610595
        ]
      }
    },
    {
      "type": "Feature",
      "properties": {
        "norad_id": 67773,
        "name": "KUIPER-00203",
        "group": "last-30-days",
        "lat": -48.98395738152457,
        "lon": -136.24984321879631,
        "alt_km": 470.81461189047695,
        "timestamp": "2026-02-23T09:00:52.728990+00:00",
        "meta_object_name": "KUIPER-00203",
        "meta_object_id": "2026-030K",
        "meta_epoch": "2026-02-22T22:00:01.999584",
        "meta_mean_motion": 15.33434726,
        "meta_eccentricity": 0.00123617,
        "meta_inclination": 51.8801,
        "meta_ra_of_asc_node": 290.4819,
        "meta_arg_of_pericenter": 19.4717,
        "meta_mean_anomaly": 252.0686,
        "meta_ephemeris_type": 0,
        "meta_classification_type": "U",
        "meta_norad_cat_id": 67773,
        "meta_element_set_no": 999,
        "meta_rev_at_epoch": 138,
        "meta_bstar": 0.00015144874,
        "meta_mean_motion_dot": 4.601e-05,
        "meta_mean_motion_ddot": 0,
        "tle_line1": "1 67773U 26030K   26053.91668981  .00004601  00000+0  15145-3 0  9994",
        "tle_line2": "2 67773  51.8801 290.4819 0012361  19.4717 252.0686 15.33434726  1389"
      },
      "geometry": {
        "type": "Point",
        "coordinates": [
          -136.24984321879631,
          -48.98395738152457
        ]
      }
    },
    {
      "type": "Feature",
      "properties": {
        "norad_id": 67774,
        "name": "KUIPER-00205",
        "group": "last-30-days",
        "lat": 7.0895411415832115,
        "lon": -66.2852011731976,
        "alt_km": 457.62122764903324,
        "timestamp": "2026-02-23T09:00:52.729000+00:00",
        "meta_object_name": "KUIPER-00205",
        "meta_object_id": "2026-030L",
        "meta_epoch": "2026-02-22T22:00:01.999584",
        "meta_mean_motion": 15.3565957,
        "meta_eccentricity": 0.00016793,
        "meta_inclination": 51.8817,
        "meta_ra_of_asc_node": 290.3246,
        "meta_arg_of_pericenter": 354.5486,
        "meta_mean_anomaly": 355.8636,
        "meta_ephemeris_type": 0,
        "meta_classification_type": "U",
        "meta_norad_cat_id": 67774,
        "meta_element_set_no": 999,
        "meta_rev_at_epoch": 200,
        "meta_bstar": 0.00014356759,
        "meta_mean_motion_dot": 4.674e-05,
        "meta_mean_motion_ddot": 0,
        "tle_line1": "1 67774U 26030L   26053.91668981  .00004674  00000+0  14357-3 0  9999",
        "tle_line2": "2 67774  51.8817 290.3246 0001679 354.5486 355.8636 15.35659570  2001"
      },
      "geometry": {
        "type": "Point",
        "coordinates": [
          -66.2852011731976,
          7.0895411415832115
        ]
      }
    },
    {
      "type": "Feature",
      "properties": {
        "norad_id": 67775,
        "name": "KUIPER-00208",
        "group": "last-30-days",
        "lat": -51.82019687340164,
        "lon": -164.8816653222645,
        "alt_km": 475.8999050839293,
        "timestamp": "2026-02-23T09:00:52.729012+00:00",
        "meta_object_name": "KUIPER-00208",
        "meta_object_id": "2026-030M",
        "meta_epoch": "2026-02-22T22:00:01.999584",
        "meta_mean_motion": 15.32794157,
        "meta_eccentricity": 0.0014676,
        "meta_inclination": 51.8833,
        "meta_ra_of_asc_node": 290.5246,
        "meta_arg_of_pericenter": 18.5711,
        "meta_mean_anomaly": 235.6353,
        "meta_ephemeris_type": 0,
        "meta_classification_type": "U",
        "meta_norad_cat_id": 67775,
        "meta_element_set_no": 999,
        "meta_rev_at_epoch": 256,
        "meta_bstar": 0.00018098664,
        "meta_mean_motion_dot": 5.461e-05,
        "meta_mean_motion_ddot": 0,
        "tle_line1": "1 67775U 26030M   26053.91668981  .00005461  00000+0  18099-3 0  9992",
        "tle_line2": "2 67775  51.8833 290.5246 0014676  18.5711 235.6353 15.32794157  2561"
      },
      "geometry": {
        "type": "Point",
        "coordinates": [
          -164.8816653222645,
          -51.82019687340164
        ]
      }
    },
    {
      "type": "Feature",
      "properties": {
        "norad_id": 67776,
        "name": "KUIPER-00209",
        "group": "last-30-days",
        "lat": -51.74517312018049,
        "lon": -156.42043117089545,
        "alt_km": 474.9183104580334,
        "timestamp": "2026-02-23T09:00:52.729022+00:00",
        "meta_object_name": "KUIPER-00209",
        "meta_object_id": "2026-030N",
        "meta_epoch": "2026-02-22T22:00:01.999584",
        "meta_mean_motion": 15.32752401,
        "meta_eccentricity": 0.00126289,
        "meta_inclination": 51.8828,
        "meta_ra_of_asc_node": 290.512,
        "meta_arg_of_pericenter": 19.8803,
        "meta_mean_anomaly": 239.621,
        "meta_ephemeris_type": 0,
        "meta_classification_type": "U",
        "meta_norad_cat_id": 67776,
        "meta_element_set_no": 999,
        "meta_rev_at_epoch": 221,
        "meta_bstar": 0.00040107083,
        "meta_mean_motion_dot": 0.0001255,
        "meta_mean_motion_ddot": 0,
        "tle_line1": "1 67776U 26030N   26053.91668981  .00012550  00000+0  40107-3 0  9995",
        "tle_line2": "2 67776  51.8828 290.5120 0012628  19.8803 239.6210 15.32752401  2212"
      },
      "geometry": {
        "type": "Point",
        "coordinates": [
          -156.42043117089545,
          -51.74517312018049
        ]
      }
    },
    {
      "type": "Feature",
      "properties": {
        "norad_id": 67777,
        "name": "KUIPER-00213",
        "group": "last-30-days",
        "lat": -51.76553147010959,
        "lon": -156.94622606751602,
        "alt_km": 475.2265693621357,
        "timestamp": "2026-02-23T09:00:52.729034+00:00",
        "meta_object_name": "KUIPER-00213",
        "meta_object_id": "2026-030P",
        "meta_epoch": "2026-02-22T22:00:01.999584",
        "meta_mean_motion": 15.32819434,
        "meta_eccentricity": 0.00145014,
        "meta_inclination": 51.8809,
        "meta_ra_of_asc_node": 290.5088,
        "meta_arg_of_pericenter": 20.1174,
        "meta_mean_anomaly": 238.9727,
        "meta_ephemeris_type": 0,
        "meta_classification_type": "U",
        "meta_norad_cat_id": 67777,
        "meta_element_set_no": 999,
        "meta_rev_at_epoch": 272,
        "meta_bstar": 0.00021018245,
        "meta_mean_motion_dot": 6.409e-05,
        "meta_mean_motion_ddot": 0,
        "tle_line1": "1 67777U 26030P   26053.91668981  .00006409  00000+0  21018-3 0  9992",
        "tle_line2": "2 67777  51.8809 290.5088 0014501  20.1174 238.9727 15.32819434  2724"
      },
      "geometry": {
        "type": "Point",
        "coordinates": [
          -156.94622606751602,
          -51.76553147010959
        ]
      }
    },
    {
      "type": "Feature",
      "properties": {
        "norad_id": 67778,
        "name": "KUIPER-00214",
        "group": "last-30-days",
        "lat": 22.61669360947867,
        "lon": -52.83732691736963,
        "alt_km": 455.73613857927467,
        "timestamp": "2026-02-23T09:00:52.729044+00:00",
        "meta_object_name": "KUIPER-00214",
        "meta_object_id": "2026-030Q",
        "meta_epoch": "2026-02-22T22:00:01.999584",
        "meta_mean_motion": 15.36082223,
        "meta_eccentricity": 0.00019879,
        "meta_inclination": 51.8851,
        "meta_ra_of_asc_node": 290.2871,
        "meta_arg_of_pericenter": 145.1496,
        "meta_mean_anomaly": 224.8173,
        "meta_ephemeris_type": 0,
        "meta_classification_type": "U",
        "meta_norad_cat_id": 67778,
        "meta_element_set_no": 999,
        "meta_rev_at_epoch": 263,
        "meta_bstar": 9.6936174e-05,
        "meta_mean_motion_dot": 3.076e-05,
        "meta_mean_motion_ddot": 0,
        "tle_line1": "1 67778U 26030Q   26053.91668981  .00003076  00000+0  96936-4 0  9992",
        "tle_line2": "2 67778  51.8851 290.2871 0001987 145.1496 224.8173 15.36082223  2639"
      },
      "geometry": {
        "type": "Point",
        "coordinates": [
          -52.83732691736963,
          22.61669360947867
        ]
      }
    },
    {
      "type": "Feature",
      "properties": {
        "norad_id": 67779,
        "name": "KUIPER-00215",
        "group": "last-30-days",
        "lat": -41.27483511988928,
        "lon": -115.31067253402443,
        "alt_km": 466.8589944196301,
        "timestamp": "2026-02-23T09:00:52.729053+00:00",
        "meta_object_name": "KUIPER-00215",
        "meta_object_id": "2026-030R",
        "meta_epoch": "2026-02-22T22:00:01.999584",
        "meta_mean_motion": 15.338526,
        "meta_eccentricity": 0.00100463,
        "meta_inclination": 51.8842,
        "meta_ra_of_asc_node": 290.4571,
        "meta_arg_of_pericenter": 16.6918,
        "meta_mean_anomaly": 270.7576,
        "meta_ephemeris_type": 0,
        "meta_classification_type": "U",
        "meta_norad_cat_id": 67779,
        "meta_element_set_no": 999,
        "meta_rev_at_epoch": 130,
        "meta_bstar": 0.00016032057,
        "meta_mean_motion_dot": 4.959e-05,
        "meta_mean_motion_ddot": 0,
        "tle_line1": "1 67779U 26030R   26053.91668981  .00004959  00000+0  16032-3 0  9992",
        "tle_line2": "2 67779  51.8842 290.4571 0010046  16.6918 270.7576 15.33852600  1307"
      },
      "geometry": {
        "type": "Point",
        "coordinates": [
          -115.31067253402443,
          -41.27483511988928
        ]
      }
    },
    {
      "type": "Feature",
      "properties": {
        "norad_id": 67780,
        "name": "KUIPER-00218",
        "group": "last-30-days",
        "lat": -23.895214249729065,
        "lon": -92.16012777409942,
        "alt_km": 462.60919482491227,
        "timestamp": "2026-02-23T09:00:52.729063+00:00",
        "meta_object_name": "KUIPER-00218",
        "meta_object_id": "2026-030S",
        "meta_epoch": "2026-02-22T22:00:01.999584",
        "meta_mean_motion": 15.34557,
        "meta_eccentricity": 0.00062413,
        "meta_inclination": 51.8837,
        "meta_ra_of_asc_node": 290.4049,
        "meta_arg_of_pericenter": 15.2029,
        "meta_mean_anomaly": 297.0565,
        "meta_ephemeris_type": 0,
        "meta_classification_type": "U",
        "meta_norad_cat_id": 67780,
        "meta_element_set_no": 999,
        "meta_rev_at_epoch": 159,
        "meta_bstar": 0.00021721521,
        "meta_mean_motion_dot": 7.012e-05,
        "meta_mean_motion_ddot": 0,
        "tle_line1": "1 67780U 26030S   26053.91668981  .00007012  00000+0  21722-3 0  9999",
        "tle_line2": "2 67780  51.8837 290.4049 0006241  15.2029 297.0565 15.34557000  1591"
      },
      "geometry": {
        "type": "Point",
        "coordinates": [
          -92.16012777409942,
          -23.895214249729065
        ]
      }
    },
    {
      "type": "Feature",
      "properties": {
        "norad_id": 67781,
        "name": "KUIPER-00220",
        "group": "last-30-days",
        "lat": -35.83748046715356,
        "lon": -106.31998665966036,
        "alt_km": 465.33947467791495,
        "timestamp": "2026-02-23T09:00:52.729073+00:00",
        "meta_object_name": "KUIPER-00220",
        "meta_object_id": "2026-030T",
        "meta_epoch": "2026-02-22T22:00:01.999584",
        "meta_mean_motion": 15.34076467,
        "meta_eccentricity": 0.00079595,
        "meta_inclination": 51.8813,
        "meta_ra_of_asc_node": 290.4348,
        "meta_arg_of_pericenter": 14.7724,
        "meta_mean_anomaly": 281.1842,
        "meta_ephemeris_type": 0,
        "meta_classification_type": "U",
        "meta_norad_cat_id": 67781,
        "meta_element_set_no": 999,
        "meta_rev_at_epoch": 234,
        "meta_bstar": 0.00013354948,
        "meta_mean_motion_dot": 4.096e-05,
        "meta_mean_motion_ddot": 0,
        "tle_line1": "1 67781U 26030T   26053.91668981  .00004096  00000+0  13355-3 0  9992",
        "tle_line2": "2 67781  51.8813 290.4348 0007959  14.7724 281.1842 15.34076467  2340"
      },
      "geometry": {
        "type": "Point",
        "coordinates": [
          -106.31998665966036,
          -35.83748046715356
        ]
      }
    },
    {
      "type": "Feature",
      "properties": {
        "norad_id": 67782,
        "name": "KUIPER-00222",
        "group": "last-30-days",
        "lat": -50.30797256043387,
        "lon": 179.42716433208952,
        "alt_km": 479.6034606635176,
        "timestamp": "2026-02-23T09:00:52.729085+00:00",
        "meta_object_name": "KUIPER-00222",
        "meta_object_id": "2026-030U",
        "meta_epoch": "2026-02-22T22:00:01.999584",
        "meta_mean_motion": 15.32370952,
        "meta_eccentricity": 0.00168433,
        "meta_inclination": 51.8806,
        "meta_ra_of_asc_node": 290.537,
        "meta_arg_of_pericenter": 19.4269,
        "meta_mean_anomaly": 225.5009,
        "meta_ephemeris_type": 0,
        "meta_classification_type": "U",
        "meta_norad_cat_id": 67782,
        "meta_element_set_no": 999,
        "meta_rev_at_epoch": 267,
        "meta_bstar": 0.00024031924,
        "meta_mean_motion_dot": 7.284e-05,
        "meta_mean_motion_ddot": 0,
        "tle_line1": "1 67782U 26030U   26053.91668981  .00007284  00000+0  24032-3 0  9999",
        "tle_line2": "2 67782  51.8806 290.5370 0016843  19.4269 225.5009 15.32370952  2674"
      },
      "geometry": {
        "type": "Point",
        "coordinates": [
          179.42716433208952,
          -50.30797256043387
        ]
      }
    },
    {
      "type": "Feature",
      "properties": {
        "norad_id": 67783,
        "name": "KUIPER-00223",
        "group": "last-30-days",
        "lat": -46.58266199333097,
        "lon": -127.80521108944426,
        "alt_km": 468.967260921022,
        "timestamp": "2026-02-23T09:00:52.729094+00:00",
        "meta_object_name": "KUIPER-00223",
        "meta_object_id": "2026-030V",
        "meta_epoch": "2026-02-22T22:00:01.999584",
        "meta_mean_motion": 15.33577214,
        "meta_eccentricity": 0.00120764,
        "meta_inclination": 51.8828,
        "meta_ra_of_asc_node": 290.4754,
        "meta_arg_of_pericenter": 16.4055,
        "meta_mean_anomaly": 261.068,
        "meta_ephemeris_type": 0,
        "meta_classification_type": "U",
        "meta_norad_cat_id": 67783,
        "meta_element_set_no": 999,
        "meta_rev_at_epoch": 249,
        "meta_bstar": 0.00015783256,
        "meta_mean_motion_dot": 4.834e-05,
        "meta_mean_motion_ddot": 0,
        "tle_line1": "1 67783U 26030V   26053.91668981  .00004834  00000+0  15783-3 0  9991",
        "tle_line2": "2 67783  51.8828 290.4754 0012076  16.4055 261.0680 15.33577214  2499"
      },
      "geometry": {
        "type": "Point",
        "coordinates": [
          -127.80521108944426,
          -46.58266199333097
        ]
      }
    },
    {
      "type": "Feature",
      "properties": {
        "norad_id": 67784,
        "name": "KUIPER-00225",
        "group": "last-30-days",
        "lat": -4.641892918168507,
        "lon": -75.51404421696479,
        "alt_km": 459.43199995169743,
        "timestamp": "2026-02-23T09:00:52.729104+00:00",
        "meta_object_name": "KUIPER-00225",
        "meta_object_id": "2026-030W",
        "meta_epoch": "2026-02-22T22:00:01.999584",
        "meta_mean_motion": 15.35200964,
        "meta_eccentricity": 0.00033776,
        "meta_inclination": 51.8816,
        "meta_ra_of_asc_node": 290.3534,
        "meta_arg_of_pericenter": 8.3324,
        "meta_mean_anomaly": 327.9216,
        "meta_ephemeris_type": 0,
        "meta_classification_type": "U",
        "meta_norad_cat_id": 67784,
        "meta_element_set_no": 999,
        "meta_rev_at_epoch": 174,
        "meta_bstar": 0.0001759206,
        "meta_mean_motion_dot": 5.726e-05,
        "meta_mean_motion_ddot": 0,
        "tle_line1": "1 67784U 26030W   26053.91668981  .00005726  00000+0  17592-3 0  9993",
        "tle_line2": "2 67784  51.8816 290.3534 0003377   8.3324 327.9216 15.35200964  1746"
      },
      "geometry": {
        "type": "Point",
        "coordinates": [
          -75.51404421696479,
          -4.641892918168507
        ]
      }
    },
    {
      "type": "Feature",
      "properties": {
        "norad_id": 67785,
        "name": "KUIPER-00226",
        "group": "last-30-days",
        "lat": -38.04370347967636,
        "lon": 146.29908846790937,
        "alt_km": 487.66718668732483,
        "timestamp": "2026-02-23T09:00:52.729117+00:00",
        "meta_object_name": "KUIPER-00226",
        "meta_object_id": "2026-030X",
        "meta_epoch": "2026-02-22T22:00:01.999584",
        "meta_mean_motion": 15.31638395,
        "meta_eccentricity": 0.00199464,
        "meta_inclination": 51.8809,
        "meta_ra_of_asc_node": 290.5894,
        "meta_arg_of_pericenter": 27.2445,
        "meta_mean_anomaly": 192.3102,
        "meta_ephemeris_type": 0,
        "meta_classification_type": "U",
        "meta_norad_cat_id": 67785,
        "meta_element_set_no": 999,
        "meta_rev_at_epoch": 130,
        "meta_bstar": 0.00011694501,
        "meta_mean_motion_dot": 3.27e-05,
        "meta_mean_motion_ddot": 0,
        "tle_line1": "1 67785U 26030X   26053.91668981  .00003270  00000+0  11695-3 0  9994",
        "tle_line2": "2 67785  51.8809 290.5894 0019946  27.2445 192.3102 15.31638395  1302"
      },
      "geometry": {
        "type": "Point",
        "coordinates": [
          146.29908846790937,
          -38.04370347967636
        ]
      }
    },
    {
      "type": "Feature",
      "properties": {
        "norad_id": 67786,
        "name": "KUIPER-00259",
        "group": "last-30-days",
        "lat": -28.39167733277789,
        "lon": -96.90847795279556,
        "alt_km": 462.73040884248803,
        "timestamp": "2026-02-23T09:00:52.729129+00:00",
        "meta_object_name": "KUIPER-00259",
        "meta_object_id": "2026-030Y",
        "meta_epoch": "2026-02-22T22:00:01.999584",
        "meta_mean_motion": 15.34392023,
        "meta_eccentricity": 0.00077535,
        "meta_inclination": 51.8813,
        "meta_ra_of_asc_node": 290.4137,
        "meta_arg_of_pericenter": 9.009,
        "meta_mean_anomaly": 297.33,
        "meta_ephemeris_type": 0,
        "meta_classification_type": "U",
        "meta_norad_cat_id": 67786,
        "meta_element_set_no": 999,
        "meta_rev_at_epoch": 278,
        "meta_bstar": 0.00022434163,
        "meta_mean_motion_dot": 7.217e-05,
        "meta_mean_motion_ddot": 0,
        "tle_line1": "1 67786U 26030Y   26053.91668981  .00007217  00000+0  22434-3 0  9993",
        "tle_line2": "2 67786  51.8813 290.4137 0007753   9.0090 297.3300 15.34392023  2781"
      },
      "geometry": {
        "type": "Point",
        "coordinates": [
          -96.90847795279556,
          -28.39167733277789
        ]
      }
    },
    {
      "type": "Feature",
      "properties": {
        "norad_id": 67787,
        "name": "KUIPER-00260",
        "group": "last-30-days",
        "lat": 13.011107631752632,
        "lon": -61.45182055046434,
        "alt_km": 457.3752829931818,
        "timestamp": "2026-02-23T09:00:52.729139+00:00",
        "meta_object_name": "KUIPER-00260",
        "meta_object_id": "2026-030Z",
        "meta_epoch": "2026-02-22T22:00:01.999584",
        "meta_mean_motion": 15.35740625,
        "meta_eccentricity": 0.0001223,
        "meta_inclination": 51.8807,
        "meta_ra_of_asc_node": 290.3088,
        "meta_arg_of_pericenter": 87.9448,
        "meta_mean_anomaly": 269.9518,
        "meta_ephemeris_type": 0,
        "meta_classification_type": "U",
        "meta_norad_cat_id": 67787,
        "meta_element_set_no": 999,
        "meta_rev_at_epoch": 264,
        "meta_bstar": 0.00016685606,
        "meta_mean_motion_dot": 5.511e-05,
        "meta_mean_motion_ddot": 0,
        "tle_line1": "1 67787U 26030Z   26053.91668981  .00005511  00000+0  16686-3 0  9991",
        "tle_line2": "2 67787  51.8807 290.3088 0001223  87.9448 269.9518 15.35740625  2644"
      },
      "geometry": {
        "type": "Point",
        "coordinates": [
          -61.45182055046434,
          13.011107631752632
        ]
      }
    },
    {
      "type": "Feature",
      "properties": {
        "norad_id": 67788,
        "name": "KUIPER-00262",
        "group": "last-30-days",
        "lat": 19.42188107282336,
        "lon": -55.8496372597629,
        "alt_km": 455.8971632711682,
        "timestamp": "2026-02-23T09:00:52.729149+00:00",
        "meta_object_name": "KUIPER-00262",
        "meta_object_id": "2026-030AA",
        "meta_epoch": "2026-02-22T22:00:01.999584",
        "meta_mean_motion": 15.36037758,
        "meta_eccentricity": 0.00017828,
        "meta_inclination": 51.8819,
        "meta_ra_of_asc_node": 290.2939,
        "meta_arg_of_pericenter": 120.4682,
        "meta_mean_anomaly": 245.315,
        "meta_ephemeris_type": 0,
        "meta_classification_type": "U",
        "meta_norad_cat_id": 67788,
        "meta_element_set_no": 999,
        "meta_rev_at_epoch": 130,
        "meta_bstar": 0.00012425425,
        "meta_mean_motion_dot": 4.045e-05,
        "meta_mean_motion_ddot": 0,
        "tle_line1": "1 67788U 26030AA  26053.91668981  .00004045  00000+0  12425-3 0  9990",
        "tle_line2": "2 67788  51.8819 290.2939 0001782 120.4682 245.3150 15.36037758  1304"
      },
      "geometry": {
        "type": "Point",
        "coordinates": [
          -55.8496372597629,
          19.42188107282336
        ]
      }
    },
    {
      "type": "Feature",
      "properties": {
        "norad_id": 67789,
        "name": "KUIPER-00266",
        "group": "last-30-days",
        "lat": -29.89257729993722,
        "lon": 135.24401203777174,
        "alt_km": 490.14047601396396,
        "timestamp": "2026-02-23T09:00:52.729158+00:00",
        "meta_object_name": "KUIPER-00266",
        "meta_object_id": "2026-030AB",
        "meta_epoch": "2026-02-22T22:00:01.999584",
        "meta_mean_motion": 15.31430692,
        "meta_eccentricity": 0.00220315,
        "meta_inclination": 51.8806,
        "meta_ra_of_asc_node": 290.6118,
        "meta_arg_of_pericenter": 28.9423,
        "meta_mean_anomaly": 178.6258,
        "meta_ephemeris_type": 0,
        "meta_classification_type": "U",
        "meta_norad_cat_id": 67789,
        "meta_element_set_no": 999,
        "meta_rev_at_epoch": 157,
        "meta_bstar": 0.00011934003,
        "meta_mean_motion_dot": 3.325e-05,
        "meta_mean_motion_ddot": 0,
        "tle_line1": "1 67789U 26030AB  26053.91668981  .00003325  00000+0  11934-3 0  9995",
        "tle_line2": "2 67789  51.8806 290.6118 0022031  28.9423 178.6258 15.31430692  1574"
      },
      "geometry": {
        "type": "Point",
        "coordinates": [
          135.24401203777174,
          -29.89257729993722
        ]
      }
    },
    {
      "type": "Feature",
      "properties": {
        "norad_id": 67790,
        "name": "KUIPER-00268",
        "group": "last-30-days",
        "lat": 2.2555613567546953,
        "lon": -70.10122783687642,
        "alt_km": 459.17157515110375,
        "timestamp": "2026-02-23T09:00:52.729168+00:00",
        "meta_object_name": "KUIPER-00268",
        "meta_object_id": "2026-030AC",
        "meta_epoch": "2026-02-22T22:00:01.999584",
        "meta_mean_motion": 15.35380429,
        "meta_eccentricity": 0.00017497,
        "meta_inclination": 51.8851,
        "meta_ra_of_asc_node": 290.3395,
        "meta_arg_of_pericenter": 28.0964,
        "meta_mean_anomaly": 316.633,
        "meta_ephemeris_type": 0,
        "meta_classification_type": "U",
        "meta_norad_cat_id": 67790,
        "meta_element_set_no": 999,
        "meta_rev_at_epoch": 130,
        "meta_bstar": 0.00016280711,
        "meta_mean_motion_dot": 5.303e-05,
        "meta_mean_motion_ddot": 0,
        "tle_line1": "1 67790U 26030AC  26053.91668981  .00005303  00000+0  16281-3 0  9995",
        "tle_line2": "2 67790  51.8851 290.3395 0001749  28.0964 316.6330 15.35380429  1306"
      },
      "geometry": {
        "type": "Point",
        "coordinates": [
          -70.10122783687642,
          2.2555613567546953
        ]
      }
    },
    {
      "type": "Feature",
      "properties": {
        "norad_id": 67791,
        "name": "KUIPER-00270",
        "group": "last-30-days",
        "lat": -38.32665737060238,
        "lon": -110.13322784681739,
        "alt_km": 465.4418799051782,
        "timestamp": "2026-02-23T09:00:52.729178+00:00",
        "meta_object_name": "KUIPER-00270",
        "meta_object_id": "2026-030AD",
        "meta_epoch": "2026-02-22T22:00:01.999584",
        "meta_mean_motion": 15.33984211,
        "meta_eccentricity": 0.00098303,
        "meta_inclination": 51.8811,
        "meta_ra_of_asc_node": 290.442,
        "meta_arg_of_pericenter": 13.2724,
        "meta_mean_anomaly": 278.9173,
        "meta_ephemeris_type": 0,
        "meta_classification_type": "U",
        "meta_norad_cat_id": 67791,
        "meta_element_set_no": 999,
        "meta_rev_at_epoch": 153,
        "meta_bstar": 0.00016740384,
        "meta_mean_motion_dot": 5.217e-05,
        "meta_mean_motion_ddot": 0,
        "tle_line1": "1 67791U 26030AD  26053.91668981  .00005217  00000+0  16740-3 0  9990",
        "tle_line2": "2 67791  51.8811 290.4420 0009830  13.2724 278.9173 15.33984211  1539"
      },
      "geometry": {
        "type": "Point",
        "coordinates": [
          -110.13322784681739,
          -38.32665737060238
        ]
      }
    },
    {
      "type": "Feature",
      "properties": {
        "norad_id": 67792,
        "name": "KUIPER-00274",
        "group": "last-30-days",
        "lat": -48.052221147212286,
        "lon": 169.23300799324542,
        "alt_km": 481.85777818759743,
        "timestamp": "2026-02-23T09:00:52.729214+00:00",
        "meta_object_name": "KUIPER-00274",
        "meta_object_id": "2026-030AE",
        "meta_epoch": "2026-02-22T22:00:01.999584",
        "meta_mean_motion": 15.32308299,
        "meta_eccentricity": 0.00174453,
        "meta_inclination": 51.8823,
        "meta_ra_of_asc_node": 290.5559,
        "meta_arg_of_pericenter": 24.2721,
        "meta_mean_anomaly": 213.6819,
        "meta_ephemeris_type": 0,
        "meta_classification_type": "U",
        "meta_norad_cat_id": 67792,
        "meta_element_set_no": 999,
        "meta_rev_at_epoch": 180,
        "meta_bstar": 0.00043559794,
        "meta_mean_motion_dot": 0.000135,
        "meta_mean_motion_ddot": 0,
        "tle_line1": "1 67792U 26030AE  26053.91668981  .00013500  00000+0  43560-3 0  9995",
        "tle_line2": "2 67792  51.8823 290.5559 0017445  24.2721 213.6819 15.32308299  1805"
      },
      "geometry": {
        "type": "Point",
        "coordinates": [
          169.23300799324542,
          -48.052221147212286
        ]
      }
    },
    {
      "type": "Feature",
      "properties": {
        "norad_id": 67793,
        "name": "KUIPER-00275",
        "group": "last-30-days",
        "lat": -31.80613800847321,
        "lon": -100.91746370943561,
        "alt_km": 463.90669253461147,
        "timestamp": "2026-02-23T09:00:52.729223+00:00",
        "meta_object_name": "KUIPER-00275",
        "meta_object_id": "2026-030AF",
        "meta_epoch": "2026-02-22T22:00:01.999584",
        "meta_mean_motion": 15.34256304,
        "meta_eccentricity": 0.00080245,
        "meta_inclination": 51.8845,
        "meta_ra_of_asc_node": 290.4281,
        "meta_arg_of_pericenter": 13.0945,
        "meta_mean_anomaly": 288.6001,
        "meta_ephemeris_type": 0,
        "meta_classification_type": "U",
        "meta_norad_cat_id": 67793,
        "meta_element_set_no": 999,
        "meta_rev_at_epoch": 130,
        "meta_bstar": 0.00021918024,
        "meta_mean_motion_dot": 7.011e-05,
        "meta_mean_motion_ddot": 0,
        "tle_line1": "1 67793U 26030AF  26053.91668981  .00007011  00000+0  21918-3 0  9999",
        "tle_line2": "2 67793  51.8845 290.4281 0008024  13.0945 288.6001 15.34256304  1309"
      },
      "geometry": {
        "type": "Point",
        "coordinates": [
          -100.91746370943561,
          -31.80613800847321
        ]
      }
    },
    {
      "type": "Feature",
      "properties": {
        "norad_id": 67794,
        "name": "KUIPER-00276",
        "group": "last-30-days",
        "lat": -42.90577685400732,
        "lon": 155.24159843819905,
        "alt_km": 485.47847839900805,
        "timestamp": "2026-02-23T09:00:52.729233+00:00",
        "meta_object_name": "KUIPER-00276",
        "meta_object_id": "2026-030AG",
        "meta_epoch": "2026-02-22T22:00:01.999584",
        "meta_mean_motion": 15.31623757,
        "meta_eccentricity": 0.00185413,
        "meta_inclination": 51.8819,
        "meta_ra_of_asc_node": 290.5751,
        "meta_arg_of_pericenter": 21.6617,
        "meta_mean_anomaly": 206.3236,
        "meta_ephemeris_type": 0,
        "meta_classification_type": "U",
        "meta_norad_cat_id": 67794,
        "meta_element_set_no": 999,
        "meta_rev_at_epoch": 252,
        "meta_bstar": 0.00042511024,
        "meta_mean_motion_dot": 0.00012888,
        "meta_mean_motion_ddot": 0,
        "tle_line1": "1 67794U 26030AG  26053.91668981  .00012888  00000+0  42511-3 0  9990",
        "tle_line2": "2 67794  51.8819 290.5751 0018541  21.6617 206.3236 15.31623757  2529"
      },
      "geometry": {
        "type": "Point",
        "coordinates": [
          155.24159843819905,
          -42.90577685400732
        ]
      }
    },
    {
      "type": "Feature",
      "properties": {
        "norad_id": 67795,
        "name": "KUIPER-00279",
        "group": "last-30-days",
        "lat": -20.299284500960965,
        "lon": -88.70415029445081,
        "alt_km": 461.6300100942062,
        "timestamp": "2026-02-23T09:00:52.729242+00:00",
        "meta_object_name": "KUIPER-00279",
        "meta_object_id": "2026-030AH",
        "meta_epoch": "2026-02-22T22:00:01.999584",
        "meta_mean_motion": 15.34686082,
        "meta_eccentricity": 0.00059138,
        "meta_inclination": 51.8804,
        "meta_ra_of_asc_node": 290.3911,
        "meta_arg_of_pericenter": 10.5878,
        "meta_mean_anomaly": 306.2739,
        "meta_ephemeris_type": 0,
        "meta_classification_type": "U",
        "meta_norad_cat_id": 67795,
        "meta_element_set_no": 999,
        "meta_rev_at_epoch": 130,
        "meta_bstar": 0.00020031947,
        "meta_mean_motion_dot": 6.464e-05,
        "meta_mean_motion_ddot": 0,
        "tle_line1": "1 67795U 26030AH  26053.91668981  .00006464  00000+0  20032-3 0  9998",
        "tle_line2": "2 67795  51.8804 290.3911 0005913  10.5878 306.2739 15.34686082  1301"
      },
      "geometry": {
        "type": "Point",
        "coordinates": [
          -88.70415029445081,
          -20.299284500960965
        ]
      }
    },
    {
      "type": "Feature",
      "properties": {
        "norad_id": 67796,
        "name": "CREW DRAGON 12",
        "group": "last-30-days",
        "lat": -14.686090191887137,
        "lon": 131.12717384034923,
        "alt_km": 428.99519776449233,
        "timestamp": "2026-02-23T09:00:52.729254+00:00",
        "meta_object_name": "CREW DRAGON 12",
        "meta_object_id": "2026-031A",
        "meta_epoch": "2026-02-22T17:36:16.529760",
        "meta_mean_motion": 15.48216789,
        "meta_eccentricity": 0.00084814,
        "meta_inclination": 51.6318,
        "meta_ra_of_asc_node": 146.2856,
        "meta_arg_of_pericenter": 123.1422,
        "meta_mean_anomaly": 237.0381,
        "meta_ephemeris_type": 0,
        "meta_classification_type": "U",
        "meta_norad_cat_id": 67796,
        "meta_element_set_no": 999,
        "meta_rev_at_epoch": 55398,
        "meta_bstar": 0.00026931019,
        "meta_mean_motion_dot": 0.00014029,
        "meta_mean_motion_ddot": 0,
        "tle_line1": "1 67796U 26031A   26053.73352465  .00014029  00000+0  26931-3 0  9997",
        "tle_line2": "2 67796  51.6318 146.2856 0008481 123.1422 237.0381 15.48216789553984"
      },
      "geometry": {
        "type": "Point",
        "coordinates": [
          131.12717384034923,
          -14.686090191887137
        ]
      }
    }
  ]
}