{
  "type": "FeatureCollection",
  "features": [
    {
      "type": "Feature",
      "properties": {
        "norad_id": 22490,
        "name": "SCD 1",
        "group": "resource",
        "lat": -3.6715347411725485,
        "lon": -123.35138791596586,
        "alt_km": 725.4130316151395,
        "timestamp": "2026-03-18T07:13:59.911325+00:00",
        "meta_object_name": "SCD 1",
        "meta_object_id": "1993-009B",
        "meta_epoch": "2026-03-17T22:12:48.809952",
        "meta_mean_motion": 14.46072927,
        "meta_eccentricity": 0.00416842,
        "meta_inclination": 24.9701,
        "meta_ra_of_asc_node": 51.0421,
        "meta_arg_of_pericenter": 251.9548,
        "meta_mean_anomaly": 136.7053,
        "meta_ephemeris_type": 0,
        "meta_classification_type": "U",
        "meta_norad_cat_id": 22490,
        "meta_element_set_no": 999,
        "meta_rev_at_epoch": 74789,
        "meta_bstar": 7.0836449e-05,
        "meta_mean_motion_dot": 4.46e-06,
        "meta_mean_motion_ddot": 0,
        "tle_line1": "1 22490U 93009B   26076.92556493  .00000446  00000+0  70836-4 0  9993",
        "tle_line2": "2 22490  24.9701  51.0421 0041684 251.9548 136.7053 14.46072927747894"
      },
      "geometry": {
        "type": "Point",
        "coordinates": [
          -123.35138791596586,
          -3.6715347411725485
        ]
      }
    },
    {
      "type": "Feature",
      "properties": {
        "norad_id": 25397,
        "name": "TECHSAT 1B (GO-32)",
        "group": "resource",
        "lat": -42.67246442992821,
        "lon": 76.18989910634744,
        "alt_km": 818.4463809276513,
        "timestamp": "2026-03-18T07:13:59.911352+00:00",
        "meta_object_name": "TECHSAT 1B (GO-32)",
        "meta_object_id": "1998-043D",
        "meta_epoch": "2026-03-17T21:19:16.644576",
        "meta_mean_motion": 14.24408459,
        "meta_eccentricity": 0.00022695,
        "meta_inclination": 99.0035,
        "meta_ra_of_asc_node": 67.3622,
        "meta_arg_of_pericenter": 106.1204,
        "meta_mean_anomaly": 254.0224,
        "meta_ephemeris_type": 0,
        "meta_classification_type": "U",
        "meta_norad_cat_id": 25397,
        "meta_element_set_no": 999,
        "meta_rev_at_epoch": 43833,
        "meta_bstar": 5.1425707e-05,
        "meta_mean_motion_dot": 7.2e-07,
        "meta_mean_motion_ddot": 0,
        "tle_line1": "1 25397U 98043D   26076.88838709  .00000072  00000+0  51426-4 0  9992",
        "tle_line2": "2 25397  99.0035  67.3622 0002269 106.1204 254.0224 14.24408459438334"
      },
      "geometry": {
        "type": "Point",
        "coordinates": [
          76.18989910634744,
          -42.67246442992821
        ]
      }
    },
    {
      "type": "Feature",
      "properties": {
        "norad_id": 25504,
        "name": "SCD 2",
        "group": "resource",
        "lat": 7.9455420916718476,
        "lon": -69.92773845228922,
        "alt_km": 745.9393813186398,
        "timestamp": "2026-03-18T07:13:59.911368+00:00",
        "meta_object_name": "SCD 2",
        "meta_object_id": "1998-060A",
        "meta_epoch": "2026-03-17T21:18:35.782560",
        "meta_mean_motion": 14.45487012,
        "meta_eccentricity": 0.00165859,
        "meta_inclination": 24.9951,
        "meta_ra_of_asc_node": 275.1886,
        "meta_arg_of_pericenter": 238.0349,
        "meta_mean_anomaly": 145.0048,
        "meta_ephemeris_type": 0,
        "meta_classification_type": "U",
        "meta_norad_cat_id": 25504,
        "meta_element_set_no": 999,
        "meta_rev_at_epoch": 44710,
        "meta_bstar": 5.5819876e-05,
        "meta_mean_motion_dot": 3.82e-06,
        "meta_mean_motion_ddot": 0,
        "tle_line1": "1 25504U 98060A   26076.88791415  .00000382  00000+0  55820-4 0  9999",
        "tle_line2": "2 25504  24.9951 275.1886 0016585 238.0349 145.0048 14.45487012447103"
      },
      "geometry": {
        "type": "Point",
        "coordinates": [
          -69.92773845228922,
          7.9455420916718476
        ]
      }
    },
    {
      "type": "Feature",
      "properties": {
        "norad_id": 25757,
        "name": "DLR-TUBSAT",
        "group": "resource",
        "lat": 65.80390989443192,
        "lon": 49.98512342137569,
        "alt_km": 720.1006846012287,
        "timestamp": "2026-03-18T07:13:59.911381+00:00",
        "meta_object_name": "DLR-TUBSAT",
        "meta_object_id": "1999-029B",
        "meta_epoch": "2026-03-17T22:39:25.255584",
        "meta_mean_motion": 14.52400928,
        "meta_eccentricity": 0.00130093,
        "meta_inclination": 98.6671,
        "meta_ra_of_asc_node": 69.4606,
        "meta_arg_of_pericenter": 267.514,
        "meta_mean_anomaly": 92.4565,
        "meta_ephemeris_type": 0,
        "meta_classification_type": "U",
        "meta_norad_cat_id": 25757,
        "meta_element_set_no": 999,
        "meta_rev_at_epoch": 42000,
        "meta_bstar": 3.5766025e-05,
        "meta_mean_motion_dot": 9.7e-07,
        "meta_mean_motion_ddot": 0,
        "tle_line1": "1 25757U 99029B   26076.94404231  .00000097  00000+0  35766-4 0  9999",
        "tle_line2": "2 25757  98.6671  69.4606 0013009 267.5140  92.4565 14.52400928420006"
      },
      "geometry": {
        "type": "Point",
        "coordinates": [
          49.98512342137569,
          65.80390989443192
        ]
      }
    },
    {
      "type": "Feature",
      "properties": {
        "norad_id": 25994,
        "name": "TERRA",
        "group": "resource",
        "lat": -14.455090836124961,
        "lon": -51.66012034441255,
        "alt_km": 693.4821644357307,
        "timestamp": "2026-03-18T07:13:59.911393+00:00",
        "meta_object_name": "TERRA",
        "meta_object_id": "1999-068A",
        "meta_epoch": "2026-03-17T22:19:51.085632",
        "meta_mean_motion": 14.61023404,
        "meta_eccentricity": 0.00031871,
        "meta_inclination": 97.9576,
        "meta_ra_of_asc_node": 130.0497,
        "meta_arg_of_pericenter": 133.582,
        "meta_mean_anomaly": 271.0277,
        "meta_ephemeris_type": 0,
        "meta_classification_type": "U",
        "meta_norad_cat_id": 25994,
        "meta_element_set_no": 999,
        "meta_rev_at_epoch": 39628,
        "meta_bstar": 8.4687009e-05,
        "meta_mean_motion_dot": 3.71e-06,
        "meta_mean_motion_ddot": 0,
        "tle_line1": "1 25994U 99068A   26076.93045238  .00000371  00000+0  84687-4 0  9993",
        "tle_line2": "2 25994  97.9576 130.0497 0003187 133.5820 271.0277 14.61023404396288"
      },
      "geometry": {
        "type": "Point",
        "coordinates": [
          -51.66012034441255,
          -14.455090836124961
        ]
      }
    },
    {
      "type": "Feature",
      "properties": {
        "norad_id": 27004,
        "name": "MAROC-TUBSAT",
        "group": "resource",
        "lat": -7.405329233968869,
        "lon": -106.25332124487684,
        "alt_km": 988.9993260714382,
        "timestamp": "2026-03-18T07:13:59.911404+00:00",
        "meta_object_name": "MAROC-TUBSAT",
        "meta_object_id": "2001-056D",
        "meta_epoch": "2026-03-17T23:04:59.787840",
        "meta_mean_motion": 13.70258445,
        "meta_eccentricity": 0.0020037,
        "meta_inclination": 99.802,
        "meta_ra_of_asc_node": 252.1135,
        "meta_arg_of_pericenter": 18.7912,
        "meta_mean_anomaly": 99.6276,
        "meta_ephemeris_type": 0,
        "meta_classification_type": "U",
        "meta_norad_cat_id": 27004,
        "meta_element_set_no": 999,
        "meta_rev_at_epoch": 21369,
        "meta_bstar": 3.1411713e-05,
        "meta_mean_motion_dot": -1.9e-07,
        "meta_mean_motion_ddot": 0,
        "tle_line1": "1 27004U 01056D   26076.96180310 -.00000019  00000+0  31412-4 0  9999",
        "tle_line2": "2 27004  99.8020 252.1135 0020037  18.7912  99.6276 13.70258445213691"
      },
      "geometry": {
        "type": "Point",
        "coordinates": [
          -106.25332124487684,
          -7.405329233968869
        ]
      }
    },
    {
      "type": "Feature",
      "properties": {
        "norad_id": 27424,
        "name": "AQUA",
        "group": "resource",
        "lat": 25.647279376346106,
        "lon": 40.74644681418441,
        "alt_km": 685.8219785165156,
        "timestamp": "2026-03-18T07:13:59.911416+00:00",
        "meta_object_name": "AQUA",
        "meta_object_id": "2002-022A",
        "meta_epoch": "2026-03-17T23:05:26.172672",
        "meta_mean_motion": 14.61996474,
        "meta_eccentricity": 7.074e-05,
        "meta_inclination": 98.4188,
        "meta_ra_of_asc_node": 44.4786,
        "meta_arg_of_pericenter": 108.9414,
        "meta_mean_anomaly": 292.4809,
        "meta_ephemeris_type": 0,
        "meta_classification_type": "U",
        "meta_norad_cat_id": 27424,
        "meta_element_set_no": 999,
        "meta_rev_at_epoch": 26994,
        "meta_bstar": 0.00018352652,
        "meta_mean_motion_dot": 8.71e-06,
        "meta_mean_motion_ddot": 0,
        "tle_line1": "1 27424U 02022A   26076.96210848  .00000871  00000+0  18353-3 0  9992",
        "tle_line2": "2 27424  98.4188  44.4786 0000707 108.9414 292.4809 14.61996474269948"
      },
      "geometry": {
        "type": "Point",
        "coordinates": [
          40.74644681418441,
          25.647279376346106
        ]
      }
    },
    {
      "type": "Feature",
      "properties": {
        "norad_id": 28051,
        "name": "IRS-P6 (RESOURCESAT-1)",
        "group": "resource",
        "lat": 31.809001899153373,
        "lon": 113.08646672472409,
        "alt_km": 802.5386521507371,
        "timestamp": "2026-03-18T07:13:59.911436+00:00",
        "meta_object_name": "IRS-P6 (RESOURCESAT-1)",
        "meta_object_id": "2003-046A",
        "meta_epoch": "2026-03-17T23:10:30.624672",
        "meta_mean_motion": 14.36121688,
        "meta_eccentricity": 0.00629068,
        "meta_inclination": 98.2033,
        "meta_ra_of_asc_node": 117.9001,
        "meta_arg_of_pericenter": 255.7659,
        "meta_mean_anomaly": 201.1558,
        "meta_ephemeris_type": 0,
        "meta_classification_type": "U",
        "meta_norad_cat_id": 28051,
        "meta_element_set_no": 999,
        "meta_rev_at_epoch": 16743,
        "meta_bstar": 1.6000677e-05,
        "meta_mean_motion_dot": 6e-08,
        "meta_mean_motion_ddot": 0,
        "tle_line1": "1 28051U 03046A   26076.96563223  .00000006  00000+0  16001-4 0  9993",
        "tle_line2": "2 28051  98.2033 117.9001 0062906 255.7659 201.1558 14.36121688167437"
      },
      "geometry": {
        "type": "Point",
        "coordinates": [
          113.08646672472409,
          31.809001899153373
        ]
      }
    },
    {
      "type": "Feature",
      "properties": {
        "norad_id": 28220,
        "name": "SHIYAN-1 (SY-1)",
        "group": "resource",
        "lat": 21.719245180362634,
        "lon": 146.45680231786832,
        "alt_km": 468.70014577656457,
        "timestamp": "2026-03-18T07:13:59.911460+00:00",
        "meta_object_name": "SHIYAN-1 (SY-1)",
        "meta_object_id": "2004-012A",
        "meta_epoch": "2026-03-17T18:35:29.508576",
        "meta_mean_motion": 15.31293813,
        "meta_eccentricity": 0.00052186,
        "meta_inclination": 97.8757,
        "meta_ra_of_asc_node": 149.0585,
        "meta_arg_of_pericenter": 354.1061,
        "meta_mean_anomaly": 6.0116,
        "meta_ephemeris_type": 0,
        "meta_classification_type": "U",
        "meta_norad_cat_id": 28220,
        "meta_element_set_no": 999,
        "meta_rev_at_epoch": 19709,
        "meta_bstar": 0.00033358417,
        "meta_mean_motion_dot": 0.00010004,
        "meta_mean_motion_ddot": 0,
        "tle_line1": "1 28220U 04012A   26076.77464709  .00010004  00000+0  33358-3 0  9995",
        "tle_line2": "2 28220  97.8757 149.0585 0005218 354.1061   6.0116 15.31293813197093"
      },
      "geometry": {
        "type": "Point",
        "coordinates": [
          146.45680231786832,
          21.719245180362634
        ]
      }
    },
    {
      "type": "Feature",
      "properties": {
        "norad_id": 28376,
        "name": "AURA",
        "group": "resource",
        "lat": -53.144460277116636,
        "lon": -158.21382662152675,
        "alt_km": 697.0256493985025,
        "timestamp": "2026-03-18T07:13:59.911482+00:00",
        "meta_object_name": "AURA",
        "meta_object_id": "2004-026A",
        "meta_epoch": "2026-03-17T21:56:55.337568",
        "meta_mean_motion": 14.61168333,
        "meta_eccentricity": 0.00011285,
        "meta_inclination": 98.3324,
        "meta_ra_of_asc_node": 32.6715,
        "meta_arg_of_pericenter": 91.1905,
        "meta_mean_anomaly": 268.9425,
        "meta_ephemeris_type": 0,
        "meta_classification_type": "U",
        "meta_norad_cat_id": 28376,
        "meta_element_set_no": 999,
        "meta_rev_at_epoch": 15288,
        "meta_bstar": 0.0001868073,
        "meta_mean_motion_dot": 8.71e-06,
        "meta_mean_motion_ddot": 0,
        "tle_line1": "1 28376U 04026A   26076.91452937  .00000871  00000+0  18681-3 0  9991",
        "tle_line2": "2 28376  98.3324  32.6715 0001128  91.1905 268.9425 14.61168333152884"
      },
      "geometry": {
        "type": "Point",
        "coordinates": [
          -158.21382662152675,
          -53.144460277116636
        ]
      }
    },
    {
      "type": "Feature",
      "properties": {
        "norad_id": 28649,
        "name": "IRS-P5 (CARTOSAT-1)",
        "group": "resource",
        "lat": 27.52755863870896,
        "lon": -71.57700641134252,
        "alt_km": 594.4616520941099,
        "timestamp": "2026-03-18T07:13:59.911502+00:00",
        "meta_object_name": "IRS-P5 (CARTOSAT-1)",
        "meta_object_id": "2005-017A",
        "meta_epoch": "2026-03-17T22:29:56.450688",
        "meta_mean_motion": 14.9079425,
        "meta_eccentricity": 0.00020093,
        "meta_inclination": 97.5406,
        "meta_ra_of_asc_node": 104.1167,
        "meta_arg_of_pericenter": 59.5739,
        "meta_mean_anomaly": 300.5678,
        "meta_ephemeris_type": 0,
        "meta_classification_type": "U",
        "meta_norad_cat_id": 28649,
        "meta_element_set_no": 999,
        "meta_rev_at_epoch": 13022,
        "meta_bstar": 0.00014334775,
        "meta_mean_motion_dot": 1.357e-05,
        "meta_mean_motion_ddot": 0,
        "tle_line1": "1 28649U 05017A   26076.93745892  .00001357  00000+0  14335-3 0  9994",
        "tle_line2": "2 28649  97.5406 104.1167 0002009  59.5739 300.5678 14.90794250130229"
      },
      "geometry": {
        "type": "Point",
        "coordinates": [
          -71.57700641134252,
          27.52755863870896
        ]
      }
    },
    {
      "type": "Feature",
      "properties": {
        "norad_id": 28893,
        "name": "SINAH 1",
        "group": "resource",
        "lat": 19.89743696316603,
        "lon": -151.8518318456027,
        "alt_km": 690.071431618373,
        "timestamp": "2026-03-18T07:13:59.911521+00:00",
        "meta_object_name": "SINAH 1",
        "meta_object_id": "2005-043D",
        "meta_epoch": "2026-03-17T22:56:25.108224",
        "meta_mean_motion": 14.64082753,
        "meta_eccentricity": 0.00141556,
        "meta_inclination": 98.2698,
        "meta_ra_of_asc_node": 210.8189,
        "meta_arg_of_pericenter": 197.3447,
        "meta_mean_anomaly": 162.7273,
        "meta_ephemeris_type": 0,
        "meta_classification_type": "U",
        "meta_norad_cat_id": 28893,
        "meta_element_set_no": 999,
        "meta_rev_at_epoch": 8717,
        "meta_bstar": 8.5962673e-05,
        "meta_mean_motion_dot": 4.03e-06,
        "meta_mean_motion_ddot": 0,
        "tle_line1": "1 28893U 05043D   26076.95584616  .00000403  00000+0  85963-4 0  9998",
        "tle_line2": "2 28893  98.2698 210.8189 0014155 197.3447 162.7273 14.64082753 87175"
      },
      "geometry": {
        "type": "Point",
        "coordinates": [
          -151.8518318456027,
          19.89743696316603
        ]
      }
    },
    {
      "type": "Feature",
      "properties": {
        "norad_id": 29228,
        "name": "RESURS-DK 1",
        "group": "resource",
        "lat": -24.10114363965319,
        "lon": 44.15729327706809,
        "alt_km": 532.2541971864157,
        "timestamp": "2026-03-18T07:13:59.911561+00:00",
        "meta_object_name": "RESURS-DK 1",
        "meta_object_id": "2006-021A",
        "meta_epoch": "2026-03-17T19:13:08.215392",
        "meta_mean_motion": 15.12803044,
        "meta_eccentricity": 0.00010454,
        "meta_inclination": 69.933,
        "meta_ra_of_asc_node": 216.04,
        "meta_arg_of_pericenter": 145.6681,
        "meta_mean_anomaly": 214.4553,
        "meta_ephemeris_type": 0,
        "meta_classification_type": "U",
        "meta_norad_cat_id": 29228,
        "meta_element_set_no": 999,
        "meta_rev_at_epoch": 8875,
        "meta_bstar": 0.00015950008,
        "meta_mean_motion_dot": 2.7e-05,
        "meta_mean_motion_ddot": 0,
        "tle_line1": "1 29228U 06021A   26076.80078953  .00002700  00000+0  15950-3 0  9994",
        "tle_line2": "2 29228  69.9330 216.0400 0001045 145.6681 214.4553 15.12803044 88759"
      },
      "geometry": {
        "type": "Point",
        "coordinates": [
          44.15729327706809,
          -24.10114363965319
        ]
      }
    },
    {
      "type": "Feature",
      "properties": {
        "norad_id": 29268,
        "name": "ARIRANG-2 (KOMPSAT-2)",
        "group": "resource",
        "lat": 75.54936113063658,
        "lon": 118.41496094985766,
        "alt_km": 672.0061264768019,
        "timestamp": "2026-03-18T07:13:59.911586+00:00",
        "meta_object_name": "ARIRANG-2 (KOMPSAT-2)",
        "meta_object_id": "2006-031A",
        "meta_epoch": "2026-03-17T23:13:14.458080",
        "meta_mean_motion": 14.64596482,
        "meta_eccentricity": 0.00147015,
        "meta_inclination": 97.8301,
        "meta_ra_of_asc_node": 265.8216,
        "meta_arg_of_pericenter": 8.71,
        "meta_mean_anomaly": 134.0488,
        "meta_ephemeris_type": 0,
        "meta_classification_type": "U",
        "meta_norad_cat_id": 29268,
        "meta_element_set_no": 999,
        "meta_rev_at_epoch": 4812,
        "meta_bstar": 8.3405568e-05,
        "meta_mean_motion_dot": 3.98e-06,
        "meta_mean_motion_ddot": 0,
        "tle_line1": "1 29268U 06031A   26076.96752845  .00000398  00000+0  83406-4 0  9998",
        "tle_line2": "2 29268  97.8301 265.8216 0014701   8.7100 134.0488 14.64596482 48128"
      },
      "geometry": {
        "type": "Point",
        "coordinates": [
          118.41496094985766,
          75.54936113063658
        ]
      }
    },
    {
      "type": "Feature",
      "properties": {
        "norad_id": 29709,
        "name": "LAPAN-TUBSAT",
        "group": "resource",
        "lat": 52.69602072490807,
        "lon": -94.69218606243021,
        "alt_km": 596.7884970164332,
        "timestamp": "2026-03-18T07:13:59.911606+00:00",
        "meta_object_name": "LAPAN-TUBSAT",
        "meta_object_id": "2007-001A",
        "meta_epoch": "2026-03-17T22:35:08.314080",
        "meta_mean_motion": 14.85843438,
        "meta_eccentricity": 0.00133396,
        "meta_inclination": 98.1332,
        "meta_ra_of_asc_node": 74.1211,
        "meta_arg_of_pericenter": 119.4859,
        "meta_mean_anomaly": 240.7688,
        "meta_ephemeris_type": 0,
        "meta_classification_type": "U",
        "meta_norad_cat_id": 29709,
        "meta_element_set_no": 999,
        "meta_rev_at_epoch": 3760,
        "meta_bstar": 8.8551619e-05,
        "meta_mean_motion_dot": 7.14e-06,
        "meta_mean_motion_ddot": 0,
        "tle_line1": "1 29709U 07001A   26076.94106845  .00000714  00000+0  88552-4 0  9996",
        "tle_line2": "2 29709  98.1332  74.1211 0013339 119.4859 240.7688 14.85843438 37606"
      },
      "geometry": {
        "type": "Point",
        "coordinates": [
          -94.69218606243021,
          52.69602072490807
        ]
      }
    },
    {
      "type": "Feature",
      "properties": {
        "norad_id": 31113,
        "name": "HAIYANG-1B",
        "group": "resource",
        "lat": -80.06741961752401,
        "lon": 119.63982053202697,
        "alt_km": 805.9370024671243,
        "timestamp": "2026-03-18T07:13:59.911624+00:00",
        "meta_object_name": "HAIYANG-1B",
        "meta_object_id": "2007-010A",
        "meta_epoch": "2026-03-17T21:33:37.478016",
        "meta_mean_motion": 14.31002138,
        "meta_eccentricity": 0.00146573,
        "meta_inclination": 98.3439,
        "meta_ra_of_asc_node": 62.3139,
        "meta_arg_of_pericenter": 110.052,
        "meta_mean_anomaly": 250.2243,
        "meta_ephemeris_type": 0,
        "meta_classification_type": "U",
        "meta_norad_cat_id": 31113,
        "meta_element_set_no": 999,
        "meta_rev_at_epoch": 98757,
        "meta_bstar": 5.0424591e-05,
        "meta_mean_motion_dot": 9.1e-07,
        "meta_mean_motion_ddot": 0,
        "tle_line1": "1 31113U 07010A   26076.89835044  .00000091  00000+0  50425-4 0  9998",
        "tle_line2": "2 31113  98.3439  62.3139 0014657 110.0520 250.2243 14.31002138987570"
      },
      "geometry": {
        "type": "Point",
        "coordinates": [
          119.63982053202697,
          -80.06741961752401
        ]
      }
    },
    {
      "type": "Feature",
      "properties": {
        "norad_id": 31598,
        "name": "COSMO-SKYMED 1",
        "group": "resource",
        "lat": 63.019148999783184,
        "lon": -107.39940063327887,
        "alt_km": 570.2693736437031,
        "timestamp": "2026-03-18T07:13:59.911645+00:00",
        "meta_object_name": "COSMO-SKYMED 1",
        "meta_object_id": "2007-023A",
        "meta_epoch": "2026-03-17T22:55:29.269632",
        "meta_mean_motion": 14.96604937,
        "meta_eccentricity": 0.00015555,
        "meta_inclination": 97.8881,
        "meta_ra_of_asc_node": 268.0546,
        "meta_arg_of_pericenter": 89.518,
        "meta_mean_anomaly": 270.6219,
        "meta_ephemeris_type": 0,
        "meta_classification_type": "U",
        "meta_norad_cat_id": 31598,
        "meta_element_set_no": 999,
        "meta_rev_at_epoch": 1614,
        "meta_bstar": 0.00026208292,
        "meta_mean_motion_dot": 2.926e-05,
        "meta_mean_motion_ddot": 0,
        "tle_line1": "1 31598U 07023A   26076.95519988  .00002926  00000+0  26208-3 0  9992",
        "tle_line2": "2 31598  97.8881 268.0546 0001555  89.5180 270.6219 14.96604937 16145"
      },
      "geometry": {
        "type": "Point",
        "coordinates": [
          -107.39940063327887,
          63.019148999783184
        ]
      }
    },
    {
      "type": "Feature",
      "properties": {
        "norad_id": 31698,
        "name": "TERRASAR-X",
        "group": "resource",
        "lat": 42.755356347696214,
        "lon": 79.35532498724305,
        "alt_km": 503.9265459428798,
        "timestamp": "2026-03-18T07:13:59.911659+00:00",
        "meta_object_name": "TERRASAR-X",
        "meta_object_id": "2007-026A",
        "meta_epoch": "2026-03-17T19:58:40.605888",
        "meta_mean_motion": 15.19154399,
        "meta_eccentricity": 0.00018063,
        "meta_inclination": 97.4464,
        "meta_ra_of_asc_node": 85.8386,
        "meta_arg_of_pericenter": 81.1367,
        "meta_mean_anomaly": 279.0072,
        "meta_ephemeris_type": 0,
        "meta_classification_type": "U",
        "meta_norad_cat_id": 31698,
        "meta_element_set_no": 999,
        "meta_rev_at_epoch": 3935,
        "meta_bstar": 4.2141752e-05,
        "meta_mean_motion_dot": 8.18e-06,
        "meta_mean_motion_ddot": 0,
        "tle_line1": "1 31698U 07026A   26076.83241442  .00000818  00000+0  42142-4 0  9994",
        "tle_line2": "2 31698  97.4464  85.8386 0001806  81.1367 279.0072 15.19154399 39356"
      },
      "geometry": {
        "type": "Point",
        "coordinates": [
          79.35532498724305,
          42.755356347696214
        ]
      }
    },
    {
      "type": "Feature",
      "properties": {
        "norad_id": 32060,
        "name": "WORLDVIEW-1 (WV-1)",
        "group": "resource",
        "lat": -7.151212010356637,
        "lon": -160.71648007090567,
        "alt_km": 497.1888913493476,
        "timestamp": "2026-03-18T07:13:59.911671+00:00",
        "meta_object_name": "WORLDVIEW-1 (WV-1)",
        "meta_object_id": "2007-041A",
        "meta_epoch": "2026-03-17T21:48:30.477312",
        "meta_mean_motion": 15.23753304,
        "meta_eccentricity": 0.00029518,
        "meta_inclination": 97.3822,
        "meta_ra_of_asc_node": 197.965,
        "meta_arg_of_pericenter": 44.1623,
        "meta_mean_anomaly": 315.985,
        "meta_ephemeris_type": 0,
        "meta_classification_type": "U",
        "meta_norad_cat_id": 32060,
        "meta_element_set_no": 999,
        "meta_rev_at_epoch": 2897,
        "meta_bstar": 0.0002166369,
        "meta_mean_motion_dot": 5.139e-05,
        "meta_mean_motion_ddot": 0,
        "tle_line1": "1 32060U 07041A   26076.90868608  .00005139  00000+0  21664-3 0  9998",
        "tle_line2": "2 32060  97.3822 197.9650 0002951  44.1623 315.9850 15.23753304 28978"
      },
      "geometry": {
        "type": "Point",
        "coordinates": [
          -160.71648007090567,
          -7.151212010356637
        ]
      }
    },
    {
      "type": "Feature",
      "properties": {
        "norad_id": 32289,
        "name": "YAOGAN-3",
        "group": "resource",
        "lat": -7.0324960628144,
        "lon": 109.0288252339241,
        "alt_km": 600.5110871785319,
        "timestamp": "2026-03-18T07:13:59.911688+00:00",
        "meta_object_name": "YAOGAN-3",
        "meta_object_id": "2007-055A",
        "meta_epoch": "2026-03-17T23:12:31.046400",
        "meta_mean_motion": 14.90406008,
        "meta_eccentricity": 0.00016604,
        "meta_inclination": 97.8264,
        "meta_ra_of_asc_node": 107.7254,
        "meta_arg_of_pericenter": 81.1775,
        "meta_mean_anomaly": 278.9631,
        "meta_ephemeris_type": 0,
        "meta_classification_type": "U",
        "meta_norad_cat_id": 32289,
        "meta_element_set_no": 999,
        "meta_rev_at_epoch": 99227,
        "meta_bstar": 0.00021839681,
        "meta_mean_motion_dot": 2.072e-05,
        "meta_mean_motion_ddot": 0,
        "tle_line1": "1 32289U 07055A   26076.96702600  .00002072  00000+0  21840-3 0  9990",
        "tle_line2": "2 32289  97.8264 107.7254 0001660  81.1775 278.9631 14.90406008992277"
      },
      "geometry": {
        "type": "Point",
        "coordinates": [
          109.0288252339241,
          -7.0324960628144
        ]
      }
    },
    {
      "type": "Feature",
      "properties": {
        "norad_id": 32376,
        "name": "COSMO-SKYMED 2",
        "group": "resource",
        "lat": 50.15271451732887,
        "lon": -107.34839597067338,
        "alt_km": 617.1991478474492,
        "timestamp": "2026-03-18T07:13:59.911699+00:00",
        "meta_object_name": "COSMO-SKYMED 2",
        "meta_object_id": "2007-059A",
        "meta_epoch": "2026-03-17T22:54:12.957696",
        "meta_mean_motion": 14.82153543,
        "meta_eccentricity": 0.00013038,
        "meta_inclination": 97.887,
        "meta_ra_of_asc_node": 261.8709,
        "meta_arg_of_pericenter": 85.1167,
        "meta_mean_anomaly": 275.0195,
        "meta_ephemeris_type": 0,
        "meta_classification_type": "U",
        "meta_norad_cat_id": 32376,
        "meta_element_set_no": 999,
        "meta_rev_at_epoch": 98848,
        "meta_bstar": 6.6206737e-05,
        "meta_mean_motion_dot": 4.75e-06,
        "meta_mean_motion_ddot": 0,
        "tle_line1": "1 32376U 07059A   26076.95431664  .00000475  00000+0  66207-4 0  9991",
        "tle_line2": "2 32376  97.8870 261.8709 0001303  85.1167 275.0195 14.82153543988482"
      },
      "geometry": {
        "type": "Point",
        "coordinates": [
          -107.34839597067338,
          50.15271451732887
        ]
      }
    },
    {
      "type": "Feature",
      "properties": {
        "norad_id": 32382,
        "name": "RADARSAT-2",
        "group": "resource",
        "lat": 77.88879146059308,
        "lon": 40.79716782705813,
        "alt_km": 783.5956363573696,
        "timestamp": "2026-03-18T07:13:59.911710+00:00",
        "meta_object_name": "RADARSAT-2",
        "meta_object_id": "2007-061A",
        "meta_epoch": "2026-03-17T22:27:27.009792",
        "meta_mean_motion": 14.29980974,
        "meta_eccentricity": 0.00012346,
        "meta_inclination": 98.5814,
        "meta_ra_of_asc_node": 85.1601,
        "meta_arg_of_pericenter": 83.968,
        "meta_mean_anomaly": 276.1643,
        "meta_ephemeris_type": 0,
        "meta_classification_type": "U",
        "meta_norad_cat_id": 32382,
        "meta_element_set_no": 999,
        "meta_rev_at_epoch": 95291,
        "meta_bstar": -1.5909095e-05,
        "meta_mean_motion_dot": -8.5e-07,
        "meta_mean_motion_ddot": 0,
        "tle_line1": "1 32382U 07061A   26076.93572928 -.00000085  00000+0 -15909-4 0  9990",
        "tle_line2": "2 32382  98.5814  85.1601 0001234  83.9680 276.1643 14.29980974952918"
      },
      "geometry": {
        "type": "Point",
        "coordinates": [
          40.79716782705813,
          77.88879146059308
        ]
      }
    },
    {
      "type": "Feature",
      "properties": {
        "norad_id": 32783,
        "name": "CARTOSAT-2A",
        "group": "resource",
        "lat": -13.677221879201568,
        "lon": -52.83735807085053,
        "alt_km": 643.9893466814883,
        "timestamp": "2026-03-18T07:13:59.911721+00:00",
        "meta_object_name": "CARTOSAT-2A",
        "meta_object_id": "2008-021A",
        "meta_epoch": "2026-03-17T22:14:36.188736",
        "meta_mean_motion": 14.7911699,
        "meta_eccentricity": 0.00130752,
        "meta_inclination": 97.7765,
        "meta_ra_of_asc_node": 128.7062,
        "meta_arg_of_pericenter": 52.4932,
        "meta_mean_anomaly": 307.7467,
        "meta_ephemeris_type": 0,
        "meta_classification_type": "U",
        "meta_norad_cat_id": 32783,
        "meta_element_set_no": 999,
        "meta_rev_at_epoch": 96531,
        "meta_bstar": 7.9941585e-05,
        "meta_mean_motion_dot": 5.43e-06,
        "meta_mean_motion_ddot": 0,
        "tle_line1": "1 32783U 08021A   26076.92680774  .00000543  00000+0  79942-4 0  9994",
        "tle_line2": "2 32783  97.7765 128.7062 0013075  52.4932 307.7467 14.79116990965318"
      },
      "geometry": {
        "type": "Point",
        "coordinates": [
          -52.83735807085053,
          -13.677221879201568
        ]
      }
    },
    {
      "type": "Feature",
      "properties": {
        "norad_id": 33320,
        "name": "HUANJING 1A (HJ-1A)",
        "group": "resource",
        "lat": -2.0240480310432494,
        "lon": -113.57913595856097,
        "alt_km": 624.3571342065961,
        "timestamp": "2026-03-18T07:13:59.911731+00:00",
        "meta_object_name": "HUANJING 1A (HJ-1A)",
        "meta_object_id": "2008-041A",
        "meta_epoch": "2026-03-17T22:19:31.634400",
        "meta_mean_motion": 14.83749777,
        "meta_eccentricity": 0.00207202,
        "meta_inclination": 97.6636,
        "meta_ra_of_asc_node": 66.3372,
        "meta_arg_of_pericenter": 78.8332,
        "meta_mean_anomaly": 281.521,
        "meta_ephemeris_type": 0,
        "meta_classification_type": "U",
        "meta_norad_cat_id": 33320,
        "meta_element_set_no": 999,
        "meta_rev_at_epoch": 94487,
        "meta_bstar": 0.00019497606,
        "meta_mean_motion_dot": 1.568e-05,
        "meta_mean_motion_ddot": 0,
        "tle_line1": "1 33320U 08041A   26076.93022725  .00001568  00000+0  19498-3 0  9998",
        "tle_line2": "2 33320  97.6636  66.3372 0020720  78.8332 281.5210 14.83749777944877"
      },
      "geometry": {
        "type": "Point",
        "coordinates": [
          -113.57913595856097,
          -2.0240480310432494
        ]
      }
    },
    {
      "type": "Feature",
      "properties": {
        "norad_id": 33321,
        "name": "HUANJING 1B (HJ-1B)",
        "group": "resource",
        "lat": -18.57644791547284,
        "lon": -112.45626442204376,
        "alt_km": 619.1459989568684,
        "timestamp": "2026-03-18T07:13:59.911742+00:00",
        "meta_object_name": "HUANJING 1B (HJ-1B)",
        "meta_object_id": "2008-041B",
        "meta_epoch": "2026-03-17T23:52:01.985088",
        "meta_mean_motion": 14.83124004,
        "meta_eccentricity": 0.00376754,
        "meta_inclination": 97.6483,
        "meta_ra_of_asc_node": 69.8384,
        "meta_arg_of_pericenter": 121.3119,
        "meta_mean_anomaly": 239.1793,
        "meta_ephemeris_type": 0,
        "meta_classification_type": "U",
        "meta_norad_cat_id": 33321,
        "meta_element_set_no": 999,
        "meta_rev_at_epoch": 94489,
        "meta_bstar": 0.00010032175,
        "meta_mean_motion_dot": 7.76e-06,
        "meta_mean_motion_ddot": 0,
        "tle_line1": "1 33321U 08041B   26076.99446742  .00000776  00000+0  10032-3 0  9999",
        "tle_line2": "2 33321  97.6483  69.8384 0037675 121.3119 239.1793 14.83124004944890"
      },
      "geometry": {
        "type": "Point",
        "coordinates": [
          -112.45626442204376,
          -18.57644791547284
        ]
      }
    },
    {
      "type": "Feature",
      "properties": {
        "norad_id": 33331,
        "name": "GEOEYE 1",
        "group": "resource",
        "lat": 39.739646389046285,
        "lon": 145.56060099879554,
        "alt_km": 672.8068214131372,
        "timestamp": "2026-03-18T07:13:59.911753+00:00",
        "meta_object_name": "GEOEYE 1",
        "meta_object_id": "2008-042A",
        "meta_epoch": "2026-03-17T22:51:11.296512",
        "meta_mean_motion": 14.64777248,
        "meta_eccentricity": 0.00033994,
        "meta_inclination": 98.1192,
        "meta_ra_of_asc_node": 152.0324,
        "meta_arg_of_pericenter": 4.5997,
        "meta_mean_anomaly": 355.5237,
        "meta_ephemeris_type": 0,
        "meta_classification_type": "U",
        "meta_norad_cat_id": 33331,
        "meta_element_set_no": 999,
        "meta_rev_at_epoch": 93679,
        "meta_bstar": 8.7407685e-05,
        "meta_mean_motion_dot": 4.19e-06,
        "meta_mean_motion_ddot": 0,
        "tle_line1": "1 33331U 08042A   26076.95221408  .00000419  00000+0  87408-4 0  9993",
        "tle_line2": "2 33331  98.1192 152.0324 0003399   4.5997 355.5237 14.64777248936794"
      },
      "geometry": {
        "type": "Point",
        "coordinates": [
          145.56060099879554,
          39.739646389046285
        ]
      }
    },
    {
      "type": "Feature",
      "properties": {
        "norad_id": 33396,
        "name": "THEOS",
        "group": "resource",
        "lat": 48.282608954069396,
        "lon": 127.7576053484777,
        "alt_km": 820.0254259616058,
        "timestamp": "2026-03-18T07:13:59.911764+00:00",
        "meta_object_name": "THEOS",
        "meta_object_id": "2008-049A",
        "meta_epoch": "2026-03-17T22:32:54.719808",
        "meta_mean_motion": 14.20117972,
        "meta_eccentricity": 0.00010827,
        "meta_inclination": 98.569,
        "meta_ra_of_asc_node": 137.1442,
        "meta_arg_of_pericenter": 93.902,
        "meta_mean_anomaly": 266.2281,
        "meta_ephemeris_type": 0,
        "meta_classification_type": "U",
        "meta_norad_cat_id": 33396,
        "meta_element_set_no": 999,
        "meta_rev_at_epoch": 90501,
        "meta_bstar": -1.061144e-05,
        "meta_mean_motion_dot": -6.5e-07,
        "meta_mean_motion_ddot": 0,
        "tle_line1": "1 33396U 08049A   26076.93952222 -.00000065  00000+0 -10611-4 0  9995",
        "tle_line2": "2 33396  98.5690 137.1442 0001082  93.9020 266.2281 14.20117972905015"
      },
      "geometry": {
        "type": "Point",
        "coordinates": [
          127.7576053484777,
          48.282608954069396
        ]
      }
    },
    {
      "type": "Feature",
      "properties": {
        "norad_id": 33412,
        "name": "COSMO-SKYMED 3",
        "group": "resource",
        "lat": 65.27193926959374,
        "lon": -83.06984419860167,
        "alt_km": 549.6583175328797,
        "timestamp": "2026-03-18T07:13:59.911774+00:00",
        "meta_object_name": "COSMO-SKYMED 3",
        "meta_object_id": "2008-054A",
        "meta_epoch": "2026-03-17T22:58:01.166016",
        "meta_mean_motion": 15.06316637,
        "meta_eccentricity": 0.00151574,
        "meta_inclination": 97.8399,
        "meta_ra_of_asc_node": 293.9885,
        "meta_arg_of_pericenter": 212.3206,
        "meta_mean_anomaly": 147.7093,
        "meta_ephemeris_type": 0,
        "meta_classification_type": "U",
        "meta_norad_cat_id": 33412,
        "meta_element_set_no": 999,
        "meta_rev_at_epoch": 94320,
        "meta_bstar": 0.00033353507,
        "meta_mean_motion_dot": 4.85e-05,
        "meta_mean_motion_ddot": 0,
        "tle_line1": "1 33412U 08054A   26076.95695794  .00004850  00000+0  33354-3 0  9992",
        "tle_line2": "2 33412  97.8399 293.9885 0015157 212.3206 147.7093 15.06316637943206"
      },
      "geometry": {
        "type": "Point",
        "coordinates": [
          -83.06984419860167,
          65.27193926959374
        ]
      }
    },
    {
      "type": "Feature",
      "properties": {
        "norad_id": 33446,
        "name": "YAOGAN-4",
        "group": "resource",
        "lat": 65.30892380553335,
        "lon": -6.113488249243553,
        "alt_km": 607.3975440639333,
        "timestamp": "2026-03-18T07:13:59.911784+00:00",
        "meta_object_name": "YAOGAN-4",
        "meta_object_id": "2008-061A",
        "meta_epoch": "2026-03-17T19:35:59.527680",
        "meta_mean_motion": 14.83002885,
        "meta_eccentricity": 0.00147496,
        "meta_inclination": 97.9253,
        "meta_ra_of_asc_node": 11.0436,
        "meta_arg_of_pericenter": 14.274,
        "meta_mean_anomaly": 345.8888,
        "meta_ephemeris_type": 0,
        "meta_classification_type": "U",
        "meta_norad_cat_id": 33446,
        "meta_element_set_no": 999,
        "meta_rev_at_epoch": 93212,
        "meta_bstar": 0.00015258933,
        "meta_mean_motion_dot": 1.188e-05,
        "meta_mean_motion_ddot": 0,
        "tle_line1": "1 33446U 08061A   26076.81666120  .00001188  00000+0  15259-3 0  9998",
        "tle_line2": "2 33446  97.9253  11.0436 0014749  14.2740 345.8888 14.83002885932125"
      },
      "geometry": {
        "type": "Point",
        "coordinates": [
          -6.113488249243553,
          65.30892380553335
        ]
      }
    },
    {
      "type": "Feature",
      "properties": {
        "norad_id": 33492,
        "name": "GOSAT (IBUKI)",
        "group": "resource",
        "lat": -79.01684346244281,
        "lon": -37.45514305460433,
        "alt_km": 677.0935286393069,
        "timestamp": "2026-03-18T07:13:59.911795+00:00",
        "meta_object_name": "GOSAT (IBUKI)",
        "meta_object_id": "2009-002A",
        "meta_epoch": "2026-03-17T21:51:31.716000",
        "meta_mean_motion": 14.6754393,
        "meta_eccentricity": 0.00011852,
        "meta_inclination": 98.0772,
        "meta_ra_of_asc_node": 189.1909,
        "meta_arg_of_pericenter": 85.6409,
        "meta_mean_anomaly": 274.4931,
        "meta_ephemeris_type": 0,
        "meta_classification_type": "U",
        "meta_norad_cat_id": 33492,
        "meta_element_set_no": 999,
        "meta_rev_at_epoch": 91807,
        "meta_bstar": 9.7617084e-05,
        "meta_mean_motion_dot": 5.06e-06,
        "meta_mean_motion_ddot": 0,
        "tle_line1": "1 33492U 09002A   26076.91078375  .00000506  00000+0  97617-4 0  9997",
        "tle_line2": "2 33492  98.0772 189.1909 0001185  85.6409 274.4931 14.67543930918077"
      },
      "geometry": {
        "type": "Point",
        "coordinates": [
          -37.45514305460433,
          -79.01684346244281
        ]
      }
    },
    {
      "type": "Feature",
      "properties": {
        "norad_id": 35681,
        "name": "DEIMOS-1",
        "group": "resource",
        "lat": 33.00419146427548,
        "lon": -126.53197315718411,
        "alt_km": 642.161245024783,
        "timestamp": "2026-03-18T07:13:59.911805+00:00",
        "meta_object_name": "DEIMOS-1",
        "meta_object_id": "2009-041A",
        "meta_epoch": "2026-03-17T22:56:34.090368",
        "meta_mean_motion": 14.75130613,
        "meta_eccentricity": 0.00025888,
        "meta_inclination": 97.7264,
        "meta_ra_of_asc_node": 238.1972,
        "meta_arg_of_pericenter": 105.6435,
        "meta_mean_anomaly": 254.506,
        "meta_ephemeris_type": 0,
        "meta_classification_type": "U",
        "meta_norad_cat_id": 35681,
        "meta_element_set_no": 999,
        "meta_rev_at_epoch": 89343,
        "meta_bstar": 0.00013971362,
        "meta_mean_motion_dot": 8.95e-06,
        "meta_mean_motion_ddot": 0,
        "tle_line1": "1 35681U 09041A   26076.95595012  .00000895  00000+0  13971-3 0  9999",
        "tle_line2": "2 35681  97.7264 238.1972 0002588 105.6435 254.5060 14.75130613893439"
      },
      "geometry": {
        "type": "Point",
        "coordinates": [
          -126.53197315718411,
          33.00419146427548
        ]
      }
    },
    {
      "type": "Feature",
      "properties": {
        "norad_id": 35682,
        "name": "DUBAISAT-1",
        "group": "resource",
        "lat": -56.32510806107022,
        "lon": 19.47293058851336,
        "alt_km": 657.4690097329649,
        "timestamp": "2026-03-18T07:13:59.911816+00:00",
        "meta_object_name": "DUBAISAT-1",
        "meta_object_id": "2009-041B",
        "meta_epoch": "2026-03-17T22:01:13.036800",
        "meta_mean_motion": 14.74929642,
        "meta_eccentricity": 0.00105197,
        "meta_inclination": 97.9888,
        "meta_ra_of_asc_node": 211.2619,
        "meta_arg_of_pericenter": 11.2236,
        "meta_mean_anomaly": 348.9205,
        "meta_ephemeris_type": 0,
        "meta_classification_type": "U",
        "meta_norad_cat_id": 35682,
        "meta_element_set_no": 999,
        "meta_rev_at_epoch": 89164,
        "meta_bstar": 0.00016908229,
        "meta_mean_motion_dot": 1.086e-05,
        "meta_mean_motion_ddot": 0,
        "tle_line1": "1 35682U 09041B   26076.91751200  .00001086  00000+0  16908-3 0  9995",
        "tle_line2": "2 35682  97.9888 211.2619 0010519  11.2236 348.9205 14.74929642891645"
      },
      "geometry": {
        "type": "Point",
        "coordinates": [
          19.47293058851336,
          -56.32510806107022
        ]
      }
    },
    {
      "type": "Feature",
      "properties": {
        "norad_id": 35931,
        "name": "OCEANSAT-2",
        "group": "resource",
        "lat": 16.450596893697448,
        "lon": -104.30404630001485,
        "alt_km": 885.1974802838786,
        "timestamp": "2026-03-18T07:13:59.911827+00:00",
        "meta_object_name": "OCEANSAT-2",
        "meta_object_id": "2009-051A",
        "meta_epoch": "2026-03-17T23:35:39.719904",
        "meta_mean_motion": 13.99644159,
        "meta_eccentricity": 0.00175745,
        "meta_inclination": 98.2289,
        "meta_ra_of_asc_node": 72.9608,
        "meta_arg_of_pericenter": 128.3089,
        "meta_mean_anomaly": 231.9661,
        "meta_ephemeris_type": 0,
        "meta_classification_type": "U",
        "meta_norad_cat_id": 35931,
        "meta_element_set_no": 999,
        "meta_rev_at_epoch": 86657,
        "meta_bstar": 0.00030163703,
        "meta_mean_motion_dot": 4.04e-06,
        "meta_mean_motion_ddot": 0,
        "tle_line1": "1 35931U 09051A   26076.98309861  .00000404  00000+0  30164-3 0  9995",
        "tle_line2": "2 35931  98.2289  72.9608 0017574 128.3089 231.9661 13.99644159866579"
      },
      "geometry": {
        "type": "Point",
        "coordinates": [
          -104.30404630001485,
          16.450596893697448
        ]
      }
    },
    {
      "type": "Feature",
      "properties": {
        "norad_id": 35946,
        "name": "WORLDVIEW-2 (WV-2)",
        "group": "resource",
        "lat": 77.29070205821782,
        "lon": 110.70144290106688,
        "alt_km": 755.3306394361734,
        "timestamp": "2026-03-18T07:13:59.911838+00:00",
        "meta_object_name": "WORLDVIEW-2 (WV-2)",
        "meta_object_id": "2009-055A",
        "meta_epoch": "2026-03-17T22:30:36.602496",
        "meta_mean_motion": 14.37913872,
        "meta_eccentricity": 0.00053764,
        "meta_inclination": 98.4679,
        "meta_ra_of_asc_node": 151.6854,
        "meta_arg_of_pericenter": 125.0792,
        "meta_mean_anomaly": 235.09,
        "meta_ephemeris_type": 0,
        "meta_classification_type": "U",
        "meta_norad_cat_id": 35946,
        "meta_element_set_no": 999,
        "meta_rev_at_epoch": 86253,
        "meta_bstar": 4.8926684e-05,
        "meta_mean_motion_dot": 1.04e-06,
        "meta_mean_motion_ddot": 0,
        "tle_line1": "1 35946U 09055A   26076.93792364  .00000104  00000+0  48927-4 0  9998",
        "tle_line2": "2 35946  98.4679 151.6854 0005376 125.0792 235.0900 14.37913872862537"
      },
      "geometry": {
        "type": "Point",
        "coordinates": [
          110.70144290106688,
          77.29070205821782
        ]
      }
    },
    {
      "type": "Feature",
      "properties": {
        "norad_id": 36036,
        "name": "SMOS",
        "group": "resource",
        "lat": 64.81166130467545,
        "lon": -112.45461794775285,
        "alt_km": 752.293818496827,
        "timestamp": "2026-03-18T07:13:59.911849+00:00",
        "meta_object_name": "SMOS",
        "meta_object_id": "2009-059A",
        "meta_epoch": "2026-03-17T19:15:06.300000",
        "meta_mean_motion": 14.39766396,
        "meta_eccentricity": 9.377e-05,
        "meta_inclination": 98.4431,
        "meta_ra_of_asc_node": 265.4634,
        "meta_arg_of_pericenter": 86.5571,
        "meta_mean_anomaly": 273.5725,
        "meta_ephemeris_type": 0,
        "meta_classification_type": "U",
        "meta_norad_cat_id": 36036,
        "meta_element_set_no": 999,
        "meta_rev_at_epoch": 86030,
        "meta_bstar": 0.00010054962,
        "meta_mean_motion_dot": 2.72e-06,
        "meta_mean_motion_ddot": 0,
        "tle_line1": "1 36036U 09059A   26076.80215625  .00000272  00000+0  10055-3 0  9995",
        "tle_line2": "2 36036  98.4431 265.4634 0000937  86.5571 273.5725 14.39766396860302"
      },
      "geometry": {
        "type": "Point",
        "coordinates": [
          -112.45461794775285,
          64.81166130467545
        ]
      }
    },
    {
      "type": "Feature",
      "properties": {
        "norad_id": 36110,
        "name": "YAOGAN-7",
        "group": "resource",
        "lat": 3.779473048659666,
        "lon": -36.86004843334197,
        "alt_km": 623.5386777336389,
        "timestamp": "2026-03-18T07:13:59.911859+00:00",
        "meta_object_name": "YAOGAN-7",
        "meta_object_id": "2009-069A",
        "meta_epoch": "2026-03-17T16:35:31.450272",
        "meta_mean_motion": 14.77906022,
        "meta_eccentricity": 0.00241459,
        "meta_inclination": 98.0197,
        "meta_ra_of_asc_node": 323.0665,
        "meta_arg_of_pericenter": 337.495,
        "meta_mean_anomaly": 22.5199,
        "meta_ephemeris_type": 0,
        "meta_classification_type": "U",
        "meta_norad_cat_id": 36110,
        "meta_element_set_no": 999,
        "meta_rev_at_epoch": 87611,
        "meta_bstar": 9.5643189e-05,
        "meta_mean_motion_dot": 6.38e-06,
        "meta_mean_motion_ddot": 0,
        "tle_line1": "1 36110U 09069A   26076.69133623  .00000638  00000+0  95643-4 0  9996",
        "tle_line2": "2 36110  98.0197 323.0665 0024145 337.4950  22.5199 14.77906022876118"
      },
      "geometry": {
        "type": "Point",
        "coordinates": [
          -36.86004843334197,
          3.779473048659666
        ]
      }
    },
    {
      "type": "Feature",
      "properties": {
        "norad_id": 36605,
        "name": "TANDEM-X",
        "group": "resource",
        "lat": 42.75584467032717,
        "lon": 79.35543150739736,
        "alt_km": 504.12484723692614,
        "timestamp": "2026-03-18T07:13:59.911869+00:00",
        "meta_object_name": "TANDEM-X",
        "meta_object_id": "2010-030A",
        "meta_epoch": "2026-03-17T19:58:40.534176",
        "meta_mean_motion": 15.19154255,
        "meta_eccentricity": 0.00019024,
        "meta_inclination": 97.4475,
        "meta_ra_of_asc_node": 85.8398,
        "meta_arg_of_pericenter": 96.9842,
        "meta_mean_anomaly": 263.1609,
        "meta_ephemeris_type": 0,
        "meta_classification_type": "U",
        "meta_norad_cat_id": 36605,
        "meta_element_set_no": 999,
        "meta_rev_at_epoch": 87277,
        "meta_bstar": 4.4598367e-05,
        "meta_mean_motion_dot": 8.7e-06,
        "meta_mean_motion_ddot": 0,
        "tle_line1": "1 36605U 10030A   26076.83241359  .00000870  00000+0  44598-4 0  9998",
        "tle_line2": "2 36605  97.4475  85.8398 0001902  96.9842 263.1609 15.19154255872775"
      },
      "geometry": {
        "type": "Point",
        "coordinates": [
          79.35543150739736,
          42.75584467032717
        ]
      }
    },
    {
      "type": "Feature",
      "properties": {
        "norad_id": 36795,
        "name": "CARTOSAT-2B",
        "group": "resource",
        "lat": -65.78519165379241,
        "lon": -69.62647621218257,
        "alt_km": 645.4264512222426,
        "timestamp": "2026-03-18T07:13:59.911879+00:00",
        "meta_object_name": "CARTOSAT-2B",
        "meta_object_id": "2010-035A",
        "meta_epoch": "2026-03-17T22:00:03.309408",
        "meta_mean_motion": 14.78763386,
        "meta_eccentricity": 0.00127963,
        "meta_inclination": 97.9357,
        "meta_ra_of_asc_node": 128.0634,
        "meta_arg_of_pericenter": 124.6142,
        "meta_mean_anomaly": 235.6278,
        "meta_ephemeris_type": 0,
        "meta_classification_type": "U",
        "meta_norad_cat_id": 36795,
        "meta_element_set_no": 999,
        "meta_rev_at_epoch": 84636,
        "meta_bstar": 0.00011642801,
        "meta_mean_motion_dot": 8.04e-06,
        "meta_mean_motion_ddot": 0,
        "tle_line1": "1 36795U 10035A   26076.91670497  .00000804  00000+0  11643-3 0  9992",
        "tle_line2": "2 36795  97.9357 128.0634 0012796 124.6142 235.6278 14.78763386846364"
      },
      "geometry": {
        "type": "Point",
        "coordinates": [
          -69.62647621218257,
          -65.78519165379241
        ]
      }
    },
    {
      "type": "Feature",
      "properties": {
        "norad_id": 36834,
        "name": "YAOGAN-10",
        "group": "resource",
        "lat": -76.92894500983148,
        "lon": -115.36178092799334,
        "alt_km": 621.9234829564421,
        "timestamp": "2026-03-18T07:13:59.911889+00:00",
        "meta_object_name": "YAOGAN-10",
        "meta_object_id": "2010-038A",
        "meta_epoch": "2026-03-17T23:58:33.739104",
        "meta_mean_motion": 14.85047371,
        "meta_eccentricity": 0.00016533,
        "meta_inclination": 97.9075,
        "meta_ra_of_asc_node": 101.1106,
        "meta_arg_of_pericenter": 84.8142,
        "meta_mean_anomaly": 359.1028,
        "meta_ephemeris_type": 0,
        "meta_classification_type": "U",
        "meta_norad_cat_id": 36834,
        "meta_element_set_no": 999,
        "meta_rev_at_epoch": 84367,
        "meta_bstar": 0.00011673036,
        "meta_mean_motion_dot": 9.43e-06,
        "meta_mean_motion_ddot": 0,
        "tle_line1": "1 36834U 10038A   26076.99900161  .00000943  00000+0  11673-3 0  9998",
        "tle_line2": "2 36834  97.9075 101.1106 0001653  84.8142 359.1028 14.85047371843671"
      },
      "geometry": {
        "type": "Point",
        "coordinates": [
          -115.36178092799334,
          -76.92894500983148
        ]
      }
    },
    {
      "type": "Feature",
      "properties": {
        "norad_id": 37216,
        "name": "COSMO-SKYMED 4",
        "group": "resource",
        "lat": -16.610829366898358,
        "lon": -95.41661520385728,
        "alt_km": 627.6058695417778,
        "timestamp": "2026-03-18T07:13:59.911899+00:00",
        "meta_object_name": "COSMO-SKYMED 4",
        "meta_object_id": "2010-060A",
        "meta_epoch": "2026-03-17T23:12:27.085824",
        "meta_mean_motion": 14.82150284,
        "meta_eccentricity": 0.0001533,
        "meta_inclination": 97.8867,
        "meta_ra_of_asc_node": 261.8839,
        "meta_arg_of_pericenter": 82.7171,
        "meta_mean_anomaly": 277.4216,
        "meta_ephemeris_type": 0,
        "meta_classification_type": "U",
        "meta_norad_cat_id": 37216,
        "meta_element_set_no": 999,
        "meta_rev_at_epoch": 83105,
        "meta_bstar": 4.7897359e-05,
        "meta_mean_motion_dot": 3.29e-06,
        "meta_mean_motion_ddot": 0,
        "tle_line1": "1 37216U 10060A   26076.96698016  .00000329  00000+0  47897-4 0  9994",
        "tle_line2": "2 37216  97.8867 261.8839 0001533  82.7171 277.4216 14.82150284831052"
      },
      "geometry": {
        "type": "Point",
        "coordinates": [
          -95.41661520385728,
          -16.610829366898358
        ]
      }
    },
    {
      "type": "Feature",
      "properties": {
        "norad_id": 37387,
        "name": "RESOURCESAT-2",
        "group": "resource",
        "lat": 9.773214228356085,
        "lon": 143.81046599573065,
        "alt_km": 823.1703693699264,
        "timestamp": "2026-03-18T07:13:59.911910+00:00",
        "meta_object_name": "RESOURCESAT-2",
        "meta_object_id": "2011-015A",
        "meta_epoch": "2026-03-17T22:44:25.683936",
        "meta_mean_motion": 14.21520362,
        "meta_eccentricity": 0.00065706,
        "meta_inclination": 98.7703,
        "meta_ra_of_asc_node": 144.9827,
        "meta_arg_of_pericenter": 118.2448,
        "meta_mean_anomaly": 241.9393,
        "meta_ephemeris_type": 0,
        "meta_classification_type": "U",
        "meta_norad_cat_id": 37387,
        "meta_element_set_no": 999,
        "meta_rev_at_epoch": 77321,
        "meta_bstar": -8.6200424e-05,
        "meta_mean_motion_dot": -2.33e-06,
        "meta_mean_motion_ddot": 0,
        "tle_line1": "1 37387U 11015A   26076.94751949 -.00000233  00000+0 -86200-4 0  9994",
        "tle_line2": "2 37387  98.7703 144.9827 0006570 118.2448 241.9393 14.21520362773212"
      },
      "geometry": {
        "type": "Point",
        "coordinates": [
          143.81046599573065,
          9.773214228356085
        ]
      }
    },
    {
      "type": "Feature",
      "properties": {
        "norad_id": 37781,
        "name": "HAIYANG-2A",
        "group": "resource",
        "lat": 79.08494195566678,
        "lon": -39.62526373596724,
        "alt_km": 965.829890803373,
        "timestamp": "2026-03-18T07:13:59.911921+00:00",
        "meta_object_name": "HAIYANG-2A",
        "meta_object_id": "2011-043A",
        "meta_epoch": "2026-03-18T03:17:06.315360",
        "meta_mean_motion": 13.77859902,
        "meta_eccentricity": 0.000281,
        "meta_inclination": 99.3423,
        "meta_ra_of_asc_node": 81.6047,
        "meta_arg_of_pericenter": 243.3229,
        "meta_mean_anomaly": 116.7635,
        "meta_ephemeris_type": 0,
        "meta_classification_type": "U",
        "meta_norad_cat_id": 37781,
        "meta_element_set_no": 999,
        "meta_rev_at_epoch": 73413,
        "meta_bstar": 4.5085e-05,
        "meta_mean_motion_dot": 1e-08,
        "meta_mean_motion_ddot": 0,
        "tle_line1": "1 37781U 11043A   26077.13687865  .00000001  00000+0  45085-4 0  9997",
        "tle_line2": "2 37781  99.3423  81.6047 0002810 243.3229 116.7635 13.77859902734138"
      },
      "geometry": {
        "type": "Point",
        "coordinates": [
          -39.62526373596724,
          79.08494195566678
        ]
      }
    },
    {
      "type": "Feature",
      "properties": {
        "norad_id": 37791,
        "name": "RASAT",
        "group": "resource",
        "lat": -70.25004202363014,
        "lon": -166.66133237124933,
        "alt_km": 689.593610130747,
        "timestamp": "2026-03-18T07:13:59.911931+00:00",
        "meta_object_name": "RASAT",
        "meta_object_id": "2011-044D",
        "meta_epoch": "2026-03-18T00:10:01.451136",
        "meta_mean_motion": 14.68069343,
        "meta_eccentricity": 0.00217663,
        "meta_inclination": 98.0556,
        "meta_ra_of_asc_node": 169.8167,
        "meta_arg_of_pericenter": 119.6577,
        "meta_mean_anomaly": 53.3018,
        "meta_ephemeris_type": 0,
        "meta_classification_type": "U",
        "meta_norad_cat_id": 37791,
        "meta_element_set_no": 999,
        "meta_rev_at_epoch": 77980,
        "meta_bstar": 0.00010515607,
        "meta_mean_motion_dot": 5.57e-06,
        "meta_mean_motion_ddot": 0,
        "tle_line1": "1 37791U 11044D   26077.00696124  .00000557  00000+0  10516-3 0  9999",
        "tle_line2": "2 37791  98.0556 169.8167 0021766 119.6577  53.3018 14.68069343779803"
      },
      "geometry": {
        "type": "Point",
        "coordinates": [
          -166.66133237124933,
          -70.25004202363014
        ]
      }
    },
    {
      "type": "Feature",
      "properties": {
        "norad_id": 37841,
        "name": "SRMSAT",
        "group": "resource",
        "lat": 1.1165688881492588,
        "lon": -107.34014520099139,
        "alt_km": 849.9878785717538,
        "timestamp": "2026-03-18T07:13:59.911942+00:00",
        "meta_object_name": "SRMSAT",
        "meta_object_id": "2011-058D",
        "meta_epoch": "2026-03-17T19:29:06.680832",
        "meta_mean_motion": 14.1155097,
        "meta_eccentricity": 0.00117143,
        "meta_inclination": 19.9712,
        "meta_ra_of_asc_node": 252.544,
        "meta_arg_of_pericenter": 278.8127,
        "meta_mean_anomaly": 111.5261,
        "meta_ephemeris_type": 0,
        "meta_classification_type": "U",
        "meta_norad_cat_id": 37841,
        "meta_element_set_no": 999,
        "meta_rev_at_epoch": 74489,
        "meta_bstar": 9.4141341e-05,
        "meta_mean_motion_dot": 4.38e-06,
        "meta_mean_motion_ddot": 0,
        "tle_line1": "1 37841U 11058D   26076.81188288  .00000438  00000+0  94141-4 0  9990",
        "tle_line2": "2 37841  19.9712 252.5440 0011714 278.8127 111.5261 14.11550970744897"
      },
      "geometry": {
        "type": "Point",
        "coordinates": [
          -107.34014520099139,
          1.1165688881492588
        ]
      }
    },
    {
      "type": "Feature",
      "properties": {
        "norad_id": 38012,
        "name": "PLEIADES 1A",
        "group": "resource",
        "lat": 80.44571740699145,
        "lon": 94.61435617749282,
        "alt_km": 689.280508870318,
        "timestamp": "2026-03-18T07:13:59.911952+00:00",
        "meta_object_name": "PLEIADES 1A",
        "meta_object_id": "2011-076F",
        "meta_epoch": "2026-03-17T23:05:25.594656",
        "meta_mean_motion": 14.58546327,
        "meta_eccentricity": 0.00016623,
        "meta_inclination": 98.2036,
        "meta_ra_of_asc_node": 153.2702,
        "meta_arg_of_pericenter": 82.9465,
        "meta_mean_anomaly": 21.6995,
        "meta_ephemeris_type": 0,
        "meta_classification_type": "U",
        "meta_norad_cat_id": 38012,
        "meta_element_set_no": 999,
        "meta_rev_at_epoch": 75869,
        "meta_bstar": 3.0281883e-05,
        "meta_mean_motion_dot": 9.5e-07,
        "meta_mean_motion_ddot": 0,
        "tle_line1": "1 38012U 11076F   26076.96210179  .00000095  00000+0  30282-4 0  9997",
        "tle_line2": "2 38012  98.2036 153.2702 0001662  82.9465  21.6995 14.58546327758695"
      },
      "geometry": {
        "type": "Point",
        "coordinates": [
          94.61435617749282,
          80.44571740699145
        ]
      }
    },
    {
      "type": "Feature",
      "properties": {
        "norad_id": 38038,
        "name": "ZIYUAN 1-02C (ZY 1-02C)",
        "group": "resource",
        "lat": 23.32846957555445,
        "lon": -29.856038036663822,
        "alt_km": 761.7630789799105,
        "timestamp": "2026-03-18T07:13:59.911963+00:00",
        "meta_object_name": "ZIYUAN 1-02C (ZY 1-02C)",
        "meta_object_id": "2011-079A",
        "meta_epoch": "2026-03-17T22:59:29.395104",
        "meta_mean_motion": 14.38131743,
        "meta_eccentricity": 0.00057347,
        "meta_inclination": 98.4162,
        "meta_ra_of_asc_node": 146.1468,
        "meta_arg_of_pericenter": 211.1829,
        "meta_mean_anomaly": 328.2738,
        "meta_ephemeris_type": 0,
        "meta_classification_type": "U",
        "meta_norad_cat_id": 38038,
        "meta_element_set_no": 999,
        "meta_rev_at_epoch": 74609,
        "meta_bstar": 8.9108335e-05,
        "meta_mean_motion_dot": 2.27e-06,
        "meta_mean_motion_ddot": 0,
        "tle_line1": "1 38038U 11079A   26076.95797911  .00000227  00000+0  89108-4 0  9999",
        "tle_line2": "2 38038  98.4162 146.1468 0005734 211.1829 328.2738 14.38131743746091"
      },
      "geometry": {
        "type": "Point",
        "coordinates": [
          -29.856038036663822,
          23.32846957555445
        ]
      }
    },
    {
      "type": "Feature",
      "properties": {
        "norad_id": 38338,
        "name": "ARIRANG-3 (KOMPSAT-3)",
        "group": "resource",
        "lat": 53.356529645206365,
        "lon": 25.336485328695943,
        "alt_km": 676.8009834196873,
        "timestamp": "2026-03-18T07:13:59.911973+00:00",
        "meta_object_name": "ARIRANG-3 (KOMPSAT-3)",
        "meta_object_id": "2012-025B",
        "meta_epoch": "2026-03-17T22:46:28.733952",
        "meta_mean_motion": 14.62113797,
        "meta_eccentricity": 0.00064526,
        "meta_inclination": 98.1077,
        "meta_ra_of_asc_node": 36.0394,
        "meta_arg_of_pericenter": 50.0048,
        "meta_mean_anomaly": 310.1719,
        "meta_ephemeris_type": 0,
        "meta_classification_type": "U",
        "meta_norad_cat_id": 38338,
        "meta_element_set_no": 999,
        "meta_rev_at_epoch": 73801,
        "meta_bstar": 0.00010565392,
        "meta_mean_motion_dot": 4.85e-06,
        "meta_mean_motion_ddot": 0,
        "tle_line1": "1 38338U 12025B   26076.94894368  .00000485  00000+0  10565-3 0  9993",
        "tle_line2": "2 38338  98.1077  36.0394 0006452  50.0048 310.1719 14.62113797738010"
      },
      "geometry": {
        "type": "Point",
        "coordinates": [
          25.336485328695943,
          53.356529645206365
        ]
      }
    },
    {
      "type": "Feature",
      "properties": {
        "norad_id": 38709,
        "name": "EXACTVIEW-1 (ADS-1B)",
        "group": "resource",
        "lat": -46.78555574562014,
        "lon": -157.6293635372602,
        "alt_km": 820.0263814690034,
        "timestamp": "2026-03-18T07:13:59.911983+00:00",
        "meta_object_name": "EXACTVIEW-1 (ADS-1B)",
        "meta_object_id": "2012-039C",
        "meta_epoch": "2026-03-17T21:20:41.453952",
        "meta_mean_motion": 14.24954377,
        "meta_eccentricity": 0.00118631,
        "meta_inclination": 98.9643,
        "meta_ra_of_asc_node": 192.2782,
        "meta_arg_of_pericenter": 76.7353,
        "meta_mean_anomaly": 283.5148,
        "meta_ephemeris_type": 0,
        "meta_classification_type": "U",
        "meta_norad_cat_id": 38709,
        "meta_element_set_no": 999,
        "meta_rev_at_epoch": 70970,
        "meta_bstar": 6.7807878e-05,
        "meta_mean_motion_dot": 1.12e-06,
        "meta_mean_motion_ddot": 0,
        "tle_line1": "1 38709U 12039C   26076.88936868  .00000112  00000+0  67808-4 0  9995",
        "tle_line2": "2 38709  98.9643 192.2782 0011863  76.7353 283.5148 14.24954377709709"
      },
      "geometry": {
        "type": "Point",
        "coordinates": [
          -157.6293635372602,
          -46.78555574562014
        ]
      }
    },
    {
      "type": "Feature",
      "properties": {
        "norad_id": 38755,
        "name": "SPOT 6",
        "group": "resource",
        "lat": 5.987116799907141,
        "lon": 144.7722348562694,
        "alt_km": 699.8984539122976,
        "timestamp": "2026-03-18T07:13:59.911993+00:00",
        "meta_object_name": "SPOT 6",
        "meta_object_id": "2012-047A",
        "meta_epoch": "2026-03-17T22:58:24.289248",
        "meta_mean_motion": 14.58547569,
        "meta_eccentricity": 0.00015468,
        "meta_inclination": 98.221,
        "meta_ra_of_asc_node": 145.3006,
        "meta_arg_of_pericenter": 90.0314,
        "meta_mean_anomaly": 270.1062,
        "meta_ephemeris_type": 0,
        "meta_classification_type": "U",
        "meta_norad_cat_id": 38755,
        "meta_element_set_no": 999,
        "meta_rev_at_epoch": 71975,
        "meta_bstar": 1.1969593e-05,
        "meta_mean_motion_dot": 1e-07,
        "meta_mean_motion_ddot": 0,
        "tle_line1": "1 38755U 12047A   26076.95722557  .00000010  00000+0  11970-4 0  9997",
        "tle_line2": "2 38755  98.2210 145.3006 0001546  90.0314 270.1062 14.58547569719755"
      },
      "geometry": {
        "type": "Point",
        "coordinates": [
          144.7722348562694,
          5.987116799907141
        ]
      }
    },
    {
      "type": "Feature",
      "properties": {
        "norad_id": 39019,
        "name": "PLEIADES 1B",
        "group": "resource",
        "lat": -80.45378959146842,
        "lon": -85.4530334587412,
        "alt_km": 706.3765797625565,
        "timestamp": "2026-03-18T07:13:59.912003+00:00",
        "meta_object_name": "PLEIADES 1B",
        "meta_object_id": "2012-068A",
        "meta_epoch": "2026-03-17T21:47:21.124032",
        "meta_mean_motion": 14.58533262,
        "meta_eccentricity": 0.00015877,
        "meta_inclination": 98.2007,
        "meta_ra_of_asc_node": 153.1974,
        "meta_arg_of_pericenter": 82.0731,
        "meta_mean_anomaly": 278.0648,
        "meta_ephemeris_type": 0,
        "meta_classification_type": "U",
        "meta_norad_cat_id": 39019,
        "meta_element_set_no": 999,
        "meta_rev_at_epoch": 70754,
        "meta_bstar": 1.6125851e-05,
        "meta_mean_motion_dot": 2.9e-07,
        "meta_mean_motion_ddot": 0,
        "tle_line1": "1 39019U 12068A   26076.90788338  .00000029  00000+0  16126-4 0  9996",
        "tle_line2": "2 39019  98.2007 153.1974 0001587  82.0731 278.0648 14.58533262707549"
      },
      "geometry": {
        "type": "Point",
        "coordinates": [
          -85.4530334587412,
          -80.45378959146842
        ]
      }
    },
    {
      "type": "Feature",
      "properties": {
        "norad_id": 39030,
        "name": "GOKTURK 2",
        "group": "resource",
        "lat": 46.17799135393135,
        "lon": 107.34787749503239,
        "alt_km": 639.4263841366792,
        "timestamp": "2026-03-18T07:13:59.912013+00:00",
        "meta_object_name": "GOKTURK 2",
        "meta_object_id": "2012-073A",
        "meta_epoch": "2026-03-17T22:29:37.089312",
        "meta_mean_motion": 14.75448188,
        "meta_eccentricity": 8.627e-05,
        "meta_inclination": 97.6883,
        "meta_ra_of_asc_node": 278.9099,
        "meta_arg_of_pericenter": 73.4419,
        "meta_mean_anomaly": 286.6886,
        "meta_ephemeris_type": 0,
        "meta_classification_type": "U",
        "meta_norad_cat_id": 39030,
        "meta_element_set_no": 999,
        "meta_rev_at_epoch": 71105,
        "meta_bstar": 0.00016313046,
        "meta_mean_motion_dot": 1.062e-05,
        "meta_mean_motion_ddot": 0,
        "tle_line1": "1 39030U 12073A   26076.93723483  .00001062  00000+0  16313-3 0  9993",
        "tle_line2": "2 39030  97.6883 278.9099 0000862  73.4419 286.6886 14.75448188711054"
      },
      "geometry": {
        "type": "Point",
        "coordinates": [
          107.34787749503239,
          46.17799135393135
        ]
      }
    },
    {
      "type": "Feature",
      "properties": {
        "norad_id": 39084,
        "name": "LANDSAT 8",
        "group": "resource",
        "lat": -58.27606398677591,
        "lon": 162.3573808200179,
        "alt_km": 710.3425113943276,
        "timestamp": "2026-03-18T07:13:59.912023+00:00",
        "meta_object_name": "LANDSAT 8",
        "meta_object_id": "2013-008A",
        "meta_epoch": "2026-03-17T21:36:59.168448",
        "meta_mean_motion": 14.57118235,
        "meta_eccentricity": 0.0001236,
        "meta_inclination": 98.1903,
        "meta_ra_of_asc_node": 148.491,
        "meta_arg_of_pericenter": 90.7658,
        "meta_mean_anomaly": 269.3682,
        "meta_ephemeris_type": 0,
        "meta_classification_type": "U",
        "meta_norad_cat_id": 39084,
        "meta_element_set_no": 999,
        "meta_rev_at_epoch": 68460,
        "meta_bstar": 8.1057821e-05,
        "meta_mean_motion_dot": 3.2e-06,
        "meta_mean_motion_ddot": 0,
        "tle_line1": "1 39084U 13008A   26076.90068482  .00000320  00000+0  81058-4 0  9994",
        "tle_line2": "2 39084  98.1903 148.4910 0001236  90.7658 269.3682 14.57118235684607"
      },
      "geometry": {
        "type": "Point",
        "coordinates": [
          162.3573808200179,
          -58.27606398677591
        ]
      }
    },
    {
      "type": "Feature",
      "properties": {
        "norad_id": 39086,
        "name": "SARAL",
        "group": "resource",
        "lat": -31.74371844526103,
        "lon": 79.665915386362,
        "alt_km": 787.488647040992,
        "timestamp": "2026-03-18T07:13:59.912034+00:00",
        "meta_object_name": "SARAL",
        "meta_object_id": "2013-009A",
        "meta_epoch": "2026-03-17T23:32:34.745280",
        "meta_mean_motion": 14.32831344,
        "meta_eccentricity": 0.00019434,
        "meta_inclination": 98.5559,
        "meta_ra_of_asc_node": 264.6937,
        "meta_arg_of_pericenter": 158.9586,
        "meta_mean_anomaly": 201.1678,
        "meta_ephemeris_type": 0,
        "meta_classification_type": "U",
        "meta_norad_cat_id": 39086,
        "meta_element_set_no": 999,
        "meta_rev_at_epoch": 68254,
        "meta_bstar": 4.7669066e-05,
        "meta_mean_motion_dot": 8.6e-07,
        "meta_mean_motion_ddot": 0,
        "tle_line1": "1 39086U 13009A   26076.98095770  .00000086  00000+0  47669-4 0  9994",
        "tle_line2": "2 39086  98.5559 264.6937 0001943 158.9586 201.1678 14.32831344682548"
      },
      "geometry": {
        "type": "Point",
        "coordinates": [
          79.665915386362,
          -31.74371844526103
        ]
      }
    },
    {
      "type": "Feature",
      "properties": {
        "norad_id": 39150,
        "name": "GAOFEN-1",
        "group": "resource",
        "lat": -67.98728088664342,
        "lon": -48.9417125926937,
        "alt_km": 640.8813020294137,
        "timestamp": "2026-03-18T07:13:59.912044+00:00",
        "meta_object_name": "GAOFEN-1",
        "meta_object_id": "2013-018A",
        "meta_epoch": "2026-03-17T23:36:07.096608",
        "meta_mean_motion": 14.7649756,
        "meta_eccentricity": 0.00167475,
        "meta_inclination": 97.9168,
        "meta_ra_of_asc_node": 150.8794,
        "meta_arg_of_pericenter": 195.5249,
        "meta_mean_anomaly": 164.5449,
        "meta_ephemeris_type": 0,
        "meta_classification_type": "U",
        "meta_norad_cat_id": 39150,
        "meta_element_set_no": 999,
        "meta_rev_at_epoch": 69478,
        "meta_bstar": 9.7190152e-05,
        "meta_mean_motion_dot": 6.27e-06,
        "meta_mean_motion_ddot": 0,
        "tle_line1": "1 39150U 13018A   26076.98341547  .00000627  00000+0  97190-4 0  9997",
        "tle_line2": "2 39150  97.9168 150.8794 0016747 195.5249 164.5449 14.76497560694780"
      },
      "geometry": {
        "type": "Point",
        "coordinates": [
          -48.9417125926937,
          -67.98728088664342
        ]
      }
    },
    {
      "type": "Feature",
      "properties": {
        "norad_id": 39160,
        "name": "VNREDSAT 1",
        "group": "resource",
        "lat": -48.7927511923577,
        "lon": 143.3031754333815,
        "alt_km": 685.0124643302343,
        "timestamp": "2026-03-18T07:13:59.912054+00:00",
        "meta_object_name": "VNREDSAT 1",
        "meta_object_id": "2013-021B",
        "meta_epoch": "2026-03-17T21:37:21.553824",
        "meta_mean_motion": 14.64901416,
        "meta_eccentricity": 0.00015776,
        "meta_inclination": 97.9204,
        "meta_ra_of_asc_node": 133.7696,
        "meta_arg_of_pericenter": 84.5948,
        "meta_mean_anomaly": 275.5435,
        "meta_ephemeris_type": 0,
        "meta_classification_type": "U",
        "meta_norad_cat_id": 39160,
        "meta_element_set_no": 999,
        "meta_rev_at_epoch": 68692,
        "meta_bstar": 6.3755164e-05,
        "meta_mean_motion_dot": 2.95e-06,
        "meta_mean_motion_ddot": 0,
        "tle_line1": "1 39160U 13021B   26076.90094391  .00000295  00000+0  63755-4 0  9997",
        "tle_line2": "2 39160  97.9204 133.7696 0001577  84.5948 275.5435 14.64901416686923"
      },
      "geometry": {
        "type": "Point",
        "coordinates": [
          143.3031754333815,
          -48.7927511923577
        ]
      }
    },
    {
      "type": "Feature",
      "properties": {
        "norad_id": 39227,
        "name": "ARIRANG-5 (KOMPSAT-5)",
        "group": "resource",
        "lat": -75.4607823089093,
        "lon": -63.651491372424736,
        "alt_km": 563.6984407272575,
        "timestamp": "2026-03-18T07:13:59.912064+00:00",
        "meta_object_name": "ARIRANG-5 (KOMPSAT-5)",
        "meta_object_id": "2013-042A",
        "meta_epoch": "2026-03-17T22:00:02.468736",
        "meta_mean_motion": 15.04507402,
        "meta_eccentricity": 0.00049443,
        "meta_inclination": 97.6211,
        "meta_ra_of_asc_node": 264.8863,
        "meta_arg_of_pericenter": 91.4352,
        "meta_mean_anomaly": 268.7441,
        "meta_ephemeris_type": 0,
        "meta_classification_type": "U",
        "meta_norad_cat_id": 39227,
        "meta_element_set_no": 999,
        "meta_rev_at_epoch": 69013,
        "meta_bstar": 0.000139734,
        "meta_mean_motion_dot": 1.896e-05,
        "meta_mean_motion_ddot": 0,
        "tle_line1": "1 39227U 13042A   26076.91669524  .00001896  00000+0  13973-3 0  9995",
        "tle_line2": "2 39227  97.6211 264.8863 0004944  91.4352 268.7441 15.04507402690132"
      },
      "geometry": {
        "type": "Point",
        "coordinates": [
          -63.651491372424736,
          -75.4607823089093
        ]
      }
    },
    {
      "type": "Feature",
      "properties": {
        "norad_id": 39418,
        "name": "SKYSAT-A",
        "group": "resource",
        "lat": -7.689432307602073,
        "lon": 130.58150711048495,
        "alt_km": 531.3745818124371,
        "timestamp": "2026-03-18T07:13:59.912075+00:00",
        "meta_object_name": "SKYSAT-A",
        "meta_object_id": "2013-066C",
        "meta_epoch": "2026-03-17T20:09:08.518752",
        "meta_mean_motion": 15.12411393,
        "meta_eccentricity": 0.00200574,
        "meta_inclination": 97.3936,
        "meta_ra_of_asc_node": 129.1297,
        "meta_arg_of_pericenter": 270.0297,
        "meta_mean_anomaly": 89.8636,
        "meta_ephemeris_type": 0,
        "meta_classification_type": "U",
        "meta_norad_cat_id": 39418,
        "meta_element_set_no": 999,
        "meta_rev_at_epoch": 67467,
        "meta_bstar": 0.00014123339,
        "meta_mean_motion_dot": 2.399e-05,
        "meta_mean_motion_ddot": 0,
        "tle_line1": "1 39418U 13066C   26076.83968193  .00002399  00000+0  14123-3 0  9995",
        "tle_line2": "2 39418  97.3936 129.1297 0020057 270.0297  89.8636 15.12411393674676"
      },
      "geometry": {
        "type": "Point",
        "coordinates": [
          130.58150711048495,
          -7.689432307602073
        ]
      }
    },
    {
      "type": "Feature",
      "properties": {
        "norad_id": 39419,
        "name": "DUBAISAT-2",
        "group": "resource",
        "lat": 36.19535911488066,
        "lon": -104.61158140910368,
        "alt_km": 541.954783767078,
        "timestamp": "2026-03-18T07:13:59.912085+00:00",
        "meta_object_name": "DUBAISAT-2",
        "meta_object_id": "2013-066D",
        "meta_epoch": "2026-03-17T22:38:44.251872",
        "meta_mean_motion": 15.09446144,
        "meta_eccentricity": 0.00111683,
        "meta_inclination": 97.4529,
        "meta_ra_of_asc_node": 69.5437,
        "meta_arg_of_pericenter": 356.9461,
        "meta_mean_anomaly": 3.1699,
        "meta_ephemeris_type": 0,
        "meta_classification_type": "U",
        "meta_norad_cat_id": 39419,
        "meta_element_set_no": 999,
        "meta_rev_at_epoch": 67262,
        "meta_bstar": 0.00022840531,
        "meta_mean_motion_dot": 3.597e-05,
        "meta_mean_motion_ddot": 0,
        "tle_line1": "1 39419U 13066D   26076.94356773  .00003597  00000+0  22841-3 0  9990",
        "tle_line2": "2 39419  97.4529  69.5437 0011168 356.9461   3.1699 15.09446144672628"
      },
      "geometry": {
        "type": "Point",
        "coordinates": [
          -104.61158140910368,
          36.19535911488066
        ]
      }
    },
    {
      "type": "Feature",
      "properties": {
        "norad_id": 39574,
        "name": "GPM-CORE",
        "group": "resource",
        "lat": -60.60829841830693,
        "lon": 128.6857366164714,
        "alt_km": 429.7549476045724,
        "timestamp": "2026-03-18T07:13:59.912096+00:00",
        "meta_object_name": "GPM-CORE",
        "meta_object_id": "2014-009C",
        "meta_epoch": "2026-03-17T22:22:05.925792",
        "meta_mean_motion": 15.44857327,
        "meta_eccentricity": 0.0012373,
        "meta_inclination": 64.9715,
        "meta_ra_of_asc_node": 253.8744,
        "meta_arg_of_pericenter": 268.4331,
        "meta_mean_anomaly": 91.5392,
        "meta_ephemeris_type": 0,
        "meta_classification_type": "U",
        "meta_norad_cat_id": 39574,
        "meta_element_set_no": 999,
        "meta_rev_at_epoch": 68371,
        "meta_bstar": 0.0001423683,
        "meta_mean_motion_dot": 6.48e-05,
        "meta_mean_motion_ddot": 0,
        "tle_line1": "1 39574U 14009C   26076.93201303  .00006480  00000+0  14237-3 0  9991",
        "tle_line2": "2 39574  64.9715 253.8744 0012373 268.4331  91.5392 15.44857327683718"
      },
      "geometry": {
        "type": "Point",
        "coordinates": [
          128.6857366164714,
          -60.60829841830693
        ]
      }
    },
    {
      "type": "Feature",
      "properties": {
        "norad_id": 39634,
        "name": "SENTINEL-1A",
        "group": "resource",
        "lat": -16.996890817746618,
        "lon": 88.6681810508574,
        "alt_km": 700.8424934374189,
        "timestamp": "2026-03-18T07:13:59.912106+00:00",
        "meta_object_name": "SENTINEL-1A",
        "meta_object_id": "2014-016A",
        "meta_epoch": "2026-03-17T23:04:59.793024",
        "meta_mean_motion": 14.59199563,
        "meta_eccentricity": 0.00013373,
        "meta_inclination": 98.1815,
        "meta_ra_of_asc_node": 85.8131,
        "meta_arg_of_pericenter": 84.7582,
        "meta_mean_anomaly": 275.377,
        "meta_ephemeris_type": 0,
        "meta_classification_type": "U",
        "meta_norad_cat_id": 39634,
        "meta_element_set_no": 999,
        "meta_rev_at_epoch": 63671,
        "meta_bstar": 4.278328e-06,
        "meta_mean_motion_dot": -2.6e-07,
        "meta_mean_motion_ddot": 0,
        "tle_line1": "1 39634U 14016A   26076.96180316 -.00000026  00000+0  42783-5 0  9999",
        "tle_line2": "2 39634  98.1815  85.8131 0001337  84.7582 275.3770 14.59199563636719"
      },
      "geometry": {
        "type": "Point",
        "coordinates": [
          88.6681810508574,
          -16.996890817746618
        ]
      }
    },
    {
      "type": "Feature",
      "properties": {
        "norad_id": 39731,
        "name": "KAZEOSAT 1",
        "group": "resource",
        "lat": -6.863095382638268,
        "lon": -29.022168156576402,
        "alt_km": 755.6609550713329,
        "timestamp": "2026-03-18T07:13:59.912116+00:00",
        "meta_object_name": "KAZEOSAT 1",
        "meta_object_id": "2014-024A",
        "meta_epoch": "2026-03-17T22:02:36.260736",
        "meta_mean_motion": 14.42039436,
        "meta_eccentricity": 0.00010323,
        "meta_inclination": 98.3275,
        "meta_ra_of_asc_node": 151.6144,
        "meta_arg_of_pericenter": 91.2293,
        "meta_mean_anomaly": 268.9015,
        "meta_ephemeris_type": 0,
        "meta_classification_type": "U",
        "meta_norad_cat_id": 39731,
        "meta_element_set_no": 999,
        "meta_rev_at_epoch": 62540,
        "meta_bstar": 2.2389823e-05,
        "meta_mean_motion_dot": 3.1e-07,
        "meta_mean_motion_ddot": 0,
        "tle_line1": "1 39731U 14024A   26076.91847524  .00000031  00000+0  22390-4 0  9998",
        "tle_line2": "2 39731  98.3275 151.6144 0001032  91.2293 268.9015 14.42039436625407"
      },
      "geometry": {
        "type": "Point",
        "coordinates": [
          -29.022168156576402,
          -6.863095382638268
        ]
      }
    },
    {
      "type": "Feature",
      "properties": {
        "norad_id": 39766,
        "name": "ALOS-2",
        "group": "resource",
        "lat": -34.24060611457414,
        "lon": -178.79005356161244,
        "alt_km": 637.6229624456619,
        "timestamp": "2026-03-18T07:13:59.912127+00:00",
        "meta_object_name": "ALOS-2",
        "meta_object_id": "2014-029A",
        "meta_epoch": "2026-03-17T21:39:02.792160",
        "meta_mean_motion": 14.7953692,
        "meta_eccentricity": 0.00014552,
        "meta_inclination": 97.9193,
        "meta_ra_of_asc_node": 175.38,
        "meta_arg_of_pericenter": 93.0141,
        "meta_mean_anomaly": 267.1237,
        "meta_ephemeris_type": 0,
        "meta_classification_type": "U",
        "meta_norad_cat_id": 39766,
        "meta_element_set_no": 999,
        "meta_rev_at_epoch": 63808,
        "meta_bstar": 0.00021889528,
        "meta_mean_motion_dot": 1.586e-05,
        "meta_mean_motion_ddot": 0,
        "tle_line1": "1 39766U 14029A   26076.90211565  .00001586  00000+0  21890-3 0  9999",
        "tle_line2": "2 39766  97.9193 175.3800 0001455  93.0141 267.1237 14.79536920638087"
      },
      "geometry": {
        "type": "Point",
        "coordinates": [
          -178.79005356161244,
          -34.24060611457414
        ]
      }
    },
    {
      "type": "Feature",
      "properties": {
        "norad_id": 40010,
        "name": "KAZEOSAT 2",
        "group": "resource",
        "lat": 59.26232556841971,
        "lon": -91.2067971998076,
        "alt_km": 611.4268373267878,
        "timestamp": "2026-03-18T07:13:59.912137+00:00",
        "meta_object_name": "KAZEOSAT 2",
        "meta_object_id": "2014-033A",
        "meta_epoch": "2026-03-17T22:52:46.181856",
        "meta_mean_motion": 14.8535118,
        "meta_eccentricity": 0.00070489,
        "meta_inclination": 97.5483,
        "meta_ra_of_asc_node": 281.3479,
        "meta_arg_of_pericenter": 260.3368,
        "meta_mean_anomaly": 99.7052,
        "meta_ephemeris_type": 0,
        "meta_classification_type": "U",
        "meta_norad_cat_id": 40010,
        "meta_element_set_no": 999,
        "meta_rev_at_epoch": 63541,
        "meta_bstar": 5.0567343e-05,
        "meta_mean_motion_dot": 3.85e-06,
        "meta_mean_motion_ddot": 0,
        "tle_line1": "1 40010U 14033A   26076.95331229  .00000385  00000+0  50567-4 0  9993",
        "tle_line2": "2 40010  97.5483 281.3479 0007048 260.3368  99.7052 14.85351180635411"
      },
      "geometry": {
        "type": "Point",
        "coordinates": [
          -91.2067971998076,
          59.26232556841971
        ]
      }
    },
    {
      "type": "Feature",
      "properties": {
        "norad_id": 40011,
        "name": "HODOYOSHI-4",
        "group": "resource",
        "lat": -77.41089719385292,
        "lon": 50.112199921255595,
        "alt_km": 596.7748781853988,
        "timestamp": "2026-03-18T07:13:59.912147+00:00",
        "meta_object_name": "HODOYOSHI-4",
        "meta_object_id": "2014-033B",
        "meta_epoch": "2026-03-17T21:59:51.883008",
        "meta_mean_motion": 14.87872771,
        "meta_eccentricity": 0.00223454,
        "meta_inclination": 97.545,
        "meta_ra_of_asc_node": 266.1509,
        "meta_arg_of_pericenter": 247.2995,
        "meta_mean_anomaly": 112.586,
        "meta_ephemeris_type": 0,
        "meta_classification_type": "U",
        "meta_norad_cat_id": 40011,
        "meta_element_set_no": 999,
        "meta_rev_at_epoch": 63523,
        "meta_bstar": 0.00011196171,
        "meta_mean_motion_dot": 9.76e-06,
        "meta_mean_motion_ddot": 0,
        "tle_line1": "1 40011U 14033B   26076.91657272  .00000976  00000+0  11196-3 0  9999",
        "tle_line2": "2 40011  97.5450 266.1509 0022345 247.2995 112.5860 14.87872771635235"
      },
      "geometry": {
        "type": "Point",
        "coordinates": [
          50.112199921255595,
          -77.41089719385292
        ]
      }
    },
    {
      "type": "Feature",
      "properties": {
        "norad_id": 40013,
        "name": "DEIMOS-2",
        "group": "resource",
        "lat": 21.39962361306866,
        "lon": 137.92869398160371,
        "alt_km": 586.9813094644251,
        "timestamp": "2026-03-18T07:13:59.912158+00:00",
        "meta_object_name": "DEIMOS-2",
        "meta_object_id": "2014-033D",
        "meta_epoch": "2026-03-17T22:29:12.384096",
        "meta_mean_motion": 14.93442574,
        "meta_eccentricity": 8.387e-05,
        "meta_inclination": 97.597,
        "meta_ra_of_asc_node": 314.5784,
        "meta_arg_of_pericenter": 81.7703,
        "meta_mean_anomaly": 278.3612,
        "meta_ephemeris_type": 0,
        "meta_classification_type": "U",
        "meta_norad_cat_id": 40013,
        "meta_element_set_no": 999,
        "meta_rev_at_epoch": 62410,
        "meta_bstar": 0.00019463671,
        "meta_mean_motion_dot": 1.991e-05,
        "meta_mean_motion_ddot": 0,
        "tle_line1": "1 40013U 14033D   26076.93694889  .00001991  00000+0  19464-3 0  9992",
        "tle_line2": "2 40013  97.5970 314.5784 0000838  81.7703 278.3612 14.93442574624109"
      },
      "geometry": {
        "type": "Point",
        "coordinates": [
          137.92869398160371,
          21.39962361306866
        ]
      }
    },
    {
      "type": "Feature",
      "properties": {
        "norad_id": 40015,
        "name": "HODOYOSHI-3",
        "group": "resource",
        "lat": -16.93450049737271,
        "lon": -113.60315090633371,
        "alt_km": 603.1692206159578,
        "timestamp": "2026-03-18T07:13:59.912168+00:00",
        "meta_object_name": "HODOYOSHI-3",
        "meta_object_id": "2014-033F",
        "meta_epoch": "2026-03-17T21:36:28.596672",
        "meta_mean_motion": 14.85161813,
        "meta_eccentricity": 0.00316988,
        "meta_inclination": 97.6314,
        "meta_ra_of_asc_node": 243.6729,
        "meta_arg_of_pericenter": 296.2962,
        "meta_mean_anomaly": 63.4998,
        "meta_ephemeris_type": 0,
        "meta_classification_type": "U",
        "meta_norad_cat_id": 40015,
        "meta_element_set_no": 999,
        "meta_rev_at_epoch": 63407,
        "meta_bstar": 0.00013894583,
        "meta_mean_motion_dot": 1.147e-05,
        "meta_mean_motion_ddot": 0,
        "tle_line1": "1 40015U 14033F   26076.90033098  .00001147  00000+0  13895-3 0  9995",
        "tle_line2": "2 40015  97.6314 243.6729 0031698 296.2962  63.4998 14.85161813634075"
      },
      "geometry": {
        "type": "Point",
        "coordinates": [
          -113.60315090633371,
          -16.93450049737271
        ]
      }
    },
    {
      "type": "Feature",
      "properties": {
        "norad_id": 40053,
        "name": "SPOT 7",
        "group": "resource",
        "lat": 38.07748414980315,
        "lon": 135.71670912050033,
        "alt_km": 686.9973430384152,
        "timestamp": "2026-03-18T07:13:59.912178+00:00",
        "meta_object_name": "SPOT 7",
        "meta_object_id": "2014-034A",
        "meta_epoch": "2026-03-17T22:50:18.093984",
        "meta_mean_motion": 14.60870412,
        "meta_eccentricity": 0.00015214,
        "meta_inclination": 98.0734,
        "meta_ra_of_asc_node": 141.7605,
        "meta_arg_of_pericenter": 98.3073,
        "meta_mean_anomaly": 261.8301,
        "meta_ephemeris_type": 0,
        "meta_classification_type": "U",
        "meta_norad_cat_id": 40053,
        "meta_element_set_no": 999,
        "meta_rev_at_epoch": 62381,
        "meta_bstar": 5.4067985e-05,
        "meta_mean_motion_dot": 2.19e-06,
        "meta_mean_motion_ddot": 0,
        "tle_line1": "1 40053U 14034A   26076.95159831  .00000219  00000+0  54068-4 0  9994",
        "tle_line2": "2 40053  98.0734 141.7605 0001521  98.3073 261.8301 14.60870412623812"
      },
      "geometry": {
        "type": "Point",
        "coordinates": [
          135.71670912050033,
          38.07748414980315
        ]
      }
    },
    {
      "type": "Feature",
      "properties": {
        "norad_id": 40072,
        "name": "SKYSAT-B",
        "group": "resource",
        "lat": 17.65514807983435,
        "lon": -146.1568336326992,
        "alt_km": 602.7468282653317,
        "timestamp": "2026-03-18T07:13:59.912189+00:00",
        "meta_object_name": "SKYSAT-B",
        "meta_object_id": "2014-037D",
        "meta_epoch": "2026-03-17T20:49:20.022240",
        "meta_mean_motion": 14.87757781,
        "meta_eccentricity": 0.00048362,
        "meta_inclination": 98.374,
        "meta_ra_of_asc_node": 30.6983,
        "meta_arg_of_pericenter": 201.755,
        "meta_mean_anomaly": 158.346,
        "meta_ephemeris_type": 0,
        "meta_classification_type": "U",
        "meta_norad_cat_id": 40072,
        "meta_element_set_no": 999,
        "meta_rev_at_epoch": 63238,
        "meta_bstar": 0.00017022756,
        "meta_mean_motion_dot": 1.492e-05,
        "meta_mean_motion_ddot": 0,
        "tle_line1": "1 40072U 14037D   26076.86759285  .00001492  00000+0  17023-3 0  9990",
        "tle_line2": "2 40072  98.3740  30.6983 0004836 201.7550 158.3460 14.87757781632380"
      },
      "geometry": {
        "type": "Point",
        "coordinates": [
          -146.1568336326992,
          17.65514807983435
        ]
      }
    },
    {
      "type": "Feature",
      "properties": {
        "norad_id": 40115,
        "name": "WORLDVIEW-3 (WV-3)",
        "group": "resource",
        "lat": -6.778530028452716,
        "lon": -27.561280403118424,
        "alt_km": 617.5259425291088,
        "timestamp": "2026-03-18T07:13:59.912199+00:00",
        "meta_object_name": "WORLDVIEW-3 (WV-3)",
        "meta_object_id": "2014-048A",
        "meta_epoch": "2026-03-17T22:18:30.463200",
        "meta_mean_motion": 14.84853901,
        "meta_eccentricity": 5.665e-05,
        "meta_inclination": 97.8621,
        "meta_ra_of_asc_node": 153.013,
        "meta_arg_of_pericenter": 174.4366,
        "meta_mean_anomaly": 185.6855,
        "meta_ephemeris_type": 0,
        "meta_classification_type": "U",
        "meta_norad_cat_id": 40115,
        "meta_element_set_no": 999,
        "meta_rev_at_epoch": 62836,
        "meta_bstar": 0.00010801101,
        "meta_mean_motion_dot": 8.65e-06,
        "meta_mean_motion_ddot": 0,
        "tle_line1": "1 40115U 14048A   26076.92951925  .00000865  00000+0  10801-3 0  9992",
        "tle_line2": "2 40115  97.8621 153.0130 0000566 174.4366 185.6855 14.84853901628363"
      },
      "geometry": {
        "type": "Point",
        "coordinates": [
          -27.561280403118424,
          -6.778530028452716
        ]
      }
    },
    {
      "type": "Feature",
      "properties": {
        "norad_id": 40118,
        "name": "GAOFEN-2",
        "group": "resource",
        "lat": 35.35318478198282,
        "lon": 135.82204206114744,
        "alt_km": 627.2955008073013,
        "timestamp": "2026-03-18T07:13:59.912209+00:00",
        "meta_object_name": "GAOFEN-2",
        "meta_object_id": "2014-049A",
        "meta_epoch": "2026-03-17T22:57:48.359808",
        "meta_mean_motion": 14.807846,
        "meta_eccentricity": 0.00076993,
        "meta_inclination": 98.0214,
        "meta_ra_of_asc_node": 141.2191,
        "meta_arg_of_pericenter": 158.3748,
        "meta_mean_anomaly": 201.7791,
        "meta_ephemeris_type": 0,
        "meta_classification_type": "U",
        "meta_norad_cat_id": 40118,
        "meta_element_set_no": 999,
        "meta_rev_at_epoch": 62573,
        "meta_bstar": 6.3526382e-05,
        "meta_mean_motion_dot": 4.36e-06,
        "meta_mean_motion_ddot": 0,
        "tle_line1": "1 40118U 14049A   26076.95680972  .00000436  00000+0  63526-4 0  9997",
        "tle_line2": "2 40118  98.0214 141.2191 0007699 158.3748 201.7791 14.80784600625734"
      },
      "geometry": {
        "type": "Point",
        "coordinates": [
          135.82204206114744,
          35.35318478198282
        ]
      }
    },
    {
      "type": "Feature",
      "properties": {
        "norad_id": 40143,
        "name": "YAOGAN-21",
        "group": "resource",
        "lat": -40.72042381377194,
        "lon": -64.74193190573227,
        "alt_km": 503.5821659501289,
        "timestamp": "2026-03-18T07:13:59.912220+00:00",
        "meta_object_name": "YAOGAN-21",
        "meta_object_id": "2014-053A",
        "meta_epoch": "2026-03-17T22:23:38.628672",
        "meta_mean_motion": 15.25054406,
        "meta_eccentricity": 0.00098587,
        "meta_inclination": 97.1604,
        "meta_ra_of_asc_node": 121.1179,
        "meta_arg_of_pericenter": 62.7703,
        "meta_mean_anomaly": 297.4538,
        "meta_ephemeris_type": 0,
        "meta_classification_type": "U",
        "meta_norad_cat_id": 40143,
        "meta_element_set_no": 999,
        "meta_rev_at_epoch": 64104,
        "meta_bstar": 0.00016458323,
        "meta_mean_motion_dot": 4.05e-05,
        "meta_mean_motion_ddot": 0,
        "tle_line1": "1 40143U 14053A   26076.93308598  .00004050  00000+0  16458-3 0  9996",
        "tle_line2": "2 40143  97.1604 121.1179 0009858  62.7703 297.4538 15.25054406641043"
      },
      "geometry": {
        "type": "Point",
        "coordinates": [
          -64.74193190573227,
          -40.72042381377194
        ]
      }
    },
    {
      "type": "Feature",
      "properties": {
        "norad_id": 40275,
        "name": "YAOGAN-22",
        "group": "resource",
        "lat": -15.081032806974902,
        "lon": -129.94881506777878,
        "alt_km": 1203.449729653389,
        "timestamp": "2026-03-18T07:13:59.912230+00:00",
        "meta_object_name": "YAOGAN-22",
        "meta_object_id": "2014-063A",
        "meta_epoch": "2026-03-17T22:11:05.881632",
        "meta_mean_motion": 13.15527677,
        "meta_eccentricity": 0.00065329,
        "meta_inclination": 100.7556,
        "meta_ra_of_asc_node": 226.7328,
        "meta_arg_of_pericenter": 40.468,
        "meta_mean_anomaly": 319.6916,
        "meta_ephemeris_type": 0,
        "meta_classification_type": "U",
        "meta_norad_cat_id": 40275,
        "meta_element_set_no": 999,
        "meta_rev_at_epoch": 54781,
        "meta_bstar": 7.6599629e-05,
        "meta_mean_motion_dot": -1.8e-07,
        "meta_mean_motion_ddot": 0,
        "tle_line1": "1 40275U 14063A   26076.92437363 -.00000018  00000+0  76600-4 0  9992",
        "tle_line2": "2 40275 100.7556 226.7328 0006532  40.4680 319.6916 13.15527677547816"
      },
      "geometry": {
        "type": "Point",
        "coordinates": [
          -129.94881506777878,
          -15.081032806974902
        ]
      }
    },
    {
      "type": "Feature",
      "properties": {
        "norad_id": 40298,
        "name": "ASNARO",
        "group": "resource",
        "lat": 78.955792174275,
        "lon": 114.4307420443239,
        "alt_km": 497.07109291878714,
        "timestamp": "2026-03-18T07:13:59.912241+00:00",
        "meta_object_name": "ASNARO",
        "meta_object_id": "2014-070A",
        "meta_epoch": "2026-03-17T22:58:20.809920",
        "meta_mean_motion": 15.19483344,
        "meta_eccentricity": 0.00067977,
        "meta_inclination": 97.3509,
        "meta_ra_of_asc_node": 155.5036,
        "meta_arg_of_pericenter": 133.2902,
        "meta_mean_anomaly": 226.8901,
        "meta_ephemeris_type": 0,
        "meta_classification_type": "U",
        "meta_norad_cat_id": 40298,
        "meta_element_set_no": 999,
        "meta_rev_at_epoch": 63015,
        "meta_bstar": 0.00027575894,
        "meta_mean_motion_dot": 5.788e-05,
        "meta_mean_motion_ddot": 0,
        "tle_line1": "1 40298U 14070A   26076.95718530  .00005788  00000+0  27576-3 0  9991",
        "tle_line2": "2 40298  97.3509 155.5036 0006797 133.2902 226.8901 15.19483344630157"
      },
      "geometry": {
        "type": "Point",
        "coordinates": [
          114.4307420443239,
          78.955792174275
        ]
      }
    },
    {
      "type": "Feature",
      "properties": {
        "norad_id": 40310,
        "name": "YAOGAN-24",
        "group": "resource",
        "lat": -81.11163811113383,
        "lon": -32.1451989653341,
        "alt_km": 646.8887845762401,
        "timestamp": "2026-03-18T07:13:59.912251+00:00",
        "meta_object_name": "YAOGAN-24",
        "meta_object_id": "2014-072A",
        "meta_epoch": "2026-03-17T23:31:22.310976",
        "meta_mean_motion": 14.76081922,
        "meta_eccentricity": 0.00135838,
        "meta_inclination": 98.1313,
        "meta_ra_of_asc_node": 213.6282,
        "meta_arg_of_pericenter": 190.5414,
        "meta_mean_anomaly": 169.5513,
        "meta_ephemeris_type": 0,
        "meta_classification_type": "U",
        "meta_norad_cat_id": 40310,
        "meta_element_set_no": 999,
        "meta_rev_at_epoch": 61026,
        "meta_bstar": 0.00011367145,
        "meta_mean_motion_dot": 7.32e-06,
        "meta_mean_motion_ddot": 0,
        "tle_line1": "1 40310U 14072A   26076.98011934  .00000732  00000+0  11367-3 0  9990",
        "tle_line2": "2 40310  98.1313 213.6282 0013583 190.5414 169.5513 14.76081922610268"
      },
      "geometry": {
        "type": "Point",
        "coordinates": [
          -32.1451989653341,
          -81.11163811113383
        ]
      }
    },
    {
      "type": "Feature",
      "properties": {
        "norad_id": 40336,
        "name": "CBERS 4",
        "group": "resource",
        "lat": 73.87477602838582,
        "lon": 106.51761212878608,
        "alt_km": 765.916463795239,
        "timestamp": "2026-03-18T07:13:59.912261+00:00",
        "meta_object_name": "CBERS 4",
        "meta_object_id": "2014-079A",
        "meta_epoch": "2026-03-17T22:30:56.540160",
        "meta_mean_motion": 14.35516804,
        "meta_eccentricity": 5.989e-05,
        "meta_inclination": 98.3471,
        "meta_ra_of_asc_node": 136.6853,
        "meta_arg_of_pericenter": 43.6139,
        "meta_mean_anomaly": 316.5095,
        "meta_ephemeris_type": 0,
        "meta_classification_type": "U",
        "meta_norad_cat_id": 40336,
        "meta_element_set_no": 999,
        "meta_rev_at_epoch": 59086,
        "meta_bstar": -3.927916e-05,
        "meta_mean_motion_dot": -1.55e-06,
        "meta_mean_motion_ddot": 0,
        "tle_line1": "1 40336U 14079A   26076.93815440 -.00000155  00000+0 -39279-4 0  9998",
        "tle_line2": "2 40336  98.3471 136.6853 0000598  43.6139 316.5095 14.35516804590864"
      },
      "geometry": {
        "type": "Point",
        "coordinates": [
          106.51761212878608,
          73.87477602838582
        ]
      }
    },
    {
      "type": "Feature",
      "properties": {
        "norad_id": 40362,
        "name": "YAOGAN-26",
        "group": "resource",
        "lat": 31.36007818464794,
        "lon": 75.53952641736157,
        "alt_km": 429.80746025254575,
        "timestamp": "2026-03-18T07:13:59.912271+00:00",
        "meta_object_name": "YAOGAN-26",
        "meta_object_id": "2014-088A",
        "meta_epoch": "2026-03-17T23:19:03.933984",
        "meta_mean_motion": 15.43601885,
        "meta_eccentricity": 0.00060574,
        "meta_inclination": 97.0667,
        "meta_ra_of_asc_node": 79.5552,
        "meta_arg_of_pericenter": 46.2537,
        "meta_mean_anomaly": 313.9212,
        "meta_ephemeris_type": 0,
        "meta_classification_type": "U",
        "meta_norad_cat_id": 40362,
        "meta_element_set_no": 999,
        "meta_rev_at_epoch": 62361,
        "meta_bstar": 0.00033262546,
        "meta_mean_motion_dot": 0.00014894,
        "meta_mean_motion_ddot": 0,
        "tle_line1": "1 40362U 14088A   26076.97157331  .00014894  00000+0  33263-3 0  9998",
        "tle_line2": "2 40362  97.0667  79.5552 0006057  46.2537 313.9212 15.43601885623610"
      },
      "geometry": {
        "type": "Point",
        "coordinates": [
          75.53952641736157,
          31.36007818464794
        ]
      }
    },
    {
      "type": "Feature",
      "properties": {
        "norad_id": 40376,
        "name": "SMAP",
        "group": "resource",
        "lat": 49.11407503921096,
        "lon": -84.82548908661856,
        "alt_km": 676.8612892154824,
        "timestamp": "2026-03-18T07:13:59.912282+00:00",
        "meta_object_name": "SMAP",
        "meta_object_id": "2015-003A",
        "meta_epoch": "2026-03-17T22:26:07.768032",
        "meta_mean_motion": 14.63349581,
        "meta_eccentricity": 0.00016482,
        "meta_inclination": 98.1311,
        "meta_ra_of_asc_node": 85.3083,
        "meta_arg_of_pericenter": 108.4927,
        "meta_mean_anomaly": 251.6455,
        "meta_ephemeris_type": 0,
        "meta_classification_type": "U",
        "meta_norad_cat_id": 40376,
        "meta_element_set_no": 999,
        "meta_rev_at_epoch": 59427,
        "meta_bstar": 9.4077405e-05,
        "meta_mean_motion_dot": 4.39e-06,
        "meta_mean_motion_ddot": 0,
        "tle_line1": "1 40376U 15003A   26076.93481213  .00000439  00000+0  94077-4 0  9997",
        "tle_line2": "2 40376  98.1311  85.3083 0001648 108.4927 251.6455 14.63349581594271"
      },
      "geometry": {
        "type": "Point",
        "coordinates": [
          -84.82548908661856,
          49.11407503921096
        ]
      }
    },
    {
      "type": "Feature",
      "properties": {
        "norad_id": 40536,
        "name": "KOMPSAT-3A",
        "group": "resource",
        "lat": -75.91755143515759,
        "lon": 94.93486430025041,
        "alt_km": 457.3634360358128,
        "timestamp": "2026-03-18T07:13:59.912294+00:00",
        "meta_object_name": "KOMPSAT-3A",
        "meta_object_id": "2015-014A",
        "meta_epoch": "2026-03-17T22:16:22.141056",
        "meta_mean_motion": 15.49147579,
        "meta_eccentricity": 0.00641315,
        "meta_inclination": 97.6874,
        "meta_ra_of_asc_node": 61.958,
        "meta_arg_of_pericenter": 147.9102,
        "meta_mean_anomaly": 212.6078,
        "meta_ephemeris_type": 0,
        "meta_classification_type": "U",
        "meta_norad_cat_id": 40536,
        "meta_element_set_no": 999,
        "meta_rev_at_epoch": 60766,
        "meta_bstar": 0.00031651337,
        "meta_mean_motion_dot": 0.00018625,
        "meta_mean_motion_ddot": 0,
        "tle_line1": "1 40536U 15014A   26076.92803404  .00018625  00000+0  31651-3 0  9990",
        "tle_line2": "2 40536  97.6874  61.9580 0064131 147.9102 212.6078 15.49147579607662"
      },
      "geometry": {
        "type": "Point",
        "coordinates": [
          94.93486430025041,
          -75.91755143515759
        ]
      }
    },
    {
      "type": "Feature",
      "properties": {
        "norad_id": 40697,
        "name": "SENTINEL-2A",
        "group": "resource",
        "lat": -21.73712365437541,
        "lon": 156.9128004280885,
        "alt_km": 794.7599552806914,
        "timestamp": "2026-03-18T07:13:59.912304+00:00",
        "meta_object_name": "SENTINEL-2A",
        "meta_object_id": "2015-028A",
        "meta_epoch": "2026-03-17T22:56:39.339168",
        "meta_mean_motion": 14.30815942,
        "meta_eccentricity": 0.00012851,
        "meta_inclination": 98.5647,
        "meta_ra_of_asc_node": 153.1279,
        "meta_arg_of_pericenter": 99.8786,
        "meta_mean_anomaly": 260.2542,
        "meta_ephemeris_type": 0,
        "meta_classification_type": "U",
        "meta_norad_cat_id": 40697,
        "meta_element_set_no": 999,
        "meta_rev_at_epoch": 56068,
        "meta_bstar": -4.9625e-07,
        "meta_mean_motion_dot": -4.5e-07,
        "meta_mean_motion_ddot": 0,
        "tle_line1": "1 40697U 15028A   26076.95601087 -.00000045  00000+0 -49625-6 0  9991",
        "tle_line2": "2 40697  98.5647 153.1279 0001285  99.8786 260.2542 14.30815942560681"
      },
      "geometry": {
        "type": "Point",
        "coordinates": [
          156.9128004280885,
          -21.73712365437541
        ]
      }
    },
    {
      "type": "Feature",
      "properties": {
        "norad_id": 40701,
        "name": "GAOFEN-8",
        "group": "resource",
        "lat": -48.31576285222779,
        "lon": -85.84661816888001,
        "alt_km": 450.90875616865833,
        "timestamp": "2026-03-18T07:13:59.912315+00:00",
        "meta_object_name": "GAOFEN-8",
        "meta_object_id": "2015-030A",
        "meta_epoch": "2026-03-17T22:06:19.133856",
        "meta_mean_motion": 15.42746359,
        "meta_eccentricity": 0.00098446,
        "meta_inclination": 97.6932,
        "meta_ra_of_asc_node": 265.0203,
        "meta_arg_of_pericenter": 158.4741,
        "meta_mean_anomaly": 201.6921,
        "meta_ephemeris_type": 0,
        "meta_classification_type": "U",
        "meta_norad_cat_id": 40701,
        "meta_element_set_no": 999,
        "meta_rev_at_epoch": 59736,
        "meta_bstar": 0.00037182476,
        "meta_mean_motion_dot": 0.00016196,
        "meta_mean_motion_ddot": 0,
        "tle_line1": "1 40701U 15030A   26076.92105479  .00016196  00000+0  37182-3 0  9995",
        "tle_line2": "2 40701  97.6932 265.0203 0009844 158.4741 201.6921 15.42746359597360"
      },
      "geometry": {
        "type": "Point",
        "coordinates": [
          -85.84661816888001,
          -48.31576285222779
        ]
      }
    },
    {
      "type": "Feature",
      "properties": {
        "norad_id": 40718,
        "name": "CARBONITE 1 (CBNT-1)",
        "group": "resource",
        "lat": -58.36046956271964,
        "lon": 66.60874663109888,
        "alt_km": 616.8849910360077,
        "timestamp": "2026-03-18T07:13:59.912325+00:00",
        "meta_object_name": "CARBONITE 1 (CBNT-1)",
        "meta_object_id": "2015-032D",
        "meta_epoch": "2026-03-17T23:40:54.216768",
        "meta_mean_motion": 14.83259069,
        "meta_eccentricity": 0.00134639,
        "meta_inclination": 97.6465,
        "meta_ra_of_asc_node": 258.9014,
        "meta_arg_of_pericenter": 230.7139,
        "meta_mean_anomaly": 129.2882,
        "meta_ephemeris_type": 0,
        "meta_classification_type": "U",
        "meta_norad_cat_id": 40718,
        "meta_element_set_no": 999,
        "meta_rev_at_epoch": 57582,
        "meta_bstar": 0.00025216626,
        "meta_mean_motion_dot": 2.014e-05,
        "meta_mean_motion_ddot": 0,
        "tle_line1": "1 40718U 15032D   26076.98673862  .00002014  00000+0  25217-3 0  9997",
        "tle_line2": "2 40718  97.6465 258.9014 0013463 230.7139 129.2882 14.83259069575826"
      },
      "geometry": {
        "type": "Point",
        "coordinates": [
          66.60874663109888,
          -58.36046956271964
        ]
      }
    },
    {
      "type": "Feature",
      "properties": {
        "norad_id": 40878,
        "name": "YAOGAN-27",
        "group": "resource",
        "lat": -17.793447022749685,
        "lon": -115.63464129945375,
        "alt_km": 1209.043825662473,
        "timestamp": "2026-03-18T07:13:59.912336+00:00",
        "meta_object_name": "YAOGAN-27",
        "meta_object_id": "2015-040A",
        "meta_epoch": "2026-03-17T22:56:00.071232",
        "meta_mean_motion": 13.16065238,
        "meta_eccentricity": 0.00088714,
        "meta_inclination": 100.1107,
        "meta_ra_of_asc_node": 67.3176,
        "meta_arg_of_pericenter": 66.5256,
        "meta_mean_anomaly": 293.6789,
        "meta_ephemeris_type": 0,
        "meta_classification_type": "U",
        "meta_norad_cat_id": 40878,
        "meta_element_set_no": 999,
        "meta_rev_at_epoch": 50566,
        "meta_bstar": -2.117153e-06,
        "meta_mean_motion_dot": -4.3e-07,
        "meta_mean_motion_ddot": 0,
        "tle_line1": "1 40878U 15040A   26076.95555638 -.00000043  00000+0 -21172-5 0  9990",
        "tle_line2": "2 40878 100.1107  67.3176 0008871  66.5256 293.6789 13.16065238505664"
      },
      "geometry": {
        "type": "Point",
        "coordinates": [
          -115.63464129945375,
          -17.793447022749685
        ]
      }
    },
    {
      "type": "Feature",
      "properties": {
        "norad_id": 40894,
        "name": "GAOFEN-9 01",
        "group": "resource",
        "lat": 7.8876924581192895,
        "lon": 116.01829200025124,
        "alt_km": 616.1091463496932,
        "timestamp": "2026-03-18T07:13:59.912346+00:00",
        "meta_object_name": "GAOFEN-9 01",
        "meta_object_id": "2015-047A",
        "meta_epoch": "2026-03-17T23:05:57.356160",
        "meta_mean_motion": 14.82701822,
        "meta_eccentricity": 0.00289256,
        "meta_inclination": 97.6398,
        "meta_ra_of_asc_node": 116.76,
        "meta_arg_of_pericenter": 80.189,
        "meta_mean_anomaly": 280.2588,
        "meta_ephemeris_type": 0,
        "meta_classification_type": "U",
        "meta_norad_cat_id": 40894,
        "meta_element_set_no": 999,
        "meta_rev_at_epoch": 56667,
        "meta_bstar": 0.0001256934,
        "meta_mean_motion_dot": 9.7e-06,
        "meta_mean_motion_ddot": 0,
        "tle_line1": "1 40894U 15047A   26076.96246940  .00000970  00000+0  12569-3 0  9994",
        "tle_line2": "2 40894  97.6398 116.7600 0028925  80.1890 280.2588 14.82701822566670"
      },
      "geometry": {
        "type": "Point",
        "coordinates": [
          116.01829200025124,
          7.8876924581192895
        ]
      }
    },
    {
      "type": "Feature",
      "properties": {
        "norad_id": 41026,
        "name": "YAOGAN-28",
        "group": "resource",
        "lat": 58.23352903278132,
        "lon": -154.3594518459793,
        "alt_km": 481.51751996277835,
        "timestamp": "2026-03-18T07:13:59.912356+00:00",
        "meta_object_name": "YAOGAN-28",
        "meta_object_id": "2015-064A",
        "meta_epoch": "2026-03-17T23:06:26.748576",
        "meta_mean_motion": 15.26145655,
        "meta_eccentricity": 0.00117827,
        "meta_inclination": 97.2914,
        "meta_ra_of_asc_node": 217.2438,
        "meta_arg_of_pericenter": 148.5927,
        "meta_mean_anomaly": 211.6017,
        "meta_ephemeris_type": 0,
        "meta_classification_type": "U",
        "meta_norad_cat_id": 41026,
        "meta_element_set_no": 999,
        "meta_rev_at_epoch": 57676,
        "meta_bstar": 0.00024908054,
        "meta_mean_motion_dot": 6.374e-05,
        "meta_mean_motion_ddot": 0,
        "tle_line1": "1 41026U 15064A   26076.96280959  .00006374  00000+0  24908-3 0  9993",
        "tle_line2": "2 41026  97.2914 217.2438 0011782 148.5927 211.6017 15.26145655576768"
      },
      "geometry": {
        "type": "Point",
        "coordinates": [
          -154.3594518459793,
          58.23352903278132
        ]
      }
    },
    {
      "type": "Feature",
      "properties": {
        "norad_id": 41038,
        "name": "YAOGAN-29",
        "group": "resource",
        "lat": 28.78650934478125,
        "lon": 101.31400442570501,
        "alt_km": 617.6244496273148,
        "timestamp": "2026-03-18T07:13:59.912366+00:00",
        "meta_object_name": "YAOGAN-29",
        "meta_object_id": "2015-069A",
        "meta_epoch": "2026-03-17T23:00:21.375936",
        "meta_mean_motion": 14.83003721,
        "meta_eccentricity": 0.00013345,
        "meta_inclination": 98.0134,
        "meta_ra_of_asc_node": 105.4097,
        "meta_arg_of_pericenter": 22.4747,
        "meta_mean_anomaly": 337.6524,
        "meta_ephemeris_type": 0,
        "meta_classification_type": "U",
        "meta_norad_cat_id": 41038,
        "meta_element_set_no": 999,
        "meta_rev_at_epoch": 55710,
        "meta_bstar": 3.4430657e-05,
        "meta_mean_motion_dot": 2.26e-06,
        "meta_mean_motion_ddot": 0,
        "tle_line1": "1 41038U 15069A   26076.95858074  .00000226  00000+0  34431-4 0  9992",
        "tle_line2": "2 41038  98.0134 105.4097 0001334  22.4747 337.6524 14.83003721557103"
      },
      "geometry": {
        "type": "Point",
        "coordinates": [
          101.31400442570501,
          28.78650934478125
        ]
      }
    },
    {
      "type": "Feature",
      "properties": {
        "norad_id": 41167,
        "name": "KENT RIDGE 1",
        "group": "resource",
        "lat": -14.963332752573846,
        "lon": 133.20910110678417,
        "alt_km": 500.61985960636866,
        "timestamp": "2026-03-18T07:13:59.912377+00:00",
        "meta_object_name": "KENT RIDGE 1",
        "meta_object_id": "2015-077B",
        "meta_epoch": "2026-03-17T14:19:27.769152",
        "meta_mean_motion": 15.22518139,
        "meta_eccentricity": 0.00085011,
        "meta_inclination": 14.9789,
        "meta_ra_of_asc_node": 226.835,
        "meta_arg_of_pericenter": 27.6247,
        "meta_mean_anomaly": 332.4526,
        "meta_ephemeris_type": 0,
        "meta_classification_type": "U",
        "meta_norad_cat_id": 41167,
        "meta_element_set_no": 999,
        "meta_rev_at_epoch": 56711,
        "meta_bstar": 0.00012842773,
        "meta_mean_motion_dot": 3.828e-05,
        "meta_mean_motion_ddot": 0,
        "tle_line1": "1 41167U 15077B   26076.59684918  .00003828  00000+0  12843-3 0  9991",
        "tle_line2": "2 41167  14.9789 226.8350 0008501  27.6247 332.4526 15.22518139567119"
      },
      "geometry": {
        "type": "Point",
        "coordinates": [
          133.20910110678417,
          -14.963332752573846
        ]
      }
    },
    {
      "type": "Feature",
      "properties": {
        "norad_id": 41194,
        "name": "GAOFEN-4",
        "group": "resource",
        "lat": -0.29236849827614514,
        "lon": 30.04244858080464,
        "alt_km": 35804.761618161145,
        "timestamp": "2026-03-18T07:13:59.912389+00:00",
        "meta_object_name": "GAOFEN-4",
        "meta_object_id": "2015-083A",
        "meta_epoch": "2026-03-17T22:35:07.340352",
        "meta_mean_motion": 1.00271921,
        "meta_eccentricity": 0.00058117,
        "meta_inclination": 0.3444,
        "meta_ra_of_asc_node": 83.0621,
        "meta_arg_of_pericenter": 86.0769,
        "meta_mean_anomaly": 90.8619,
        "meta_ephemeris_type": 0,
        "meta_classification_type": "U",
        "meta_norad_cat_id": 41194,
        "meta_element_set_no": 999,
        "meta_rev_at_epoch": 3761,
        "meta_bstar": 0,
        "meta_mean_motion_dot": -3.34e-06,
        "meta_mean_motion_ddot": 0,
        "tle_line1": "1 41194U 15083A   26076.94105718 -.00000334  00000+0  00000+0 0  9991",
        "tle_line2": "2 41194   0.3444  83.0621 0005811  86.0769  90.8619  1.00271921 37610"
      },
      "geometry": {
        "type": "Point",
        "coordinates": [
          30.04244858080464,
          -0.29236849827614514
        ]
      }
    },
    {
      "type": "Feature",
      "properties": {
        "norad_id": 41240,
        "name": "JASON-3",
        "group": "resource",
        "lat": 64.0353801523821,
        "lon": 22.833754330023165,
        "alt_km": 1309.4888903736119,
        "timestamp": "2026-03-18T07:13:59.912401+00:00",
        "meta_object_name": "JASON-3",
        "meta_object_id": "2016-002A",
        "meta_epoch": "2026-03-17T23:21:51.799680",
        "meta_mean_motion": 12.87626745,
        "meta_eccentricity": 0.00076924,
        "meta_inclination": 66.043,
        "meta_ra_of_asc_node": 317.6065,
        "meta_arg_of_pericenter": 277.0328,
        "meta_mean_anomaly": 82.9815,
        "meta_ephemeris_type": 0,
        "meta_classification_type": "U",
        "meta_norad_cat_id": 41240,
        "meta_element_set_no": 999,
        "meta_rev_at_epoch": 47550,
        "meta_bstar": 0.00024638933,
        "meta_mean_motion_dot": 0,
        "meta_mean_motion_ddot": 0,
        "tle_line1": "1 41240U 16002A   26076.97351620  .00000000  00000+0  24639-3 0  9990",
        "tle_line2": "2 41240  66.0430 317.6065 0007692 277.0328  82.9815 12.87626745475505"
      },
      "geometry": {
        "type": "Point",
        "coordinates": [
          22.833754330023165,
          64.0353801523821
        ]
      }
    },
    {
      "type": "Feature",
      "properties": {
        "norad_id": 41335,
        "name": "SENTINEL-3A",
        "group": "resource",
        "lat": -42.11189389698694,
        "lon": -41.9207832165416,
        "alt_km": 809.776845061855,
        "timestamp": "2026-03-18T07:13:59.912411+00:00",
        "meta_object_name": "SENTINEL-3A",
        "meta_object_id": "2016-011A",
        "meta_epoch": "2026-03-17T21:46:39.355680",
        "meta_mean_motion": 14.26736839,
        "meta_eccentricity": 0.00012441,
        "meta_inclination": 98.6212,
        "meta_ra_of_asc_node": 145.5735,
        "meta_arg_of_pericenter": 95.7695,
        "meta_mean_anomaly": 264.3627,
        "meta_ephemeris_type": 0,
        "meta_classification_type": "U",
        "meta_norad_cat_id": 41335,
        "meta_element_set_no": 999,
        "meta_rev_at_epoch": 52504,
        "meta_bstar": 5.6426278e-05,
        "meta_mean_motion_dot": 9.3e-07,
        "meta_mean_motion_ddot": 0,
        "tle_line1": "1 41335U 16011A   26076.90739995  .00000093  00000+0  56426-4 0  9995",
        "tle_line2": "2 41335  98.6212 145.5735 0001244  95.7695 264.3627 14.26736839525043"
      },
      "geometry": {
        "type": "Point",
        "coordinates": [
          -41.9207832165416,
          -42.11189389698694
        ]
      }
    },
    {
      "type": "Feature",
      "properties": {
        "norad_id": 41556,
        "name": "ZIYUAN 3-02 (ZY 3-02)",
        "group": "resource",
        "lat": 65.95694231085915,
        "lon": 137.8901698756019,
        "alt_km": 501.5408220236841,
        "timestamp": "2026-03-18T07:13:59.912421+00:00",
        "meta_object_name": "ZIYUAN 3-02 (ZY 3-02)",
        "meta_object_id": "2016-033A",
        "meta_epoch": "2026-03-17T02:31:52.633056",
        "meta_mean_motion": 15.21664894,
        "meta_eccentricity": 0.00109481,
        "meta_inclination": 97.3894,
        "meta_ra_of_asc_node": 153.6278,
        "meta_arg_of_pericenter": 269.1873,
        "meta_mean_anomaly": 90.8108,
        "meta_ephemeris_type": 0,
        "meta_classification_type": "U",
        "meta_norad_cat_id": 41556,
        "meta_element_set_no": 999,
        "meta_rev_at_epoch": 54398,
        "meta_bstar": 0.00024904653,
        "meta_mean_motion_dot": 5.57e-05,
        "meta_mean_motion_ddot": 0,
        "tle_line1": "1 41556U 16033A   26076.10547029  .00005570  00000+0  24905-3 0  9992",
        "tle_line2": "2 41556  97.3894 153.6278 0010948 269.1873  90.8108 15.21664894543984"
      },
      "geometry": {
        "type": "Point",
        "coordinates": [
          137.8901698756019,
          65.95694231085915
        ]
      }
    },
    {
      "type": "Feature",
      "properties": {
        "norad_id": 41599,
        "name": "CARTOSAT-2C",
        "group": "resource",
        "lat": 9.72606002892687,
        "lon": 137.1934635109059,
        "alt_km": 509.0865938185325,
        "timestamp": "2026-03-18T07:13:59.912431+00:00",
        "meta_object_name": "CARTOSAT-2C",
        "meta_object_id": "2016-040A",
        "meta_epoch": "2026-03-17T21:42:22.273344",
        "meta_mean_motion": 15.19304079,
        "meta_eccentricity": 0.00105917,
        "meta_inclination": 97.4598,
        "meta_ra_of_asc_node": 138.0883,
        "meta_arg_of_pericenter": 96.7986,
        "meta_mean_anomaly": 263.4454,
        "meta_ephemeris_type": 0,
        "meta_classification_type": "U",
        "meta_norad_cat_id": 41599,
        "meta_element_set_no": 999,
        "meta_rev_at_epoch": 53985,
        "meta_bstar": 0.00013952172,
        "meta_mean_motion_dot": 2.88e-05,
        "meta_mean_motion_ddot": 0,
        "tle_line1": "1 41599U 16040A   26076.90442446  .00002880  00000+0  13952-3 0  9993",
        "tle_line2": "2 41599  97.4598 138.0883 0010591  96.7986 263.4454 15.19304079539851"
      },
      "geometry": {
        "type": "Point",
        "coordinates": [
          137.1934635109059,
          9.72606002892687
        ]
      }
    },
    {
      "type": "Feature",
      "properties": {
        "norad_id": 41601,
        "name": "SKYSAT-C1",
        "group": "resource",
        "lat": -36.38721061582634,
        "lon": 119.16625810751229,
        "alt_km": 467.6771227742465,
        "timestamp": "2026-03-18T07:13:59.912446+00:00",
        "meta_object_name": "SKYSAT-C1",
        "meta_object_id": "2016-040C",
        "meta_epoch": "2026-03-17T20:26:19.837536",
        "meta_mean_motion": 15.34681599,
        "meta_eccentricity": 0.00028228,
        "meta_inclination": 96.9683,
        "meta_ra_of_asc_node": 113.5701,
        "meta_arg_of_pericenter": 36.9324,
        "meta_mean_anomaly": 323.2114,
        "meta_ephemeris_type": 0,
        "meta_classification_type": "U",
        "meta_norad_cat_id": 41601,
        "meta_element_set_no": 999,
        "meta_rev_at_epoch": 54385,
        "meta_bstar": 0.00021410315,
        "meta_mean_motion_dot": 7.124e-05,
        "meta_mean_motion_ddot": 0,
        "tle_line1": "1 41601U 16040C   26076.85161849  .00007124  00000+0  21410-3 0  9990",
        "tle_line2": "2 41601  96.9683 113.5701 0002822  36.9324 323.2114 15.34681599543856"
      },
      "geometry": {
        "type": "Point",
        "coordinates": [
          119.16625810751229,
          -36.38721061582634
        ]
      }
    },
    {
      "type": "Feature",
      "properties": {
        "norad_id": 41603,
        "name": "LAPAN-A3",
        "group": "resource",
        "lat": -82.79287095674836,
        "lon": 173.53273228203955,
        "alt_km": 475.111570180482,
        "timestamp": "2026-03-18T07:13:59.912457+00:00",
        "meta_object_name": "LAPAN-A3",
        "meta_object_id": "2016-040E",
        "meta_epoch": "2026-03-17T22:13:34.207968",
        "meta_mean_motion": 15.32458593,
        "meta_eccentricity": 0.00100084,
        "meta_inclination": 97.1482,
        "meta_ra_of_asc_node": 76.1192,
        "meta_arg_of_pericenter": 354.3238,
        "meta_mean_anomaly": 5.789,
        "meta_ephemeris_type": 0,
        "meta_classification_type": "U",
        "meta_norad_cat_id": 41603,
        "meta_element_set_no": 999,
        "meta_rev_at_epoch": 54083,
        "meta_bstar": 0.00011513509,
        "meta_mean_motion_dot": 3.538e-05,
        "meta_mean_motion_ddot": 0,
        "tle_line1": "1 41603U 16040E   26076.92609037  .00003538  00000+0  11514-3 0  9995",
        "tle_line2": "2 41603  97.1482  76.1192 0010008 354.3238   5.7890 15.32458593540834"
      },
      "geometry": {
        "type": "Point",
        "coordinates": [
          173.53273228203955,
          -82.79287095674836
        ]
      }
    },
    {
      "type": "Feature",
      "properties": {
        "norad_id": 41727,
        "name": "GAOFEN-3",
        "group": "resource",
        "lat": 8.22012836421031,
        "lon": -92.3297610617078,
        "alt_km": 752.96527186403,
        "timestamp": "2026-03-18T07:13:59.912468+00:00",
        "meta_object_name": "GAOFEN-3",
        "meta_object_id": "2016-049A",
        "meta_epoch": "2026-03-17T22:06:54.467136",
        "meta_mean_motion": 14.42217994,
        "meta_eccentricity": 0.00017231,
        "meta_inclination": 98.405,
        "meta_ra_of_asc_node": 86.0722,
        "meta_arg_of_pericenter": 84.4003,
        "meta_mean_anomaly": 275.7383,
        "meta_ephemeris_type": 0,
        "meta_classification_type": "U",
        "meta_norad_cat_id": 41727,
        "meta_element_set_no": 999,
        "meta_rev_at_epoch": 50549,
        "meta_bstar": -1.9214881e-05,
        "meta_mean_motion_dot": -1.07e-06,
        "meta_mean_motion_ddot": 0,
        "tle_line1": "1 41727U 16049A   26076.92146374 -.00000107  00000+0 -19215-4 0  9999",
        "tle_line2": "2 41727  98.4050  86.0722 0001723  84.4003 275.7383 14.42217994505497"
      },
      "geometry": {
        "type": "Point",
        "coordinates": [
          -92.3297610617078,
          8.22012836421031
        ]
      }
    },
    {
      "type": "Feature",
      "properties": {
        "norad_id": 41771,
        "name": "SKYSAT-C4",
        "group": "resource",
        "lat": -14.017620296493966,
        "lon": -78.72107837071272,
        "alt_km": 433.5792254570424,
        "timestamp": "2026-03-18T07:13:59.912478+00:00",
        "meta_object_name": "SKYSAT-C4",
        "meta_object_id": "2016-058B",
        "meta_epoch": "2026-03-17T19:31:13.522944",
        "meta_mean_motion": 15.45664209,
        "meta_eccentricity": 0.0001628,
        "meta_inclination": 96.9276,
        "meta_ra_of_asc_node": 102.5523,
        "meta_arg_of_pericenter": 136.8516,
        "meta_mean_anomaly": 223.2862,
        "meta_ephemeris_type": 0,
        "meta_classification_type": "U",
        "meta_norad_cat_id": 41771,
        "meta_element_set_no": 999,
        "meta_rev_at_epoch": 53134,
        "meta_bstar": 0.00025646151,
        "meta_mean_motion_dot": 0.00012289,
        "meta_mean_motion_ddot": 0,
        "tle_line1": "1 41771U 16058B   26076.81335096  .00012289  00000+0  25646-3 0  9993",
        "tle_line2": "2 41771  96.9276 102.5523 0001628 136.8516 223.2862 15.45664209531349"
      },
      "geometry": {
        "type": "Point",
        "coordinates": [
          -78.72107837071272,
          -14.017620296493966
        ]
      }
    },
    {
      "type": "Feature",
      "properties": {
        "norad_id": 41772,
        "name": "SKYSAT-C5",
        "group": "resource",
        "lat": -17.78066229510759,
        "lon": 124.2709623442065,
        "alt_km": 468.82375751381096,
        "timestamp": "2026-03-18T07:13:59.912489+00:00",
        "meta_object_name": "SKYSAT-C5",
        "meta_object_id": "2016-058C",
        "meta_epoch": "2026-03-17T20:21:12.561984",
        "meta_mean_motion": 15.34157305,
        "meta_eccentricity": 5.22e-05,
        "meta_inclination": 97.0599,
        "meta_ra_of_asc_node": 121.5596,
        "meta_arg_of_pericenter": 134.4301,
        "meta_mean_anomaly": 225.6986,
        "meta_ephemeris_type": 0,
        "meta_classification_type": "U",
        "meta_norad_cat_id": 41772,
        "meta_element_set_no": 999,
        "meta_rev_at_epoch": 52974,
        "meta_bstar": 0.0001966136,
        "meta_mean_motion_dot": 6.425e-05,
        "meta_mean_motion_ddot": 0,
        "tle_line1": "1 41772U 16058C   26076.84806206  .00006425  00000+0  19661-3 0  9998",
        "tle_line2": "2 41772  97.0599 121.5596 0000522 134.4301 225.6986 15.34157305529745"
      },
      "geometry": {
        "type": "Point",
        "coordinates": [
          124.2709623442065,
          -17.78066229510759
        ]
      }
    },
    {
      "type": "Feature",
      "properties": {
        "norad_id": 41773,
        "name": "SKYSAT-C2",
        "group": "resource",
        "lat": 80.5170959075572,
        "lon": 55.311815921355034,
        "alt_km": 436.4677800045765,
        "timestamp": "2026-03-18T07:13:59.912499+00:00",
        "meta_object_name": "SKYSAT-C2",
        "meta_object_id": "2016-058D",
        "meta_epoch": "2026-03-17T23:04:26.950656",
        "meta_mean_motion": 15.39925631,
        "meta_eccentricity": 0.00043869,
        "meta_inclination": 97.0267,
        "meta_ra_of_asc_node": 102.5836,
        "meta_arg_of_pericenter": 49.9766,
        "meta_mean_anomaly": 310.1866,
        "meta_ephemeris_type": 0,
        "meta_classification_type": "U",
        "meta_norad_cat_id": 41773,
        "meta_element_set_no": 999,
        "meta_rev_at_epoch": 53100,
        "meta_bstar": 0.0002432783,
        "meta_mean_motion_dot": 9.608e-05,
        "meta_mean_motion_ddot": 0,
        "tle_line1": "1 41773U 16058D   26076.96142304  .00009608  00000+0  24328-3 0  9996",
        "tle_line2": "2 41773  97.0267 102.5836 0004386  49.9766 310.1866 15.39925631531000"
      },
      "geometry": {
        "type": "Point",
        "coordinates": [
          55.311815921355034,
          80.5170959075572
        ]
      }
    },
    {
      "type": "Feature",
      "properties": {
        "norad_id": 41774,
        "name": "SKYSAT-C3",
        "group": "resource",
        "lat": 69.78177488146615,
        "lon": -48.94725297384281,
        "alt_km": 412.5247663366954,
        "timestamp": "2026-03-18T07:13:59.912509+00:00",
        "meta_object_name": "SKYSAT-C3",
        "meta_object_id": "2016-058E",
        "meta_epoch": "2026-03-17T19:54:33.828480",
        "meta_mean_motion": 15.48695569,
        "meta_eccentricity": 0.00018347,
        "meta_inclination": 96.916,
        "meta_ra_of_asc_node": 111.3571,
        "meta_arg_of_pericenter": 115.4243,
        "meta_mean_anomaly": 244.7199,
        "meta_ephemeris_type": 0,
        "meta_classification_type": "U",
        "meta_norad_cat_id": 41774,
        "meta_element_set_no": 999,
        "meta_rev_at_epoch": 53195,
        "meta_bstar": 0.00031395696,
        "meta_mean_motion_dot": 0.00016736,
        "meta_mean_motion_ddot": 0,
        "tle_line1": "1 41774U 16058E   26076.82955820  .00016736  00000+0  31396-3 0  9990",
        "tle_line2": "2 41774  96.9160 111.3571 0001834 115.4243 244.7199 15.48695569531958"
      },
      "geometry": {
        "type": "Point",
        "coordinates": [
          -48.94725297384281,
          69.78177488146615
        ]
      }
    },
    {
      "type": "Feature",
      "properties": {
        "norad_id": 41785,
        "name": "ALSAT-1B",
        "group": "resource",
        "lat": -8.545346557888234,
        "lon": 91.15385665262616,
        "alt_km": 664.5118999897941,
        "timestamp": "2026-03-18T07:13:59.912521+00:00",
        "meta_object_name": "ALSAT-1B",
        "meta_object_id": "2016-059C",
        "meta_epoch": "2026-03-17T23:06:59.118336",
        "meta_mean_motion": 14.72197151,
        "meta_eccentricity": 0.0009754,
        "meta_inclination": 97.78,
        "meta_ra_of_asc_node": 89.6531,
        "meta_arg_of_pericenter": 151.3224,
        "meta_mean_anomaly": 208.8523,
        "meta_ephemeris_type": 0,
        "meta_classification_type": "U",
        "meta_norad_cat_id": 41785,
        "meta_element_set_no": 999,
        "meta_rev_at_epoch": 50715,
        "meta_bstar": 6.0559581e-05,
        "meta_mean_motion_dot": 3.35e-06,
        "meta_mean_motion_ddot": 0,
        "tle_line1": "1 41785U 16059C   26076.96318424  .00000335  00000+0  60560-4 0  9995",
        "tle_line2": "2 41785  97.7800  89.6531 0009754 151.3224 208.8523 14.72197151507157"
      },
      "geometry": {
        "type": "Point",
        "coordinates": [
          91.15385665262616,
          -8.545346557888234
        ]
      }
    },
    {
      "type": "Feature",
      "properties": {
        "norad_id": 41787,
        "name": "PATHFINDER 1",
        "group": "resource",
        "lat": -72.08201170508374,
        "lon": -124.46167507163564,
        "alt_km": 686.5434033382007,
        "timestamp": "2026-03-18T07:13:59.912532+00:00",
        "meta_object_name": "PATHFINDER 1",
        "meta_object_id": "2016-059E",
        "meta_epoch": "2026-03-17T21:54:02.655936",
        "meta_mean_motion": 14.67533051,
        "meta_eccentricity": 0.00295129,
        "meta_inclination": 97.818,
        "meta_ra_of_asc_node": 80.3131,
        "meta_arg_of_pericenter": 135.2477,
        "meta_mean_anomaly": 225.1117,
        "meta_ephemeris_type": 0,
        "meta_classification_type": "U",
        "meta_norad_cat_id": 41787,
        "meta_element_set_no": 999,
        "meta_rev_at_epoch": 50632,
        "meta_bstar": 0.00012566036,
        "meta_mean_motion_dot": 6.71e-06,
        "meta_mean_motion_ddot": 0,
        "tle_line1": "1 41787U 16059E   26076.91253074  .00000671  00000+0  12566-3 0  9996",
        "tle_line2": "2 41787  97.8180  80.3131 0029512 135.2477 225.1117 14.67533051506326"
      },
      "geometry": {
        "type": "Point",
        "coordinates": [
          -124.46167507163564,
          -72.08201170508374
        ]
      }
    },
    {
      "type": "Feature",
      "properties": {
        "norad_id": 41790,
        "name": "SCATSAT 1",
        "group": "resource",
        "lat": -55.11191663217345,
        "lon": 151.93632086878782,
        "alt_km": 660.2687407791318,
        "timestamp": "2026-03-18T07:13:59.912567+00:00",
        "meta_object_name": "SCATSAT 1",
        "meta_object_id": "2016-059H",
        "meta_epoch": "2026-03-17T21:44:52.332000",
        "meta_mean_motion": 14.79290303,
        "meta_eccentricity": 0.00549699,
        "meta_inclination": 98.1288,
        "meta_ra_of_asc_node": 139.7087,
        "meta_arg_of_pericenter": 180.9263,
        "meta_mean_anomaly": 179.1855,
        "meta_ephemeris_type": 0,
        "meta_classification_type": "U",
        "meta_norad_cat_id": 41790,
        "meta_element_set_no": 999,
        "meta_rev_at_epoch": 8809,
        "meta_bstar": 0.00017739008,
        "meta_mean_motion_dot": 1.296e-05,
        "meta_mean_motion_ddot": 0,
        "tle_line1": "1 41790U 16059H   26076.90616125  .00001296  00000+0  17739-3 0  9990",
        "tle_line2": "2 41790  98.1288 139.7087 0054969 180.9263 179.1855 14.79290303 88095"
      },
      "geometry": {
        "type": "Point",
        "coordinates": [
          151.93632086878782,
          -55.11191663217345
        ]
      }
    },
    {
      "type": "Feature",
      "properties": {
        "norad_id": 41875,
        "name": "GOKTURK 1A",
        "group": "resource",
        "lat": 7.769495057738707,
        "lon": 154.47043732783877,
        "alt_km": 686.2666346412761,
        "timestamp": "2026-03-18T07:13:59.912579+00:00",
        "meta_object_name": "GOKTURK 1A",
        "meta_object_id": "2016-073A",
        "meta_epoch": "2026-03-17T23:52:57.401184",
        "meta_mean_motion": 14.62757766,
        "meta_eccentricity": 0.00013501,
        "meta_inclination": 98.1359,
        "meta_ra_of_asc_node": 333.0502,
        "meta_arg_of_pericenter": 79.3015,
        "meta_mean_anomaly": 280.8339,
        "meta_ephemeris_type": 0,
        "meta_classification_type": "U",
        "meta_norad_cat_id": 41875,
        "meta_element_set_no": 999,
        "meta_rev_at_epoch": 49549,
        "meta_bstar": 6.2066646e-05,
        "meta_mean_motion_dot": 2.7e-06,
        "meta_mean_motion_ddot": 0,
        "tle_line1": "1 41875U 16073A   26076.99510881  .00000270  00000+0  62067-4 0  9997",
        "tle_line2": "2 41875  98.1359 333.0502 0001350  79.3015 280.8339 14.62757766495497"
      },
      "geometry": {
        "type": "Point",
        "coordinates": [
          154.47043732783877,
          7.769495057738707
        ]
      }
    },
    {
      "type": "Feature",
      "properties": {
        "norad_id": 41877,
        "name": "RESOURCESAT-2A",
        "group": "resource",
        "lat": 56.27921382742783,
        "lon": -15.116135610917436,
        "alt_km": 814.9355965361838,
        "timestamp": "2026-03-18T07:13:59.912589+00:00",
        "meta_object_name": "RESOURCESAT-2A",
        "meta_object_id": "2016-074A",
        "meta_epoch": "2026-03-17T22:12:45.504288",
        "meta_mean_motion": 14.2160246,
        "meta_eccentricity": 0.00020795,
        "meta_inclination": 98.7594,
        "meta_ra_of_asc_node": 151.1548,
        "meta_arg_of_pericenter": 17.5323,
        "meta_mean_anomaly": 342.5925,
        "meta_ephemeris_type": 0,
        "meta_classification_type": "U",
        "meta_norad_cat_id": 41877,
        "meta_element_set_no": 999,
        "meta_rev_at_epoch": 48133,
        "meta_bstar": -0.0001046465,
        "meta_mean_motion_dot": -2.74e-06,
        "meta_mean_motion_ddot": 0,
        "tle_line1": "1 41877U 16074A   26076.92552667 -.00000274  00000+0 -10465-3 0  9991",
        "tle_line2": "2 41877  98.7594 151.1548 0002079  17.5323 342.5925 14.21602460481330"
      },
      "geometry": {
        "type": "Point",
        "coordinates": [
          -15.116135610917436,
          56.27921382742783
        ]
      }
    },
    {
      "type": "Feature",
      "properties": {
        "norad_id": 41948,
        "name": "CARTOSAT-2D",
        "group": "resource",
        "lat": -7.737073496523117,
        "lon": -42.75989708735459,
        "alt_km": 508.4148687363895,
        "timestamp": "2026-03-18T07:13:59.912599+00:00",
        "meta_object_name": "CARTOSAT-2D",
        "meta_object_id": "2017-008A",
        "meta_epoch": "2026-03-17T20:55:33.108672",
        "meta_mean_motion": 15.19328485,
        "meta_eccentricity": 0.00050742,
        "meta_inclination": 97.4223,
        "meta_ra_of_asc_node": 137.8329,
        "meta_arg_of_pericenter": 186.9549,
        "meta_mean_anomaly": 173.1616,
        "meta_ephemeris_type": 0,
        "meta_classification_type": "U",
        "meta_norad_cat_id": 41948,
        "meta_element_set_no": 999,
        "meta_rev_at_epoch": 50371,
        "meta_bstar": 5.06405e-06,
        "meta_mean_motion_dot": 4e-07,
        "meta_mean_motion_ddot": 0,
        "tle_line1": "1 41948U 17008A   26076.87191098  .00000040  00000+0  50641-5 0  9990",
        "tle_line2": "2 41948  97.4223 137.8329 0005074 186.9549 173.1616 15.19328485503713"
      },
      "geometry": {
        "type": "Point",
        "coordinates": [
          -42.75989708735459,
          -7.737073496523117
        ]
      }
    },
    {
      "type": "Feature",
      "properties": {
        "norad_id": 42063,
        "name": "SENTINEL-2B",
        "group": "resource",
        "lat": 15.350345612878208,
        "lon": 150.99859463287518,
        "alt_km": 789.5756626847287,
        "timestamp": "2026-03-18T07:13:59.912609+00:00",
        "meta_object_name": "SENTINEL-2B",
        "meta_object_id": "2017-013A",
        "meta_epoch": "2026-03-17T22:46:09.739776",
        "meta_mean_motion": 14.30822609,
        "meta_eccentricity": 0.00011786,
        "meta_inclination": 98.5647,
        "meta_ra_of_asc_node": 153.0222,
        "meta_arg_of_pericenter": 96.766,
        "meta_mean_anomaly": 263.3657,
        "meta_ephemeris_type": 0,
        "meta_classification_type": "U",
        "meta_norad_cat_id": 42063,
        "meta_element_set_no": 999,
        "meta_rev_at_epoch": 47159,
        "meta_bstar": -1.0343785e-05,
        "meta_mean_motion_dot": -7.1e-07,
        "meta_mean_motion_ddot": 0,
        "tle_line1": "1 42063U 17013A   26076.94872384 -.00000071  00000+0 -10344-4 0  9998",
        "tle_line2": "2 42063  98.5647 153.0222 0001178  96.7660 263.3657 14.30822609471595"
      },
      "geometry": {
        "type": "Point",
        "coordinates": [
          150.99859463287518,
          15.350345612878208
        ]
      }
    },
    {
      "type": "Feature",
      "properties": {
        "norad_id": 42767,
        "name": "CARTOSAT-2E",
        "group": "resource",
        "lat": 81.98026005832715,
        "lon": 26.595985370406606,
        "alt_km": 502.50978555152506,
        "timestamp": "2026-03-18T07:13:59.912619+00:00",
        "meta_object_name": "CARTOSAT-2E",
        "meta_object_id": "2017-036C",
        "meta_epoch": "2026-03-14T01:39:23.888736",
        "meta_mean_motion": 15.19224887,
        "meta_eccentricity": 0.00025802,
        "meta_inclination": 97.4397,
        "meta_ra_of_asc_node": 134.3841,
        "meta_arg_of_pericenter": 284.3598,
        "meta_mean_anomaly": 75.7351,
        "meta_ephemeris_type": 0,
        "meta_classification_type": "U",
        "meta_norad_cat_id": 42767,
        "meta_element_set_no": 999,
        "meta_rev_at_epoch": 48370,
        "meta_bstar": -9.746139e-06,
        "meta_mean_motion_dot": -2.72e-06,
        "meta_mean_motion_ddot": 0,
        "tle_line1": "1 42767U 17036C   26073.06902649 -.00000272  00000+0 -97461-5 0  9991",
        "tle_line2": "2 42767  97.4397 134.3841 0002580 284.3598  75.7351 15.19224887483702"
      },
      "geometry": {
        "type": "Point",
        "coordinates": [
          26.595985370406606,
          81.98026005832715
        ]
      }
    },
    {
      "type": "Feature",
      "properties": {
        "norad_id": 42920,
        "name": "FORMOSAT-5",
        "group": "resource",
        "lat": 40.971732837571714,
        "lon": 147.4019904468893,
        "alt_km": 712.8354576627034,
        "timestamp": "2026-03-18T07:13:59.912630+00:00",
        "meta_object_name": "FORMOSAT-5",
        "meta_object_id": "2017-049A",
        "meta_epoch": "2026-03-17T22:46:01.590528",
        "meta_mean_motion": 14.50825775,
        "meta_eccentricity": 0.00111847,
        "meta_inclination": 98.2299,
        "meta_ra_of_asc_node": 154.2774,
        "meta_arg_of_pericenter": 12.239,
        "meta_mean_anomaly": 347.9074,
        "meta_ephemeris_type": 0,
        "meta_classification_type": "U",
        "meta_norad_cat_id": 42920,
        "meta_element_set_no": 999,
        "meta_rev_at_epoch": 45344,
        "meta_bstar": 4.8686956e-05,
        "meta_mean_motion_dot": 1.48e-06,
        "meta_mean_motion_ddot": 0,
        "tle_line1": "1 42920U 17049A   26076.94862952  .00000148  00000+0  48687-4 0  9993",
        "tle_line2": "2 42920  98.2299 154.2774 0011184  12.2390 347.9074 14.50825775453448"
      },
      "geometry": {
        "type": "Point",
        "coordinates": [
          147.4019904468893,
          40.971732837571714
        ]
      }
    },
    {
      "type": "Feature",
      "properties": {
        "norad_id": 42969,
        "name": "SENTINEL-5P",
        "group": "resource",
        "lat": 41.41144321145334,
        "lon": -152.06368118067002,
        "alt_km": 823.102830693173,
        "timestamp": "2026-03-18T07:13:59.912641+00:00",
        "meta_object_name": "SENTINEL-5P",
        "meta_object_id": "2017-064A",
        "meta_epoch": "2026-03-17T20:26:08.994336",
        "meta_mean_motion": 14.19501331,
        "meta_eccentricity": 0.00011279,
        "meta_inclination": 98.7893,
        "meta_ra_of_asc_node": 19.6472,
        "meta_arg_of_pericenter": 93.2202,
        "meta_mean_anomaly": 266.9103,
        "meta_ephemeris_type": 0,
        "meta_classification_type": "U",
        "meta_norad_cat_id": 42969,
        "meta_element_set_no": 999,
        "meta_rev_at_epoch": 43660,
        "meta_bstar": 5.1006331e-05,
        "meta_mean_motion_dot": 6.3e-07,
        "meta_mean_motion_ddot": 0,
        "tle_line1": "1 42969U 17064A   26076.85149299  .00000063  00000+0  51006-4 0  9990",
        "tle_line2": "2 42969  98.7893  19.6472 0001127  93.2202 266.9103 14.19501331436608"
      },
      "geometry": {
        "type": "Point",
        "coordinates": [
          -152.06368118067002,
          41.41144321145334
        ]
      }
    },
    {
      "type": "Feature",
      "properties": {
        "norad_id": 42987,
        "name": "SKYSAT-C11",
        "group": "resource",
        "lat": 73.08931034832524,
        "lon": -162.81334610468295,
        "alt_km": 400.864356666958,
        "timestamp": "2026-03-18T07:13:59.912652+00:00",
        "meta_object_name": "SKYSAT-C11",
        "meta_object_id": "2017-068A",
        "meta_epoch": "2026-03-17T21:38:02.056416",
        "meta_mean_motion": 15.52958941,
        "meta_eccentricity": 2.804e-05,
        "meta_inclination": 97.4217,
        "meta_ra_of_asc_node": 222.1622,
        "meta_arg_of_pericenter": 95.4948,
        "meta_mean_anomaly": 264.6337,
        "meta_ephemeris_type": 0,
        "meta_classification_type": "U",
        "meta_norad_cat_id": 42987,
        "meta_element_set_no": 999,
        "meta_rev_at_epoch": 46905,
        "meta_bstar": 0.00039067641,
        "meta_mean_motion_dot": 0.00024263,
        "meta_mean_motion_ddot": 0,
        "tle_line1": "1 42987U 17068A   26076.90141269  .00024263  00000+0  39068-3 0  9990",
        "tle_line2": "2 42987  97.4217 222.1622 0000280  95.4948 264.6337 15.52958941469052"
      },
      "geometry": {
        "type": "Point",
        "coordinates": [
          -162.81334610468295,
          73.08931034832524
        ]
      }
    },
    {
      "type": "Feature",
      "properties": {
        "norad_id": 42988,
        "name": "SKYSAT-C10",
        "group": "resource",
        "lat": 79.83527285229108,
        "lon": 80.20140904437888,
        "alt_km": 459.16013285384906,
        "timestamp": "2026-03-18T07:13:59.912663+00:00",
        "meta_object_name": "SKYSAT-C10",
        "meta_object_id": "2017-068B",
        "meta_epoch": "2026-03-17T21:24:42.910848",
        "meta_mean_motion": 15.32878527,
        "meta_eccentricity": 9.921e-05,
        "meta_inclination": 97.4346,
        "meta_ra_of_asc_node": 213.044,
        "meta_arg_of_pericenter": 96.6205,
        "meta_mean_anomaly": 263.515,
        "meta_ephemeris_type": 0,
        "meta_classification_type": "U",
        "meta_norad_cat_id": 42988,
        "meta_element_set_no": 999,
        "meta_rev_at_epoch": 46836,
        "meta_bstar": 0.0002625837,
        "meta_mean_motion_dot": 8.26e-05,
        "meta_mean_motion_ddot": 0,
        "tle_line1": "1 42988U 17068B   26076.89216332  .00008260  00000+0  26258-3 0  9999",
        "tle_line2": "2 42988  97.4346 213.0440 0000992  96.6205 263.5150 15.32878527468365"
      },
      "geometry": {
        "type": "Point",
        "coordinates": [
          80.20140904437888,
          79.83527285229108
        ]
      }
    },
    {
      "type": "Feature",
      "properties": {
        "norad_id": 42989,
        "name": "SKYSAT-C9",
        "group": "resource",
        "lat": 32.70670782572414,
        "lon": -151.2401433179328,
        "alt_km": 444.5516417904764,
        "timestamp": "2026-03-18T07:13:59.912673+00:00",
        "meta_object_name": "SKYSAT-C9",
        "meta_object_id": "2017-068C",
        "meta_epoch": "2026-03-17T21:43:42.587328",
        "meta_mean_motion": 15.39156989,
        "meta_eccentricity": 0.00099816,
        "meta_inclination": 97.4274,
        "meta_ra_of_asc_node": 213.1639,
        "meta_arg_of_pericenter": 106.1508,
        "meta_mean_anomaly": 254.0837,
        "meta_ephemeris_type": 0,
        "meta_classification_type": "U",
        "meta_norad_cat_id": 42989,
        "meta_element_set_no": 999,
        "meta_rev_at_epoch": 46870,
        "meta_bstar": 0.00029288191,
        "meta_mean_motion_dot": 0.00011305,
        "meta_mean_motion_ddot": 0,
        "tle_line1": "1 42989U 17068C   26076.90535402  .00011305  00000+0  29288-3 0  9994",
        "tle_line2": "2 42989  97.4274 213.1639 0009981 106.1508 254.0837 15.39156989468700"
      },
      "geometry": {
        "type": "Point",
        "coordinates": [
          -151.2401433179328,
          32.70670782572414
        ]
      }
    },
    {
      "type": "Feature",
      "properties": {
        "norad_id": 42990,
        "name": "SKYSAT-C8",
        "group": "resource",
        "lat": -67.01736666058936,
        "lon": 14.986207485094255,
        "alt_km": 468.98955783023393,
        "timestamp": "2026-03-18T07:13:59.912683+00:00",
        "meta_object_name": "SKYSAT-C8",
        "meta_object_id": "2017-068D",
        "meta_epoch": "2026-03-17T22:19:58.242144",
        "meta_mean_motion": 15.34990131,
        "meta_eccentricity": 0.00012673,
        "meta_inclination": 97.4366,
        "meta_ra_of_asc_node": 212.5497,
        "meta_arg_of_pericenter": 94.7151,
        "meta_mean_anomaly": 265.4237,
        "meta_ephemeris_type": 0,
        "meta_classification_type": "U",
        "meta_norad_cat_id": 42990,
        "meta_element_set_no": 999,
        "meta_rev_at_epoch": 46830,
        "meta_bstar": 0.00027424315,
        "meta_mean_motion_dot": 9.229e-05,
        "meta_mean_motion_ddot": 0,
        "tle_line1": "1 42990U 17068D   26076.93053521  .00009229  00000+0  27424-3 0  9998",
        "tle_line2": "2 42990  97.4366 212.5497 0001267  94.7151 265.4237 15.34990131468300"
      },
      "geometry": {
        "type": "Point",
        "coordinates": [
          14.986207485094255,
          -67.01736666058936
        ]
      }
    },
    {
      "type": "Feature",
      "properties": {
        "norad_id": 42991,
        "name": "SKYSAT-C7",
        "group": "resource",
        "lat": -57.89584475464669,
        "lon": -134.0745443839776,
        "alt_km": 471.7723652088316,
        "timestamp": "2026-03-18T07:13:59.912694+00:00",
        "meta_object_name": "SKYSAT-C7",
        "meta_object_id": "2017-068E",
        "meta_epoch": "2026-03-17T22:06:04.204800",
        "meta_mean_motion": 15.34942509,
        "meta_eccentricity": 0.00071886,
        "meta_inclination": 97.4377,
        "meta_ra_of_asc_node": 213.5235,
        "meta_arg_of_pericenter": 79.1566,
        "meta_mean_anomaly": 281.0486,
        "meta_ephemeris_type": 0,
        "meta_classification_type": "U",
        "meta_norad_cat_id": 42991,
        "meta_element_set_no": 999,
        "meta_rev_at_epoch": 46836,
        "meta_bstar": 0.00028220636,
        "meta_mean_motion_dot": 9.492e-05,
        "meta_mean_motion_ddot": 0,
        "tle_line1": "1 42991U 17068E   26076.92088200  .00009492  00000+0  28221-3 0  9998",
        "tle_line2": "2 42991  97.4377 213.5235 0007188  79.1566 281.0486 15.34942509468361"
      },
      "geometry": {
        "type": "Point",
        "coordinates": [
          -134.0745443839776,
          -57.89584475464669
        ]
      }
    },
    {
      "type": "Feature",
      "properties": {
        "norad_id": 42992,
        "name": "SKYSAT-C6",
        "group": "resource",
        "lat": -71.03225880139789,
        "lon": 11.816058680046552,
        "alt_km": 477.2032483110743,
        "timestamp": "2026-03-18T07:13:59.912704+00:00",
        "meta_object_name": "SKYSAT-C6",
        "meta_object_id": "2017-068F",
        "meta_epoch": "2026-03-17T22:18:03.331872",
        "meta_mean_motion": 15.32697025,
        "meta_eccentricity": 0.00037815,
        "meta_inclination": 97.4412,
        "meta_ra_of_asc_node": 213.7927,
        "meta_arg_of_pericenter": 108.0304,
        "meta_mean_anomaly": 252.135,
        "meta_ephemeris_type": 0,
        "meta_classification_type": "U",
        "meta_norad_cat_id": 42992,
        "meta_element_set_no": 999,
        "meta_rev_at_epoch": 46833,
        "meta_bstar": 0.00027382573,
        "meta_mean_motion_dot": 8.569e-05,
        "meta_mean_motion_ddot": 0,
        "tle_line1": "1 42992U 17068F   26076.92920523  .00008569  00000+0  27383-3 0  9994",
        "tle_line2": "2 42992  97.4412 213.7927 0003781 108.0304 252.1350 15.32697025468333"
      },
      "geometry": {
        "type": "Point",
        "coordinates": [
          11.816058680046552,
          -71.03225880139789
        ]
      }
    },
    {
      "type": "Feature",
      "properties": {
        "norad_id": 43111,
        "name": "CARTOSAT-2F",
        "group": "resource",
        "lat": -77.47360385027552,
        "lon": 174.1902051568219,
        "alt_km": 515.5363969831842,
        "timestamp": "2026-03-18T07:13:59.912714+00:00",
        "meta_object_name": "CARTOSAT-2F",
        "meta_object_id": "2018-004A",
        "meta_epoch": "2026-03-17T22:06:02.576160",
        "meta_mean_motion": 15.19340951,
        "meta_eccentricity": 0.00016987,
        "meta_inclination": 97.4148,
        "meta_ra_of_asc_node": 137.932,
        "meta_arg_of_pericenter": 173.7629,
        "meta_mean_anomaly": 186.3627,
        "meta_ephemeris_type": 0,
        "meta_classification_type": "U",
        "meta_norad_cat_id": 43111,
        "meta_element_set_no": 999,
        "meta_rev_at_epoch": 45347,
        "meta_bstar": 7.6423562e-05,
        "meta_mean_motion_dot": 1.547e-05,
        "meta_mean_motion_ddot": 0,
        "tle_line1": "1 43111U 18004A   26076.92086315  .00001547  00000+0  76424-4 0  9991",
        "tle_line2": "2 43111  97.4148 137.9320 0001698 173.7629 186.3627 15.19340951453473"
      },
      "geometry": {
        "type": "Point",
        "coordinates": [
          174.1902051568219,
          -77.47360385027552
        ]
      }
    },
    {
      "type": "Feature",
      "properties": {
        "norad_id": 43259,
        "name": "GAOFEN-1 02",
        "group": "resource",
        "lat": 75.91116245969896,
        "lon": -5.567144911651264,
        "alt_km": 634.4205033404942,
        "timestamp": "2026-03-18T07:13:59.912725+00:00",
        "meta_object_name": "GAOFEN-1 02",
        "meta_object_id": "2018-031A",
        "meta_epoch": "2026-03-17T22:38:32.943840",
        "meta_mean_motion": 14.76456791,
        "meta_eccentricity": 0.00018831,
        "meta_inclination": 98.0634,
        "meta_ra_of_asc_node": 139.6834,
        "meta_arg_of_pericenter": 317.751,
        "meta_mean_anomaly": 42.3554,
        "meta_ephemeris_type": 0,
        "meta_classification_type": "U",
        "meta_norad_cat_id": 43259,
        "meta_element_set_no": 999,
        "meta_rev_at_epoch": 42923,
        "meta_bstar": 4.313951e-05,
        "meta_mean_motion_dot": 2.48e-06,
        "meta_mean_motion_ddot": 0,
        "tle_line1": "1 43259U 18031A   26076.94343685  .00000248  00000+0  43140-4 0  9998",
        "tle_line2": "2 43259  98.0634 139.6834 0001883 317.7510  42.3554 14.76456791429236"
      },
      "geometry": {
        "type": "Point",
        "coordinates": [
          -5.567144911651264,
          75.91116245969896
        ]
      }
    },
    {
      "type": "Feature",
      "properties": {
        "norad_id": 43260,
        "name": "GAOFEN-1 03",
        "group": "resource",
        "lat": -37.234715636055114,
        "lon": -46.275229205659954,
        "alt_km": 649.0469473068133,
        "timestamp": "2026-03-18T07:13:59.912735+00:00",
        "meta_object_name": "GAOFEN-1 03",
        "meta_object_id": "2018-031B",
        "meta_epoch": "2026-03-17T22:07:05.896992",
        "meta_mean_motion": 14.76434682,
        "meta_eccentricity": 0.00029619,
        "meta_inclination": 98.0617,
        "meta_ra_of_asc_node": 139.5295,
        "meta_arg_of_pericenter": 30.0946,
        "meta_mean_anomaly": 330.0433,
        "meta_ephemeris_type": 0,
        "meta_classification_type": "U",
        "meta_norad_cat_id": 43260,
        "meta_element_set_no": 999,
        "meta_rev_at_epoch": 42922,
        "meta_bstar": 0.00010947973,
        "meta_mean_motion_dot": 7.1e-06,
        "meta_mean_motion_ddot": 0,
        "tle_line1": "1 43260U 18031B   26076.92159603  .00000710  00000+0  10948-3 0  9996",
        "tle_line2": "2 43260  98.0617 139.5295 0002961  30.0946 330.0433 14.76434682429222"
      },
      "geometry": {
        "type": "Point",
        "coordinates": [
          -46.275229205659954,
          -37.234715636055114
        ]
      }
    },
    {
      "type": "Feature",
      "properties": {
        "norad_id": 43262,
        "name": "GAOFEN-1 04",
        "group": "resource",
        "lat": -13.386610085718171,
        "lon": 142.02188253396818,
        "alt_km": 645.0143515162863,
        "timestamp": "2026-03-18T07:13:59.912745+00:00",
        "meta_object_name": "GAOFEN-1 04",
        "meta_object_id": "2018-031D",
        "meta_epoch": "2026-03-17T23:09:42.842016",
        "meta_mean_motion": 14.76452396,
        "meta_eccentricity": 0.00017996,
        "meta_inclination": 98.0636,
        "meta_ra_of_asc_node": 139.7527,
        "meta_arg_of_pericenter": 72.8889,
        "meta_mean_anomaly": 287.2518,
        "meta_ephemeris_type": 0,
        "meta_classification_type": "U",
        "meta_norad_cat_id": 43262,
        "meta_element_set_no": 999,
        "meta_rev_at_epoch": 42922,
        "meta_bstar": 5.1589354e-05,
        "meta_mean_motion_dot": 3.07e-06,
        "meta_mean_motion_ddot": 0,
        "tle_line1": "1 43262U 18031D   26076.96507919  .00000307  00000+0  51589-4 0  9998",
        "tle_line2": "2 43262  98.0636 139.7527 0001799  72.8889 287.2518 14.76452396429222"
      },
      "geometry": {
        "type": "Point",
        "coordinates": [
          142.02188253396818,
          -13.386610085718171
        ]
      }
    },
    {
      "type": "Feature",
      "properties": {
        "norad_id": 43437,
        "name": "SENTINEL-3B",
        "group": "resource",
        "lat": 0.39475728939671756,
        "lon": 146.0493506779949,
        "alt_km": 806.0018392712627,
        "timestamp": "2026-03-18T07:13:59.912755+00:00",
        "meta_object_name": "SENTINEL-3B",
        "meta_object_id": "2018-039A",
        "meta_epoch": "2026-03-17T22:48:57.136320",
        "meta_mean_motion": 14.26739284,
        "meta_eccentricity": 0.00012271,
        "meta_inclination": 98.6213,
        "meta_ra_of_asc_node": 145.7638,
        "meta_arg_of_pericenter": 124.2822,
        "meta_mean_anomaly": 235.8475,
        "meta_ephemeris_type": 0,
        "meta_classification_type": "U",
        "meta_norad_cat_id": 43437,
        "meta_element_set_no": 999,
        "meta_rev_at_epoch": 41111,
        "meta_bstar": 6.3127577e-05,
        "meta_mean_motion_dot": 1.09e-06,
        "meta_mean_motion_ddot": 0,
        "tle_line1": "1 43437U 18039A   26076.95066130  .00000109  00000+0  63128-4 0  9996",
        "tle_line2": "2 43437  98.6213 145.7638 0001227 124.2822 235.8475 14.26739284411117"
      },
      "geometry": {
        "type": "Point",
        "coordinates": [
          146.0493506779949,
          0.39475728939671756
        ]
      }
    },
    {
      "type": "Feature",
      "properties": {
        "norad_id": 43461,
        "name": "GAOFEN-5 01",
        "group": "resource",
        "lat": 57.235077133190664,
        "lon": 33.677268801507864,
        "alt_km": 684.4602750870017,
        "timestamp": "2026-03-18T07:13:59.912766+00:00",
        "meta_object_name": "GAOFEN-5 01",
        "meta_object_id": "2018-043A",
        "meta_epoch": "2026-03-17T21:06:09.165600",
        "meta_mean_motion": 14.60532549,
        "meta_eccentricity": 0.00022665,
        "meta_inclination": 98.4481,
        "meta_ra_of_asc_node": 46.5987,
        "meta_arg_of_pericenter": 37.2053,
        "meta_mean_anomaly": 322.9303,
        "meta_ephemeris_type": 0,
        "meta_classification_type": "U",
        "meta_norad_cat_id": 43461,
        "meta_element_set_no": 999,
        "meta_rev_at_epoch": 41836,
        "meta_bstar": 9.1549963e-05,
        "meta_mean_motion_dot": 3.95e-06,
        "meta_mean_motion_ddot": 0,
        "tle_line1": "1 43461U 18043A   26076.87927275  .00000395  00000+0  91550-4 0  9992",
        "tle_line2": "2 43461  98.4481  46.5987 0002266  37.2053 322.9303 14.60532549418362"
      },
      "geometry": {
        "type": "Point",
        "coordinates": [
          33.677268801507864,
          57.235077133190664
        ]
      }
    },
    {
      "type": "Feature",
      "properties": {
        "norad_id": 43484,
        "name": "GAOFEN-6",
        "group": "resource",
        "lat": -5.182673072498254,
        "lon": -37.43383071393706,
        "alt_km": 641.3908771884471,
        "timestamp": "2026-03-18T07:13:59.912776+00:00",
        "meta_object_name": "GAOFEN-6",
        "meta_object_id": "2018-048A",
        "meta_epoch": "2026-03-17T22:16:02.175744",
        "meta_mean_motion": 14.76609556,
        "meta_eccentricity": 0.00135733,
        "meta_inclination": 97.7862,
        "meta_ra_of_asc_node": 142.917,
        "meta_arg_of_pericenter": 110.3701,
        "meta_mean_anomaly": 249.8969,
        "meta_ephemeris_type": 0,
        "meta_classification_type": "U",
        "meta_norad_cat_id": 43484,
        "meta_element_set_no": 999,
        "meta_rev_at_epoch": 41992,
        "meta_bstar": 4.2250433e-05,
        "meta_mean_motion_dot": 2.46e-06,
        "meta_mean_motion_ddot": 0,
        "tle_line1": "1 43484U 18048A   26076.92780296  .00000246  00000+0  42250-4 0  9996",
        "tle_line2": "2 43484  97.7862 142.9170 0013573 110.3701 249.8969 14.76609556419921"
      },
      "geometry": {
        "type": "Point",
        "coordinates": [
          -37.43383071393706,
          -5.182673072498254
        ]
      }
    },
    {
      "type": "Feature",
      "properties": {
        "norad_id": 43585,
        "name": "GAOFEN-11 01",
        "group": "resource",
        "lat": -60.2849601399576,
        "lon": 157.26037497631933,
        "alt_km": 414.9507134683954,
        "timestamp": "2026-03-18T07:13:59.912786+00:00",
        "meta_object_name": "GAOFEN-11 01",
        "meta_object_id": "2018-063A",
        "meta_epoch": "2026-03-17T22:12:52.621056",
        "meta_mean_motion": 15.52534467,
        "meta_eccentricity": 0.00026745,
        "meta_inclination": 97.1397,
        "meta_ra_of_asc_node": 144.1995,
        "meta_arg_of_pericenter": 331.6947,
        "meta_mean_anomaly": 28.4161,
        "meta_ephemeris_type": 0,
        "meta_classification_type": "U",
        "meta_norad_cat_id": 43585,
        "meta_element_set_no": 999,
        "meta_rev_at_epoch": 42617,
        "meta_bstar": 0.00018428992,
        "meta_mean_motion_dot": 0.00011208,
        "meta_mean_motion_ddot": 0,
        "tle_line1": "1 43585U 18063A   26076.92560904  .00011208  00000+0  18429-3 0  9997",
        "tle_line2": "2 43585  97.1397 144.1995 0002674 331.6947  28.4161 15.52534467426172"
      },
      "geometry": {
        "type": "Point",
        "coordinates": [
          157.26037497631933,
          -60.2849601399576
        ]
      }
    },
    {
      "type": "Feature",
      "properties": {
        "norad_id": 43613,
        "name": "ICESAT-2",
        "group": "resource",
        "lat": 7.798720049470405,
        "lon": 86.75990928601244,
        "alt_km": 481.99908062241866,
        "timestamp": "2026-03-18T07:13:59.912796+00:00",
        "meta_object_name": "ICESAT-2",
        "meta_object_id": "2018-070A",
        "meta_epoch": "2026-03-17T22:37:32.138112",
        "meta_mean_motion": 15.28267896,
        "meta_eccentricity": 0.00041846,
        "meta_inclination": 91.9987,
        "meta_ra_of_asc_node": 266.3894,
        "meta_arg_of_pericenter": 106.2103,
        "meta_mean_anomaly": 253.9607,
        "meta_ephemeris_type": 0,
        "meta_classification_type": "U",
        "meta_norad_cat_id": 43613,
        "meta_element_set_no": 999,
        "meta_rev_at_epoch": 41852,
        "meta_bstar": 9.6937608e-05,
        "meta_mean_motion_dot": 2.672e-05,
        "meta_mean_motion_ddot": 0,
        "tle_line1": "1 43613U 18070A   26076.94273308  .00002672  00000+0  96938-4 0  9995",
        "tle_line2": "2 43613  91.9987 266.3894 0004184 106.2103 253.9607 15.28267896418526"
      },
      "geometry": {
        "type": "Point",
        "coordinates": [
          86.75990928601244,
          7.798720049470405
        ]
      }
    },
    {
      "type": "Feature",
      "properties": {
        "norad_id": 43719,
        "name": "HYSIS",
        "group": "resource",
        "lat": -26.493175826143567,
        "lon": -39.28866037295104,
        "alt_km": 639.7860605853803,
        "timestamp": "2026-03-18T07:13:59.912806+00:00",
        "meta_object_name": "HYSIS",
        "meta_object_id": "2018-096A",
        "meta_epoch": "2026-03-17T22:10:53.210208",
        "meta_mean_motion": 14.78677596,
        "meta_eccentricity": 0.00018333,
        "meta_inclination": 97.9932,
        "meta_ra_of_asc_node": 144.3529,
        "meta_arg_of_pericenter": 92.3193,
        "meta_mean_anomaly": 267.8228,
        "meta_ephemeris_type": 0,
        "meta_classification_type": "U",
        "meta_norad_cat_id": 43719,
        "meta_element_set_no": 999,
        "meta_rev_at_epoch": 39393,
        "meta_bstar": 5.3403033e-05,
        "meta_mean_motion_dot": 3.4e-06,
        "meta_mean_motion_ddot": 0,
        "tle_line1": "1 43719U 18096A   26076.92422697  .00000340  00000+0  53403-4 0  9995",
        "tle_line2": "2 43719  97.9932 144.3529 0001833  92.3193 267.8228 14.78677596393937"
      },
      "geometry": {
        "type": "Point",
        "coordinates": [
          -39.28866037295104,
          -26.493175826143567
        ]
      }
    },
    {
      "type": "Feature",
      "properties": {
        "norad_id": 43783,
        "name": "KAZSTSAT",
        "group": "resource",
        "lat": 43.90553996879264,
        "lon": 106.0854716427275,
        "alt_km": 562.447945925348,
        "timestamp": "2026-03-18T07:13:59.912816+00:00",
        "meta_object_name": "KAZSTSAT",
        "meta_object_id": "2018-099AB",
        "meta_epoch": "2026-03-17T19:49:35.681088",
        "meta_mean_motion": 14.99643034,
        "meta_eccentricity": 0.0005433,
        "meta_inclination": 97.438,
        "meta_ra_of_asc_node": 112.8551,
        "meta_arg_of_pericenter": 346.24,
        "meta_mean_anomaly": 13.8675,
        "meta_ephemeris_type": 0,
        "meta_classification_type": "U",
        "meta_norad_cat_id": 43783,
        "meta_element_set_no": 999,
        "meta_rev_at_epoch": 39761,
        "meta_bstar": 9.4066673e-05,
        "meta_mean_motion_dot": 1.103e-05,
        "meta_mean_motion_ddot": 0,
        "tle_line1": "1 43783U 18099AB  26076.82610742  .00001103  00000+0  94067-4 0  9997",
        "tle_line2": "2 43783  97.4380 112.8551 0005433 346.2400  13.8675 14.99643034397614"
      },
      "geometry": {
        "type": "Point",
        "coordinates": [
          106.0854716427275,
          43.90553996879264
        ]
      }
    },
    {
      "type": "Feature",
      "properties": {
        "norad_id": 43831,
        "name": "SAUDISAT 5A",
        "group": "resource",
        "lat": -38.321518555285905,
        "lon": 146.48158289953628,
        "alt_km": 496.74553148209543,
        "timestamp": "2026-03-18T07:13:59.912827+00:00",
        "meta_object_name": "SAUDISAT 5A",
        "meta_object_id": "2018-102A",
        "meta_epoch": "2026-03-17T23:32:21.266880",
        "meta_mean_motion": 15.27046839,
        "meta_eccentricity": 0.00115565,
        "meta_inclination": 97.3175,
        "meta_ra_of_asc_node": 140.338,
        "meta_arg_of_pericenter": 97.4726,
        "meta_mean_anomaly": 262.7827,
        "meta_ephemeris_type": 0,
        "meta_classification_type": "U",
        "meta_norad_cat_id": 43831,
        "meta_element_set_no": 999,
        "meta_rev_at_epoch": 40175,
        "meta_bstar": 0.00018328496,
        "meta_mean_motion_dot": 4.799e-05,
        "meta_mean_motion_ddot": 0,
        "tle_line1": "1 43831U 18102A   26076.98080170  .00004799  00000+0  18328-3 0  9998",
        "tle_line2": "2 43831  97.3175 140.3380 0011556  97.4726 262.7827 15.27046839401751"
      },
      "geometry": {
        "type": "Point",
        "coordinates": [
          146.48158289953628,
          -38.321518555285905
        ]
      }
    },
    {
      "type": "Feature",
      "properties": {
        "norad_id": 43833,
        "name": "SAUDISAT 5B",
        "group": "resource",
        "lat": 53.1952664494052,
        "lon": -26.537967511663847,
        "alt_km": 471.34153873998457,
        "timestamp": "2026-03-18T07:13:59.912837+00:00",
        "meta_object_name": "SAUDISAT 5B",
        "meta_object_id": "2018-102C",
        "meta_epoch": "2026-03-17T22:49:19.833600",
        "meta_mean_motion": 15.27351154,
        "meta_eccentricity": 0.00122599,
        "meta_inclination": 97.3273,
        "meta_ra_of_asc_node": 143.215,
        "meta_arg_of_pericenter": 99.4954,
        "meta_mean_anomaly": 260.7672,
        "meta_ephemeris_type": 0,
        "meta_classification_type": "U",
        "meta_norad_cat_id": 43833,
        "meta_element_set_no": 999,
        "meta_rev_at_epoch": 40186,
        "meta_bstar": 0.00017053362,
        "meta_mean_motion_dot": 4.503e-05,
        "meta_mean_motion_ddot": 0,
        "tle_line1": "1 43833U 18102C   26076.95092400  .00004503  00000+0  17053-3 0  9993",
        "tle_line2": "2 43833  97.3273 143.2150 0012259  99.4954 260.7672 15.27351154401862"
      },
      "geometry": {
        "type": "Point",
        "coordinates": [
          -26.537967511663847,
          53.1952664494052
        ]
      }
    },
    {
      "type": "Feature",
      "properties": {
        "norad_id": 44622,
        "name": "GAOFEN-10R",
        "group": "resource",
        "lat": -6.609944135372761,
        "lon": -150.65844008417372,
        "alt_km": 624.4866467724778,
        "timestamp": "2026-03-18T07:13:59.912847+00:00",
        "meta_object_name": "GAOFEN-10R",
        "meta_object_id": "2019-066A",
        "meta_epoch": "2026-03-17T22:18:00.088416",
        "meta_mean_motion": 14.83182931,
        "meta_eccentricity": 0.00082909,
        "meta_inclination": 98.0409,
        "meta_ra_of_asc_node": 29.9057,
        "meta_arg_of_pericenter": 84.2248,
        "meta_mean_anomaly": 275.9911,
        "meta_ephemeris_type": 0,
        "meta_classification_type": "U",
        "meta_norad_cat_id": 44622,
        "meta_element_set_no": 999,
        "meta_rev_at_epoch": 34885,
        "meta_bstar": 0.00017538165,
        "meta_mean_motion_dot": 1.377e-05,
        "meta_mean_motion_ddot": 0,
        "tle_line1": "1 44622U 19066A   26076.92916769  .00001377  00000+0  17538-3 0  9994",
        "tle_line2": "2 44622  98.0409  29.9057 0008290  84.2248 275.9911 14.83182931348851"
      },
      "geometry": {
        "type": "Point",
        "coordinates": [
          -150.65844008417372,
          -6.609944135372761
        ]
      }
    },
    {
      "type": "Feature",
      "properties": {
        "norad_id": 44804,
        "name": "CARTOSAT-3",
        "group": "resource",
        "lat": -16.771166525999977,
        "lon": -41.67473551178567,
        "alt_km": 512.5817770742415,
        "timestamp": "2026-03-18T07:13:59.912857+00:00",
        "meta_object_name": "CARTOSAT-3",
        "meta_object_id": "2019-081A",
        "meta_epoch": "2026-03-17T22:28:02.444160",
        "meta_mean_motion": 15.19245476,
        "meta_eccentricity": 0.00135067,
        "meta_inclination": 97.4414,
        "meta_ra_of_asc_node": 140.2229,
        "meta_arg_of_pericenter": 111.1779,
        "meta_mean_anomaly": 249.0901,
        "meta_ephemeris_type": 0,
        "meta_classification_type": "U",
        "meta_norad_cat_id": 44804,
        "meta_element_set_no": 999,
        "meta_rev_at_epoch": 34961,
        "meta_bstar": 5.638933e-05,
        "meta_mean_motion_dot": 1.122e-05,
        "meta_mean_motion_ddot": 0,
        "tle_line1": "1 44804U 19081A   26076.93613940  .00001122  00000+0  56389-4 0  9995",
        "tle_line2": "2 44804  97.4414 140.2229 0013506 111.1779 249.0901 15.19245476349615"
      },
      "geometry": {
        "type": "Point",
        "coordinates": [
          -41.67473551178567,
          -16.771166525999977
        ]
      }
    },
    {
      "type": "Feature",
      "properties": {
        "norad_id": 44819,
        "name": "GAOFEN-12 01",
        "group": "resource",
        "lat": -28.337234922967603,
        "lon": 90.31998663736223,
        "alt_km": 633.8303743496072,
        "timestamp": "2026-03-18T07:13:59.912868+00:00",
        "meta_object_name": "GAOFEN-12 01",
        "meta_object_id": "2019-082A",
        "meta_epoch": "2026-03-17T23:15:04.800384",
        "meta_mean_motion": 14.80375314,
        "meta_eccentricity": 0.000138,
        "meta_inclination": 97.8138,
        "meta_ra_of_asc_node": 85.7493,
        "meta_arg_of_pericenter": 51.9724,
        "meta_mean_anomaly": 308.1613,
        "meta_ephemeris_type": 0,
        "meta_classification_type": "U",
        "meta_norad_cat_id": 44819,
        "meta_element_set_no": 999,
        "meta_rev_at_epoch": 34059,
        "meta_bstar": 6.3860387e-05,
        "meta_mean_motion_dot": 4.37e-06,
        "meta_mean_motion_ddot": 0,
        "tle_line1": "1 44819U 19082A   26076.96880556  .00000437  00000+0  63860-4 0  9994",
        "tle_line2": "2 44819  97.8138  85.7493 0001380  51.9724 308.1613 14.80375314340599"
      },
      "geometry": {
        "type": "Point",
        "coordinates": [
          90.31998663736223,
          -28.337234922967603
        ]
      }
    },
    {
      "type": "Feature",
      "properties": {
        "norad_id": 44873,
        "name": "CSG-1",
        "group": "resource",
        "lat": -80.15097977066429,
        "lon": -44.79867931374062,
        "alt_km": 630.7938694769664,
        "timestamp": "2026-03-18T07:13:59.912878+00:00",
        "meta_object_name": "CSG-1",
        "meta_object_id": "2019-092A",
        "meta_epoch": "2026-03-17T23:30:39.865248",
        "meta_mean_motion": 14.82159865,
        "meta_eccentricity": 0.00013529,
        "meta_inclination": 97.8872,
        "meta_ra_of_asc_node": 261.8979,
        "meta_arg_of_pericenter": 85.9787,
        "meta_mean_anomaly": 274.1581,
        "meta_ephemeris_type": 0,
        "meta_classification_type": "U",
        "meta_norad_cat_id": 44873,
        "meta_element_set_no": 999,
        "meta_rev_at_epoch": 33796,
        "meta_bstar": 6.5919681e-05,
        "meta_mean_motion_dot": 4.73e-06,
        "meta_mean_motion_ddot": 0,
        "tle_line1": "1 44873U 19092A   26076.97962807  .00000473  00000+0  65920-4 0  9995",
        "tle_line2": "2 44873  97.8872 261.8979 0001352  85.9787 274.1581 14.82159865337961"
      },
      "geometry": {
        "type": "Point",
        "coordinates": [
          -44.79867931374062,
          -80.15097977066429
        ]
      }
    },
    {
      "type": "Feature",
      "properties": {
        "norad_id": 46277,
        "name": "NEMO-HD",
        "group": "resource",
        "lat": -59.04927626126781,
        "lon": 152.4247663270988,
        "alt_km": 446.1989340756063,
        "timestamp": "2026-03-18T07:13:59.912888+00:00",
        "meta_object_name": "NEMO-HD",
        "meta_object_id": "2020-061F",
        "meta_epoch": "2026-03-17T22:09:06.583104",
        "meta_mean_motion": 15.42694481,
        "meta_eccentricity": 0.00020296,
        "meta_inclination": 97.2031,
        "meta_ra_of_asc_node": 139.8757,
        "meta_arg_of_pericenter": 71.3043,
        "meta_mean_anomaly": 288.8425,
        "meta_ephemeris_type": 0,
        "meta_classification_type": "U",
        "meta_norad_cat_id": 46277,
        "meta_element_set_no": 999,
        "meta_rev_at_epoch": 30790,
        "meta_bstar": 0.00019173467,
        "meta_mean_motion_dot": 8.279e-05,
        "meta_mean_motion_ddot": 0,
        "tle_line1": "1 46277U 20061F   26076.92299286  .00008279  00000+0  19173-3 0  9992",
        "tle_line2": "2 46277  97.2031 139.8757 0002029  71.3043 288.8425 15.42694481307901"
      },
      "geometry": {
        "type": "Point",
        "coordinates": [
          152.4247663270988,
          -59.04927626126781
        ]
      }
    },
    {
      "type": "Feature",
      "properties": {
        "norad_id": 46984,
        "name": "SENTINEL-6A",
        "group": "resource",
        "lat": 65.29961705708614,
        "lon": 38.96369096228734,
        "alt_km": 1336.4243130636414,
        "timestamp": "2026-03-18T07:13:59.912898+00:00",
        "meta_object_name": "SENTINEL-6A",
        "meta_object_id": "2020-086A",
        "meta_epoch": "2026-03-17T21:25:40.224288",
        "meta_mean_motion": 12.80929962,
        "meta_eccentricity": 0.00077384,
        "meta_inclination": 66.0435,
        "meta_ra_of_asc_node": 324.6757,
        "meta_arg_of_pericenter": 270.8873,
        "meta_mean_anomaly": 89.1256,
        "meta_ephemeris_type": 0,
        "meta_classification_type": "U",
        "meta_norad_cat_id": 46984,
        "meta_element_set_no": 999,
        "meta_rev_at_epoch": 24863,
        "meta_bstar": 0.00010617127,
        "meta_mean_motion_dot": -3.7e-07,
        "meta_mean_motion_ddot": 0,
        "tle_line1": "1 46984U 20086A   26076.89282667 -.00000037  00000+0  10617-3 0  9994",
        "tle_line2": "2 46984  66.0435 324.6757 0007738 270.8873  89.1256 12.80929962248633"
      },
      "geometry": {
        "type": "Point",
        "coordinates": [
          38.96369096228734,
          65.29961705708614
        ]
      }
    },
    {
      "type": "Feature",
      "properties": {
        "norad_id": 48079,
        "name": "GAOFEN-12 02",
        "group": "resource",
        "lat": -35.66738595660875,
        "lon": 81.65139389697778,
        "alt_km": 638.5862926254531,
        "timestamp": "2026-03-18T07:13:59.912909+00:00",
        "meta_object_name": "GAOFEN-12 02",
        "meta_object_id": "2021-026A",
        "meta_epoch": "2026-03-17T23:17:03.276384",
        "meta_mean_motion": 14.80213336,
        "meta_eccentricity": 0.00052378,
        "meta_inclination": 97.9921,
        "meta_ra_of_asc_node": 75.5345,
        "meta_arg_of_pericenter": 154.5321,
        "meta_mean_anomaly": 205.615,
        "meta_ephemeris_type": 0,
        "meta_classification_type": "U",
        "meta_norad_cat_id": 48079,
        "meta_element_set_no": 999,
        "meta_rev_at_epoch": 26826,
        "meta_bstar": 6.2006115e-05,
        "meta_mean_motion_dot": 4.19e-06,
        "meta_mean_motion_ddot": 0,
        "tle_line1": "1 48079U 21026A   26076.97017681  .00000419  00000+0  62006-4 0  9990",
        "tle_line2": "2 48079  97.9921  75.5345 0005237 154.5321 205.6150 14.80213336268268"
      },
      "geometry": {
        "type": "Point",
        "coordinates": [
          81.65139389697778,
          -35.66738595660875
        ]
      }
    },
    {
      "type": "Feature",
      "properties": {
        "norad_id": 48268,
        "name": "PLEIADES NEO 3",
        "group": "resource",
        "lat": 75.0346908368421,
        "lon": 122.10270780152396,
        "alt_km": 616.04270688412,
        "timestamp": "2026-03-18T07:13:59.912919+00:00",
        "meta_object_name": "PLEIADES NEO 3",
        "meta_object_id": "2021-034A",
        "meta_epoch": "2026-03-17T22:46:55.581888",
        "meta_mean_motion": 14.81671698,
        "meta_eccentricity": 0.00012937,
        "meta_inclination": 97.8939,
        "meta_ra_of_asc_node": 153.0253,
        "meta_arg_of_pericenter": 93.1078,
        "meta_mean_anomaly": 267.0282,
        "meta_ephemeris_type": 0,
        "meta_classification_type": "U",
        "meta_norad_cat_id": 48268,
        "meta_element_set_no": 999,
        "meta_rev_at_epoch": 26414,
        "meta_bstar": -4.8544674e-05,
        "meta_mean_motion_dot": -4.34e-06,
        "meta_mean_motion_ddot": 0,
        "tle_line1": "1 48268U 21034A   26076.94925442 -.00000434  00000+0 -48545-4 0  9990",
        "tle_line2": "2 48268  97.8939 153.0253 0001293  93.1078 267.0282 14.81671698264142"
      },
      "geometry": {
        "type": "Point",
        "coordinates": [
          122.10270780152396,
          75.0346908368421
        ]
      }
    },
    {
      "type": "Feature",
      "properties": {
        "norad_id": 49070,
        "name": "PLEIADES NEO 4",
        "group": "resource",
        "lat": -75.1458235842908,
        "lon": -58.173654608814545,
        "alt_km": 632.3309901504945,
        "timestamp": "2026-03-18T07:13:59.912929+00:00",
        "meta_object_name": "PLEIADES NEO 4",
        "meta_object_id": "2021-073E",
        "meta_epoch": "2026-03-17T21:58:17.112576",
        "meta_mean_motion": 14.81673881,
        "meta_eccentricity": 0.00014115,
        "meta_inclination": 97.8938,
        "meta_ra_of_asc_node": 152.9881,
        "meta_arg_of_pericenter": 91.92,
        "meta_mean_anomaly": 268.2175,
        "meta_ephemeris_type": 0,
        "meta_classification_type": "U",
        "meta_norad_cat_id": 49070,
        "meta_element_set_no": 999,
        "meta_rev_at_epoch": 24785,
        "meta_bstar": 7.4037047e-05,
        "meta_mean_motion_dot": 5.31e-06,
        "meta_mean_motion_ddot": 0,
        "tle_line1": "1 49070U 21073E   26076.91547584  .00000531  00000+0  74037-4 0  9990",
        "tle_line2": "2 49070  97.8938 152.9881 0001411  91.9200 268.2175 14.81673881247852"
      },
      "geometry": {
        "type": "Point",
        "coordinates": [
          -58.173654608814545,
          -75.1458235842908
        ]
      }
    },
    {
      "type": "Feature",
      "properties": {
        "norad_id": 49260,
        "name": "LANDSAT 9",
        "group": "resource",
        "lat": 58.59466564041273,
        "lon": -17.403692665224995,
        "alt_km": 696.0663344062496,
        "timestamp": "2026-03-18T07:13:59.912939+00:00",
        "meta_object_name": "LANDSAT 9",
        "meta_object_id": "2021-088A",
        "meta_epoch": "2026-03-17T17:29:54.792960",
        "meta_mean_motion": 14.57133118,
        "meta_eccentricity": 0.00011252,
        "meta_inclination": 98.1924,
        "meta_ra_of_asc_node": 148.3852,
        "meta_arg_of_pericenter": 95.5559,
        "meta_mean_anomaly": 264.5768,
        "meta_ephemeris_type": 0,
        "meta_classification_type": "U",
        "meta_norad_cat_id": 49260,
        "meta_element_set_no": 999,
        "meta_rev_at_epoch": 23768,
        "meta_bstar": 8.7204398e-05,
        "meta_mean_motion_dot": 3.48e-06,
        "meta_mean_motion_ddot": 0,
        "tle_line1": "1 49260U 21088A   26076.72910640  .00000348  00000+0  87204-4 0  9999",
        "tle_line2": "2 49260  98.1924 148.3852 0001125  95.5559 264.5768 14.57133118237682"
      },
      "geometry": {
        "type": "Point",
        "coordinates": [
          -17.403692665224995,
          58.59466564041273
        ]
      }
    },
    {
      "type": "Feature",
      "properties": {
        "norad_id": 51444,
        "name": "CSG-2",
        "group": "resource",
        "lat": 80.13888988051508,
        "lon": 135.0969088339978,
        "alt_km": 614.1634227688137,
        "timestamp": "2026-03-18T07:13:59.912949+00:00",
        "meta_object_name": "CSG-2",
        "meta_object_id": "2022-008A",
        "meta_epoch": "2026-03-17T22:42:03.462624",
        "meta_mean_motion": 14.82152712,
        "meta_eccentricity": 0.0001433,
        "meta_inclination": 97.8865,
        "meta_ra_of_asc_node": 261.862,
        "meta_arg_of_pericenter": 83.7612,
        "meta_mean_anomaly": 276.3765,
        "meta_ephemeris_type": 0,
        "meta_classification_type": "U",
        "meta_norad_cat_id": 51444,
        "meta_element_set_no": 999,
        "meta_rev_at_epoch": 22307,
        "meta_bstar": 0.00014295171,
        "meta_mean_motion_dot": 1.086e-05,
        "meta_mean_motion_ddot": 0,
        "tle_line1": "1 51444U 22008A   26076.94587341  .00001086  00000+0  14295-3 0  9990",
        "tle_line2": "2 51444  97.8865 261.8620 0001433  83.7612 276.3765 14.82152712223079"
      },
      "geometry": {
        "type": "Point",
        "coordinates": [
          135.0969088339978,
          80.13888988051508
        ]
      }
    },
    {
      "type": "Feature",
      "properties": {
        "norad_id": 52912,
        "name": "GAOFEN-12 03",
        "group": "resource",
        "lat": -80.09023623769123,
        "lon": 95.34876170992669,
        "alt_km": 638.7529441777797,
        "timestamp": "2026-03-18T07:13:59.912959+00:00",
        "meta_object_name": "GAOFEN-12 03",
        "meta_object_id": "2022-069A",
        "meta_epoch": "2026-03-17T21:55:50.114208",
        "meta_mean_motion": 14.79871221,
        "meta_eccentricity": 0.00023891,
        "meta_inclination": 97.8404,
        "meta_ra_of_asc_node": 327.0375,
        "meta_arg_of_pericenter": 82.5023,
        "meta_mean_anomaly": 277.6461,
        "meta_ephemeris_type": 0,
        "meta_classification_type": "U",
        "meta_norad_cat_id": 52912,
        "meta_element_set_no": 999,
        "meta_rev_at_epoch": 20111,
        "meta_bstar": 0.0001330428,
        "meta_mean_motion_dot": 9.52e-06,
        "meta_mean_motion_ddot": 0,
        "tle_line1": "1 52912U 22069A   26076.91377447  .00000952  00000+0  13304-3 0  9990",
        "tle_line2": "2 52912  97.8404 327.0375 0002389  82.5023 277.6461 14.79871221201112"
      },
      "geometry": {
        "type": "Point",
        "coordinates": [
          95.34876170992669,
          -80.09023623769123
        ]
      }
    },
    {
      "type": "Feature",
      "properties": {
        "norad_id": 54754,
        "name": "SWOT",
        "group": "resource",
        "lat": -55.56461324829386,
        "lon": 139.30154447439514,
        "alt_km": 899.8638869210135,
        "timestamp": "2026-03-18T07:13:59.912973+00:00",
        "meta_object_name": "SWOT",
        "meta_object_id": "2022-173A",
        "meta_epoch": "2026-03-17T22:56:00.523104",
        "meta_mean_motion": 14.0017076,
        "meta_eccentricity": 6.01e-05,
        "meta_inclination": 77.6115,
        "meta_ra_of_asc_node": 158.4657,
        "meta_arg_of_pericenter": 240.9208,
        "meta_mean_anomaly": 119.1884,
        "meta_ephemeris_type": 0,
        "meta_classification_type": "U",
        "meta_norad_cat_id": 54754,
        "meta_element_set_no": 999,
        "meta_rev_at_epoch": 16638,
        "meta_bstar": 5.1519724e-05,
        "meta_mean_motion_dot": 7.3e-07,
        "meta_mean_motion_ddot": 0,
        "tle_line1": "1 54754U 22173A   26076.95556161  .00000073  00000+0  51520-4 0  9995",
        "tle_line2": "2 54754  77.6115 158.4657 0000601 240.9208 119.1884 14.00170760166384"
      },
      "geometry": {
        "type": "Point",
        "coordinates": [
          139.30154447439514,
          -55.56461324829386
        ]
      }
    },
    {
      "type": "Feature",
      "properties": {
        "norad_id": 57654,
        "name": "GAOFEN-12 04",
        "group": "resource",
        "lat": 62.37345924208655,
        "lon": -167.95214904454332,
        "alt_km": 622.3730251849856,
        "timestamp": "2026-03-18T07:13:59.912983+00:00",
        "meta_object_name": "GAOFEN-12 04",
        "meta_object_id": "2023-123A",
        "meta_epoch": "2026-03-18T00:13:06.850848",
        "meta_mean_motion": 14.80027733,
        "meta_eccentricity": 0.00015608,
        "meta_inclination": 97.9129,
        "meta_ra_of_asc_node": 356.3487,
        "meta_arg_of_pericenter": 73.802,
        "meta_mean_anomaly": 286.3364,
        "meta_ephemeris_type": 0,
        "meta_classification_type": "U",
        "meta_norad_cat_id": 57654,
        "meta_element_set_no": 999,
        "meta_rev_at_epoch": 13914,
        "meta_bstar": 0.000155529,
        "meta_mean_motion_dot": 1.126e-05,
        "meta_mean_motion_ddot": 0,
        "tle_line1": "1 57654U 23123A   26077.00910707  .00001126  00000+0  15553-3 0  9995",
        "tle_line2": "2 57654  97.9129 356.3487 0001560  73.8020 286.3364 14.80027733139149"
      },
      "geometry": {
        "type": "Point",
        "coordinates": [
          -167.95214904454332,
          62.37345924208655
        ]
      }
    },
    {
      "type": "Feature",
      "properties": {
        "norad_id": 59065,
        "name": "PARS 1",
        "group": "resource",
        "lat": -5.11184028081503,
        "lon": 56.20474258517993,
        "alt_km": 439.0651273170033,
        "timestamp": "2026-03-18T07:13:59.912994+00:00",
        "meta_object_name": "PARS 1",
        "meta_object_id": "2024-039Q",
        "meta_epoch": "2026-03-17T23:28:36.436800",
        "meta_mean_motion": 15.43656618,
        "meta_eccentricity": 0.00121531,
        "meta_inclination": 97.4759,
        "meta_ra_of_asc_node": 55.1997,
        "meta_arg_of_pericenter": 86.1705,
        "meta_mean_anomaly": 274.0932,
        "meta_ephemeris_type": 0,
        "meta_classification_type": "U",
        "meta_norad_cat_id": 59065,
        "meta_element_set_no": 999,
        "meta_rev_at_epoch": 11456,
        "meta_bstar": 0.00022157061,
        "meta_mean_motion_dot": 9.919e-05,
        "meta_mean_motion_ddot": 0,
        "tle_line1": "1 59065U 24039Q   26076.97819950  .00009919  00000+0  22157-3 0  9999",
        "tle_line2": "2 59065  97.4759  55.1997 0012153  86.1705 274.0932 15.43656618114562"
      },
      "geometry": {
        "type": "Point",
        "coordinates": [
          56.20474258517993,
          -5.11184028081503
        ]
      }
    },
    {
      "type": "Feature",
      "properties": {
        "norad_id": 59371,
        "name": "RESURS-P 4",
        "group": "resource",
        "lat": 25.175501101267617,
        "lon": 23.368623082855713,
        "alt_km": 465.06507521063577,
        "timestamp": "2026-03-18T07:13:59.913004+00:00",
        "meta_object_name": "RESURS-P 4",
        "meta_object_id": "2024-061A",
        "meta_epoch": "2026-03-17T23:17:24.188640",
        "meta_mean_motion": 15.33000217,
        "meta_eccentricity": 0.00018583,
        "meta_inclination": 97.2667,
        "meta_ra_of_asc_node": 26.482,
        "meta_arg_of_pericenter": 52.7498,
        "meta_mean_anomaly": 307.3914,
        "meta_ephemeris_type": 0,
        "meta_classification_type": "U",
        "meta_norad_cat_id": 59371,
        "meta_element_set_no": 999,
        "meta_rev_at_epoch": 10979,
        "meta_bstar": 0.00011290752,
        "meta_mean_motion_dot": 3.522e-05,
        "meta_mean_motion_ddot": 0,
        "tle_line1": "1 59371U 24061A   26076.97041885  .00003522  00000+0  11291-3 0  9999",
        "tle_line2": "2 59371  97.2667  26.4820 0001858  52.7498 307.3914 15.33000217109798"
      },
      "geometry": {
        "type": "Point",
        "coordinates": [
          23.368623082855713,
          25.175501101267617
        ]
      }
    },
    {
      "type": "Feature",
      "properties": {
        "norad_id": 59625,
        "name": "LEGION 1",
        "group": "resource",
        "lat": -56.96374305119528,
        "lon": 167.81205278837606,
        "alt_km": 518.9199051506457,
        "timestamp": "2026-03-18T07:13:59.913014+00:00",
        "meta_object_name": "LEGION 1",
        "meta_object_id": "2024-081A",
        "meta_epoch": "2026-03-17T21:59:06.070272",
        "meta_mean_motion": 15.16422881,
        "meta_eccentricity": 0.00093888,
        "meta_inclination": 97.5065,
        "meta_ra_of_asc_node": 155.7321,
        "meta_arg_of_pericenter": 345.1921,
        "meta_mean_anomaly": 14.9036,
        "meta_ephemeris_type": 0,
        "meta_classification_type": "U",
        "meta_norad_cat_id": 59625,
        "meta_element_set_no": 999,
        "meta_rev_at_epoch": 10370,
        "meta_bstar": 0.00017487415,
        "meta_mean_motion_dot": 3.335e-05,
        "meta_mean_motion_ddot": 0,
        "tle_line1": "1 59625U 24081A   26076.91604248  .00003335  00000+0  17487-3 0  9990",
        "tle_line2": "2 59625  97.5065 155.7321 0009388 345.1921  14.9036 15.16422881103700"
      },
      "geometry": {
        "type": "Point",
        "coordinates": [
          167.81205278837606,
          -56.96374305119528
        ]
      }
    },
    {
      "type": "Feature",
      "properties": {
        "norad_id": 59626,
        "name": "LEGION 2",
        "group": "resource",
        "lat": 82.13504682680274,
        "lon": 83.53011379393908,
        "alt_km": 513.1857462488397,
        "timestamp": "2026-03-18T07:13:59.913024+00:00",
        "meta_object_name": "LEGION 2",
        "meta_object_id": "2024-081B",
        "meta_epoch": "2026-03-17T22:55:51.671424",
        "meta_mean_motion": 15.16645018,
        "meta_eccentricity": 0.0009568,
        "meta_inclination": 97.5065,
        "meta_ra_of_asc_node": 155.847,
        "meta_arg_of_pericenter": 313.8625,
        "meta_mean_anomaly": 46.1817,
        "meta_ephemeris_type": 0,
        "meta_classification_type": "U",
        "meta_norad_cat_id": 59626,
        "meta_element_set_no": 999,
        "meta_rev_at_epoch": 10371,
        "meta_bstar": 0.00019426991,
        "meta_mean_motion_dot": 3.736e-05,
        "meta_mean_motion_ddot": 0,
        "tle_line1": "1 59626U 24081B   26076.95545916  .00003736  00000+0  19427-3 0  9992",
        "tle_line2": "2 59626  97.5065 155.8470 0009568 313.8625  46.1817 15.16645018103714"
      },
      "geometry": {
        "type": "Point",
        "coordinates": [
          83.53011379393908,
          82.13504682680274
        ]
      }
    },
    {
      "type": "Feature",
      "properties": {
        "norad_id": 60182,
        "name": "ALOS-4 (DAICHI-4)",
        "group": "resource",
        "lat": -40.26615585434131,
        "lon": -10.995516036741055,
        "alt_km": 638.1090164039042,
        "timestamp": "2026-03-18T07:13:59.913034+00:00",
        "meta_object_name": "ALOS-4 (DAICHI-4)",
        "meta_object_id": "2024-123A",
        "meta_epoch": "2026-03-17T22:07:23.608992",
        "meta_mean_motion": 14.7946781,
        "meta_eccentricity": 0.00016127,
        "meta_inclination": 97.9192,
        "meta_ra_of_asc_node": 175.4018,
        "meta_arg_of_pericenter": 102.0744,
        "meta_mean_anomaly": 258.0648,
        "meta_ephemeris_type": 0,
        "meta_classification_type": "U",
        "meta_norad_cat_id": 60182,
        "meta_element_set_no": 999,
        "meta_rev_at_epoch": 9238,
        "meta_bstar": 0.0002144533,
        "meta_mean_motion_dot": 1.55e-05,
        "meta_mean_motion_ddot": 0,
        "tle_line1": "1 60182U 24123A   26076.92180103  .00001550  00000+0  21445-3 0  9993",
        "tle_line2": "2 60182  97.9192 175.4018 0001612 102.0744 258.0648 14.79467810 92382"
      },
      "geometry": {
        "type": "Point",
        "coordinates": [
          -10.995516036741055,
          -40.26615585434131
        ]
      }
    },
    {
      "type": "Feature",
      "properties": {
        "norad_id": 60452,
        "name": "LEGION 3",
        "group": "resource",
        "lat": -26.220562549246534,
        "lon": 128.18772688897215,
        "alt_km": 513.8981999416155,
        "timestamp": "2026-03-18T07:13:59.913044+00:00",
        "meta_object_name": "LEGION 3",
        "meta_object_id": "2024-146A",
        "meta_epoch": "2026-03-17T21:54:56.210976",
        "meta_mean_motion": 15.16240678,
        "meta_eccentricity": 0.00126608,
        "meta_inclination": 45.0013,
        "meta_ra_of_asc_node": 159.7981,
        "meta_arg_of_pericenter": 5.9065,
        "meta_mean_anomaly": 354.1961,
        "meta_ephemeris_type": 0,
        "meta_classification_type": "U",
        "meta_norad_cat_id": 60452,
        "meta_element_set_no": 999,
        "meta_rev_at_epoch": 8817,
        "meta_bstar": 0.00017553589,
        "meta_mean_motion_dot": 3.192e-05,
        "meta_mean_motion_ddot": 0,
        "tle_line1": "1 60452U 24146A   26076.91315059  .00003192  00000+0  17554-3 0  9997",
        "tle_line2": "2 60452  45.0013 159.7981 0012660   5.9065 354.1961 15.16240678 88175"
      },
      "geometry": {
        "type": "Point",
        "coordinates": [
          128.18772688897215,
          -26.220562549246534
        ]
      }
    },
    {
      "type": "Feature",
      "properties": {
        "norad_id": 60453,
        "name": "LEGION 4",
        "group": "resource",
        "lat": -18.362720633603754,
        "lon": -129.84024489691063,
        "alt_km": 525.8800004378927,
        "timestamp": "2026-03-18T07:13:59.913055+00:00",
        "meta_object_name": "LEGION 4",
        "meta_object_id": "2024-146B",
        "meta_epoch": "2026-03-17T21:51:46.514592",
        "meta_mean_motion": 15.16301261,
        "meta_eccentricity": 0.00099326,
        "meta_inclination": 45.002,
        "meta_ra_of_asc_node": 251.6543,
        "meta_arg_of_pericenter": 156.3984,
        "meta_mean_anomaly": 203.7352,
        "meta_ephemeris_type": 0,
        "meta_classification_type": "U",
        "meta_norad_cat_id": 60453,
        "meta_element_set_no": 999,
        "meta_rev_at_epoch": 8702,
        "meta_bstar": 0.00021279789,
        "meta_mean_motion_dot": 3.932e-05,
        "meta_mean_motion_ddot": 0,
        "tle_line1": "1 60453U 24146B   26076.91095503  .00003932  00000+0  21280-3 0  9990",
        "tle_line2": "2 60453  45.0020 251.6543 0009932 156.3984 203.7352 15.16301261 87021"
      },
      "geometry": {
        "type": "Point",
        "coordinates": [
          -129.84024489691063,
          -18.362720633603754
        ]
      }
    },
    {
      "type": "Feature",
      "properties": {
        "norad_id": 60989,
        "name": "SENTINEL-2C",
        "group": "resource",
        "lat": -15.210687797329857,
        "lon": -28.958831905884065,
        "alt_km": 793.6429921196986,
        "timestamp": "2026-03-18T07:13:59.913064+00:00",
        "meta_object_name": "SENTINEL-2C",
        "meta_object_id": "2024-157A",
        "meta_epoch": "2026-03-17T15:13:07.345056",
        "meta_mean_motion": 14.30817214,
        "meta_eccentricity": 9.192e-05,
        "meta_inclination": 98.5675,
        "meta_ra_of_asc_node": 152.7328,
        "meta_arg_of_pericenter": 110.9348,
        "meta_mean_anomaly": 249.1933,
        "meta_ephemeris_type": 0,
        "meta_classification_type": "U",
        "meta_norad_cat_id": 60989,
        "meta_element_set_no": 999,
        "meta_rev_at_epoch": 7989,
        "meta_bstar": 6.0645343e-05,
        "meta_mean_motion_dot": 1.15e-06,
        "meta_mean_motion_ddot": 0,
        "tle_line1": "1 60989U 24157A   26076.63411279  .00000115  00000+0  60645-4 0  9996",
        "tle_line2": "2 60989  98.5675 152.7328 0000919 110.9348 249.1933 14.30817214 79892"
      },
      "geometry": {
        "type": "Point",
        "coordinates": [
          -28.958831905884065,
          -15.210687797329857
        ]
      }
    },
    {
      "type": "Feature",
      "properties": {
        "norad_id": 61735,
        "name": "IONOSFERA-M 1",
        "group": "resource",
        "lat": -22.496896786443244,
        "lon": 127.72021553959337,
        "alt_km": 822.521977363438,
        "timestamp": "2026-03-18T07:13:59.913075+00:00",
        "meta_object_name": "IONOSFERA-M 1",
        "meta_object_id": "2024-199A",
        "meta_epoch": "2026-03-17T21:50:40.708896",
        "meta_mean_motion": 14.22736741,
        "meta_eccentricity": 0.00019935,
        "meta_inclination": 98.7313,
        "meta_ra_of_asc_node": 310.9817,
        "meta_arg_of_pericenter": 65.1237,
        "meta_mean_anomaly": 295.0148,
        "meta_ephemeris_type": 0,
        "meta_classification_type": "U",
        "meta_norad_cat_id": 61735,
        "meta_element_set_no": 999,
        "meta_rev_at_epoch": 11472,
        "meta_bstar": 4.1303662e-05,
        "meta_mean_motion_dot": 4.8e-07,
        "meta_mean_motion_ddot": 0,
        "tle_line1": "1 61735U 24199A   26076.91019339  .00000048  00000+0  41304-4 0  9990",
        "tle_line2": "2 61735  98.7313 310.9817 0001993  65.1237 295.0148 14.22736741114721"
      },
      "geometry": {
        "type": "Point",
        "coordinates": [
          127.72021553959337,
          -22.496896786443244
        ]
      }
    },
    {
      "type": "Feature",
      "properties": {
        "norad_id": 61736,
        "name": "IONOSFERA-M 2",
        "group": "resource",
        "lat": 25.672641407428273,
        "lon": -52.95545715524199,
        "alt_km": 815.3678003403284,
        "timestamp": "2026-03-18T07:13:59.913085+00:00",
        "meta_object_name": "IONOSFERA-M 2",
        "meta_object_id": "2024-199B",
        "meta_epoch": "2026-03-17T22:40:20.275104",
        "meta_mean_motion": 14.2273946,
        "meta_eccentricity": 6.582e-05,
        "meta_inclination": 98.7311,
        "meta_ra_of_asc_node": 310.9273,
        "meta_arg_of_pericenter": 137.1332,
        "meta_mean_anomaly": 222.9897,
        "meta_ephemeris_type": 0,
        "meta_classification_type": "U",
        "meta_norad_cat_id": 61736,
        "meta_element_set_no": 999,
        "meta_rev_at_epoch": 11785,
        "meta_bstar": 4.5506035e-05,
        "meta_mean_motion_dot": 5.8e-07,
        "meta_mean_motion_ddot": 0,
        "tle_line1": "1 61736U 24199B   26076.94467911  .00000058  00000+0  45506-4 0  9996",
        "tle_line2": "2 61736  98.7311 310.9273 0000658 137.1332 222.9897 14.22739460117857"
      },
      "geometry": {
        "type": "Point",
        "coordinates": [
          -52.95545715524199,
          25.672641407428273
        ]
      }
    },
    {
      "type": "Feature",
      "properties": {
        "norad_id": 63772,
        "name": "BIOMASS",
        "group": "resource",
        "lat": 66.20634093034096,
        "lon": 104.70987582670794,
        "alt_km": 661.7881396484472,
        "timestamp": "2026-03-18T07:13:59.913095+00:00",
        "meta_object_name": "BIOMASS",
        "meta_object_id": "2025-090A",
        "meta_epoch": "2026-03-17T22:32:27.888288",
        "meta_mean_motion": 14.67532764,
        "meta_eccentricity": 0.00011708,
        "meta_inclination": 98.0744,
        "meta_ra_of_asc_node": 265.5713,
        "meta_arg_of_pericenter": 82.7243,
        "meta_mean_anomaly": 277.4095,
        "meta_ephemeris_type": 0,
        "meta_classification_type": "U",
        "meta_norad_cat_id": 63772,
        "meta_element_set_no": 999,
        "meta_rev_at_epoch": 4730,
        "meta_bstar": 6.2196104e-05,
        "meta_mean_motion_dot": 3.05e-06,
        "meta_mean_motion_ddot": 0,
        "tle_line1": "1 63772U 25090A   26076.93921167  .00000305  00000+0  62196-4 0  9995",
        "tle_line2": "2 63772  98.0744 265.5713 0001170  82.7243 277.4095 14.67532764 47306"
      },
      "geometry": {
        "type": "Point",
        "coordinates": [
          104.70987582670794,
          66.20634093034096
        ]
      }
    },
    {
      "type": "Feature",
      "properties": {
        "norad_id": 64694,
        "name": "GOSAT-GW (IBUKI GW)",
        "group": "resource",
        "lat": -14.165589513938622,
        "lon": 18.17306434275493,
        "alt_km": 672.851535385611,
        "timestamp": "2026-03-18T07:13:59.913105+00:00",
        "meta_object_name": "GOSAT-GW (IBUKI GW)",
        "meta_object_id": "2025-141A",
        "meta_epoch": "2026-03-06T00:45:39.157344",
        "meta_mean_motion": 14.67569112,
        "meta_eccentricity": 0.00014325,
        "meta_inclination": 98.0504,
        "meta_ra_of_asc_node": 4.0681,
        "meta_arg_of_pericenter": 83.7436,
        "meta_mean_anomaly": 276.3932,
        "meta_ephemeris_type": 0,
        "meta_classification_type": "U",
        "meta_norad_cat_id": 64694,
        "meta_element_set_no": 999,
        "meta_rev_at_epoch": 3671,
        "meta_bstar": 0.00025031569,
        "meta_mean_motion_dot": 1.373e-05,
        "meta_mean_motion_ddot": 0,
        "tle_line1": "1 64694U 25141A   26065.03170321  .00001373  00000+0  25032-3 0  9996",
        "tle_line2": "2 64694  98.0504   4.0681 0001432  83.7436 276.3932 14.67569112 36718"
      },
      "geometry": {
        "type": "Point",
        "coordinates": [
          18.17306434275493,
          -14.165589513938622
        ]
      }
    },
    {
      "type": "Feature",
      "properties": {
        "norad_id": 64876,
        "name": "IONOSFERA-M 3",
        "group": "resource",
        "lat": -8.356137985405546,
        "lon": 42.81351887353889,
        "alt_km": 824.9838512076076,
        "timestamp": "2026-03-18T07:13:59.913117+00:00",
        "meta_object_name": "IONOSFERA-M 3",
        "meta_object_id": "2025-155A",
        "meta_epoch": "2026-03-17T22:49:34.387680",
        "meta_mean_motion": 14.21468625,
        "meta_eccentricity": 0.00023438,
        "meta_inclination": 98.5937,
        "meta_ra_of_asc_node": 41.1998,
        "meta_arg_of_pericenter": 105.3863,
        "meta_mean_anomaly": 254.7574,
        "meta_ephemeris_type": 0,
        "meta_classification_type": "U",
        "meta_norad_cat_id": 64876,
        "meta_element_set_no": 999,
        "meta_rev_at_epoch": 3344,
        "meta_bstar": 4.8641263e-05,
        "meta_mean_motion_dot": 6.4e-07,
        "meta_mean_motion_ddot": 0,
        "tle_line1": "1 64876U 25155A   26076.95109245  .00000064  00000+0  48641-4 0  9991",
        "tle_line2": "2 64876  98.5937  41.1998 0002343 105.3863 254.7574 14.21468625 33441"
      },
      "geometry": {
        "type": "Point",
        "coordinates": [
          42.81351887353889,
          -8.356137985405546
        ]
      }
    },
    {
      "type": "Feature",
      "properties": {
        "norad_id": 64877,
        "name": "IONOSFERA-M 4",
        "group": "resource",
        "lat": 6.939800238923919,
        "lon": -137.48636655128692,
        "alt_km": 822.1072309158662,
        "timestamp": "2026-03-18T07:13:59.913127+00:00",
        "meta_object_name": "IONOSFERA-M 4",
        "meta_object_id": "2025-155B",
        "meta_epoch": "2026-03-17T21:58:34.015008",
        "meta_mean_motion": 14.21470359,
        "meta_eccentricity": 0.0001816,
        "meta_inclination": 98.5933,
        "meta_ra_of_asc_node": 41.0836,
        "meta_arg_of_pericenter": 94.9327,
        "meta_mean_anomaly": 265.2058,
        "meta_ephemeris_type": 0,
        "meta_classification_type": "U",
        "meta_norad_cat_id": 64877,
        "meta_element_set_no": 999,
        "meta_rev_at_epoch": 3343,
        "meta_bstar": 4.5208718e-05,
        "meta_mean_motion_dot": 5.6e-07,
        "meta_mean_motion_ddot": 0,
        "tle_line1": "1 64877U 25155B   26076.91567147  .00000056  00000+0  45209-4 0  9995",
        "tle_line2": "2 64877  98.5933  41.0836 0001816  94.9327 265.2058 14.21470359 33430"
      },
      "geometry": {
        "type": "Point",
        "coordinates": [
          -137.48636655128692,
          6.939800238923919
        ]
      }
    },
    {
      "type": "Feature",
      "properties": {
        "norad_id": 64899,
        "name": "MICROCARB",
        "group": "resource",
        "lat": 79.53229922551034,
        "lon": 25.517326839444088,
        "alt_km": 648.8528163019646,
        "timestamp": "2026-03-18T07:13:59.913138+00:00",
        "meta_object_name": "MICROCARB",
        "meta_object_id": "2025-156A",
        "meta_epoch": "2026-03-17T11:13:12.418176",
        "meta_mean_motion": 14.72214578,
        "meta_eccentricity": 0.00159731,
        "meta_inclination": 97.9876,
        "meta_ra_of_asc_node": 155.2343,
        "meta_arg_of_pericenter": 200.9258,
        "meta_mean_anomaly": 159.1297,
        "meta_ephemeris_type": 0,
        "meta_classification_type": "U",
        "meta_norad_cat_id": 64899,
        "meta_element_set_no": 999,
        "meta_rev_at_epoch": 3447,
        "meta_bstar": 9.9652065e-05,
        "meta_mean_motion_dot": 5.8e-06,
        "meta_mean_motion_ddot": 0,
        "tle_line1": "1 64899U 25156A   26076.46750484  .00000580  00000+0  99652-4 0  9991",
        "tle_line2": "2 64899  97.9876 155.2343 0015973 200.9258 159.1297 14.72214578 34471"
      },
      "geometry": {
        "type": "Point",
        "coordinates": [
          25.517326839444088,
          79.53229922551034
        ]
      }
    },
    {
      "type": "Feature",
      "properties": {
        "norad_id": 64900,
        "name": "CO3D 3",
        "group": "resource",
        "lat": 79.28364556365875,
        "lon": 113.68026135736014,
        "alt_km": 496.94827351259664,
        "timestamp": "2026-03-18T07:13:59.913148+00:00",
        "meta_object_name": "CO3D 3",
        "meta_object_id": "2025-156B",
        "meta_epoch": "2026-03-17T22:58:26.554656",
        "meta_mean_motion": 15.20192189,
        "meta_eccentricity": 0.00017625,
        "meta_inclination": 97.4329,
        "meta_ra_of_asc_node": 156.9593,
        "meta_arg_of_pericenter": 121.3539,
        "meta_mean_anomaly": 238.7869,
        "meta_ephemeris_type": 0,
        "meta_classification_type": "U",
        "meta_norad_cat_id": 64900,
        "meta_element_set_no": 999,
        "meta_rev_at_epoch": 3567,
        "meta_bstar": 0.00020541172,
        "meta_mean_motion_dot": 4.38e-05,
        "meta_mean_motion_ddot": 0,
        "tle_line1": "1 64900U 25156B   26076.95725179  .00004380  00000+0  20541-3 0  9993",
        "tle_line2": "2 64900  97.4329 156.9593 0001762 121.3539 238.7869 15.20192189 35675"
      },
      "geometry": {
        "type": "Point",
        "coordinates": [
          113.68026135736014,
          79.28364556365875
        ]
      }
    },
    {
      "type": "Feature",
      "properties": {
        "norad_id": 64901,
        "name": "CO3D 4",
        "group": "resource",
        "lat": 78.68342926128636,
        "lon": 116.57744581113488,
        "alt_km": 497.98538628157894,
        "timestamp": "2026-03-18T07:13:59.913158+00:00",
        "meta_object_name": "CO3D 4",
        "meta_object_id": "2025-156C",
        "meta_epoch": "2026-03-17T22:58:39.601920",
        "meta_mean_motion": 15.20213038,
        "meta_eccentricity": 7.867e-05,
        "meta_inclination": 97.4331,
        "meta_ra_of_asc_node": 156.9602,
        "meta_arg_of_pericenter": 184.8685,
        "meta_mean_anomaly": 175.2542,
        "meta_ephemeris_type": 0,
        "meta_classification_type": "U",
        "meta_norad_cat_id": 64901,
        "meta_element_set_no": 999,
        "meta_rev_at_epoch": 3567,
        "meta_bstar": 0.00019561824,
        "meta_mean_motion_dot": 4.171e-05,
        "meta_mean_motion_ddot": 0,
        "tle_line1": "1 64901U 25156C   26076.95740280  .00004171  00000+0  19562-3 0  9993",
        "tle_line2": "2 64901  97.4331 156.9602 0000786 184.8685 175.2542 15.20213038 35671"
      },
      "geometry": {
        "type": "Point",
        "coordinates": [
          116.57744581113488,
          78.68342926128636
        ]
      }
    },
    {
      "type": "Feature",
      "properties": {
        "norad_id": 64902,
        "name": "CO3D 2",
        "group": "resource",
        "lat": -80.36036049423302,
        "lon": -73.03724861746777,
        "alt_km": 513.5206352076784,
        "timestamp": "2026-03-18T07:13:59.913168+00:00",
        "meta_object_name": "CO3D 2",
        "meta_object_id": "2025-156D",
        "meta_epoch": "2026-03-17T22:10:38.997408",
        "meta_mean_motion": 15.20208705,
        "meta_eccentricity": 0.00014607,
        "meta_inclination": 97.4333,
        "meta_ra_of_asc_node": 156.8263,
        "meta_arg_of_pericenter": 103.2404,
        "meta_mean_anomaly": 256.8994,
        "meta_ephemeris_type": 0,
        "meta_classification_type": "U",
        "meta_norad_cat_id": 64902,
        "meta_element_set_no": 999,
        "meta_rev_at_epoch": 3566,
        "meta_bstar": 0.00020930203,
        "meta_mean_motion_dot": 4.467e-05,
        "meta_mean_motion_ddot": 0,
        "tle_line1": "1 64902U 25156D   26076.92406247  .00004467  00000+0  20930-3 0  9992",
        "tle_line2": "2 64902  97.4333 156.8263 0001460 103.2404 256.8994 15.20208705 35661"
      },
      "geometry": {
        "type": "Point",
        "coordinates": [
          -73.03724861746777,
          -80.36036049423302
        ]
      }
    },
    {
      "type": "Feature",
      "properties": {
        "norad_id": 64903,
        "name": "CO3D 1",
        "group": "resource",
        "lat": -79.7970717358895,
        "lon": -69.30390337426482,
        "alt_km": 513.4517334735747,
        "timestamp": "2026-03-18T07:13:59.913178+00:00",
        "meta_object_name": "CO3D 1",
        "meta_object_id": "2025-156E",
        "meta_epoch": "2026-03-17T22:10:52.377312",
        "meta_mean_motion": 15.20201023,
        "meta_eccentricity": 0.0001417,
        "meta_inclination": 97.4332,
        "meta_ra_of_asc_node": 156.8262,
        "meta_arg_of_pericenter": 112.0409,
        "meta_mean_anomaly": 248.0976,
        "meta_ephemeris_type": 0,
        "meta_classification_type": "U",
        "meta_norad_cat_id": 64903,
        "meta_element_set_no": 999,
        "meta_rev_at_epoch": 3566,
        "meta_bstar": 0.00016673714,
        "meta_mean_motion_dot": 3.543e-05,
        "meta_mean_motion_ddot": 0,
        "tle_line1": "1 64903U 25156E   26076.92421733  .00003543  00000+0  16674-3 0  9994",
        "tle_line2": "2 64903  97.4332 156.8262 0001417 112.0409 248.0976 15.20201023 35664"
      },
      "geometry": {
        "type": "Point",
        "coordinates": [
          -69.30390337426482,
          -79.7970717358895
        ]
      }
    },
    {
      "type": "Feature",
      "properties": {
        "norad_id": 66514,
        "name": "SENTINEL-6B",
        "group": "resource",
        "lat": 64.88959357727033,
        "lon": 35.503854784536124,
        "alt_km": 1336.5891796103188,
        "timestamp": "2026-03-18T07:13:59.913188+00:00",
        "meta_object_name": "SENTINEL-6B",
        "meta_object_id": "2025-264A",
        "meta_epoch": "2026-03-17T21:26:09.489696",
        "meta_mean_motion": 12.80929747,
        "meta_eccentricity": 0.00079266,
        "meta_inclination": 66.0434,
        "meta_ra_of_asc_node": 324.801,
        "meta_arg_of_pericenter": 270.6253,
        "meta_mean_anomaly": 89.3854,
        "meta_ephemeris_type": 0,
        "meta_classification_type": "U",
        "meta_norad_cat_id": 66514,
        "meta_element_set_no": 999,
        "meta_rev_at_epoch": 1547,
        "meta_bstar": 0.00012762094,
        "meta_mean_motion_dot": -3.2e-07,
        "meta_mean_motion_ddot": 0,
        "tle_line1": "1 66514U 25264A   26076.89316539 -.00000032  00000+0  12762-3 0  9992",
        "tle_line2": "2 66514  66.0434 324.8010 0007926 270.6253  89.3854 12.80929747 15477"
      },
      "geometry": {
        "type": "Point",
        "coordinates": [
          35.503854784536124,
          64.88959357727033
        ]
      }
    },
    {
      "type": "Feature",
      "properties": {
        "norad_id": 67304,
        "name": "CSG-3",
        "group": "resource",
        "lat": -28.18254498848781,
        "lon": 77.95491183422031,
        "alt_km": 628.9056512526886,
        "timestamp": "2026-03-18T07:13:59.913198+00:00",
        "meta_object_name": "CSG-3",
        "meta_object_id": "2026-001A",
        "meta_epoch": "2026-03-17T22:11:41.838720",
        "meta_mean_motion": 14.82157751,
        "meta_eccentricity": 0.00014017,
        "meta_inclination": 97.8872,
        "meta_ra_of_asc_node": 261.8435,
        "meta_arg_of_pericenter": 87.1165,
        "meta_mean_anomaly": 273.0208,
        "meta_ephemeris_type": 0,
        "meta_classification_type": "U",
        "meta_norad_cat_id": 67304,
        "meta_element_set_no": 999,
        "meta_rev_at_epoch": 1094,
        "meta_bstar": 5.2288515e-05,
        "meta_mean_motion_dot": 3.64e-06,
        "meta_mean_motion_ddot": 0,
        "tle_line1": "1 67304U 26001A   26076.92478980  .00000364  00000+0  52289-4 0  9999",
        "tle_line2": "2 67304  97.8872 261.8435 0001401  87.1165 273.0208 14.82157751 10943"
      },
      "geometry": {
        "type": "Point",
        "coordinates": [
          77.95491183422031,
          -28.18254498848781
        ]
      }
    }
  ]
}